issue_time,lead_time_h,valid_time,H_median,Q_median,n_models
2020-06-11 07:00:00,7,2020-06-11 14:00:00,379.93,112.0,5
2020-06-11 07:00:00,8,2020-06-11 15:00:00,379.92,111.6,5
2020-06-11 07:00:00,9,2020-06-11 16:00:00,379.91,109.6,5
2020-06-11 07:00:00,10,2020-06-11 17:00:00,379.89,106.9,5
2020-06-11 07:00:00,11,2020-06-11 18:00:00,379.87,104.8,5
2020-06-11 07:00:00,12,2020-06-11 19:00:00,379.86,103.5,5
2020-06-12 08:00:00,7,2020-06-12 15:00:00,379.81,97.7,5
2020-06-12 08:00:00,8,2020-06-12 16:00:00,379.82,98.3,5
2020-06-12 08:00:00,9,2020-06-12 17:00:00,379.81,97.7,5
2020-06-12 08:00:00,10,2020-06-12 18:00:00,379.8,96.5,5
2020-06-12 08:00:00,11,2020-06-12 19:00:00,379.79,94.5,5
2020-06-12 08:00:00,12,2020-06-12 20:00:00,379.78,93.6,5
2020-06-13 07:00:00,7,2020-06-13 14:00:00,379.73,87.1,5
2020-06-13 07:00:00,8,2020-06-13 15:00:00,379.74,87.9,5
2020-06-13 07:00:00,9,2020-06-13 16:00:00,379.75,89.3,5
2020-06-13 07:00:00,10,2020-06-13 17:00:00,379.74,88.3,5
2020-06-13 07:00:00,11,2020-06-13 18:00:00,379.73,87.2,5
2020-06-13 07:00:00,12,2020-06-13 19:00:00,379.72,85.9,5
2020-06-13 19:00:00,7,2020-06-14 02:00:00,380.06,129.4,5
2020-06-13 19:00:00,8,2020-06-14 03:00:00,380.17,145.0,5
2020-06-13 19:00:00,9,2020-06-14 04:00:00,380.21,150.6,5
2020-06-13 19:00:00,10,2020-06-14 05:00:00,380.25,156.3,5
2020-06-13 19:00:00,11,2020-06-14 06:00:00,380.27,160.2,5
2020-06-13 19:00:00,12,2020-06-14 07:00:00,380.28,160.6,5
2020-06-13 21:00:00,7,2020-06-14 04:00:00,379.91,110.1,5
2020-06-13 21:00:00,8,2020-06-14 05:00:00,379.97,117.4,5
2020-06-13 21:00:00,9,2020-06-14 06:00:00,379.97,117.6,5
2020-06-13 21:00:00,10,2020-06-14 07:00:00,379.98,119.0,5
2020-06-13 21:00:00,11,2020-06-14 08:00:00,380.01,123.1,5
2020-06-13 21:00:00,12,2020-06-14 09:00:00,380.07,130.7,5
2020-06-14 07:00:00,7,2020-06-14 14:00:00,379.8,96.6,5
2020-06-14 07:00:00,8,2020-06-14 15:00:00,379.82,98.6,5
2020-06-14 07:00:00,9,2020-06-14 16:00:00,379.82,98.1,5
2020-06-14 07:00:00,10,2020-06-14 17:00:00,379.79,95.1,5
2020-06-14 07:00:00,11,2020-06-14 18:00:00,379.76,91.6,5
2020-06-14 07:00:00,12,2020-06-14 19:00:00,379.75,90.2,5
2020-06-15 07:00:00,7,2020-06-15 14:00:00,379.71,85.3,5
2020-06-15 07:00:00,8,2020-06-15 15:00:00,379.7,84.0,5
2020-06-15 07:00:00,9,2020-06-15 16:00:00,379.73,87.2,5
2020-06-15 07:00:00,10,2020-06-15 17:00:00,379.71,85.0,5
2020-06-15 07:00:00,11,2020-06-15 18:00:00,379.69,81.9,5
2020-06-15 07:00:00,12,2020-06-15 19:00:00,379.68,80.9,5
2020-06-16 06:00:00,7,2020-06-16 13:00:00,379.72,86.5,5
2020-06-16 06:00:00,8,2020-06-16 14:00:00,379.73,87.0,5
2020-06-16 06:00:00,9,2020-06-16 15:00:00,379.72,86.1,5
2020-06-16 06:00:00,10,2020-06-16 16:00:00,379.73,87.1,5
2020-06-16 06:00:00,11,2020-06-16 17:00:00,379.72,86.6,5
2020-06-16 06:00:00,12,2020-06-16 18:00:00,379.7,83.5,5
2020-06-17 06:00:00,7,2020-06-17 13:00:00,380.35,171.2,5
2020-06-17 06:00:00,8,2020-06-17 14:00:00,380.37,174.2,5
2020-06-17 06:00:00,9,2020-06-17 15:00:00,380.35,171.6,5
2020-06-17 06:00:00,10,2020-06-17 16:00:00,380.32,167.1,5
2020-06-17 06:00:00,11,2020-06-17 17:00:00,380.27,160.1,5
2020-06-17 06:00:00,12,2020-06-17 18:00:00,380.23,153.9,5
2020-06-17 12:00:00,7,2020-06-17 19:00:00,380.08,132.9,5
2020-06-17 12:00:00,8,2020-06-17 20:00:00,380.03,125.4,5
2020-06-17 12:00:00,9,2020-06-17 21:00:00,380.04,126.7,5
2020-06-17 12:00:00,10,2020-06-17 22:00:00,380.01,123.1,5
2020-06-17 12:00:00,11,2020-06-17 23:00:00,379.99,120.7,5
2020-06-17 12:00:00,12,2020-06-18 00:00:00,379.98,119.2,5
2020-06-18 06:00:00,7,2020-06-18 13:00:00,379.93,112.5,5
2020-06-18 06:00:00,8,2020-06-18 14:00:00,379.9,108.8,5
2020-06-18 06:00:00,9,2020-06-18 15:00:00,379.91,110.0,5
2020-06-18 06:00:00,10,2020-06-18 16:00:00,379.9,108.6,5
2020-06-18 06:00:00,11,2020-06-18 17:00:00,379.88,105.7,5
2020-06-18 06:00:00,12,2020-06-18 18:00:00,379.87,105.2,5
2020-06-19 07:00:00,7,2020-06-19 14:00:00,379.96,116.2,5
2020-06-19 07:00:00,8,2020-06-19 15:00:00,379.99,120.4,5
2020-06-19 07:00:00,9,2020-06-19 16:00:00,379.97,118.0,5
2020-06-19 07:00:00,10,2020-06-19 17:00:00,379.94,114.2,5
2020-06-19 07:00:00,11,2020-06-19 18:00:00,379.92,111.6,5
2020-06-19 07:00:00,12,2020-06-19 19:00:00,379.91,109.6,5
2020-06-20 08:00:00,7,2020-06-20 15:00:00,379.74,88.1,5
2020-06-20 08:00:00,8,2020-06-20 16:00:00,379.77,92.0,5
2020-06-20 08:00:00,9,2020-06-20 17:00:00,379.78,93.4,5
2020-06-20 08:00:00,10,2020-06-20 18:00:00,379.77,92.1,5
2020-06-20 08:00:00,11,2020-06-20 19:00:00,379.75,89.8,5
2020-06-20 08:00:00,12,2020-06-20 20:00:00,379.74,88.7,5
2020-06-21 07:00:00,7,2020-06-21 14:00:00,379.65,77.0,5
2020-06-21 07:00:00,8,2020-06-21 15:00:00,379.64,76.7,5
2020-06-21 07:00:00,9,2020-06-21 16:00:00,379.69,82.7,5
2020-06-21 07:00:00,10,2020-06-21 17:00:00,379.69,82.9,5
2020-06-21 07:00:00,11,2020-06-21 18:00:00,379.68,81.8,5
2020-06-21 07:00:00,12,2020-06-21 19:00:00,379.68,80.7,5
2020-06-22 07:00:00,7,2020-06-22 14:00:00,379.6,71.4,5
2020-06-22 07:00:00,8,2020-06-22 15:00:00,379.6,72.2,5
2020-06-22 07:00:00,9,2020-06-22 16:00:00,379.65,77.2,5
2020-06-22 07:00:00,10,2020-06-22 17:00:00,379.65,78.1,5
2020-06-22 07:00:00,11,2020-06-22 18:00:00,379.65,77.7,5
2020-06-22 07:00:00,12,2020-06-22 19:00:00,379.64,76.1,5
2020-06-23 07:00:00,7,2020-06-23 14:00:00,379.62,73.8,5
2020-06-23 07:00:00,8,2020-06-23 15:00:00,379.65,77.7,5
2020-06-23 07:00:00,9,2020-06-23 16:00:00,379.64,76.8,5
2020-06-23 07:00:00,10,2020-06-23 17:00:00,379.64,76.8,5
2020-06-23 07:00:00,11,2020-06-23 18:00:00,379.65,77.6,5
2020-06-23 07:00:00,12,2020-06-23 19:00:00,379.64,76.7,5
2020-06-25 06:00:00,7,2020-06-25 13:00:00,379.75,90.3,5
2020-06-25 06:00:00,8,2020-06-25 14:00:00,379.79,95.0,5
2020-06-25 06:00:00,9,2020-06-25 15:00:00,379.77,92.8,5
2020-06-25 06:00:00,10,2020-06-25 16:00:00,379.77,92.5,5
2020-06-25 06:00:00,11,2020-06-25 17:00:00,379.76,91.1,5
2020-06-25 06:00:00,12,2020-06-25 18:00:00,379.75,89.2,5
2020-06-26 07:00:00,7,2020-06-26 14:00:00,379.78,94.1,5
2020-06-26 07:00:00,8,2020-06-26 15:00:00,379.75,90.3,5
2020-06-26 07:00:00,9,2020-06-26 16:00:00,379.8,96.5,5
2020-06-26 07:00:00,10,2020-06-26 17:00:00,379.79,94.2,5
2020-06-26 07:00:00,11,2020-06-26 18:00:00,379.77,92.0,5
2020-06-26 07:00:00,12,2020-06-26 19:00:00,379.75,90.3,5
2020-06-27 07:00:00,7,2020-06-27 14:00:00,379.76,91.2,5
2020-06-27 07:00:00,8,2020-06-27 15:00:00,379.81,97.2,5
2020-06-27 07:00:00,9,2020-06-27 16:00:00,379.8,95.4,5
2020-06-27 07:00:00,10,2020-06-27 17:00:00,379.78,93.6,5
2020-06-27 07:00:00,11,2020-06-27 18:00:00,379.77,92.2,5
2020-06-27 07:00:00,12,2020-06-27 19:00:00,379.76,90.6,5
2020-06-28 07:00:00,7,2020-06-28 14:00:00,379.68,80.8,5
2020-06-28 07:00:00,8,2020-06-28 15:00:00,379.78,93.0,5
2020-06-28 07:00:00,9,2020-06-28 16:00:00,379.76,91.3,5
2020-06-28 07:00:00,10,2020-06-28 17:00:00,379.75,89.7,5
2020-06-28 07:00:00,11,2020-06-28 18:00:00,379.74,88.2,5
2020-06-28 07:00:00,12,2020-06-28 19:00:00,379.72,86.5,5
2020-06-29 07:00:00,7,2020-06-29 14:00:00,380.09,134.7,5
2020-06-29 07:00:00,8,2020-06-29 15:00:00,380.08,132.9,5
2020-06-29 07:00:00,9,2020-06-29 16:00:00,380.09,133.5,5
2020-06-29 07:00:00,10,2020-06-29 17:00:00,380.09,133.5,5
2020-06-29 07:00:00,11,2020-06-29 18:00:00,380.1,135.6,5
2020-06-29 07:00:00,12,2020-06-29 19:00:00,380.12,137.8,5
2020-06-30 10:00:00,7,2020-06-30 17:00:00,379.95,115.1,5
2020-06-30 10:00:00,8,2020-06-30 18:00:00,379.94,113.9,5
2020-06-30 10:00:00,9,2020-06-30 19:00:00,379.92,111.7,5
2020-06-30 10:00:00,10,2020-06-30 20:00:00,379.9,109.3,5
2020-06-30 10:00:00,11,2020-06-30 21:00:00,379.89,107.7,5
2020-06-30 10:00:00,12,2020-06-30 22:00:00,379.89,107.1,5
2020-06-30 12:00:00,7,2020-06-30 19:00:00,379.77,92.0,5
2020-06-30 12:00:00,8,2020-06-30 20:00:00,379.85,102.7,5
2020-06-30 12:00:00,9,2020-06-30 21:00:00,379.87,105.1,5
2020-06-30 12:00:00,10,2020-06-30 22:00:00,379.92,111.7,5
2020-06-30 12:00:00,11,2020-06-30 23:00:00,379.93,113.0,5
2020-06-30 12:00:00,12,2020-07-01 00:00:00,379.95,115.8,5
2020-07-01 07:00:00,7,2020-07-01 14:00:00,379.86,104.2,5
2020-07-01 07:00:00,8,2020-07-01 15:00:00,379.9,108.7,5
2020-07-01 07:00:00,9,2020-07-01 16:00:00,379.89,107.1,5
2020-07-01 07:00:00,10,2020-07-01 17:00:00,379.87,105.4,5
2020-07-01 07:00:00,11,2020-07-01 18:00:00,379.86,103.5,5
2020-07-01 07:00:00,12,2020-07-01 19:00:00,379.84,101.7,5
2020-07-01 16:00:00,7,2020-07-01 23:00:00,379.67,80.4,5
2020-07-01 16:00:00,8,2020-07-02 00:00:00,379.72,86.5,5
2020-07-01 16:00:00,9,2020-07-02 01:00:00,379.88,105.8,5
2020-07-01 16:00:00,10,2020-07-02 02:00:00,379.95,115.4,5
2020-07-01 16:00:00,11,2020-07-02 03:00:00,379.99,120.5,5
2020-07-01 16:00:00,12,2020-07-02 04:00:00,380.04,127.4,5
2020-07-02 07:00:00,7,2020-07-02 14:00:00,380.11,137.2,5
2020-07-02 07:00:00,8,2020-07-02 15:00:00,380.11,137.1,5
2020-07-02 07:00:00,9,2020-07-02 16:00:00,380.08,133.3,5
2020-07-02 07:00:00,10,2020-07-02 17:00:00,380.06,130.3,5
2020-07-02 07:00:00,11,2020-07-02 18:00:00,380.04,127.5,5
2020-07-02 07:00:00,12,2020-07-02 19:00:00,380.02,125.2,5
2020-07-03 07:00:00,7,2020-07-03 14:00:00,380.23,154.2,5
2020-07-03 07:00:00,8,2020-07-03 15:00:00,380.18,147.3,5
2020-07-03 07:00:00,9,2020-07-03 16:00:00,380.16,143.8,5
2020-07-03 07:00:00,10,2020-07-03 17:00:00,380.14,141.6,5
2020-07-03 07:00:00,11,2020-07-03 18:00:00,380.11,136.7,5
2020-07-03 07:00:00,12,2020-07-03 19:00:00,380.08,132.9,5
2020-07-04 07:00:00,7,2020-07-04 14:00:00,379.77,92.0,5
2020-07-04 07:00:00,8,2020-07-04 15:00:00,379.77,92.2,5
2020-07-04 07:00:00,9,2020-07-04 16:00:00,379.81,97.6,5
2020-07-04 07:00:00,10,2020-07-04 17:00:00,379.8,96.2,5
2020-07-04 07:00:00,11,2020-07-04 18:00:00,379.79,94.5,5
2020-07-04 07:00:00,12,2020-07-04 19:00:00,379.77,92.8,5
2020-07-05 07:00:00,7,2020-07-05 14:00:00,379.76,91.2,5
2020-07-05 07:00:00,8,2020-07-05 15:00:00,379.78,93.0,5
2020-07-05 07:00:00,9,2020-07-05 16:00:00,379.82,98.7,5
2020-07-05 07:00:00,10,2020-07-05 17:00:00,379.81,96.8,5
2020-07-05 07:00:00,11,2020-07-05 18:00:00,379.79,94.7,5
2020-07-05 07:00:00,12,2020-07-05 19:00:00,379.77,92.5,5
2020-07-06 07:00:00,7,2020-07-06 14:00:00,379.83,100.1,5
2020-07-06 07:00:00,8,2020-07-06 15:00:00,379.87,105.5,5
2020-07-06 07:00:00,9,2020-07-06 16:00:00,379.86,104.1,5
2020-07-06 07:00:00,10,2020-07-06 17:00:00,379.85,102.6,5
2020-07-06 07:00:00,11,2020-07-06 18:00:00,379.84,100.6,5
2020-07-06 07:00:00,12,2020-07-06 19:00:00,379.82,98.2,5
2020-07-07 08:00:00,7,2020-07-07 15:00:00,379.66,79.1,5
2020-07-07 08:00:00,8,2020-07-07 16:00:00,379.76,90.8,5
2020-07-07 08:00:00,9,2020-07-07 17:00:00,379.74,88.6,5
2020-07-07 08:00:00,10,2020-07-07 18:00:00,379.72,86.6,5
2020-07-07 08:00:00,11,2020-07-07 19:00:00,379.71,84.5,5
2020-07-07 08:00:00,12,2020-07-07 20:00:00,379.69,82.8,5
2020-07-08 07:00:00,7,2020-07-08 14:00:00,379.52,62.5,5
2020-07-08 07:00:00,8,2020-07-08 15:00:00,379.6,71.2,5
2020-07-08 07:00:00,9,2020-07-08 16:00:00,379.69,82.7,5
2020-07-08 07:00:00,10,2020-07-08 17:00:00,379.69,82.1,5
2020-07-08 07:00:00,11,2020-07-08 18:00:00,379.67,80.0,5
2020-07-08 07:00:00,12,2020-07-08 19:00:00,379.65,78.2,5
2020-07-09 07:00:00,7,2020-07-09 14:00:00,379.64,76.2,5
2020-07-09 07:00:00,8,2020-07-09 15:00:00,379.68,81.6,5
2020-07-09 07:00:00,9,2020-07-09 16:00:00,379.72,86.7,5
2020-07-09 07:00:00,10,2020-07-09 17:00:00,379.71,84.7,5
2020-07-09 07:00:00,11,2020-07-09 18:00:00,379.69,82.3,5
2020-07-09 07:00:00,12,2020-07-09 19:00:00,379.67,80.2,5
2020-07-10 06:00:00,7,2020-07-10 13:00:00,379.55,65.1,5
2020-07-10 06:00:00,8,2020-07-10 14:00:00,379.62,74.3,5
2020-07-10 06:00:00,9,2020-07-10 15:00:00,379.68,81.7,5
2020-07-10 06:00:00,10,2020-07-10 16:00:00,379.77,92.0,5
2020-07-10 06:00:00,11,2020-07-10 17:00:00,379.75,89.5,5
2020-07-10 06:00:00,12,2020-07-10 18:00:00,379.73,87.7,5
2020-07-10 12:00:00,7,2020-07-10 19:00:00,379.49,59.1,5
2020-07-10 12:00:00,8,2020-07-10 20:00:00,379.5,59.5,5
2020-07-10 12:00:00,9,2020-07-10 21:00:00,379.62,73.6,5
2020-07-10 12:00:00,10,2020-07-10 22:00:00,379.74,89.0,5
2020-07-10 12:00:00,11,2020-07-10 23:00:00,379.76,90.6,5
2020-07-10 12:00:00,12,2020-07-11 00:00:00,379.77,92.3,5
2020-07-10 18:00:00,7,2020-07-11 01:00:00,379.67,80.1,5
2020-07-10 18:00:00,8,2020-07-11 02:00:00,379.83,100.4,5
2020-07-10 18:00:00,9,2020-07-11 03:00:00,379.85,102.2,5
2020-07-10 18:00:00,10,2020-07-11 04:00:00,379.88,105.8,5
2020-07-10 18:00:00,11,2020-07-11 05:00:00,379.89,107.4,5
2020-07-10 18:00:00,12,2020-07-11 06:00:00,379.9,108.5,5
2020-07-11 01:00:00,7,2020-07-11 08:00:00,379.85,102.7,5
2020-07-11 01:00:00,8,2020-07-11 09:00:00,379.84,101.3,5
2020-07-11 01:00:00,9,2020-07-11 10:00:00,379.83,100.0,5
2020-07-11 01:00:00,10,2020-07-11 11:00:00,379.83,99.6,5
2020-07-11 01:00:00,11,2020-07-11 12:00:00,379.82,98.5,5
2020-07-11 01:00:00,12,2020-07-11 13:00:00,379.8,96.4,5
2020-07-11 07:00:00,7,2020-07-11 14:00:00,379.89,107.7,5
2020-07-11 07:00:00,8,2020-07-11 15:00:00,379.91,110.5,5
2020-07-11 07:00:00,9,2020-07-11 16:00:00,379.94,114.2,5
2020-07-11 07:00:00,10,2020-07-11 17:00:00,379.95,115.2,5
2020-07-11 07:00:00,11,2020-07-11 18:00:00,379.94,114.5,5
2020-07-11 07:00:00,12,2020-07-11 19:00:00,379.94,114.2,5
2020-07-12 08:00:00,7,2020-07-12 15:00:00,379.67,79.7,5
2020-07-12 08:00:00,8,2020-07-12 16:00:00,379.7,83.7,5
2020-07-12 08:00:00,9,2020-07-12 17:00:00,379.69,82.4,5
2020-07-12 08:00:00,10,2020-07-12 18:00:00,379.68,80.8,5
2020-07-12 08:00:00,11,2020-07-12 19:00:00,379.66,79.3,5
2020-07-12 08:00:00,12,2020-07-12 20:00:00,379.66,78.7,5
2020-07-13 07:00:00,7,2020-07-13 14:00:00,379.61,72.2,5
2020-07-13 07:00:00,8,2020-07-13 15:00:00,379.65,77.5,5
2020-07-13 07:00:00,9,2020-07-13 16:00:00,379.72,86.2,5
2020-07-13 07:00:00,10,2020-07-13 17:00:00,379.71,84.6,5
2020-07-13 07:00:00,11,2020-07-13 18:00:00,379.69,82.6,5
2020-07-13 07:00:00,12,2020-07-13 19:00:00,379.68,80.7,5
2020-07-14 07:00:00,7,2020-07-14 14:00:00,379.48,57.2,5
2020-07-14 07:00:00,8,2020-07-14 15:00:00,379.52,61.6,5
2020-07-14 07:00:00,9,2020-07-14 16:00:00,379.64,75.8,5
2020-07-14 07:00:00,10,2020-07-14 17:00:00,379.63,75.7,5
2020-07-14 07:00:00,11,2020-07-14 18:00:00,379.62,74.1,5
2020-07-14 07:00:00,12,2020-07-14 19:00:00,379.61,73.2,5
2020-07-15 07:00:00,7,2020-07-15 14:00:00,379.4,48.9,5
2020-07-15 07:00:00,8,2020-07-15 15:00:00,379.41,50.0,5
2020-07-15 07:00:00,9,2020-07-15 16:00:00,379.48,57.2,5
2020-07-15 07:00:00,10,2020-07-15 17:00:00,379.57,68.5,5
2020-07-15 07:00:00,11,2020-07-15 18:00:00,379.58,68.9,5
2020-07-15 07:00:00,12,2020-07-15 19:00:00,379.57,67.8,5
2020-07-16 08:00:00,7,2020-07-16 15:00:00,379.41,50.0,5
2020-07-16 08:00:00,8,2020-07-16 16:00:00,379.46,55.4,5
2020-07-16 08:00:00,9,2020-07-16 17:00:00,379.46,55.1,5
2020-07-16 08:00:00,10,2020-07-16 18:00:00,379.47,56.6,5
2020-07-16 08:00:00,11,2020-07-16 19:00:00,379.5,59.5,5
2020-07-16 08:00:00,12,2020-07-16 20:00:00,379.49,58.7,5
2020-07-17 07:00:00,7,2020-07-17 14:00:00,379.35,43.0,5
2020-07-17 07:00:00,8,2020-07-17 15:00:00,379.34,42.5,5
2020-07-17 07:00:00,9,2020-07-17 16:00:00,379.43,51.4,5
2020-07-17 07:00:00,10,2020-07-17 17:00:00,379.46,55.6,5
2020-07-17 07:00:00,11,2020-07-17 18:00:00,379.48,57.2,5
2020-07-17 07:00:00,12,2020-07-17 19:00:00,379.49,59.0,5
2020-07-18 08:00:00,7,2020-07-18 15:00:00,379.42,50.8,5
2020-07-18 08:00:00,8,2020-07-18 16:00:00,379.47,56.5,5
2020-07-18 08:00:00,9,2020-07-18 17:00:00,379.49,59.2,5
2020-07-18 08:00:00,10,2020-07-18 18:00:00,379.5,60.3,5
2020-07-18 08:00:00,11,2020-07-18 19:00:00,379.49,59.2,5
2020-07-18 08:00:00,12,2020-07-18 20:00:00,379.49,58.6,5
2020-07-19 07:00:00,7,2020-07-19 14:00:00,379.43,52.2,5
2020-07-19 07:00:00,8,2020-07-19 15:00:00,379.46,54.7,5
2020-07-19 07:00:00,9,2020-07-19 16:00:00,379.49,59.0,5
2020-07-19 07:00:00,10,2020-07-19 17:00:00,379.52,62.6,5
2020-07-19 07:00:00,11,2020-07-19 18:00:00,379.53,63.6,5
2020-07-19 07:00:00,12,2020-07-19 19:00:00,379.52,62.0,5
2020-07-20 07:00:00,7,2020-07-20 14:00:00,379.42,50.3,5
2020-07-20 07:00:00,8,2020-07-20 15:00:00,379.46,54.9,5
2020-07-20 07:00:00,9,2020-07-20 16:00:00,379.5,59.6,5
2020-07-20 07:00:00,10,2020-07-20 17:00:00,379.57,67.7,5
2020-07-20 07:00:00,11,2020-07-20 18:00:00,379.57,67.5,5
2020-07-20 07:00:00,12,2020-07-20 19:00:00,379.55,65.8,5
2020-07-21 07:00:00,7,2020-07-21 14:00:00,379.45,53.6,5
2020-07-21 07:00:00,8,2020-07-21 15:00:00,379.5,60.0,5
2020-07-21 07:00:00,9,2020-07-21 16:00:00,379.61,72.8,5
2020-07-21 07:00:00,10,2020-07-21 17:00:00,379.61,72.6,5
2020-07-21 07:00:00,11,2020-07-21 18:00:00,379.6,71.2,5
2020-07-21 07:00:00,12,2020-07-21 19:00:00,379.59,70.3,5
2020-07-21 22:00:00,7,2020-07-22 05:00:00,379.53,63.4,5
2020-07-21 22:00:00,8,2020-07-22 06:00:00,379.51,60.5,5
2020-07-21 22:00:00,9,2020-07-22 07:00:00,379.57,67.5,5
2020-07-21 22:00:00,10,2020-07-22 08:00:00,379.6,72.2,5
2020-07-21 22:00:00,11,2020-07-22 09:00:00,379.69,82.9,5
2020-07-21 22:00:00,12,2020-07-22 10:00:00,379.69,82.4,5
2020-07-22 07:00:00,7,2020-07-22 14:00:00,379.86,103.7,5
2020-07-22 07:00:00,8,2020-07-22 15:00:00,379.9,108.3,5
2020-07-22 07:00:00,9,2020-07-22 16:00:00,379.88,105.9,5
2020-07-22 07:00:00,10,2020-07-22 17:00:00,379.87,105.3,5
2020-07-22 07:00:00,11,2020-07-22 18:00:00,379.88,106.5,5
2020-07-22 07:00:00,12,2020-07-22 19:00:00,379.88,106.8,5
2020-07-23 00:00:00,7,2020-07-23 07:00:00,380.21,150.2,5
2020-07-23 00:00:00,8,2020-07-23 08:00:00,380.16,143.5,5
2020-07-23 00:00:00,9,2020-07-23 09:00:00,380.12,138.5,5
2020-07-23 00:00:00,10,2020-07-23 10:00:00,380.07,131.1,5
2020-07-23 00:00:00,11,2020-07-23 11:00:00,380.02,124.7,5
2020-07-23 00:00:00,12,2020-07-23 12:00:00,379.98,118.6,5
2020-07-23 07:00:00,7,2020-07-23 14:00:00,380.0,121.9,5
2020-07-23 07:00:00,8,2020-07-23 15:00:00,380.03,126.2,5
2020-07-23 07:00:00,9,2020-07-23 16:00:00,380.0,122.2,5
2020-07-23 07:00:00,10,2020-07-23 17:00:00,379.99,121.0,5
2020-07-23 07:00:00,11,2020-07-23 18:00:00,379.95,115.7,5
2020-07-23 07:00:00,12,2020-07-23 19:00:00,379.93,112.4,5
2020-07-24 07:00:00,7,2020-07-24 14:00:00,379.66,79.0,5
2020-07-24 07:00:00,8,2020-07-24 15:00:00,379.71,85.1,5
2020-07-24 07:00:00,9,2020-07-24 16:00:00,379.78,93.2,5
2020-07-24 07:00:00,10,2020-07-24 17:00:00,379.77,92.2,5
2020-07-24 07:00:00,11,2020-07-24 18:00:00,379.77,92.3,5
2020-07-24 07:00:00,12,2020-07-24 19:00:00,379.77,92.4,5
2020-07-25 07:00:00,7,2020-07-25 14:00:00,379.47,56.0,5
2020-07-25 07:00:00,8,2020-07-25 15:00:00,379.51,60.6,5
2020-07-25 07:00:00,9,2020-07-25 16:00:00,379.54,64.6,5
2020-07-25 07:00:00,10,2020-07-25 17:00:00,379.61,73.1,5
2020-07-25 07:00:00,11,2020-07-25 18:00:00,379.61,73.3,5
2020-07-25 07:00:00,12,2020-07-25 19:00:00,379.6,71.8,5
2020-07-26 08:00:00,7,2020-07-26 15:00:00,379.49,58.3,5
2020-07-26 08:00:00,8,2020-07-26 16:00:00,379.6,71.0,5
2020-07-26 08:00:00,9,2020-07-26 17:00:00,379.6,71.2,5
2020-07-26 08:00:00,10,2020-07-26 18:00:00,379.59,70.1,5
2020-07-26 08:00:00,11,2020-07-26 19:00:00,379.57,68.5,5
2020-07-26 08:00:00,12,2020-07-26 20:00:00,379.56,67.3,5
2020-07-27 07:00:00,7,2020-07-27 14:00:00,379.45,54.0,5
2020-07-27 07:00:00,8,2020-07-27 15:00:00,379.49,58.8,5
2020-07-27 07:00:00,9,2020-07-27 16:00:00,379.58,68.9,5
2020-07-27 07:00:00,10,2020-07-27 17:00:00,379.57,68.6,5
2020-07-27 07:00:00,11,2020-07-27 18:00:00,379.56,67.2,5
2020-07-27 07:00:00,12,2020-07-27 19:00:00,379.55,65.4,5
2020-07-28 07:00:00,7,2020-07-28 14:00:00,379.58,69.5,5
2020-07-28 07:00:00,8,2020-07-28 15:00:00,379.62,74.0,5
2020-07-28 07:00:00,9,2020-07-28 16:00:00,379.65,77.5,5
2020-07-28 07:00:00,10,2020-07-28 17:00:00,379.64,76.5,5
2020-07-28 07:00:00,11,2020-07-28 18:00:00,379.63,74.6,5
2020-07-28 07:00:00,12,2020-07-28 19:00:00,379.61,73.2,5
2020-07-29 07:00:00,7,2020-07-29 14:00:00,379.8,95.4,5
2020-07-29 07:00:00,8,2020-07-29 15:00:00,379.79,94.6,5
2020-07-29 07:00:00,9,2020-07-29 16:00:00,379.77,92.5,5
2020-07-29 07:00:00,10,2020-07-29 17:00:00,379.76,90.6,5
2020-07-29 07:00:00,11,2020-07-29 18:00:00,379.74,88.7,5
2020-07-29 07:00:00,12,2020-07-29 19:00:00,379.72,86.1,5
2020-07-30 07:00:00,7,2020-07-30 14:00:00,379.77,92.5,5
2020-07-30 07:00:00,8,2020-07-30 15:00:00,379.76,90.7,5
2020-07-30 07:00:00,9,2020-07-30 16:00:00,379.74,88.0,5
2020-07-30 07:00:00,10,2020-07-30 17:00:00,379.71,85.2,5
2020-07-30 07:00:00,11,2020-07-30 18:00:00,379.7,83.2,5
2020-07-30 07:00:00,12,2020-07-30 19:00:00,379.68,81.2,5
2020-08-01 07:00:00,7,2020-08-01 14:00:00,379.64,76.7,5
2020-08-01 07:00:00,8,2020-08-01 15:00:00,379.66,79.0,5
2020-08-01 07:00:00,9,2020-08-01 16:00:00,379.72,86.7,5
2020-08-01 07:00:00,10,2020-08-01 17:00:00,379.7,84.1,5
2020-08-01 07:00:00,11,2020-08-01 18:00:00,379.69,82.4,5
2020-08-01 07:00:00,12,2020-08-01 19:00:00,379.67,80.3,5
2020-08-02 07:00:00,7,2020-08-02 14:00:00,379.81,97.1,5
2020-08-02 07:00:00,8,2020-08-02 15:00:00,379.84,100.7,5
2020-08-02 07:00:00,9,2020-08-02 16:00:00,379.81,97.8,5
2020-08-02 07:00:00,10,2020-08-02 17:00:00,379.79,95.1,5
2020-08-02 07:00:00,11,2020-08-02 18:00:00,379.78,93.3,5
2020-08-02 07:00:00,12,2020-08-02 19:00:00,379.77,91.7,5
2020-08-02 11:00:00,7,2020-08-02 18:00:00,379.62,74.0,5
2020-08-02 11:00:00,8,2020-08-02 19:00:00,379.58,69.0,5
2020-08-02 11:00:00,9,2020-08-02 20:00:00,379.6,71.5,5
2020-08-02 11:00:00,10,2020-08-02 21:00:00,379.69,82.3,5
2020-08-02 11:00:00,11,2020-08-02 22:00:00,379.77,92.2,5
2020-08-02 11:00:00,12,2020-08-02 23:00:00,379.78,93.7,5
2020-08-02 17:00:00,7,2020-08-03 00:00:00,379.53,63.7,5
2020-08-02 17:00:00,8,2020-08-03 01:00:00,379.73,87.0,5
2020-08-02 17:00:00,9,2020-08-03 02:00:00,379.85,102.7,5
2020-08-02 17:00:00,10,2020-08-03 03:00:00,379.86,104.1,5
2020-08-02 17:00:00,11,2020-08-03 04:00:00,379.89,107.7,5
2020-08-02 17:00:00,12,2020-08-03 05:00:00,379.9,109.1,5
2020-08-02 23:00:00,7,2020-08-03 06:00:00,380.22,152.2,5
2020-08-02 23:00:00,8,2020-08-03 07:00:00,380.19,147.6,5
2020-08-02 23:00:00,9,2020-08-03 08:00:00,380.14,140.6,5
2020-08-02 23:00:00,10,2020-08-03 09:00:00,380.12,138.3,5
2020-08-02 23:00:00,11,2020-08-03 10:00:00,380.11,136.6,5
2020-08-02 23:00:00,12,2020-08-03 11:00:00,380.07,130.9,5
2020-08-03 12:00:00,7,2020-08-03 19:00:00,379.58,69.6,5
2020-08-03 12:00:00,8,2020-08-03 20:00:00,379.62,73.8,5
2020-08-03 12:00:00,9,2020-08-03 21:00:00,379.83,100.2,5
2020-08-03 12:00:00,10,2020-08-03 22:00:00,379.91,110.4,5
2020-08-03 12:00:00,11,2020-08-03 23:00:00,379.99,120.0,5
2020-08-03 12:00:00,12,2020-08-04 00:00:00,380.13,140.0,5
2020-08-03 19:00:00,7,2020-08-04 02:00:00,380.53,199.1,5
2020-08-03 19:00:00,8,2020-08-04 03:00:00,380.5,194.9,5
2020-08-03 19:00:00,9,2020-08-04 04:00:00,380.44,184.4,5
2020-08-03 19:00:00,10,2020-08-04 05:00:00,380.39,176.6,5
2020-08-03 19:00:00,11,2020-08-04 06:00:00,380.32,166.3,5
2020-08-03 19:00:00,12,2020-08-04 07:00:00,380.26,158.7,5
2020-08-03 21:00:00,7,2020-08-04 04:00:00,380.48,191.8,5
2020-08-03 21:00:00,8,2020-08-04 05:00:00,380.38,176.5,5
2020-08-03 21:00:00,9,2020-08-04 06:00:00,380.35,170.7,5
2020-08-03 21:00:00,10,2020-08-04 07:00:00,380.33,167.7,5
2020-08-03 21:00:00,11,2020-08-04 08:00:00,380.29,162.3,5
2020-08-03 21:00:00,12,2020-08-04 09:00:00,380.24,154.8,5
2020-08-04 00:00:00,7,2020-08-04 07:00:00,380.32,166.1,5
2020-08-04 00:00:00,8,2020-08-04 08:00:00,380.25,157.0,5
2020-08-04 00:00:00,9,2020-08-04 09:00:00,380.22,152.4,5
2020-08-04 00:00:00,10,2020-08-04 10:00:00,380.2,150.0,5
2020-08-04 00:00:00,11,2020-08-04 11:00:00,380.17,145.4,5
2020-08-04 00:00:00,12,2020-08-04 12:00:00,380.14,141.2,5
2020-08-04 07:00:00,7,2020-08-04 14:00:00,380.28,160.5,5
2020-08-04 07:00:00,8,2020-08-04 15:00:00,380.25,156.7,5
2020-08-04 07:00:00,9,2020-08-04 16:00:00,380.2,150.0,5
2020-08-04 07:00:00,10,2020-08-04 17:00:00,380.18,146.2,5
2020-08-04 07:00:00,11,2020-08-04 18:00:00,380.15,142.2,5
2020-08-04 07:00:00,12,2020-08-04 19:00:00,380.11,137.4,5
2020-08-05 07:00:00,7,2020-08-05 14:00:00,379.54,64.9,5
2020-08-05 07:00:00,8,2020-08-05 15:00:00,379.66,78.8,5
2020-08-05 07:00:00,9,2020-08-05 16:00:00,379.75,89.3,5
2020-08-05 07:00:00,10,2020-08-05 17:00:00,379.74,88.1,5
2020-08-05 07:00:00,11,2020-08-05 18:00:00,379.73,87.0,5
2020-08-05 07:00:00,12,2020-08-05 19:00:00,379.72,85.6,5
2020-08-05 09:00:00,7,2020-08-05 16:00:00,379.75,89.3,5
2020-08-05 09:00:00,8,2020-08-05 17:00:00,379.74,88.1,5
2020-08-05 09:00:00,9,2020-08-05 18:00:00,379.73,87.0,5
2020-08-05 09:00:00,10,2020-08-05 19:00:00,379.72,85.6,5
2020-08-05 09:00:00,11,2020-08-05 20:00:00,379.7,84.1,5
2020-08-05 09:00:00,12,2020-08-05 21:00:00,379.69,82.7,5
2020-08-06 07:00:00,7,2020-08-06 14:00:00,379.44,53.3,5
2020-08-06 07:00:00,8,2020-08-06 15:00:00,379.55,65.4,5
2020-08-06 07:00:00,9,2020-08-06 16:00:00,379.65,77.3,5
2020-08-06 07:00:00,10,2020-08-06 17:00:00,379.66,79.1,5
2020-08-06 07:00:00,11,2020-08-06 18:00:00,379.65,77.8,5
2020-08-06 07:00:00,12,2020-08-06 19:00:00,379.64,76.4,5
2020-08-07 07:00:00,7,2020-08-07 14:00:00,379.45,54.4,5
2020-08-07 07:00:00,8,2020-08-07 15:00:00,379.56,66.4,5
2020-08-07 07:00:00,9,2020-08-07 16:00:00,379.69,82.0,5
2020-08-07 07:00:00,10,2020-08-07 17:00:00,379.69,82.6,5
2020-08-07 07:00:00,11,2020-08-07 18:00:00,379.67,80.6,5
2020-08-07 07:00:00,12,2020-08-07 19:00:00,379.66,78.6,5
2020-08-10 07:00:00,7,2020-08-10 14:00:00,379.83,99.5,5
2020-08-10 07:00:00,8,2020-08-10 15:00:00,379.88,106.4,5
2020-08-10 07:00:00,9,2020-08-10 16:00:00,379.86,103.5,5
2020-08-10 07:00:00,10,2020-08-10 17:00:00,379.85,102.8,5
2020-08-10 07:00:00,11,2020-08-10 18:00:00,379.83,100.4,5
2020-08-10 07:00:00,12,2020-08-10 19:00:00,379.82,97.9,5
2020-08-11 07:00:00,7,2020-08-11 14:00:00,379.7,84.1,5
2020-08-11 07:00:00,8,2020-08-11 15:00:00,379.69,82.0,5
2020-08-11 07:00:00,9,2020-08-11 16:00:00,379.76,91.4,5
2020-08-11 07:00:00,10,2020-08-11 17:00:00,379.74,89.1,5
2020-08-11 07:00:00,11,2020-08-11 18:00:00,379.73,87.3,5
2020-08-11 07:00:00,12,2020-08-11 19:00:00,379.72,86.0,5
2020-08-12 07:00:00,7,2020-08-12 14:00:00,379.63,75.2,5
2020-08-12 07:00:00,8,2020-08-12 15:00:00,379.63,74.6,5
2020-08-12 07:00:00,9,2020-08-12 16:00:00,379.68,80.8,5
2020-08-12 07:00:00,10,2020-08-12 17:00:00,379.67,80.1,5
2020-08-12 07:00:00,11,2020-08-12 18:00:00,379.66,78.4,5
2020-08-12 07:00:00,12,2020-08-12 19:00:00,379.65,77.1,5
2020-08-13 07:00:00,7,2020-08-13 14:00:00,379.69,82.6,5
2020-08-13 07:00:00,8,2020-08-13 15:00:00,379.69,82.1,5
2020-08-13 07:00:00,9,2020-08-13 16:00:00,379.72,85.5,5
2020-08-13 07:00:00,10,2020-08-13 17:00:00,379.7,84.1,5
2020-08-13 07:00:00,11,2020-08-13 18:00:00,379.69,82.5,5
2020-08-13 07:00:00,12,2020-08-13 19:00:00,379.68,80.8,5
2020-08-14 07:00:00,7,2020-08-14 14:00:00,379.8,95.6,5
2020-08-14 07:00:00,8,2020-08-14 15:00:00,379.79,94.2,5
2020-08-14 07:00:00,9,2020-08-14 16:00:00,379.81,97.1,5
2020-08-14 07:00:00,10,2020-08-14 17:00:00,379.79,94.6,5
2020-08-14 07:00:00,11,2020-08-14 18:00:00,379.77,92.6,5
2020-08-14 07:00:00,12,2020-08-14 19:00:00,379.76,90.7,5
2020-08-15 07:00:00,7,2020-08-15 14:00:00,379.48,57.9,5
2020-08-15 07:00:00,8,2020-08-15 15:00:00,379.56,66.5,5
2020-08-15 07:00:00,9,2020-08-15 16:00:00,379.64,75.8,5
2020-08-15 07:00:00,10,2020-08-15 17:00:00,379.64,76.2,5
2020-08-15 07:00:00,11,2020-08-15 18:00:00,379.63,75.4,5
2020-08-15 07:00:00,12,2020-08-15 19:00:00,379.62,74.1,5
2020-08-16 07:00:00,7,2020-08-16 14:00:00,379.48,57.4,5
2020-08-16 07:00:00,8,2020-08-16 15:00:00,379.51,60.8,5
2020-08-16 07:00:00,9,2020-08-16 16:00:00,379.6,72.0,5
2020-08-16 07:00:00,10,2020-08-16 17:00:00,379.61,72.3,5
2020-08-16 07:00:00,11,2020-08-16 18:00:00,379.6,71.4,5
2020-08-16 07:00:00,12,2020-08-16 19:00:00,379.59,70.2,5
2020-08-17 07:00:00,7,2020-08-17 14:00:00,380.15,142.6,5
2020-08-17 07:00:00,8,2020-08-17 15:00:00,380.12,138.5,5
2020-08-17 07:00:00,9,2020-08-17 16:00:00,380.09,133.7,5
2020-08-17 07:00:00,10,2020-08-17 17:00:00,380.05,128.4,5
2020-08-17 07:00:00,11,2020-08-17 18:00:00,380.01,123.4,5
2020-08-17 07:00:00,12,2020-08-17 19:00:00,379.98,119.0,5
2020-08-19 07:00:00,7,2020-08-19 14:00:00,379.48,57.2,5
2020-08-19 07:00:00,8,2020-08-19 15:00:00,379.46,54.8,5
2020-08-19 07:00:00,9,2020-08-19 16:00:00,379.48,57.6,5
2020-08-19 07:00:00,10,2020-08-19 17:00:00,379.57,68.4,5
2020-08-19 07:00:00,11,2020-08-19 18:00:00,379.58,68.6,5
2020-08-19 07:00:00,12,2020-08-19 19:00:00,379.57,67.5,5
2020-08-20 07:00:00,7,2020-08-20 14:00:00,379.42,50.6,5
2020-08-20 07:00:00,8,2020-08-20 15:00:00,379.48,57.5,5
2020-08-20 07:00:00,9,2020-08-20 16:00:00,379.52,61.7,5
2020-08-20 07:00:00,10,2020-08-20 17:00:00,379.56,66.5,5
2020-08-20 07:00:00,11,2020-08-20 18:00:00,379.56,66.6,5
2020-08-20 07:00:00,12,2020-08-20 19:00:00,379.55,65.4,5
2020-08-21 07:00:00,7,2020-08-21 14:00:00,379.54,65.0,5
2020-08-21 07:00:00,8,2020-08-21 15:00:00,379.57,68.6,5
2020-08-21 07:00:00,9,2020-08-21 16:00:00,379.56,67.3,5
2020-08-21 07:00:00,10,2020-08-21 17:00:00,379.56,66.7,5
2020-08-21 07:00:00,11,2020-08-21 18:00:00,379.55,65.7,5
2020-08-21 07:00:00,12,2020-08-21 19:00:00,379.54,64.6,5
2020-08-22 07:00:00,7,2020-08-22 14:00:00,379.54,64.9,5
2020-08-22 07:00:00,8,2020-08-22 15:00:00,379.57,67.8,5
2020-08-22 07:00:00,9,2020-08-22 16:00:00,379.6,71.5,5
2020-08-22 07:00:00,10,2020-08-22 17:00:00,379.6,71.2,5
2020-08-22 07:00:00,11,2020-08-22 18:00:00,379.59,70.3,5
2020-08-22 07:00:00,12,2020-08-22 19:00:00,379.59,69.9,5
2020-08-23 07:00:00,7,2020-08-23 14:00:00,379.41,49.2,5
2020-08-23 07:00:00,8,2020-08-23 15:00:00,379.48,57.0,5
2020-08-23 07:00:00,9,2020-08-23 16:00:00,379.49,58.8,5
2020-08-23 07:00:00,10,2020-08-23 17:00:00,379.51,60.5,5
2020-08-23 07:00:00,11,2020-08-23 18:00:00,379.51,61.1,5
2020-08-23 07:00:00,12,2020-08-23 19:00:00,379.5,60.1,5
2020-08-24 07:00:00,7,2020-08-24 14:00:00,379.33,40.5,5
2020-08-24 07:00:00,8,2020-08-24 15:00:00,379.33,41.5,5
2020-08-24 07:00:00,9,2020-08-24 16:00:00,379.35,42.7,5
2020-08-24 07:00:00,10,2020-08-24 17:00:00,379.38,46.5,5
2020-08-24 07:00:00,11,2020-08-24 18:00:00,379.38,46.4,5
2020-08-24 07:00:00,12,2020-08-24 19:00:00,379.4,48.5,5
2020-08-25 07:00:00,7,2020-08-25 14:00:00,379.26,34.2,5
2020-08-25 07:00:00,8,2020-08-25 15:00:00,379.27,34.7,5
2020-08-25 07:00:00,9,2020-08-25 16:00:00,379.31,39.0,5
2020-08-25 07:00:00,10,2020-08-25 17:00:00,379.36,44.3,5
2020-08-25 07:00:00,11,2020-08-25 18:00:00,379.35,43.5,5
2020-08-25 07:00:00,12,2020-08-25 19:00:00,379.35,43.0,5
2020-08-26 07:00:00,7,2020-08-26 14:00:00,379.28,35.9,5
2020-08-26 07:00:00,8,2020-08-26 15:00:00,379.27,34.9,5
2020-08-26 07:00:00,9,2020-08-26 16:00:00,379.34,41.9,5
2020-08-26 07:00:00,10,2020-08-26 17:00:00,379.38,46.3,5
2020-08-26 07:00:00,11,2020-08-26 18:00:00,379.38,46.6,5
2020-08-26 07:00:00,12,2020-08-26 19:00:00,379.41,49.5,5
2020-08-27 07:00:00,7,2020-08-27 14:00:00,379.31,38.6,5
2020-08-27 07:00:00,8,2020-08-27 15:00:00,379.29,36.7,5
2020-08-27 07:00:00,9,2020-08-27 16:00:00,379.35,43.3,5
2020-08-27 07:00:00,10,2020-08-27 17:00:00,379.39,47.2,5
2020-08-27 07:00:00,11,2020-08-27 18:00:00,379.39,46.9,5
2020-08-27 07:00:00,12,2020-08-27 19:00:00,379.41,49.8,5
2020-08-27 14:00:00,7,2020-08-27 21:00:00,379.25,32.8,5
2020-08-27 14:00:00,8,2020-08-27 22:00:00,379.23,31.7,5
2020-08-27 14:00:00,9,2020-08-27 23:00:00,379.21,29.7,5
2020-08-27 14:00:00,10,2020-08-28 00:00:00,379.22,30.1,5
2020-08-27 14:00:00,11,2020-08-28 01:00:00,379.24,32.5,5
2020-08-27 14:00:00,12,2020-08-28 02:00:00,379.38,46.1,5
2020-08-28 07:00:00,7,2020-08-28 14:00:00,379.28,35.7,5
2020-08-28 07:00:00,8,2020-08-28 15:00:00,379.29,37.1,5
2020-08-28 07:00:00,9,2020-08-28 16:00:00,379.33,40.9,5
2020-08-28 07:00:00,10,2020-08-28 17:00:00,379.4,48.0,5
2020-08-28 07:00:00,11,2020-08-28 18:00:00,379.43,51.6,5
2020-08-28 07:00:00,12,2020-08-28 19:00:00,379.47,56.2,5
2020-08-28 14:00:00,7,2020-08-28 21:00:00,379.35,42.6,5
2020-08-28 14:00:00,8,2020-08-28 22:00:00,379.36,44.0,5
2020-08-28 14:00:00,9,2020-08-28 23:00:00,379.38,46.7,5
2020-08-28 14:00:00,10,2020-08-29 00:00:00,379.44,52.9,5
2020-08-28 14:00:00,11,2020-08-29 01:00:00,379.53,62.8,5
2020-08-28 14:00:00,12,2020-08-29 02:00:00,379.6,71.3,5
2020-08-28 19:00:00,7,2020-08-29 02:00:00,379.57,68.0,5
2020-08-28 19:00:00,8,2020-08-29 03:00:00,379.88,106.0,5
2020-08-28 19:00:00,9,2020-08-29 04:00:00,380.09,133.6,5
2020-08-28 19:00:00,10,2020-08-29 05:00:00,380.23,153.6,5
2020-08-28 19:00:00,11,2020-08-29 06:00:00,380.3,163.8,5
2020-08-28 19:00:00,12,2020-08-29 07:00:00,380.33,168.1,5
2020-08-29 06:00:00,7,2020-08-29 13:00:00,380.36,172.7,5
2020-08-29 06:00:00,8,2020-08-29 14:00:00,380.29,162.8,5
2020-08-29 06:00:00,9,2020-08-29 15:00:00,380.25,156.4,5
2020-08-29 06:00:00,10,2020-08-29 16:00:00,380.23,153.6,5
2020-08-29 06:00:00,11,2020-08-29 17:00:00,380.2,149.5,5
2020-08-29 06:00:00,12,2020-08-29 18:00:00,380.18,147.1,5
2020-08-29 12:00:00,7,2020-08-29 19:00:00,380.53,198.3,5
2020-08-29 12:00:00,8,2020-08-29 20:00:00,380.45,186.5,5
2020-08-29 12:00:00,9,2020-08-29 21:00:00,380.42,181.9,5
2020-08-29 12:00:00,10,2020-08-29 22:00:00,380.4,179.3,5
2020-08-29 12:00:00,11,2020-08-29 23:00:00,380.37,174.1,5
2020-08-29 12:00:00,12,2020-08-30 00:00:00,380.34,169.7,5
2020-08-29 15:00:00,7,2020-08-29 22:00:00,380.45,186.7,5
2020-08-29 15:00:00,8,2020-08-29 23:00:00,380.42,182.4,5
2020-08-29 15:00:00,9,2020-08-30 00:00:00,380.4,178.3,5
2020-08-29 15:00:00,10,2020-08-30 01:00:00,380.36,172.9,5
2020-08-29 15:00:00,11,2020-08-30 02:00:00,380.31,165.1,5
2020-08-29 15:00:00,12,2020-08-30 03:00:00,380.27,159.4,5
2020-08-29 17:00:00,7,2020-08-30 00:00:00,380.38,176.4,5
2020-08-29 17:00:00,8,2020-08-30 01:00:00,380.36,173.4,5
2020-08-29 17:00:00,9,2020-08-30 02:00:00,380.36,172.2,5
2020-08-29 17:00:00,10,2020-08-30 03:00:00,380.35,171.2,5
2020-08-29 17:00:00,11,2020-08-30 04:00:00,380.31,165.7,5
2020-08-29 17:00:00,12,2020-08-30 05:00:00,380.29,161.7,5
2020-08-29 22:00:00,7,2020-08-30 05:00:00,380.09,134.0,5
2020-08-29 22:00:00,8,2020-08-30 06:00:00,380.17,144.7,5
2020-08-29 22:00:00,9,2020-08-30 07:00:00,380.29,162.4,5
2020-08-29 22:00:00,10,2020-08-30 08:00:00,380.33,167.9,5
2020-08-29 22:00:00,11,2020-08-30 09:00:00,380.34,169.6,5
2020-08-29 22:00:00,12,2020-08-30 10:00:00,380.36,173.3,5
2020-08-30 06:00:00,7,2020-08-30 13:00:00,380.59,208.1,5
2020-08-30 06:00:00,8,2020-08-30 14:00:00,380.64,215.9,5
2020-08-30 06:00:00,9,2020-08-30 15:00:00,380.64,216.6,5
2020-08-30 06:00:00,10,2020-08-30 16:00:00,380.63,214.9,5
2020-08-30 06:00:00,11,2020-08-30 17:00:00,380.6,210.3,5
2020-08-30 06:00:00,12,2020-08-30 18:00:00,380.56,204.4,5
2020-08-30 11:00:00,7,2020-08-30 18:00:00,380.52,197.0,5
2020-08-30 11:00:00,8,2020-08-30 19:00:00,380.59,208.9,5
2020-08-30 11:00:00,9,2020-08-30 20:00:00,380.53,199.3,5
2020-08-30 11:00:00,10,2020-08-30 21:00:00,380.47,189.9,5
2020-08-30 11:00:00,11,2020-08-30 22:00:00,380.44,185.3,5
2020-08-30 11:00:00,12,2020-08-30 23:00:00,380.39,177.1,5
2020-08-30 12:00:00,7,2020-08-30 19:00:00,380.59,208.9,5
2020-08-30 12:00:00,8,2020-08-30 20:00:00,380.53,199.3,5
2020-08-30 12:00:00,9,2020-08-30 21:00:00,380.47,189.9,5
2020-08-30 12:00:00,10,2020-08-30 22:00:00,380.44,185.3,5
2020-08-30 12:00:00,11,2020-08-30 23:00:00,380.39,177.1,5
2020-08-30 12:00:00,12,2020-08-31 00:00:00,380.34,169.3,5
2020-08-30 13:00:00,7,2020-08-30 20:00:00,380.44,185.2,5
2020-08-30 13:00:00,8,2020-08-30 21:00:00,380.45,186.7,5
2020-08-30 13:00:00,9,2020-08-30 22:00:00,380.5,194.7,5
2020-08-30 13:00:00,10,2020-08-30 23:00:00,380.47,188.7,5
2020-08-30 13:00:00,11,2020-08-31 00:00:00,380.41,179.7,5
2020-08-30 13:00:00,12,2020-08-31 01:00:00,380.36,172.3,5
2020-08-30 20:00:00,7,2020-08-31 03:00:00,380.11,136.6,5
2020-08-30 20:00:00,8,2020-08-31 04:00:00,380.09,133.7,5
2020-08-30 20:00:00,9,2020-08-31 05:00:00,380.22,151.8,5
2020-08-30 20:00:00,10,2020-08-31 06:00:00,380.21,151.0,5
2020-08-30 20:00:00,11,2020-08-31 07:00:00,380.17,145.8,5
2020-08-30 20:00:00,12,2020-08-31 08:00:00,380.14,141.3,5
2020-08-31 06:00:00,7,2020-08-31 13:00:00,379.83,100.0,5
2020-08-31 06:00:00,8,2020-08-31 14:00:00,379.9,109.1,5
2020-08-31 06:00:00,9,2020-08-31 15:00:00,379.91,110.1,5
2020-08-31 06:00:00,10,2020-08-31 16:00:00,379.97,117.7,5
2020-08-31 06:00:00,11,2020-08-31 17:00:00,379.95,115.1,5
2020-08-31 06:00:00,12,2020-08-31 18:00:00,379.93,112.6,5
2020-08-31 12:00:00,7,2020-08-31 19:00:00,379.69,81.9,5
2020-08-31 12:00:00,8,2020-08-31 20:00:00,379.68,81.5,5
2020-08-31 12:00:00,9,2020-08-31 21:00:00,379.78,94.0,5
2020-08-31 12:00:00,10,2020-08-31 22:00:00,379.87,105.0,5
2020-08-31 12:00:00,11,2020-08-31 23:00:00,379.86,103.4,5
2020-08-31 12:00:00,12,2020-09-01 00:00:00,379.85,102.1,5
2020-09-01 07:00:00,7,2020-09-01 14:00:00,379.52,62.6,5
2020-09-01 07:00:00,8,2020-09-01 15:00:00,379.61,72.9,5
2020-09-01 07:00:00,9,2020-09-01 16:00:00,379.64,75.9,5
2020-09-01 07:00:00,10,2020-09-01 17:00:00,379.66,78.6,5
2020-09-01 07:00:00,11,2020-09-01 18:00:00,379.67,80.0,5
2020-09-01 07:00:00,12,2020-09-01 19:00:00,379.66,79.0,5
2020-09-02 07:00:00,7,2020-09-02 14:00:00,379.42,50.2,5
2020-09-02 07:00:00,8,2020-09-02 15:00:00,379.43,51.5,5
2020-09-02 07:00:00,9,2020-09-02 16:00:00,379.5,59.8,5
2020-09-02 07:00:00,10,2020-09-02 17:00:00,379.54,64.4,5
2020-09-02 07:00:00,11,2020-09-02 18:00:00,379.55,65.3,5
2020-09-02 07:00:00,12,2020-09-02 19:00:00,379.56,66.7,5
2020-09-03 07:00:00,7,2020-09-03 14:00:00,379.36,44.4,5
2020-09-03 07:00:00,8,2020-09-03 15:00:00,379.36,44.6,5
2020-09-03 07:00:00,9,2020-09-03 16:00:00,379.41,49.1,5
2020-09-03 07:00:00,10,2020-09-03 17:00:00,379.46,55.6,5
2020-09-03 07:00:00,11,2020-09-03 18:00:00,379.47,56.4,5
2020-09-03 07:00:00,12,2020-09-03 19:00:00,379.5,59.3,5
2020-09-04 08:00:00,7,2020-09-04 15:00:00,379.33,40.5,5
2020-09-04 08:00:00,8,2020-09-04 16:00:00,379.33,40.7,5
2020-09-04 08:00:00,9,2020-09-04 17:00:00,379.38,46.1,5
2020-09-04 08:00:00,10,2020-09-04 18:00:00,379.45,54.2,5
2020-09-04 08:00:00,11,2020-09-04 19:00:00,379.48,57.6,5
2020-09-04 08:00:00,12,2020-09-04 20:00:00,379.48,57.3,5
2020-09-05 07:00:00,7,2020-09-05 14:00:00,379.31,38.6,5
2020-09-05 07:00:00,8,2020-09-05 15:00:00,379.32,40.3,5
2020-09-05 07:00:00,9,2020-09-05 16:00:00,379.4,48.8,5
2020-09-05 07:00:00,10,2020-09-05 17:00:00,379.52,62.0,5
2020-09-05 07:00:00,11,2020-09-05 18:00:00,379.52,62.5,5
2020-09-05 07:00:00,12,2020-09-05 19:00:00,379.51,61.3,5
2020-09-06 07:00:00,7,2020-09-06 14:00:00,379.31,39.1,5
2020-09-06 07:00:00,8,2020-09-06 15:00:00,379.35,42.9,5
2020-09-06 07:00:00,9,2020-09-06 16:00:00,379.4,48.2,5
2020-09-06 07:00:00,10,2020-09-06 17:00:00,379.44,53.0,5
2020-09-06 07:00:00,11,2020-09-06 18:00:00,379.45,53.8,5
2020-09-06 07:00:00,12,2020-09-06 19:00:00,379.45,54.4,5
2020-09-07 07:00:00,7,2020-09-07 14:00:00,379.28,35.7,5
2020-09-07 07:00:00,8,2020-09-07 15:00:00,379.29,37.2,5
2020-09-07 07:00:00,9,2020-09-07 16:00:00,379.29,36.7,5
2020-09-07 07:00:00,10,2020-09-07 17:00:00,379.31,38.5,5
2020-09-07 07:00:00,11,2020-09-07 18:00:00,379.38,45.8,5
2020-09-07 07:00:00,12,2020-09-07 19:00:00,379.37,45.0,5
2020-09-08 07:00:00,7,2020-09-08 14:00:00,379.23,31.0,5
2020-09-08 07:00:00,8,2020-09-08 15:00:00,379.25,33.3,5
2020-09-08 07:00:00,9,2020-09-08 16:00:00,379.28,35.5,5
2020-09-08 07:00:00,10,2020-09-08 17:00:00,379.3,37.8,5
2020-09-08 07:00:00,11,2020-09-08 18:00:00,379.36,44.4,5
2020-09-08 07:00:00,12,2020-09-08 19:00:00,379.36,43.7,5
2020-09-09 07:00:00,7,2020-09-09 14:00:00,379.38,46.3,5
2020-09-09 07:00:00,8,2020-09-09 15:00:00,379.37,45.4,5
2020-09-09 07:00:00,9,2020-09-09 16:00:00,379.37,45.6,5
2020-09-09 07:00:00,10,2020-09-09 17:00:00,379.37,45.6,5
2020-09-09 07:00:00,11,2020-09-09 18:00:00,379.39,47.1,5
2020-09-09 07:00:00,12,2020-09-09 19:00:00,379.38,46.6,5
2020-09-10 07:00:00,7,2020-09-10 14:00:00,379.23,31.2,5
2020-09-10 07:00:00,8,2020-09-10 15:00:00,379.26,34.0,5
2020-09-10 07:00:00,9,2020-09-10 16:00:00,379.27,34.9,5
2020-09-10 07:00:00,10,2020-09-10 17:00:00,379.29,37.1,5
2020-09-10 07:00:00,11,2020-09-10 18:00:00,379.36,43.6,5
2020-09-10 07:00:00,12,2020-09-10 19:00:00,379.36,44.5,5
2020-09-11 07:00:00,7,2020-09-11 14:00:00,379.26,34.4,5
2020-09-11 07:00:00,8,2020-09-11 15:00:00,379.22,30.1,5
2020-09-11 07:00:00,9,2020-09-11 16:00:00,379.31,38.8,5
2020-09-11 07:00:00,10,2020-09-11 17:00:00,379.36,44.0,5
2020-09-11 07:00:00,11,2020-09-11 18:00:00,379.35,43.4,5
2020-09-11 07:00:00,12,2020-09-11 19:00:00,379.36,43.9,5
2020-09-12 08:00:00,7,2020-09-12 15:00:00,379.31,38.6,4
2020-09-12 08:00:00,8,2020-09-12 16:00:00,379.36,44.150000000000006,4
2020-09-12 08:00:00,9,2020-09-12 17:00:00,379.4,48.05,4
2020-09-12 08:00:00,10,2020-09-12 18:00:00,379.4,48.25,4
2020-09-12 08:00:00,11,2020-09-12 19:00:00,379.41,49.8,4
2020-09-12 08:00:00,12,2020-09-12 20:00:00,379.4,48.95,4
2020-09-12 13:00:00,7,2020-09-12 20:00:00,379.21,29.2,5
2020-09-12 13:00:00,8,2020-09-12 21:00:00,379.2,28.8,5
2020-09-12 13:00:00,9,2020-09-12 22:00:00,379.2,29.0,5
2020-09-12 13:00:00,10,2020-09-12 23:00:00,379.19,28.1,5
2020-09-12 13:00:00,11,2020-09-13 00:00:00,379.23,31.2,5
2020-09-12 13:00:00,12,2020-09-13 01:00:00,379.28,35.8,5
2020-09-13 07:00:00,7,2020-09-13 14:00:00,379.24,32.4,5
2020-09-13 07:00:00,8,2020-09-13 15:00:00,379.25,33.1,5
2020-09-13 07:00:00,9,2020-09-13 16:00:00,379.27,35.2,5
2020-09-13 07:00:00,10,2020-09-13 17:00:00,379.3,37.5,5
2020-09-13 07:00:00,11,2020-09-13 18:00:00,379.35,43.2,5
2020-09-13 07:00:00,12,2020-09-13 19:00:00,379.37,45.2,5
2020-09-14 07:00:00,7,2020-09-14 14:00:00,379.28,35.8,5
2020-09-14 07:00:00,8,2020-09-14 15:00:00,379.27,34.7,5
2020-09-14 07:00:00,9,2020-09-14 16:00:00,379.35,42.6,5
2020-09-14 07:00:00,10,2020-09-14 17:00:00,379.39,47.0,5
2020-09-14 07:00:00,11,2020-09-14 18:00:00,379.39,47.9,5
2020-09-14 07:00:00,12,2020-09-14 19:00:00,379.41,50.0,5
2020-09-15 07:00:00,7,2020-09-15 14:00:00,379.4,48.599999999999994,6
2020-09-15 07:00:00,8,2020-09-15 15:00:00,379.4,48.7,6
2020-09-15 07:00:00,9,2020-09-15 16:00:00,379.40999999999997,49.45,6
2020-09-15 07:00:00,10,2020-09-15 17:00:00,379.405,49.0,6
2020-09-15 07:00:00,11,2020-09-15 18:00:00,379.395,48.0,6
2020-09-15 07:00:00,12,2020-09-15 19:00:00,379.405,49.15,6
2020-09-15 18:00:00,7,2020-09-16 01:00:00,379.2,28.7,3
2020-09-15 18:00:00,8,2020-09-16 02:00:00,379.2,28.9,3
2020-09-15 18:00:00,9,2020-09-16 03:00:00,379.23,31.5,3
2020-09-15 18:00:00,10,2020-09-16 04:00:00,379.28,36.2,3
2020-09-15 18:00:00,11,2020-09-16 05:00:00,379.42,50.7,3
2020-09-15 18:00:00,12,2020-09-16 06:00:00,379.44,53.2,3
2020-09-16 07:00:00,7,2020-09-16 14:00:00,379.41,49.8,3
2020-09-16 07:00:00,8,2020-09-16 15:00:00,379.4,49.0,3
2020-09-16 07:00:00,9,2020-09-16 16:00:00,379.4,48.4,3
2020-09-16 07:00:00,10,2020-09-16 17:00:00,379.39,47.7,3
2020-09-16 07:00:00,11,2020-09-16 18:00:00,379.39,47.2,3
2020-09-16 07:00:00,12,2020-09-16 19:00:00,379.38,46.6,3
2020-09-17 07:00:00,7,2020-09-17 14:00:00,379.29,37.2,3
2020-09-17 07:00:00,8,2020-09-17 15:00:00,379.28,35.6,3
2020-09-17 07:00:00,9,2020-09-17 16:00:00,379.23,31.3,3
2020-09-17 07:00:00,10,2020-09-17 17:00:00,379.29,36.5,3
2020-09-17 07:00:00,11,2020-09-17 18:00:00,379.32,39.9,3
2020-09-17 07:00:00,12,2020-09-17 19:00:00,379.32,40.0,3
2020-09-18 07:00:00,7,2020-09-18 14:00:00,379.27,35.4,3
2020-09-18 07:00:00,8,2020-09-18 15:00:00,379.26,33.9,3
2020-09-18 07:00:00,9,2020-09-18 16:00:00,379.27,34.8,3
2020-09-18 07:00:00,10,2020-09-18 17:00:00,379.3,37.8,3
2020-09-18 07:00:00,11,2020-09-18 18:00:00,379.32,40.4,3
2020-09-18 07:00:00,12,2020-09-18 19:00:00,379.32,39.5,3
2020-09-19 07:00:00,7,2020-09-19 14:00:00,379.28,36.0,3
2020-09-19 07:00:00,8,2020-09-19 15:00:00,379.28,36.0,3
2020-09-19 07:00:00,9,2020-09-19 16:00:00,379.3,37.8,3
2020-09-19 07:00:00,10,2020-09-19 17:00:00,379.35,42.8,3
2020-09-19 07:00:00,11,2020-09-19 18:00:00,379.35,42.6,3
2020-09-19 07:00:00,12,2020-09-19 19:00:00,379.34,42.0,3
2020-09-20 07:00:00,7,2020-09-20 14:00:00,379.31,39.4,3
2020-09-20 07:00:00,8,2020-09-20 15:00:00,379.3,37.8,3
2020-09-20 07:00:00,9,2020-09-20 16:00:00,379.31,38.6,3
2020-09-20 07:00:00,10,2020-09-20 17:00:00,379.34,41.8,3
2020-09-20 07:00:00,11,2020-09-20 18:00:00,379.33,41.0,3
2020-09-20 07:00:00,12,2020-09-20 19:00:00,379.32,40.1,3
2020-09-21 07:00:00,7,2020-09-21 14:00:00,379.37,45.0,3
2020-09-21 07:00:00,8,2020-09-21 15:00:00,379.34,42.0,3
2020-09-21 07:00:00,9,2020-09-21 16:00:00,379.37,45.5,3
2020-09-21 07:00:00,10,2020-09-21 17:00:00,379.47,55.8,3
2020-09-21 07:00:00,11,2020-09-21 18:00:00,379.48,57.9,3
2020-09-21 07:00:00,12,2020-09-21 19:00:00,379.47,56.5,3
2020-09-22 07:00:00,7,2020-09-22 14:00:00,379.27,35.2,3
2020-09-22 07:00:00,8,2020-09-22 15:00:00,379.27,35.2,3
2020-09-22 07:00:00,9,2020-09-22 16:00:00,379.27,35.4,3
2020-09-22 07:00:00,10,2020-09-22 17:00:00,379.3,37.8,3
2020-09-22 07:00:00,11,2020-09-22 18:00:00,379.36,44.3,3
2020-09-22 07:00:00,12,2020-09-22 19:00:00,379.39,47.0,3
2020-09-23 07:00:00,7,2020-09-23 14:00:00,379.56,66.9,3
2020-09-23 07:00:00,8,2020-09-23 15:00:00,379.52,61.8,3
2020-09-23 07:00:00,9,2020-09-23 16:00:00,379.59,70.7,3
2020-09-23 07:00:00,10,2020-09-23 17:00:00,379.62,73.4,3
2020-09-23 07:00:00,11,2020-09-23 18:00:00,379.61,72.4,3
2020-09-23 07:00:00,12,2020-09-23 19:00:00,379.59,70.5,3
2020-09-24 07:00:00,7,2020-09-24 14:00:00,379.35,42.7,3
2020-09-24 07:00:00,8,2020-09-24 15:00:00,379.38,45.9,3
2020-09-24 07:00:00,9,2020-09-24 16:00:00,379.41,50.0,3
2020-09-24 07:00:00,10,2020-09-24 17:00:00,379.45,54.5,3
2020-09-24 07:00:00,11,2020-09-24 18:00:00,379.47,55.9,3
2020-09-24 07:00:00,12,2020-09-24 19:00:00,379.49,58.4,3
2020-09-25 08:00:00,7,2020-09-25 15:00:00,379.92,111.2,3
2020-09-25 08:00:00,8,2020-09-25 16:00:00,379.97,118.3,3
2020-09-25 08:00:00,9,2020-09-25 17:00:00,379.95,115.4,3
2020-09-25 08:00:00,10,2020-09-25 18:00:00,379.91,110.0,3
2020-09-25 08:00:00,11,2020-09-25 19:00:00,379.88,105.6,3
2020-09-25 08:00:00,12,2020-09-25 20:00:00,379.86,103.9,3
2020-09-25 17:00:00,7,2020-09-26 00:00:00,379.74,88.8,3
2020-09-25 17:00:00,8,2020-09-26 01:00:00,379.73,87.8,3
2020-09-25 17:00:00,9,2020-09-26 02:00:00,379.71,84.3,3
2020-09-25 17:00:00,10,2020-09-26 03:00:00,379.8,96.1,3
2020-09-25 17:00:00,11,2020-09-26 04:00:00,379.85,102.6,3
2020-09-25 17:00:00,12,2020-09-26 05:00:00,379.86,103.4,3
2020-09-26 07:00:00,7,2020-09-26 14:00:00,379.72,86.5,3
2020-09-26 07:00:00,8,2020-09-26 15:00:00,379.69,83.0,3
2020-09-26 07:00:00,9,2020-09-26 16:00:00,379.69,81.9,3
2020-09-26 07:00:00,10,2020-09-26 17:00:00,379.74,87.9,3
2020-09-26 07:00:00,11,2020-09-26 18:00:00,379.74,88.9,3
2020-09-26 07:00:00,12,2020-09-26 19:00:00,379.76,90.8,3
2020-09-26 14:00:00,7,2020-09-26 21:00:00,379.64,75.9,3
2020-09-26 14:00:00,8,2020-09-26 22:00:00,379.63,74.7,3
2020-09-26 14:00:00,9,2020-09-26 23:00:00,379.62,73.5,3
2020-09-26 14:00:00,10,2020-09-27 00:00:00,379.62,73.4,3
2020-09-26 14:00:00,11,2020-09-27 01:00:00,379.65,76.9,3
2020-09-26 14:00:00,12,2020-09-27 02:00:00,379.66,78.5,3
2020-09-27 07:00:00,7,2020-09-27 14:00:00,379.49,58.6,3
2020-09-27 07:00:00,8,2020-09-27 15:00:00,379.49,58.3,3
2020-09-27 07:00:00,9,2020-09-27 16:00:00,379.48,57.5,3
2020-09-27 07:00:00,10,2020-09-27 17:00:00,379.48,57.5,3
2020-09-27 07:00:00,11,2020-09-27 18:00:00,379.52,62.0,3
2020-09-27 07:00:00,12,2020-09-27 19:00:00,379.55,65.1,3
2020-09-28 07:00:00,7,2020-09-28 14:00:00,379.4,48.1,3
2020-09-28 07:00:00,8,2020-09-28 15:00:00,379.4,48.4,3
2020-09-28 07:00:00,9,2020-09-28 16:00:00,379.4,48.7,3
2020-09-28 07:00:00,10,2020-09-28 17:00:00,379.39,47.5,3
2020-09-28 07:00:00,11,2020-09-28 18:00:00,379.42,51.0,3
2020-09-28 07:00:00,12,2020-09-28 19:00:00,379.46,54.8,3
2020-09-29 08:00:00,7,2020-09-29 15:00:00,379.46,55.4,3
2020-09-29 08:00:00,8,2020-09-29 16:00:00,379.46,54.9,3
2020-09-29 08:00:00,9,2020-09-29 17:00:00,379.46,55.7,3
2020-09-29 08:00:00,10,2020-09-29 18:00:00,379.5,60.3,3
2020-09-29 08:00:00,11,2020-09-29 19:00:00,379.54,64.9,3
2020-09-29 08:00:00,12,2020-09-29 20:00:00,379.55,65.2,3
2020-09-30 07:00:00,7,2020-09-30 14:00:00,379.5,59.4,3
2020-09-30 07:00:00,8,2020-09-30 15:00:00,379.49,58.7,3
2020-09-30 07:00:00,9,2020-09-30 16:00:00,379.49,58.3,3
2020-09-30 07:00:00,10,2020-09-30 17:00:00,379.51,60.5,3
2020-09-30 07:00:00,11,2020-09-30 18:00:00,379.54,64.2,3
2020-09-30 07:00:00,12,2020-09-30 19:00:00,379.56,66.8,3
2020-09-30 14:00:00,7,2020-09-30 21:00:00,379.49,58.1,3
2020-09-30 14:00:00,8,2020-09-30 22:00:00,379.49,59.1,3
2020-09-30 14:00:00,9,2020-09-30 23:00:00,379.51,60.5,3
2020-09-30 14:00:00,10,2020-10-01 00:00:00,379.51,61.0,3
2020-09-30 14:00:00,11,2020-10-01 01:00:00,379.51,61.0,3
2020-09-30 14:00:00,12,2020-10-01 02:00:00,379.56,66.9,3
2020-10-01 07:00:00,7,2020-10-01 14:00:00,379.47,56.2,3
2020-10-01 07:00:00,8,2020-10-01 15:00:00,379.46,55.5,3
2020-10-01 07:00:00,9,2020-10-01 16:00:00,379.45,54.3,3
2020-10-01 07:00:00,10,2020-10-01 17:00:00,379.44,52.9,3
2020-10-01 07:00:00,11,2020-10-01 18:00:00,379.5,59.7,3
2020-10-01 07:00:00,12,2020-10-01 19:00:00,379.59,70.1,3
2020-10-01 14:00:00,7,2020-10-01 21:00:00,379.46,55.0,3
2020-10-01 14:00:00,8,2020-10-01 22:00:00,379.48,57.0,3
2020-10-01 14:00:00,9,2020-10-01 23:00:00,379.49,58.5,3
2020-10-01 14:00:00,10,2020-10-02 00:00:00,379.5,60.3,3
2020-10-01 14:00:00,11,2020-10-02 01:00:00,379.53,62.8,3
2020-10-01 14:00:00,12,2020-10-02 02:00:00,379.61,72.7,3
2020-10-02 07:00:00,7,2020-10-02 14:00:00,379.45,54.1,3
2020-10-02 07:00:00,8,2020-10-02 15:00:00,379.45,54.3,3
2020-10-02 07:00:00,9,2020-10-02 16:00:00,379.44,53.3,3
2020-10-02 07:00:00,10,2020-10-02 17:00:00,379.44,53.5,3
2020-10-02 07:00:00,11,2020-10-02 18:00:00,379.48,57.7,3
2020-10-02 07:00:00,12,2020-10-02 19:00:00,379.53,63.0,3
2020-10-02 15:00:00,7,2020-10-02 22:00:00,379.57,68.4,3
2020-10-02 15:00:00,8,2020-10-02 23:00:00,379.58,68.9,3
2020-10-02 15:00:00,9,2020-10-03 00:00:00,379.61,73.0,3
2020-10-02 15:00:00,10,2020-10-03 01:00:00,379.64,76.4,3
2020-10-02 15:00:00,11,2020-10-03 02:00:00,379.74,88.4,3
2020-10-02 15:00:00,12,2020-10-03 03:00:00,379.77,92.8,3
2020-10-02 22:00:00,7,2020-10-03 05:00:00,379.68,81.5,3
2020-10-02 22:00:00,8,2020-10-03 06:00:00,379.7,84.2,3
2020-10-02 22:00:00,9,2020-10-03 07:00:00,379.71,85.3,3
2020-10-02 22:00:00,10,2020-10-03 08:00:00,379.81,97.9,3
2020-10-02 22:00:00,11,2020-10-03 09:00:00,379.87,104.8,3
2020-10-02 22:00:00,12,2020-10-03 10:00:00,379.92,111.7,3
2020-10-03 06:00:00,7,2020-10-03 13:00:00,380.48,190.4,3
2020-10-03 06:00:00,8,2020-10-03 14:00:00,380.62,212.9,3
2020-10-03 06:00:00,9,2020-10-03 15:00:00,380.58,207.0,3
2020-10-03 06:00:00,10,2020-10-03 16:00:00,380.49,192.2,3
2020-10-03 06:00:00,11,2020-10-03 17:00:00,380.4,179.2,3
2020-10-03 06:00:00,12,2020-10-03 18:00:00,380.35,171.4,3
2020-10-03 11:00:00,7,2020-10-03 18:00:00,380.42,181.8,3
2020-10-03 11:00:00,8,2020-10-03 19:00:00,380.39,177.8,3
2020-10-03 11:00:00,9,2020-10-03 20:00:00,380.48,191.4,3
2020-10-03 11:00:00,10,2020-10-03 21:00:00,380.46,188.7,3
2020-10-03 11:00:00,11,2020-10-03 22:00:00,380.43,183.0,3
2020-10-03 11:00:00,12,2020-10-03 23:00:00,380.4,178.9,3
2020-10-03 16:00:00,7,2020-10-03 23:00:00,380.17,144.8,3
2020-10-03 16:00:00,8,2020-10-04 00:00:00,380.17,145.9,3
2020-10-03 16:00:00,9,2020-10-04 01:00:00,380.3,163.7,3
2020-10-03 16:00:00,10,2020-10-04 02:00:00,380.39,176.9,3
2020-10-03 16:00:00,11,2020-10-04 03:00:00,380.48,190.5,3
2020-10-03 16:00:00,12,2020-10-04 04:00:00,380.49,193.1,3
2020-10-04 09:00:00,7,2020-10-04 16:00:00,380.35,171.2,3
2020-10-04 09:00:00,8,2020-10-04 17:00:00,380.33,168.4,3
2020-10-04 09:00:00,9,2020-10-04 18:00:00,380.32,166.1,3
2020-10-04 09:00:00,10,2020-10-04 19:00:00,380.31,165.8,3
2020-10-04 09:00:00,11,2020-10-04 20:00:00,380.32,166.9,3
2020-10-04 09:00:00,12,2020-10-04 21:00:00,380.32,166.9,3
2020-10-04 16:00:00,7,2020-10-04 23:00:00,380.02,124.2,3
2020-10-04 16:00:00,8,2020-10-05 00:00:00,380.02,124.0,3
2020-10-04 16:00:00,9,2020-10-05 01:00:00,380.04,127.7,3
2020-10-04 16:00:00,10,2020-10-05 02:00:00,380.18,146.9,3
2020-10-04 16:00:00,11,2020-10-05 03:00:00,380.2,148.8,3
2020-10-04 16:00:00,12,2020-10-05 04:00:00,380.23,154.1,3
2020-10-05 07:00:00,7,2020-10-05 14:00:00,379.91,109.9,3
2020-10-05 07:00:00,8,2020-10-05 15:00:00,380.01,123.0,3
2020-10-05 07:00:00,9,2020-10-05 16:00:00,379.99,120.9,3
2020-10-05 07:00:00,10,2020-10-05 17:00:00,380.0,122.2,3
2020-10-05 07:00:00,11,2020-10-05 18:00:00,380.0,122.5,3
2020-10-05 07:00:00,12,2020-10-05 19:00:00,380.0,121.9,3
2020-10-06 07:00:00,7,2020-10-06 14:00:00,379.78,93.8,3
2020-10-06 07:00:00,8,2020-10-06 15:00:00,379.78,92.9,3
2020-10-06 07:00:00,9,2020-10-06 16:00:00,379.89,107.0,3
2020-10-06 07:00:00,10,2020-10-06 17:00:00,379.93,112.5,3
2020-10-06 07:00:00,11,2020-10-06 18:00:00,379.95,115.7,3
2020-10-06 07:00:00,12,2020-10-06 19:00:00,379.96,116.7,3
2020-10-07 07:00:00,7,2020-10-07 14:00:00,380.35,170.5,3
2020-10-07 07:00:00,8,2020-10-07 15:00:00,380.34,169.0,3
2020-10-07 07:00:00,9,2020-10-07 16:00:00,380.36,172.2,3
2020-10-07 07:00:00,10,2020-10-07 17:00:00,380.33,168.5,3
2020-10-07 07:00:00,11,2020-10-07 18:00:00,380.3,164.0,3
2020-10-07 07:00:00,12,2020-10-07 19:00:00,380.28,160.8,3
2020-10-08 07:00:00,7,2020-10-08 14:00:00,379.71,85.4,3
2020-10-08 07:00:00,8,2020-10-08 15:00:00,379.71,84.5,3
2020-10-08 07:00:00,9,2020-10-08 16:00:00,379.8,96.4,3
2020-10-08 07:00:00,10,2020-10-08 17:00:00,379.83,99.7,3
2020-10-08 07:00:00,11,2020-10-08 18:00:00,379.85,101.8,3
2020-10-08 07:00:00,12,2020-10-08 19:00:00,379.84,101.3,3
2020-10-09 07:00:00,7,2020-10-09 14:00:00,379.6,72.0,3
2020-10-09 07:00:00,8,2020-10-09 15:00:00,379.6,71.4,3
2020-10-09 07:00:00,9,2020-10-09 16:00:00,379.58,69.2,3
2020-10-09 07:00:00,10,2020-10-09 17:00:00,379.66,78.4,3
2020-10-09 07:00:00,11,2020-10-09 18:00:00,379.69,82.9,3
2020-10-09 07:00:00,12,2020-10-09 19:00:00,379.73,86.9,3
2020-10-09 12:00:00,7,2020-10-09 19:00:00,379.58,69.5,3
2020-10-09 12:00:00,8,2020-10-09 20:00:00,379.57,67.5,3
2020-10-09 12:00:00,9,2020-10-09 21:00:00,379.56,66.3,3
2020-10-09 12:00:00,10,2020-10-09 22:00:00,379.56,67.0,3
2020-10-09 12:00:00,11,2020-10-09 23:00:00,379.64,76.9,3
2020-10-09 12:00:00,12,2020-10-10 00:00:00,379.68,81.4,3
2020-10-10 07:00:00,7,2020-10-10 14:00:00,379.57,67.8,3
2020-10-10 07:00:00,8,2020-10-10 15:00:00,379.59,70.5,3
2020-10-10 07:00:00,9,2020-10-10 16:00:00,379.58,69.6,3
2020-10-10 07:00:00,10,2020-10-10 17:00:00,379.65,77.9,3
2020-10-10 07:00:00,11,2020-10-10 18:00:00,379.7,83.9,3
2020-10-10 07:00:00,12,2020-10-10 19:00:00,379.75,90.0,3
2020-10-11 08:00:00,7,2020-10-11 15:00:00,379.59,70.1,3
2020-10-11 08:00:00,8,2020-10-11 16:00:00,379.58,69.7,3
2020-10-11 08:00:00,9,2020-10-11 17:00:00,379.63,75.4,3
2020-10-11 08:00:00,10,2020-10-11 18:00:00,379.66,78.4,3
2020-10-11 08:00:00,11,2020-10-11 19:00:00,379.68,81.5,3
2020-10-11 08:00:00,12,2020-10-11 20:00:00,379.68,81.0,3
2020-10-12 07:00:00,7,2020-10-12 14:00:00,379.49,59.2,3
2020-10-12 07:00:00,8,2020-10-12 15:00:00,379.48,58.0,3
2020-10-12 07:00:00,9,2020-10-12 16:00:00,379.47,56.2,3
2020-10-12 07:00:00,10,2020-10-12 17:00:00,379.46,55.1,3
2020-10-12 07:00:00,11,2020-10-12 18:00:00,379.51,61.3,3
2020-10-12 07:00:00,12,2020-10-12 19:00:00,379.58,68.7,3
2020-10-13 07:00:00,7,2020-10-13 14:00:00,379.42,50.6,3
2020-10-13 07:00:00,8,2020-10-13 15:00:00,379.43,51.8,3
2020-10-13 07:00:00,9,2020-10-13 16:00:00,379.42,50.6,3
2020-10-13 07:00:00,10,2020-10-13 17:00:00,379.41,49.2,3
2020-10-13 07:00:00,11,2020-10-13 18:00:00,379.45,54.6,3
2020-10-13 07:00:00,12,2020-10-13 19:00:00,379.49,58.7,3
2020-10-15 12:00:00,7,2020-10-15 19:00:00,379.31,38.9,3
2020-10-15 12:00:00,8,2020-10-15 20:00:00,379.34,42.3,3
2020-10-15 12:00:00,9,2020-10-15 21:00:00,379.35,43.5,3
2020-10-15 12:00:00,10,2020-10-15 22:00:00,379.36,44.5,3
2020-10-15 12:00:00,11,2020-10-15 23:00:00,379.35,43.2,3
2020-10-15 12:00:00,12,2020-10-16 00:00:00,379.35,42.7,3
2020-10-16 07:00:00,7,2020-10-16 14:00:00,379.39,46.9,3
2020-10-16 07:00:00,8,2020-10-16 15:00:00,379.39,47.8,3
2020-10-16 07:00:00,9,2020-10-16 16:00:00,379.4,48.1,3
2020-10-16 07:00:00,10,2020-10-16 17:00:00,379.4,48.1,3
2020-10-16 07:00:00,11,2020-10-16 18:00:00,379.4,48.1,3
2020-10-16 07:00:00,12,2020-10-16 19:00:00,379.4,48.2,3
2020-10-16 09:00:00,7,2020-10-16 16:00:00,379.4,48.1,3
2020-10-16 09:00:00,8,2020-10-16 17:00:00,379.4,48.1,3
2020-10-16 09:00:00,9,2020-10-16 18:00:00,379.4,48.1,3
2020-10-16 09:00:00,10,2020-10-16 19:00:00,379.4,48.2,3
2020-10-16 09:00:00,11,2020-10-16 20:00:00,379.4,48.1,3
2020-10-16 09:00:00,12,2020-10-16 21:00:00,379.4,48.1,3
2020-10-17 07:00:00,7,2020-10-17 14:00:00,379.32,39.7,3
2020-10-17 07:00:00,8,2020-10-17 15:00:00,379.29,37.3,3
2020-10-17 07:00:00,9,2020-10-17 16:00:00,379.29,37.2,3
2020-10-17 07:00:00,10,2020-10-17 17:00:00,379.29,37.3,3
2020-10-17 07:00:00,11,2020-10-17 18:00:00,379.29,37.2,3
2020-10-17 07:00:00,12,2020-10-17 19:00:00,379.31,38.6,3
2020-10-18 07:00:00,7,2020-10-18 14:00:00,379.27,35.3,3
2020-10-18 07:00:00,8,2020-10-18 15:00:00,379.28,36.1,3
2020-10-18 07:00:00,9,2020-10-18 16:00:00,379.29,37.2,3
2020-10-18 07:00:00,10,2020-10-18 17:00:00,379.28,36.4,3
2020-10-18 07:00:00,11,2020-10-18 18:00:00,379.27,34.5,3
2020-10-18 07:00:00,12,2020-10-18 19:00:00,379.26,34.5,3
2020-10-19 07:00:00,7,2020-10-19 14:00:00,379.24,31.9,3
2020-10-19 07:00:00,8,2020-10-19 15:00:00,379.27,34.9,3
2020-10-19 07:00:00,9,2020-10-19 16:00:00,379.28,36.0,3
2020-10-19 07:00:00,10,2020-10-19 17:00:00,379.26,33.9,3
2020-10-19 07:00:00,11,2020-10-19 18:00:00,379.26,33.8,3
2020-10-19 07:00:00,12,2020-10-19 19:00:00,379.24,32.2,3
2020-10-19 09:00:00,7,2020-10-19 16:00:00,379.28,36.0,3
2020-10-19 09:00:00,8,2020-10-19 17:00:00,379.26,33.9,3
2020-10-19 09:00:00,9,2020-10-19 18:00:00,379.26,33.8,3
2020-10-19 09:00:00,10,2020-10-19 19:00:00,379.24,32.2,3
2020-10-19 09:00:00,11,2020-10-19 20:00:00,379.26,33.7,3
2020-10-19 09:00:00,12,2020-10-19 21:00:00,379.32,39.6,3
2020-10-20 07:00:00,7,2020-10-20 14:00:00,379.16,25.5,3
2020-10-20 07:00:00,8,2020-10-20 15:00:00,379.24,31.9,3
2020-10-20 07:00:00,9,2020-10-20 16:00:00,379.25,33.2,3
2020-10-20 07:00:00,10,2020-10-20 17:00:00,379.25,33.2,3
2020-10-20 07:00:00,11,2020-10-20 18:00:00,379.22,30.6,3
2020-10-20 07:00:00,12,2020-10-20 19:00:00,379.22,30.1,3
2020-10-21 07:00:00,7,2020-10-21 14:00:00,379.17,25.9,3
2020-10-21 07:00:00,8,2020-10-21 15:00:00,379.22,30.0,3
2020-10-21 07:00:00,9,2020-10-21 16:00:00,379.22,30.2,3
2020-10-21 07:00:00,10,2020-10-21 17:00:00,379.21,29.4,3
2020-10-21 07:00:00,11,2020-10-21 18:00:00,379.24,32.4,3
2020-10-21 07:00:00,12,2020-10-21 19:00:00,379.24,32.6,3
2020-10-22 07:00:00,7,2020-10-22 14:00:00,379.16,25.3,3
2020-10-22 07:00:00,8,2020-10-22 15:00:00,379.23,31.5,3
2020-10-22 07:00:00,9,2020-10-22 16:00:00,379.23,31.5,3
2020-10-22 07:00:00,10,2020-10-22 17:00:00,379.23,31.7,3
2020-10-22 07:00:00,11,2020-10-22 18:00:00,379.23,31.4,3
2020-10-22 07:00:00,12,2020-10-22 19:00:00,379.26,34.5,3
2020-10-23 07:00:00,7,2020-10-23 14:00:00,379.72,86.0,3
2020-10-23 07:00:00,8,2020-10-23 15:00:00,379.8,95.8,3
2020-10-23 07:00:00,9,2020-10-23 16:00:00,379.8,95.7,3
2020-10-23 07:00:00,10,2020-10-23 17:00:00,379.88,106.0,3
2020-10-23 07:00:00,11,2020-10-23 18:00:00,379.93,112.7,3
2020-10-23 07:00:00,12,2020-10-23 19:00:00,380.01,122.6,3
2020-10-23 14:00:00,7,2020-10-23 21:00:00,380.38,175.7,3
2020-10-23 14:00:00,8,2020-10-23 22:00:00,380.49,192.0,3
2020-10-23 14:00:00,9,2020-10-23 23:00:00,380.57,205.5,3
2020-10-23 14:00:00,10,2020-10-24 00:00:00,380.61,211.4,3
2020-10-23 14:00:00,11,2020-10-24 01:00:00,380.6,209.6,3
2020-10-23 14:00:00,12,2020-10-24 02:00:00,380.63,214.4,3
2020-10-23 21:00:00,7,2020-10-24 04:00:00,380.81,246.2,3
2020-10-23 21:00:00,8,2020-10-24 05:00:00,380.76,237.3,3
2020-10-23 21:00:00,9,2020-10-24 06:00:00,380.71,227.9,3
2020-10-23 21:00:00,10,2020-10-24 07:00:00,380.64,217.3,3
2020-10-23 21:00:00,11,2020-10-24 08:00:00,380.55,202.0,3
2020-10-23 21:00:00,12,2020-10-24 09:00:00,380.48,190.5,3
2020-10-23 23:00:00,7,2020-10-24 06:00:00,380.89,259.6,3
2020-10-23 23:00:00,8,2020-10-24 07:00:00,380.81,244.9,3
2020-10-23 23:00:00,9,2020-10-24 08:00:00,380.72,229.1,3
2020-10-23 23:00:00,10,2020-10-24 09:00:00,380.64,216.0,3
2020-10-23 23:00:00,11,2020-10-24 10:00:00,380.52,197.9,3
2020-10-23 23:00:00,12,2020-10-24 11:00:00,380.44,185.3,3
2020-10-24 07:00:00,7,2020-10-24 14:00:00,380.22,152.4,3
2020-10-24 07:00:00,8,2020-10-24 15:00:00,380.22,152.5,3
2020-10-24 07:00:00,9,2020-10-24 16:00:00,380.17,145.8,3
2020-10-24 07:00:00,10,2020-10-24 17:00:00,380.16,144.3,3
2020-10-24 07:00:00,11,2020-10-24 18:00:00,380.14,141.6,3
2020-10-24 07:00:00,12,2020-10-24 19:00:00,380.12,137.8,3
2020-10-25 07:00:00,7,2020-10-25 14:00:00,379.69,83.0,3
2020-10-25 07:00:00,8,2020-10-25 15:00:00,379.67,80.5,3
2020-10-25 07:00:00,9,2020-10-25 16:00:00,379.67,80.0,3
2020-10-25 07:00:00,10,2020-10-25 17:00:00,379.71,85.4,3
2020-10-25 07:00:00,11,2020-10-25 18:00:00,379.73,87.0,3
2020-10-25 07:00:00,12,2020-10-25 19:00:00,379.73,87.9,3
2020-10-25 22:00:00,7,2020-10-26 05:00:00,379.61,73.0,3
2020-10-25 22:00:00,8,2020-10-26 06:00:00,379.63,74.9,3
2020-10-25 22:00:00,9,2020-10-26 07:00:00,379.66,78.4,3
2020-10-25 22:00:00,10,2020-10-26 08:00:00,379.71,84.5,3
2020-10-25 22:00:00,11,2020-10-26 09:00:00,379.79,94.2,3
2020-10-25 22:00:00,12,2020-10-26 10:00:00,379.85,102.4,3
2020-10-26 06:00:00,7,2020-10-26 13:00:00,380.07,131.9,3
2020-10-26 06:00:00,8,2020-10-26 14:00:00,380.18,146.1,3
2020-10-26 06:00:00,9,2020-10-26 15:00:00,380.24,154.6,3
2020-10-26 06:00:00,10,2020-10-26 16:00:00,380.2,149.0,3
2020-10-26 06:00:00,11,2020-10-26 17:00:00,380.16,143.8,3
2020-10-26 06:00:00,12,2020-10-26 18:00:00,380.15,142.6,3
2020-10-26 15:00:00,7,2020-10-26 22:00:00,380.08,133.1,3
2020-10-26 15:00:00,8,2020-10-26 23:00:00,380.04,127.9,3
2020-10-26 15:00:00,9,2020-10-27 00:00:00,380.01,123.4,3
2020-10-26 15:00:00,10,2020-10-27 01:00:00,380.01,123.2,3
2020-10-26 15:00:00,11,2020-10-27 02:00:00,379.96,116.9,3
2020-10-26 15:00:00,12,2020-10-27 03:00:00,379.99,120.8,3
2020-10-27 07:00:00,7,2020-10-27 14:00:00,379.8,95.8,3
2020-10-27 07:00:00,8,2020-10-27 15:00:00,379.76,91.5,3
2020-10-27 07:00:00,9,2020-10-27 16:00:00,379.77,92.1,3
2020-10-27 07:00:00,10,2020-10-27 17:00:00,379.82,99.1,3
2020-10-27 07:00:00,11,2020-10-27 18:00:00,379.82,99.1,3
2020-10-27 07:00:00,12,2020-10-27 19:00:00,379.82,98.4,3
2020-10-28 09:00:00,7,2020-10-28 16:00:00,379.87,105.1,3
2020-10-28 09:00:00,8,2020-10-28 17:00:00,379.91,110.2,3
2020-10-28 09:00:00,9,2020-10-28 18:00:00,379.95,115.5,3
2020-10-28 09:00:00,10,2020-10-28 19:00:00,379.96,116.1,3
2020-10-28 09:00:00,11,2020-10-28 20:00:00,379.95,115.7,3
2020-10-28 09:00:00,12,2020-10-28 21:00:00,379.95,115.5,3
2020-10-29 07:00:00,7,2020-10-29 14:00:00,380.18,146.6,3
2020-10-29 07:00:00,8,2020-10-29 15:00:00,380.2,150.1,3
2020-10-29 07:00:00,9,2020-10-29 16:00:00,380.25,156.5,3
2020-10-29 07:00:00,10,2020-10-29 17:00:00,380.24,154.6,3
2020-10-29 07:00:00,11,2020-10-29 18:00:00,380.2,149.3,3
2020-10-29 07:00:00,12,2020-10-29 19:00:00,380.17,144.7,3
2020-10-29 13:00:00,7,2020-10-29 20:00:00,380.09,134.0,3
2020-10-29 13:00:00,8,2020-10-29 21:00:00,380.06,130.5,3
2020-10-29 13:00:00,9,2020-10-29 22:00:00,380.05,129.3,3
2020-10-29 13:00:00,10,2020-10-29 23:00:00,380.03,125.7,3
2020-10-29 13:00:00,11,2020-10-30 00:00:00,380.05,128.4,3
2020-10-29 13:00:00,12,2020-10-30 01:00:00,380.02,124.7,3
2020-10-29 14:00:00,7,2020-10-29 21:00:00,380.06,130.5,3
2020-10-29 14:00:00,8,2020-10-29 22:00:00,380.05,129.3,3
2020-10-29 14:00:00,9,2020-10-29 23:00:00,380.03,125.7,3
2020-10-29 14:00:00,10,2020-10-30 00:00:00,380.05,128.4,3
2020-10-29 14:00:00,11,2020-10-30 01:00:00,380.02,124.7,3
2020-10-29 14:00:00,12,2020-10-30 02:00:00,380.0,121.9,3
2020-10-30 07:00:00,7,2020-10-30 14:00:00,379.77,92.6,3
2020-10-30 07:00:00,8,2020-10-30 15:00:00,379.76,91.3,3
2020-10-30 07:00:00,9,2020-10-30 16:00:00,379.74,89.0,3
2020-10-30 07:00:00,10,2020-10-30 17:00:00,379.82,98.9,3
2020-10-30 07:00:00,11,2020-10-30 18:00:00,379.82,99.0,3
2020-10-30 07:00:00,12,2020-10-30 19:00:00,379.82,98.1,3
2020-10-31 07:00:00,7,2020-10-31 14:00:00,379.66,79.3,3
2020-10-31 07:00:00,8,2020-10-31 15:00:00,379.66,78.4,3
2020-10-31 07:00:00,9,2020-10-31 16:00:00,379.64,76.7,3
2020-10-31 07:00:00,10,2020-10-31 17:00:00,379.68,81.7,3
2020-10-31 07:00:00,11,2020-10-31 18:00:00,379.7,83.6,3
2020-10-31 07:00:00,12,2020-10-31 19:00:00,379.7,83.3,3
2020-11-01 08:00:00,7,2020-11-01 15:00:00,379.56,66.2,3
2020-11-01 08:00:00,8,2020-11-01 16:00:00,379.54,64.0,3
2020-11-01 08:00:00,9,2020-11-01 17:00:00,379.53,63.6,3
2020-11-01 08:00:00,10,2020-11-01 18:00:00,379.59,70.4,3
2020-11-01 08:00:00,11,2020-11-01 19:00:00,379.61,72.4,3
2020-11-01 08:00:00,12,2020-11-01 20:00:00,379.61,72.4,3
2020-11-02 07:00:00,7,2020-11-02 14:00:00,379.52,61.8,3
2020-11-02 07:00:00,8,2020-11-02 15:00:00,379.49,59.0,3
2020-11-02 07:00:00,9,2020-11-02 16:00:00,379.49,58.6,3
2020-11-02 07:00:00,10,2020-11-02 17:00:00,379.48,57.6,3
2020-11-02 07:00:00,11,2020-11-02 18:00:00,379.52,61.9,3
2020-11-02 07:00:00,12,2020-11-02 19:00:00,379.56,66.5,3
2020-11-03 07:00:00,7,2020-11-03 14:00:00,379.46,55.1,3
2020-11-03 07:00:00,8,2020-11-03 15:00:00,379.46,55.1,3
2020-11-03 07:00:00,9,2020-11-03 16:00:00,379.47,56.8,3
2020-11-03 07:00:00,10,2020-11-03 17:00:00,379.49,58.7,3
2020-11-03 07:00:00,11,2020-11-03 18:00:00,379.5,60.4,3
2020-11-03 07:00:00,12,2020-11-03 19:00:00,379.53,63.1,3
2020-11-04 06:00:00,7,2020-11-04 13:00:00,379.59,70.9,3
2020-11-04 06:00:00,8,2020-11-04 14:00:00,379.59,70.2,3
2020-11-04 06:00:00,9,2020-11-04 15:00:00,379.58,69.5,3
2020-11-04 06:00:00,10,2020-11-04 16:00:00,379.58,69.2,3
2020-11-04 06:00:00,11,2020-11-04 17:00:00,379.58,68.7,3
2020-11-04 06:00:00,12,2020-11-04 18:00:00,379.57,68.2,3
2020-11-05 06:00:00,7,2020-11-05 13:00:00,379.43,51.3,3
2020-11-05 06:00:00,8,2020-11-05 14:00:00,379.44,53.1,3
2020-11-05 06:00:00,9,2020-11-05 15:00:00,379.45,53.9,3
2020-11-05 06:00:00,10,2020-11-05 16:00:00,379.43,51.7,3
2020-11-05 06:00:00,11,2020-11-05 17:00:00,379.4,48.8,3
2020-11-05 06:00:00,12,2020-11-05 18:00:00,379.44,53.3,3
2020-11-06 07:00:00,7,2020-11-06 14:00:00,379.4,49.0,3
2020-11-06 07:00:00,8,2020-11-06 15:00:00,379.4,48.6,3
2020-11-06 07:00:00,9,2020-11-06 16:00:00,379.38,45.8,3
2020-11-06 07:00:00,10,2020-11-06 17:00:00,379.37,45.5,3
2020-11-06 07:00:00,11,2020-11-06 18:00:00,379.37,45.0,3
2020-11-06 07:00:00,12,2020-11-06 19:00:00,379.38,46.2,3
2020-11-07 07:00:00,7,2020-11-07 14:00:00,379.36,44.2,3
2020-11-07 07:00:00,8,2020-11-07 15:00:00,379.36,44.6,3
2020-11-07 07:00:00,9,2020-11-07 16:00:00,379.34,41.8,3
2020-11-07 07:00:00,10,2020-11-07 17:00:00,379.34,41.6,3
2020-11-07 07:00:00,11,2020-11-07 18:00:00,379.33,41.5,3
2020-11-07 07:00:00,12,2020-11-07 19:00:00,379.34,42.0,3
2020-11-08 07:00:00,7,2020-11-08 14:00:00,379.32,39.8,3
2020-11-08 07:00:00,8,2020-11-08 15:00:00,379.34,41.8,3
2020-11-08 07:00:00,9,2020-11-08 16:00:00,379.32,40.0,3
2020-11-08 07:00:00,10,2020-11-08 17:00:00,379.32,39.9,3
2020-11-08 07:00:00,11,2020-11-08 18:00:00,379.32,39.8,3
2020-11-08 07:00:00,12,2020-11-08 19:00:00,379.29,37.3,3
2020-11-09 07:00:00,7,2020-11-09 14:00:00,379.28,36.0,3
2020-11-09 07:00:00,8,2020-11-09 15:00:00,379.31,38.6,3
2020-11-09 07:00:00,9,2020-11-09 16:00:00,379.31,38.6,3
2020-11-09 07:00:00,10,2020-11-09 17:00:00,379.27,35.0,3
2020-11-09 07:00:00,11,2020-11-09 18:00:00,379.27,34.8,3
2020-11-09 07:00:00,12,2020-11-09 19:00:00,379.27,34.7,3
2020-11-10 08:00:00,7,2020-11-10 15:00:00,379.29,37.2,3
2020-11-10 08:00:00,8,2020-11-10 16:00:00,379.25,33.3,3
2020-11-10 08:00:00,9,2020-11-10 17:00:00,379.25,33.0,3
2020-11-10 08:00:00,10,2020-11-10 18:00:00,379.25,33.0,3
2020-11-10 08:00:00,11,2020-11-10 19:00:00,379.25,33.4,3
2020-11-10 08:00:00,12,2020-11-10 20:00:00,379.3,38.2,3
2020-11-11 07:00:00,7,2020-11-11 14:00:00,379.3,37.7,3
2020-11-11 07:00:00,8,2020-11-11 15:00:00,379.3,37.5,3
2020-11-11 07:00:00,9,2020-11-11 16:00:00,379.3,37.7,3
2020-11-11 07:00:00,10,2020-11-11 17:00:00,379.3,37.6,3
2020-11-11 07:00:00,11,2020-11-11 18:00:00,379.3,37.6,3
2020-11-11 07:00:00,12,2020-11-11 19:00:00,379.29,37.4,3
2020-11-12 07:00:00,7,2020-11-12 14:00:00,379.29,36.5,3
2020-11-12 07:00:00,8,2020-11-12 15:00:00,379.29,36.5,3
2020-11-12 07:00:00,9,2020-11-12 16:00:00,379.29,36.5,3
2020-11-12 07:00:00,10,2020-11-12 17:00:00,379.29,36.6,3
2020-11-12 07:00:00,11,2020-11-12 18:00:00,379.29,36.5,3
2020-11-12 07:00:00,12,2020-11-12 19:00:00,379.29,36.5,3
2020-11-13 06:00:00,7,2020-11-13 13:00:00,379.1,21.3,3
2020-11-13 06:00:00,8,2020-11-13 14:00:00,379.18,27.2,3
2020-11-13 06:00:00,9,2020-11-13 15:00:00,379.21,29.9,3
2020-11-13 06:00:00,10,2020-11-13 16:00:00,379.21,29.6,3
2020-11-13 06:00:00,11,2020-11-13 17:00:00,379.21,29.4,3
2020-11-13 06:00:00,12,2020-11-13 18:00:00,379.22,30.1,3
2020-11-14 07:00:00,7,2020-11-14 14:00:00,379.11,21.9,3
2020-11-14 07:00:00,8,2020-11-14 15:00:00,379.2,28.4,3
2020-11-14 07:00:00,9,2020-11-14 16:00:00,379.22,30.2,3
2020-11-14 07:00:00,10,2020-11-14 17:00:00,379.21,29.5,3
2020-11-14 07:00:00,11,2020-11-14 18:00:00,379.21,29.3,3
2020-11-14 07:00:00,12,2020-11-14 19:00:00,379.22,30.2,3
2020-11-15 08:00:00,7,2020-11-15 15:00:00,379.16,25.6,3
2020-11-15 08:00:00,8,2020-11-15 16:00:00,379.21,29.7,3
2020-11-15 08:00:00,9,2020-11-15 17:00:00,379.21,29.7,3
2020-11-15 08:00:00,10,2020-11-15 18:00:00,379.21,29.3,3
2020-11-15 08:00:00,11,2020-11-15 19:00:00,379.21,29.2,3
2020-11-15 08:00:00,12,2020-11-15 20:00:00,379.21,29.2,3
2020-11-16 07:00:00,7,2020-11-16 14:00:00,379.73,87.3,3
2020-11-16 07:00:00,8,2020-11-16 15:00:00,379.67,79.5,3
2020-11-16 07:00:00,9,2020-11-16 16:00:00,379.62,74.5,3
2020-11-16 07:00:00,10,2020-11-16 17:00:00,379.71,84.8,3
2020-11-16 07:00:00,11,2020-11-16 18:00:00,379.68,80.7,3
2020-11-16 07:00:00,12,2020-11-16 19:00:00,379.63,75.2,3
2020-11-17 07:00:00,7,2020-11-17 14:00:00,379.36,43.7,3
2020-11-17 07:00:00,8,2020-11-17 15:00:00,379.35,43.5,3
2020-11-17 07:00:00,9,2020-11-17 16:00:00,379.36,44.5,3
2020-11-17 07:00:00,10,2020-11-17 17:00:00,379.34,42.2,3
2020-11-17 07:00:00,11,2020-11-17 18:00:00,379.34,41.9,3
2020-11-17 07:00:00,12,2020-11-17 19:00:00,379.34,41.6,3
2020-11-18 07:00:00,7,2020-11-18 14:00:00,379.35,43.4,3
2020-11-18 07:00:00,8,2020-11-18 15:00:00,379.35,43.4,3
2020-11-18 07:00:00,9,2020-11-18 16:00:00,379.35,43.3,3
2020-11-18 07:00:00,10,2020-11-18 17:00:00,379.35,43.1,3
2020-11-18 07:00:00,11,2020-11-18 18:00:00,379.35,42.9,3
2020-11-18 07:00:00,12,2020-11-18 19:00:00,379.35,42.8,3
2020-11-19 07:00:00,7,2020-11-19 14:00:00,379.28,36.2,3
2020-11-19 07:00:00,8,2020-11-19 15:00:00,379.29,36.9,3
2020-11-19 07:00:00,9,2020-11-19 16:00:00,379.31,39.4,3
2020-11-19 07:00:00,10,2020-11-19 17:00:00,379.35,43.4,3
2020-11-19 07:00:00,11,2020-11-19 18:00:00,379.39,47.5,3
2020-11-19 07:00:00,12,2020-11-19 19:00:00,379.39,46.9,3
2020-11-20 07:00:00,7,2020-11-20 14:00:00,379.37,44.9,3
2020-11-20 07:00:00,8,2020-11-20 15:00:00,379.38,46.2,3
2020-11-20 07:00:00,9,2020-11-20 16:00:00,379.37,45.7,3
2020-11-20 07:00:00,10,2020-11-20 17:00:00,379.37,45.7,3
2020-11-20 07:00:00,11,2020-11-20 18:00:00,379.38,45.9,3
2020-11-20 07:00:00,12,2020-11-20 19:00:00,379.37,45.0,3
2020-11-21 07:00:00,7,2020-11-21 14:00:00,379.36,44.1,3
2020-11-21 07:00:00,8,2020-11-21 15:00:00,379.36,43.8,3
2020-11-21 07:00:00,9,2020-11-21 16:00:00,379.36,43.6,3
2020-11-21 07:00:00,10,2020-11-21 17:00:00,379.34,42.1,3
2020-11-21 07:00:00,11,2020-11-21 18:00:00,379.35,42.8,3
2020-11-21 07:00:00,12,2020-11-21 19:00:00,379.35,42.7,3
2020-11-22 07:00:00,7,2020-11-22 14:00:00,379.16,25.8,3
2020-11-22 07:00:00,8,2020-11-22 15:00:00,379.25,33.1,3
2020-11-22 07:00:00,9,2020-11-22 16:00:00,379.26,34.4,3
2020-11-22 07:00:00,10,2020-11-22 17:00:00,379.25,33.2,3
2020-11-22 07:00:00,11,2020-11-22 18:00:00,379.25,33.0,3
2020-11-22 07:00:00,12,2020-11-22 19:00:00,379.26,34.0,3
2020-11-23 07:00:00,7,2020-11-23 14:00:00,379.16,25.3,3
2020-11-23 07:00:00,8,2020-11-23 15:00:00,379.24,32.0,3
2020-11-23 07:00:00,9,2020-11-23 16:00:00,379.25,33.4,3
2020-11-23 07:00:00,10,2020-11-23 17:00:00,379.25,33.4,3
2020-11-23 07:00:00,11,2020-11-23 18:00:00,379.25,33.2,3
2020-11-23 07:00:00,12,2020-11-23 19:00:00,379.25,32.7,3
2020-11-24 07:00:00,7,2020-11-24 14:00:00,379.1,21.2,3
2020-11-24 07:00:00,8,2020-11-24 15:00:00,379.18,26.9,3
2020-11-24 07:00:00,9,2020-11-24 16:00:00,379.22,30.6,3
2020-11-24 07:00:00,10,2020-11-24 17:00:00,379.21,29.7,3
2020-11-24 07:00:00,11,2020-11-24 18:00:00,379.22,30.6,3
2020-11-24 07:00:00,12,2020-11-24 19:00:00,379.22,30.8,3
2020-11-25 07:00:00,7,2020-11-25 14:00:00,379.1,21.2,3
2020-11-25 07:00:00,8,2020-11-25 15:00:00,379.17,25.9,3
2020-11-25 07:00:00,9,2020-11-25 16:00:00,379.21,29.5,3
2020-11-25 07:00:00,10,2020-11-25 17:00:00,379.2,28.4,3
2020-11-25 07:00:00,11,2020-11-25 18:00:00,379.21,29.2,3
2020-11-25 07:00:00,12,2020-11-25 19:00:00,379.21,29.9,3
2020-11-26 07:00:00,7,2020-11-26 14:00:00,379.11,21.7,3
2020-11-26 07:00:00,8,2020-11-26 15:00:00,379.15,25.0,3
2020-11-26 07:00:00,9,2020-11-26 16:00:00,379.18,27.0,3
2020-11-26 07:00:00,10,2020-11-26 17:00:00,379.2,29.0,3
2020-11-26 07:00:00,11,2020-11-26 18:00:00,379.21,29.3,3
2020-11-26 07:00:00,12,2020-11-26 19:00:00,379.2,28.9,3
2020-11-26 08:00:00,7,2020-11-26 15:00:00,379.15,25.0,3
2020-11-26 08:00:00,8,2020-11-26 16:00:00,379.18,27.0,3
2020-11-26 08:00:00,9,2020-11-26 17:00:00,379.2,29.0,3
2020-11-26 08:00:00,10,2020-11-26 18:00:00,379.21,29.3,3
2020-11-26 08:00:00,11,2020-11-26 19:00:00,379.2,28.9,3
2020-11-26 08:00:00,12,2020-11-26 20:00:00,379.2,28.7,3
2020-11-26 11:00:00,7,2020-11-26 18:00:00,379.13,23.5,3
2020-11-26 11:00:00,8,2020-11-26 19:00:00,379.13,23.1,3
2020-11-26 11:00:00,9,2020-11-26 20:00:00,379.13,22.8,3
2020-11-26 11:00:00,10,2020-11-26 21:00:00,379.17,25.9,3
2020-11-26 11:00:00,11,2020-11-26 22:00:00,379.18,27.2,3
2020-11-26 11:00:00,12,2020-11-26 23:00:00,379.18,27.0,3
2020-11-26 16:00:00,7,2020-11-26 23:00:00,379.13,23.5,3
2020-11-26 16:00:00,8,2020-11-27 00:00:00,379.13,23.5,3
2020-11-26 16:00:00,9,2020-11-27 01:00:00,379.13,22.9,3
2020-11-26 16:00:00,10,2020-11-27 02:00:00,379.14,23.7,3
2020-11-26 16:00:00,11,2020-11-27 03:00:00,379.2,29.1,3
2020-11-26 16:00:00,12,2020-11-27 04:00:00,379.22,30.8,3
2020-11-27 07:00:00,7,2020-11-27 14:00:00,379.1,20.8,3
2020-11-27 07:00:00,8,2020-11-27 15:00:00,379.12,22.4,3
2020-11-27 07:00:00,9,2020-11-27 16:00:00,379.18,26.8,3
2020-11-27 07:00:00,10,2020-11-27 17:00:00,379.19,27.8,3
2020-11-27 07:00:00,11,2020-11-27 18:00:00,379.18,27.4,3
2020-11-27 07:00:00,12,2020-11-27 19:00:00,379.19,27.7,3
2020-11-28 06:00:00,7,2020-11-28 13:00:00,379.1,21.0,3
2020-11-28 06:00:00,8,2020-11-28 14:00:00,379.1,21.0,3
2020-11-28 06:00:00,9,2020-11-28 15:00:00,379.12,22.6,3
2020-11-28 06:00:00,10,2020-11-28 16:00:00,379.19,27.7,3
2020-11-28 06:00:00,11,2020-11-28 17:00:00,379.2,28.7,3
2020-11-28 06:00:00,12,2020-11-28 18:00:00,379.2,28.6,3
2020-11-29 06:00:00,7,2020-11-29 13:00:00,379.11,21.4,3
2020-11-29 06:00:00,8,2020-11-29 14:00:00,379.1,21.2,3
2020-11-29 06:00:00,9,2020-11-29 15:00:00,379.14,23.8,3
2020-11-29 06:00:00,10,2020-11-29 16:00:00,379.21,29.4,3
2020-11-29 06:00:00,11,2020-11-29 17:00:00,379.2,28.5,3
2020-11-29 06:00:00,12,2020-11-29 18:00:00,379.19,28.0,3
2020-11-30 07:00:00,7,2020-11-30 14:00:00,379.11,22.0,3
2020-11-30 07:00:00,8,2020-11-30 15:00:00,379.09,20.5,3
2020-11-30 07:00:00,9,2020-11-30 16:00:00,379.19,27.7,3
2020-11-30 07:00:00,10,2020-11-30 17:00:00,379.21,29.8,3
2020-11-30 07:00:00,11,2020-11-30 18:00:00,379.21,29.9,3
2020-11-30 07:00:00,12,2020-11-30 19:00:00,379.21,29.6,3
2020-12-01 08:00:00,7,2020-12-01 15:00:00,379.13,22.9,3
2020-12-01 08:00:00,8,2020-12-01 16:00:00,379.21,29.5,3
2020-12-01 08:00:00,9,2020-12-01 17:00:00,379.22,30.7,3
2020-12-01 08:00:00,10,2020-12-01 18:00:00,379.22,30.6,3
2020-12-01 08:00:00,11,2020-12-01 19:00:00,379.23,31.3,3
2020-12-01 08:00:00,12,2020-12-01 20:00:00,379.23,31.6,3
2020-12-02 07:00:00,7,2020-12-02 14:00:00,379.17,26.0,3
2020-12-02 07:00:00,8,2020-12-02 15:00:00,379.22,30.2,3
2020-12-02 07:00:00,9,2020-12-02 16:00:00,379.22,30.8,3
2020-12-02 07:00:00,10,2020-12-02 17:00:00,379.2,28.8,3
2020-12-02 07:00:00,11,2020-12-02 18:00:00,379.19,27.9,3
2020-12-02 07:00:00,12,2020-12-02 19:00:00,379.19,27.6,3
2020-12-03 07:00:00,7,2020-12-03 14:00:00,379.13,23.5,3
2020-12-03 07:00:00,8,2020-12-03 15:00:00,379.13,23.4,3
2020-12-03 07:00:00,9,2020-12-03 16:00:00,379.19,27.6,3
2020-12-03 07:00:00,10,2020-12-03 17:00:00,379.21,29.4,3
2020-12-03 07:00:00,11,2020-12-03 18:00:00,379.21,30.0,3
2020-12-03 07:00:00,12,2020-12-03 19:00:00,379.22,30.3,3
2020-12-04 07:00:00,7,2020-12-04 14:00:00,379.17,26.0,3
2020-12-04 07:00:00,8,2020-12-04 15:00:00,379.19,28.0,3
2020-12-04 07:00:00,9,2020-12-04 16:00:00,379.28,36.1,3
2020-12-04 07:00:00,10,2020-12-04 17:00:00,379.28,35.8,3
2020-12-04 07:00:00,11,2020-12-04 18:00:00,379.29,36.5,3
2020-12-04 07:00:00,12,2020-12-04 19:00:00,379.33,40.7,3
2020-12-05 07:00:00,7,2020-12-05 14:00:00,379.2,28.8,3
2020-12-05 07:00:00,8,2020-12-05 15:00:00,379.22,30.2,3
2020-12-05 07:00:00,9,2020-12-05 16:00:00,379.23,31.2,3
2020-12-05 07:00:00,10,2020-12-05 17:00:00,379.24,32.1,3
2020-12-05 07:00:00,11,2020-12-05 18:00:00,379.28,36.0,3
2020-12-05 07:00:00,12,2020-12-05 19:00:00,379.29,36.5,3
2020-12-06 07:00:00,7,2020-12-06 14:00:00,379.19,27.8,3
2020-12-06 07:00:00,8,2020-12-06 15:00:00,379.22,30.4,3
2020-12-06 07:00:00,9,2020-12-06 16:00:00,379.28,36.2,3
2020-12-06 07:00:00,10,2020-12-06 17:00:00,379.27,34.7,3
2020-12-06 07:00:00,11,2020-12-06 18:00:00,379.26,33.8,3
2020-12-06 07:00:00,12,2020-12-06 19:00:00,379.26,33.7,3
2020-12-07 07:00:00,7,2020-12-07 14:00:00,379.18,26.7,3
2020-12-07 07:00:00,8,2020-12-07 15:00:00,379.17,26.1,3
2020-12-07 07:00:00,9,2020-12-07 16:00:00,379.21,29.8,3
2020-12-07 07:00:00,10,2020-12-07 17:00:00,379.24,32.6,3
2020-12-07 07:00:00,11,2020-12-07 18:00:00,379.26,34.1,3
2020-12-07 07:00:00,12,2020-12-07 19:00:00,379.26,33.9,3
2020-12-08 06:00:00,7,2020-12-08 13:00:00,379.15,25.0,3
2020-12-08 06:00:00,8,2020-12-08 14:00:00,379.15,25.0,3
2020-12-08 06:00:00,9,2020-12-08 15:00:00,379.15,24.9,3
2020-12-08 06:00:00,10,2020-12-08 16:00:00,379.2,28.7,3
2020-12-08 06:00:00,11,2020-12-08 17:00:00,379.24,32.1,3
2020-12-08 06:00:00,12,2020-12-08 18:00:00,379.26,33.7,3
2020-12-08 11:00:00,7,2020-12-08 18:00:00,379.21,29.8,3
2020-12-08 11:00:00,8,2020-12-08 19:00:00,379.21,29.3,3
2020-12-08 11:00:00,9,2020-12-08 20:00:00,379.2,28.5,3
2020-12-08 11:00:00,10,2020-12-08 21:00:00,379.18,27.3,3
2020-12-08 11:00:00,11,2020-12-08 22:00:00,379.21,29.6,3
2020-12-08 11:00:00,12,2020-12-08 23:00:00,379.21,29.6,3
2020-12-10 07:00:00,7,2020-12-10 14:00:00,379.14,24.2,3
2020-12-10 07:00:00,8,2020-12-10 15:00:00,379.15,24.4,3
2020-12-10 07:00:00,9,2020-12-10 16:00:00,379.17,26.0,3
2020-12-10 07:00:00,10,2020-12-10 17:00:00,379.22,30.4,3
2020-12-10 07:00:00,11,2020-12-10 18:00:00,379.24,32.5,3
2020-12-10 07:00:00,12,2020-12-10 19:00:00,379.25,32.8,3
2020-12-11 07:00:00,7,2020-12-11 14:00:00,379.14,24.1,3
2020-12-11 07:00:00,8,2020-12-11 15:00:00,379.25,32.9,3
2020-12-11 07:00:00,9,2020-12-11 16:00:00,379.25,33.3,3
2020-12-11 07:00:00,10,2020-12-11 17:00:00,379.25,33.5,3
2020-12-11 07:00:00,11,2020-12-11 18:00:00,379.26,34.5,3
2020-12-11 07:00:00,12,2020-12-11 19:00:00,379.29,36.5,3
2020-12-12 07:00:00,7,2020-12-12 14:00:00,379.49,58.6,3
2020-12-12 07:00:00,8,2020-12-12 15:00:00,379.53,63.2,3
2020-12-12 07:00:00,9,2020-12-12 16:00:00,379.53,63.0,3
2020-12-12 07:00:00,10,2020-12-12 17:00:00,379.53,63.8,3
2020-12-12 07:00:00,11,2020-12-12 18:00:00,379.53,63.0,3
2020-12-12 07:00:00,12,2020-12-12 19:00:00,379.51,61.3,3
2020-12-13 07:00:00,7,2020-12-13 14:00:00,379.4,48.2,3
2020-12-13 07:00:00,8,2020-12-13 15:00:00,379.43,52.0,3
2020-12-13 07:00:00,9,2020-12-13 16:00:00,379.41,49.7,3
2020-12-13 07:00:00,10,2020-12-13 17:00:00,379.4,48.6,3
2020-12-13 07:00:00,11,2020-12-13 18:00:00,379.4,48.0,3
2020-12-13 07:00:00,12,2020-12-13 19:00:00,379.36,44.4,3
2020-12-14 07:00:00,7,2020-12-14 14:00:00,379.25,33.4,3
2020-12-14 07:00:00,8,2020-12-14 15:00:00,379.28,35.9,3
2020-12-14 07:00:00,9,2020-12-14 16:00:00,379.28,35.8,3
2020-12-14 07:00:00,10,2020-12-14 17:00:00,379.34,42.1,3
2020-12-14 07:00:00,11,2020-12-14 18:00:00,379.29,36.6,3
2020-12-14 07:00:00,12,2020-12-14 19:00:00,379.28,35.8,3
2020-12-14 09:00:00,7,2020-12-14 16:00:00,379.28,35.8,3
2020-12-14 09:00:00,8,2020-12-14 17:00:00,379.34,42.1,3
2020-12-14 09:00:00,9,2020-12-14 18:00:00,379.29,36.6,3
2020-12-14 09:00:00,10,2020-12-14 19:00:00,379.28,35.8,3
2020-12-14 09:00:00,11,2020-12-14 20:00:00,379.28,35.9,3
2020-12-14 09:00:00,12,2020-12-14 21:00:00,379.28,36.1,3
2020-12-15 08:00:00,7,2020-12-15 15:00:00,379.48,57.1,3
2020-12-15 08:00:00,8,2020-12-15 16:00:00,379.49,59.1,3
2020-12-15 08:00:00,9,2020-12-15 17:00:00,379.52,62.3,3
2020-12-15 08:00:00,10,2020-12-15 18:00:00,379.54,64.6,3
2020-12-15 08:00:00,11,2020-12-15 19:00:00,379.57,67.7,3
2020-12-15 08:00:00,12,2020-12-15 20:00:00,379.57,68.2,3
2020-12-16 07:00:00,7,2020-12-16 14:00:00,379.5,59.4,3
2020-12-16 07:00:00,8,2020-12-16 15:00:00,379.47,55.9,3
2020-12-16 07:00:00,9,2020-12-16 16:00:00,379.46,55.6,3
2020-12-16 07:00:00,10,2020-12-16 17:00:00,379.49,58.1,3
2020-12-16 07:00:00,11,2020-12-16 18:00:00,379.49,58.2,3
2020-12-16 07:00:00,12,2020-12-16 19:00:00,379.49,58.6,3
2020-12-16 08:00:00,7,2020-12-16 15:00:00,379.47,55.9,3
2020-12-16 08:00:00,8,2020-12-16 16:00:00,379.46,55.6,3
2020-12-16 08:00:00,9,2020-12-16 17:00:00,379.49,58.1,3
2020-12-16 08:00:00,10,2020-12-16 18:00:00,379.49,58.2,3
2020-12-16 08:00:00,11,2020-12-16 19:00:00,379.49,58.6,3
2020-12-16 08:00:00,12,2020-12-16 20:00:00,379.48,57.5,3
2020-12-17 07:00:00,7,2020-12-17 14:00:00,379.39,47.1,3
2020-12-17 07:00:00,8,2020-12-17 15:00:00,379.39,47.1,3
2020-12-17 07:00:00,9,2020-12-17 16:00:00,379.39,47.5,3
2020-12-17 07:00:00,10,2020-12-17 17:00:00,379.39,47.8,3
2020-12-17 07:00:00,11,2020-12-17 18:00:00,379.42,50.5,3
2020-12-17 07:00:00,12,2020-12-17 19:00:00,379.42,51.0,3
2020-12-18 07:00:00,7,2020-12-18 14:00:00,379.43,51.8,3
2020-12-18 07:00:00,8,2020-12-18 15:00:00,379.42,50.2,3
2020-12-18 07:00:00,9,2020-12-18 16:00:00,379.43,52.0,3
2020-12-18 07:00:00,10,2020-12-18 17:00:00,379.45,54.5,3
2020-12-18 07:00:00,11,2020-12-18 18:00:00,379.46,55.0,3
2020-12-18 07:00:00,12,2020-12-18 19:00:00,379.45,53.5,3
2020-12-19 07:00:00,7,2020-12-19 14:00:00,379.36,44.3,3
2020-12-19 07:00:00,8,2020-12-19 15:00:00,379.37,45.5,3
2020-12-19 07:00:00,9,2020-12-19 16:00:00,379.41,50.0,3
2020-12-19 07:00:00,10,2020-12-19 17:00:00,379.39,47.1,3
2020-12-19 07:00:00,11,2020-12-19 18:00:00,379.38,46.7,3
2020-12-19 07:00:00,12,2020-12-19 19:00:00,379.39,46.8,3
2020-12-20 08:00:00,7,2020-12-20 15:00:00,379.35,43.2,3
2020-12-20 08:00:00,8,2020-12-20 16:00:00,379.38,46.7,3
2020-12-20 08:00:00,9,2020-12-20 17:00:00,379.42,50.2,3
2020-12-20 08:00:00,10,2020-12-20 18:00:00,379.39,47.1,3
2020-12-20 08:00:00,11,2020-12-20 19:00:00,379.39,47.5,3
2020-12-20 08:00:00,12,2020-12-20 20:00:00,379.4,48.4,3
2020-12-21 07:00:00,7,2020-12-21 14:00:00,379.32,40.2,3
2020-12-21 07:00:00,8,2020-12-21 15:00:00,379.32,39.9,3
2020-12-21 07:00:00,9,2020-12-21 16:00:00,379.35,43.2,3
2020-12-21 07:00:00,10,2020-12-21 17:00:00,379.38,46.5,3
2020-12-21 07:00:00,11,2020-12-21 18:00:00,379.34,42.4,3
2020-12-21 07:00:00,12,2020-12-21 19:00:00,379.34,42.4,3
2020-12-22 09:00:00,7,2020-12-22 16:00:00,379.47,56.1,3
2020-12-22 09:00:00,8,2020-12-22 17:00:00,379.46,55.4,3
2020-12-22 09:00:00,9,2020-12-22 18:00:00,379.46,55.2,3
2020-12-22 09:00:00,10,2020-12-22 19:00:00,379.46,55.2,3
2020-12-22 09:00:00,11,2020-12-22 20:00:00,379.48,57.6,3
2020-12-22 09:00:00,12,2020-12-22 21:00:00,379.52,62.0,3
2020-12-23 07:00:00,7,2020-12-23 14:00:00,379.44,52.9,3
2020-12-23 07:00:00,8,2020-12-23 15:00:00,379.43,52.3,3
2020-12-23 07:00:00,9,2020-12-23 16:00:00,379.41,49.3,3
2020-12-23 07:00:00,10,2020-12-23 17:00:00,379.4,48.8,3
2020-12-23 07:00:00,11,2020-12-23 18:00:00,379.4,48.8,3
2020-12-23 07:00:00,12,2020-12-23 19:00:00,379.4,48.4,3
2020-12-24 07:00:00,7,2020-12-24 14:00:00,379.77,91.8,3
2020-12-24 07:00:00,8,2020-12-24 15:00:00,379.74,89.0,3
2020-12-24 07:00:00,9,2020-12-24 16:00:00,379.68,81.7,3
2020-12-24 07:00:00,10,2020-12-24 17:00:00,379.66,78.7,3
2020-12-24 07:00:00,11,2020-12-24 18:00:00,379.71,85.1,3
2020-12-24 07:00:00,12,2020-12-24 19:00:00,379.7,84.0,3
2020-12-25 08:00:00,7,2020-12-25 15:00:00,379.59,70.8,3
2020-12-25 08:00:00,8,2020-12-25 16:00:00,379.59,70.6,3
2020-12-25 08:00:00,9,2020-12-25 17:00:00,379.57,67.8,3
2020-12-25 08:00:00,10,2020-12-25 18:00:00,379.54,64.8,3
2020-12-25 08:00:00,11,2020-12-25 19:00:00,379.56,67.0,3
2020-12-25 08:00:00,12,2020-12-25 20:00:00,379.59,69.9,3
2020-12-26 07:00:00,7,2020-12-26 14:00:00,379.43,52.3,3
2020-12-26 07:00:00,8,2020-12-26 15:00:00,379.47,56.8,3
2020-12-26 07:00:00,9,2020-12-26 16:00:00,379.47,56.8,3
2020-12-26 07:00:00,10,2020-12-26 17:00:00,379.44,52.8,3
2020-12-26 07:00:00,11,2020-12-26 18:00:00,379.43,52.2,3
2020-12-26 07:00:00,12,2020-12-26 19:00:00,379.43,52.0,3
2020-12-27 08:00:00,7,2020-12-27 15:00:00,379.43,51.7,3
2020-12-27 08:00:00,8,2020-12-27 16:00:00,379.42,50.4,3
2020-12-27 08:00:00,9,2020-12-27 17:00:00,379.4,48.0,3
2020-12-27 08:00:00,10,2020-12-27 18:00:00,379.4,48.1,3
2020-12-27 08:00:00,11,2020-12-27 19:00:00,379.4,48.1,3
2020-12-27 08:00:00,12,2020-12-27 20:00:00,379.4,48.1,3
2020-12-27 23:00:00,7,2020-12-28 06:00:00,379.39,47.3,3
2020-12-27 23:00:00,8,2020-12-28 07:00:00,379.43,51.9,3
2020-12-27 23:00:00,9,2020-12-28 08:00:00,379.42,50.6,3
2020-12-27 23:00:00,10,2020-12-28 09:00:00,379.43,51.8,3
2020-12-27 23:00:00,11,2020-12-28 10:00:00,379.44,52.5,3
2020-12-27 23:00:00,12,2020-12-28 11:00:00,379.43,51.3,3
2020-12-28 07:00:00,7,2020-12-28 14:00:00,379.45,54.0,3
2020-12-28 07:00:00,8,2020-12-28 15:00:00,379.47,56.6,3
2020-12-28 07:00:00,9,2020-12-28 16:00:00,379.46,55.1,3
2020-12-28 07:00:00,10,2020-12-28 17:00:00,379.46,55.5,3
2020-12-28 07:00:00,11,2020-12-28 18:00:00,379.46,55.3,3
2020-12-28 07:00:00,12,2020-12-28 19:00:00,379.43,52.1,3
2020-12-29 08:00:00,7,2020-12-29 15:00:00,379.47,56.1,3
2020-12-29 08:00:00,8,2020-12-29 16:00:00,379.46,55.0,3
2020-12-29 08:00:00,9,2020-12-29 17:00:00,379.44,52.4,3
2020-12-29 08:00:00,10,2020-12-29 18:00:00,379.44,52.6,3
2020-12-29 08:00:00,11,2020-12-29 19:00:00,379.42,50.2,3
2020-12-29 08:00:00,12,2020-12-29 20:00:00,379.41,49.8,3
2020-12-30 08:00:00,7,2020-12-30 15:00:00,379.4,48.8,3
2020-12-30 08:00:00,8,2020-12-30 16:00:00,379.38,46.4,3
2020-12-30 08:00:00,9,2020-12-30 17:00:00,379.39,46.9,3
2020-12-30 08:00:00,10,2020-12-30 18:00:00,379.39,47.4,3
2020-12-30 08:00:00,11,2020-12-30 19:00:00,379.39,47.2,3
2020-12-30 08:00:00,12,2020-12-30 20:00:00,379.37,45.7,3
2020-12-31 08:00:00,7,2020-12-31 15:00:00,379.3,38.1,3
2020-12-31 08:00:00,8,2020-12-31 16:00:00,379.32,39.9,3
2020-12-31 08:00:00,9,2020-12-31 17:00:00,379.37,45.3,3
2020-12-31 08:00:00,10,2020-12-31 18:00:00,379.33,41.4,3
2020-12-31 08:00:00,11,2020-12-31 19:00:00,379.33,41.4,3
2020-12-31 08:00:00,12,2020-12-31 20:00:00,379.34,41.8,3
2021-01-01 07:00:00,7,2021-01-01 14:00:00,379.38,46.1,3
2021-01-01 07:00:00,8,2021-01-01 15:00:00,379.37,44.8,3
2021-01-01 07:00:00,9,2021-01-01 16:00:00,379.38,46.0,3
2021-01-01 07:00:00,10,2021-01-01 17:00:00,379.39,47.8,3
2021-01-01 07:00:00,11,2021-01-01 18:00:00,379.38,46.5,3
2021-01-01 07:00:00,12,2021-01-01 19:00:00,379.33,41.1,3
2021-01-02 07:00:00,7,2021-01-02 14:00:00,379.24,31.8,3
2021-01-02 07:00:00,8,2021-01-02 15:00:00,379.27,35.3,3
2021-01-02 07:00:00,9,2021-01-02 16:00:00,379.27,34.8,3
2021-01-02 07:00:00,10,2021-01-02 17:00:00,379.33,41.5,3
2021-01-02 07:00:00,11,2021-01-02 18:00:00,379.34,41.5,3
2021-01-02 07:00:00,12,2021-01-02 19:00:00,379.27,35.0,3
2021-01-03 07:00:00,7,2021-01-03 14:00:00,379.21,29.6,3
2021-01-03 07:00:00,8,2021-01-03 15:00:00,379.24,32.7,3
2021-01-03 07:00:00,9,2021-01-03 16:00:00,379.27,35.3,3
2021-01-03 07:00:00,10,2021-01-03 17:00:00,379.33,40.7,3
2021-01-03 07:00:00,11,2021-01-03 18:00:00,379.27,35.4,3
2021-01-03 07:00:00,12,2021-01-03 19:00:00,379.27,34.8,3
2021-01-04 07:00:00,7,2021-01-04 14:00:00,379.18,27.2,3
2021-01-04 07:00:00,8,2021-01-04 15:00:00,379.22,30.1,3
2021-01-04 07:00:00,9,2021-01-04 16:00:00,379.24,32.3,3
2021-01-04 07:00:00,10,2021-01-04 17:00:00,379.31,38.6,3
2021-01-04 07:00:00,11,2021-01-04 18:00:00,379.27,35.0,3
2021-01-04 07:00:00,12,2021-01-04 19:00:00,379.26,33.8,3
2021-01-05 07:00:00,7,2021-01-05 14:00:00,379.16,25.8,3
2021-01-05 07:00:00,8,2021-01-05 15:00:00,379.19,28.1,3
2021-01-05 07:00:00,9,2021-01-05 16:00:00,379.29,36.5,3
2021-01-05 07:00:00,10,2021-01-05 17:00:00,379.27,35.5,3
2021-01-05 07:00:00,11,2021-01-05 18:00:00,379.27,35.0,3
2021-01-05 07:00:00,12,2021-01-05 19:00:00,379.25,33.4,3
2021-01-06 07:00:00,7,2021-01-06 14:00:00,379.15,24.3,3
2021-01-06 07:00:00,8,2021-01-06 15:00:00,379.17,26.5,3
2021-01-06 07:00:00,9,2021-01-06 16:00:00,379.26,33.7,3
2021-01-06 07:00:00,10,2021-01-06 17:00:00,379.27,35.4,3
2021-01-06 07:00:00,11,2021-01-06 18:00:00,379.25,33.4,3
2021-01-06 07:00:00,12,2021-01-06 19:00:00,379.24,32.5,3
2021-01-07 07:00:00,7,2021-01-07 14:00:00,379.17,26.0,3
2021-01-07 07:00:00,8,2021-01-07 15:00:00,379.19,27.8,3
2021-01-07 07:00:00,9,2021-01-07 16:00:00,379.27,34.8,3
2021-01-07 07:00:00,10,2021-01-07 17:00:00,379.27,34.7,3
2021-01-07 07:00:00,11,2021-01-07 18:00:00,379.26,34.4,3
2021-01-07 07:00:00,12,2021-01-07 19:00:00,379.24,32.4,3
2021-01-08 07:00:00,7,2021-01-08 14:00:00,379.15,24.9,3
2021-01-08 07:00:00,8,2021-01-08 15:00:00,379.27,34.6,3
2021-01-08 07:00:00,9,2021-01-08 16:00:00,379.27,35.3,3
2021-01-08 07:00:00,10,2021-01-08 17:00:00,379.27,35.1,3
2021-01-08 07:00:00,11,2021-01-08 18:00:00,379.21,29.4,3
2021-01-08 07:00:00,12,2021-01-08 19:00:00,379.2,28.7,3
2021-01-09 08:00:00,7,2021-01-09 15:00:00,379.24,31.8,3
2021-01-09 08:00:00,8,2021-01-09 16:00:00,379.25,33.0,3
2021-01-09 08:00:00,9,2021-01-09 17:00:00,379.24,32.2,3
2021-01-09 08:00:00,10,2021-01-09 18:00:00,379.24,32.2,3
2021-01-09 08:00:00,11,2021-01-09 19:00:00,379.24,32.2,3
2021-01-09 08:00:00,12,2021-01-09 20:00:00,379.21,30.0,3
2021-01-10 08:00:00,7,2021-01-10 15:00:00,379.15,24.8,3
2021-01-10 08:00:00,8,2021-01-10 16:00:00,379.25,33.6,3
2021-01-10 08:00:00,9,2021-01-10 17:00:00,379.24,32.3,3
2021-01-10 08:00:00,10,2021-01-10 18:00:00,379.24,31.8,3
2021-01-10 08:00:00,11,2021-01-10 19:00:00,379.2,28.9,3
2021-01-10 08:00:00,12,2021-01-10 20:00:00,379.19,27.6,3
2021-01-11 07:00:00,7,2021-01-11 14:00:00,379.14,24.0,3
2021-01-11 07:00:00,8,2021-01-11 15:00:00,379.23,31.0,3
2021-01-11 07:00:00,9,2021-01-11 16:00:00,379.24,32.5,3
2021-01-11 07:00:00,10,2021-01-11 17:00:00,379.24,31.9,3
2021-01-11 07:00:00,11,2021-01-11 18:00:00,379.24,31.9,3
2021-01-11 07:00:00,12,2021-01-11 19:00:00,379.24,31.9,3
2021-01-12 07:00:00,7,2021-01-12 14:00:00,379.13,23.2,3
2021-01-12 07:00:00,8,2021-01-12 15:00:00,379.22,30.4,3
2021-01-12 07:00:00,9,2021-01-12 16:00:00,379.23,31.1,3
2021-01-12 07:00:00,10,2021-01-12 17:00:00,379.22,30.8,3
2021-01-12 07:00:00,11,2021-01-12 18:00:00,379.23,31.1,3
2021-01-12 07:00:00,12,2021-01-12 19:00:00,379.23,31.4,3
2021-01-13 07:00:00,7,2021-01-13 14:00:00,379.21,29.9,3
2021-01-13 07:00:00,8,2021-01-13 15:00:00,379.32,39.5,3
2021-01-13 07:00:00,9,2021-01-13 16:00:00,379.34,41.7,3
2021-01-13 07:00:00,10,2021-01-13 17:00:00,379.35,43.2,3
2021-01-13 07:00:00,11,2021-01-13 18:00:00,379.37,45.0,3
2021-01-13 07:00:00,12,2021-01-13 19:00:00,379.35,42.8,3
2021-01-13 20:00:00,7,2021-01-14 03:00:00,379.33,41.2,3
2021-01-13 20:00:00,8,2021-01-14 04:00:00,379.41,49.1,3
2021-01-13 20:00:00,9,2021-01-14 05:00:00,379.4,48.9,3
2021-01-13 20:00:00,10,2021-01-14 06:00:00,379.44,52.5,3
2021-01-13 20:00:00,11,2021-01-14 07:00:00,379.45,53.9,3
2021-01-13 20:00:00,12,2021-01-14 08:00:00,379.47,55.8,3
2021-01-14 07:00:00,7,2021-01-14 14:00:00,379.48,57.8,3
2021-01-14 07:00:00,8,2021-01-14 15:00:00,379.55,65.9,3
2021-01-14 07:00:00,9,2021-01-14 16:00:00,379.55,66.2,3
2021-01-14 07:00:00,10,2021-01-14 17:00:00,379.54,64.6,3
2021-01-14 07:00:00,11,2021-01-14 18:00:00,379.54,65.0,3
2021-01-14 07:00:00,12,2021-01-14 19:00:00,379.55,66.2,3
2021-01-15 06:00:00,7,2021-01-15 13:00:00,379.59,69.8,3
2021-01-15 06:00:00,8,2021-01-15 14:00:00,379.55,65.9,3
2021-01-15 06:00:00,9,2021-01-15 15:00:00,379.53,63.2,3
2021-01-15 06:00:00,10,2021-01-15 16:00:00,379.51,60.8,3
2021-01-15 06:00:00,11,2021-01-15 17:00:00,379.48,57.9,3
2021-01-15 06:00:00,12,2021-01-15 18:00:00,379.45,54.5,3
2021-01-16 07:00:00,7,2021-01-16 14:00:00,379.26,34.3,3
2021-01-16 07:00:00,8,2021-01-16 15:00:00,379.29,37.0,3
2021-01-16 07:00:00,9,2021-01-16 16:00:00,379.3,38.2,3
2021-01-16 07:00:00,10,2021-01-16 17:00:00,379.35,42.9,3
2021-01-16 07:00:00,11,2021-01-16 18:00:00,379.3,37.5,3
2021-01-16 07:00:00,12,2021-01-16 19:00:00,379.29,37.2,3
2021-01-17 07:00:00,7,2021-01-17 14:00:00,379.23,31.7,3
2021-01-17 07:00:00,8,2021-01-17 15:00:00,379.31,39.2,3
2021-01-17 07:00:00,9,2021-01-17 16:00:00,379.39,47.7,3
2021-01-17 07:00:00,10,2021-01-17 17:00:00,379.38,46.4,3
2021-01-17 07:00:00,11,2021-01-17 18:00:00,379.39,47.0,3
2021-01-17 07:00:00,12,2021-01-17 19:00:00,379.39,47.5,3
2021-01-18 07:00:00,7,2021-01-18 14:00:00,379.2,28.7,3
2021-01-18 07:00:00,8,2021-01-18 15:00:00,379.23,31.0,3
2021-01-18 07:00:00,9,2021-01-18 16:00:00,379.32,40.1,3
2021-01-18 07:00:00,10,2021-01-18 17:00:00,379.27,34.6,3
2021-01-18 07:00:00,11,2021-01-18 18:00:00,379.25,33.5,3
2021-01-18 07:00:00,12,2021-01-18 19:00:00,379.27,34.7,3
2021-01-19 07:00:00,7,2021-01-19 14:00:00,379.26,34.0,3
2021-01-19 07:00:00,8,2021-01-19 15:00:00,379.26,34.3,3
2021-01-19 07:00:00,9,2021-01-19 16:00:00,379.26,34.3,3
2021-01-19 07:00:00,10,2021-01-19 17:00:00,379.25,33.2,3
2021-01-19 07:00:00,11,2021-01-19 18:00:00,379.24,32.4,3
2021-01-19 07:00:00,12,2021-01-19 19:00:00,379.26,34.3,3
2021-01-20 07:00:00,7,2021-01-20 14:00:00,379.25,33.5,3
2021-01-20 07:00:00,8,2021-01-20 15:00:00,379.25,32.7,3
2021-01-20 07:00:00,9,2021-01-20 16:00:00,379.25,32.8,3
2021-01-20 07:00:00,10,2021-01-20 17:00:00,379.27,34.6,3
2021-01-20 07:00:00,11,2021-01-20 18:00:00,379.27,35.0,3
2021-01-20 07:00:00,12,2021-01-20 19:00:00,379.26,34.3,3
2021-01-21 07:00:00,7,2021-01-21 14:00:00,379.32,40.0,3
2021-01-21 07:00:00,8,2021-01-21 15:00:00,379.34,42.3,3
2021-01-21 07:00:00,9,2021-01-21 16:00:00,379.35,43.5,3
2021-01-21 07:00:00,10,2021-01-21 17:00:00,379.39,47.3,3
2021-01-21 07:00:00,11,2021-01-21 18:00:00,379.4,48.1,3
2021-01-21 07:00:00,12,2021-01-21 19:00:00,379.39,47.3,3
2021-01-22 07:00:00,7,2021-01-22 14:00:00,379.58,69.6,3
2021-01-22 07:00:00,8,2021-01-22 15:00:00,379.57,67.5,3
2021-01-22 07:00:00,9,2021-01-22 16:00:00,379.55,65.5,3
2021-01-22 07:00:00,10,2021-01-22 17:00:00,379.53,63.2,3
2021-01-22 07:00:00,11,2021-01-22 18:00:00,379.55,66.2,3
2021-01-22 07:00:00,12,2021-01-22 19:00:00,379.61,72.2,3
2021-01-23 07:00:00,7,2021-01-23 14:00:00,379.52,62.3,3
2021-01-23 07:00:00,8,2021-01-23 15:00:00,379.5,59.7,3
2021-01-23 07:00:00,9,2021-01-23 16:00:00,379.5,60.3,3
2021-01-23 07:00:00,10,2021-01-23 17:00:00,379.5,59.4,3
2021-01-23 07:00:00,11,2021-01-23 18:00:00,379.49,58.9,3
2021-01-23 07:00:00,12,2021-01-23 19:00:00,379.48,57.8,3
2021-01-24 07:00:00,7,2021-01-24 14:00:00,379.42,50.3,3
2021-01-24 07:00:00,8,2021-01-24 15:00:00,379.38,46.8,3
2021-01-24 07:00:00,9,2021-01-24 16:00:00,379.41,49.5,3
2021-01-24 07:00:00,10,2021-01-24 17:00:00,379.41,49.3,3
2021-01-24 07:00:00,11,2021-01-24 18:00:00,379.37,45.3,3
2021-01-24 07:00:00,12,2021-01-24 19:00:00,379.37,44.7,3
2021-01-25 07:00:00,7,2021-01-25 14:00:00,379.3,37.9,3
2021-01-25 07:00:00,8,2021-01-25 15:00:00,379.35,43.0,3
2021-01-25 07:00:00,9,2021-01-25 16:00:00,379.34,42.4,3
2021-01-25 07:00:00,10,2021-01-25 17:00:00,379.35,42.7,3
2021-01-25 07:00:00,11,2021-01-25 18:00:00,379.33,40.6,3
2021-01-25 07:00:00,12,2021-01-25 19:00:00,379.32,39.9,3
2021-01-26 07:00:00,7,2021-01-26 14:00:00,379.25,33.0,3
2021-01-26 07:00:00,8,2021-01-26 15:00:00,379.28,35.7,3
2021-01-26 07:00:00,9,2021-01-26 16:00:00,379.29,36.8,3
2021-01-26 07:00:00,10,2021-01-26 17:00:00,379.34,42.2,3
2021-01-26 07:00:00,11,2021-01-26 18:00:00,379.28,36.1,3
2021-01-26 07:00:00,12,2021-01-26 19:00:00,379.28,35.6,3
2021-01-27 07:00:00,7,2021-01-27 14:00:00,379.23,30.9,3
2021-01-27 07:00:00,8,2021-01-27 15:00:00,379.25,32.7,3
2021-01-27 07:00:00,9,2021-01-27 16:00:00,379.27,35.2,3
2021-01-27 07:00:00,10,2021-01-27 17:00:00,379.35,43.1,3
2021-01-27 07:00:00,11,2021-01-27 18:00:00,379.32,40.4,3
2021-01-27 07:00:00,12,2021-01-27 19:00:00,379.34,42.4,3
2021-01-28 07:00:00,7,2021-01-28 14:00:00,379.87,104.6,3
2021-01-28 07:00:00,8,2021-01-28 15:00:00,379.93,112.7,3
2021-01-28 07:00:00,9,2021-01-28 16:00:00,380.02,125.1,3
2021-01-28 07:00:00,10,2021-01-28 17:00:00,380.1,135.8,3
2021-01-28 07:00:00,11,2021-01-28 18:00:00,380.15,141.8,3
2021-01-28 07:00:00,12,2021-01-28 19:00:00,380.21,150.5,3
2021-01-28 13:00:00,7,2021-01-28 20:00:00,380.43,183.0,3
2021-01-28 13:00:00,8,2021-01-28 21:00:00,380.42,181.3,3
2021-01-28 13:00:00,9,2021-01-28 22:00:00,380.4,178.4,3
2021-01-28 13:00:00,10,2021-01-28 23:00:00,380.35,170.6,3
2021-01-28 13:00:00,11,2021-01-29 00:00:00,380.36,173.2,3
2021-01-28 13:00:00,12,2021-01-29 01:00:00,380.35,171.7,3
2021-01-28 21:00:00,7,2021-01-29 04:00:00,380.28,161.2,3
2021-01-28 21:00:00,8,2021-01-29 05:00:00,380.31,164.7,3
2021-01-28 21:00:00,9,2021-01-29 06:00:00,380.35,170.6,3
2021-01-28 21:00:00,10,2021-01-29 07:00:00,380.42,181.3,3
2021-01-28 21:00:00,11,2021-01-29 08:00:00,380.53,199.4,3
2021-01-28 21:00:00,12,2021-01-29 09:00:00,380.59,208.2,3
2021-01-28 22:00:00,7,2021-01-29 05:00:00,380.4,179.2,3
2021-01-28 22:00:00,8,2021-01-29 06:00:00,380.43,183.4,3
2021-01-28 22:00:00,9,2021-01-29 07:00:00,380.44,184.5,3
2021-01-28 22:00:00,10,2021-01-29 08:00:00,380.5,194.4,3
2021-01-28 22:00:00,11,2021-01-29 09:00:00,380.59,208.9,3
2021-01-28 22:00:00,12,2021-01-29 10:00:00,380.74,233.5,3
2021-01-29 05:00:00,7,2021-01-29 12:00:00,380.83,249.5,3
2021-01-29 05:00:00,8,2021-01-29 13:00:00,380.76,236.3,3
2021-01-29 05:00:00,9,2021-01-29 14:00:00,380.68,223.7,3
2021-01-29 05:00:00,10,2021-01-29 15:00:00,380.61,211.4,3
2021-01-29 05:00:00,11,2021-01-29 16:00:00,380.54,200.6,3
2021-01-29 05:00:00,12,2021-01-29 17:00:00,380.55,201.6,3
2021-01-29 07:00:00,7,2021-01-29 14:00:00,380.68,223.7,3
2021-01-29 07:00:00,8,2021-01-29 15:00:00,380.61,211.4,3
2021-01-29 07:00:00,9,2021-01-29 16:00:00,380.54,200.6,3
2021-01-29 07:00:00,10,2021-01-29 17:00:00,380.55,201.6,3
2021-01-29 07:00:00,11,2021-01-29 18:00:00,380.51,195.5,3
2021-01-29 07:00:00,12,2021-01-29 19:00:00,380.47,189.2,3
2021-01-29 11:00:00,7,2021-01-29 18:00:00,380.62,213.6,3
2021-01-29 11:00:00,8,2021-01-29 19:00:00,380.57,205.0,3
2021-01-29 11:00:00,9,2021-01-29 20:00:00,380.57,205.8,3
2021-01-29 11:00:00,10,2021-01-29 21:00:00,380.58,206.5,3
2021-01-29 11:00:00,11,2021-01-29 22:00:00,380.57,204.8,3
2021-01-29 11:00:00,12,2021-01-29 23:00:00,380.51,195.4,3
2021-01-29 14:00:00,7,2021-01-29 21:00:00,380.52,197.7,3
2021-01-29 14:00:00,8,2021-01-29 22:00:00,380.45,186.9,3
2021-01-29 14:00:00,9,2021-01-29 23:00:00,380.41,180.7,3
2021-01-29 14:00:00,10,2021-01-30 00:00:00,380.41,180.2,3
2021-01-29 14:00:00,11,2021-01-30 01:00:00,380.39,177.0,3
2021-01-29 14:00:00,12,2021-01-30 02:00:00,380.36,173.3,3
2021-01-29 18:00:00,7,2021-01-30 01:00:00,380.35,171.9,3
2021-01-29 18:00:00,8,2021-01-30 02:00:00,380.27,159.1,3
2021-01-29 18:00:00,9,2021-01-30 03:00:00,380.27,159.6,3
2021-01-29 18:00:00,10,2021-01-30 04:00:00,380.29,162.8,3
2021-01-29 18:00:00,11,2021-01-30 05:00:00,380.26,158.3,3
2021-01-29 18:00:00,12,2021-01-30 06:00:00,380.23,153.0,3
2021-01-29 21:00:00,7,2021-01-30 04:00:00,380.31,165.1,3
2021-01-29 21:00:00,8,2021-01-30 05:00:00,380.26,158.4,3
2021-01-29 21:00:00,9,2021-01-30 06:00:00,380.26,158.0,3
2021-01-29 21:00:00,10,2021-01-30 07:00:00,380.24,155.7,3
2021-01-29 21:00:00,11,2021-01-30 08:00:00,380.2,149.3,3
2021-01-29 21:00:00,12,2021-01-30 09:00:00,380.18,146.8,3
2021-01-30 06:00:00,7,2021-01-30 13:00:00,380.07,130.7,3
2021-01-30 06:00:00,8,2021-01-30 14:00:00,380.01,122.6,3
2021-01-30 06:00:00,9,2021-01-30 15:00:00,380.04,127.1,3
2021-01-30 06:00:00,10,2021-01-30 16:00:00,380.11,137.2,3
2021-01-30 06:00:00,11,2021-01-30 17:00:00,380.18,146.7,3
2021-01-30 06:00:00,12,2021-01-30 18:00:00,380.31,165.0,3
2021-01-30 14:00:00,7,2021-01-30 21:00:00,380.63,215.6,3
2021-01-30 14:00:00,8,2021-01-30 22:00:00,380.65,217.7,3
2021-01-30 14:00:00,9,2021-01-30 23:00:00,380.64,216.1,3
2021-01-30 14:00:00,10,2021-01-31 00:00:00,380.58,206.1,3
2021-01-30 14:00:00,11,2021-01-31 01:00:00,380.51,196.1,3
2021-01-30 14:00:00,12,2021-01-31 02:00:00,380.46,187.8,3
2021-01-30 21:00:00,7,2021-01-31 04:00:00,380.26,157.7,3
2021-01-30 21:00:00,8,2021-01-31 05:00:00,380.2,149.4,3
2021-01-30 21:00:00,9,2021-01-31 06:00:00,380.15,142.3,3
2021-01-30 21:00:00,10,2021-01-31 07:00:00,380.12,138.5,3
2021-01-30 21:00:00,11,2021-01-31 08:00:00,380.18,146.6,3
2021-01-30 21:00:00,12,2021-01-31 09:00:00,380.13,140.0,3
2021-01-31 07:00:00,7,2021-01-31 14:00:00,379.94,114.4,3
2021-01-31 07:00:00,8,2021-01-31 15:00:00,379.92,110.8,3
2021-01-31 07:00:00,9,2021-01-31 16:00:00,379.9,109.1,3
2021-01-31 07:00:00,10,2021-01-31 17:00:00,379.89,107.5,3
2021-01-31 07:00:00,11,2021-01-31 18:00:00,379.93,113.1,3
2021-01-31 07:00:00,12,2021-01-31 19:00:00,379.93,113.1,3
2021-01-31 15:00:00,7,2021-01-31 22:00:00,379.9,108.4,3
2021-01-31 15:00:00,8,2021-01-31 23:00:00,379.9,108.3,3
2021-01-31 15:00:00,9,2021-02-01 00:00:00,379.89,107.8,3
2021-01-31 15:00:00,10,2021-02-01 01:00:00,379.89,107.2,3
2021-01-31 15:00:00,11,2021-02-01 02:00:00,379.86,103.6,3
2021-01-31 15:00:00,12,2021-02-01 03:00:00,379.85,102.2,3
2021-01-31 20:00:00,7,2021-02-01 03:00:00,379.87,104.8,3
2021-01-31 20:00:00,8,2021-02-01 04:00:00,379.87,104.9,3
2021-01-31 20:00:00,9,2021-02-01 05:00:00,379.85,102.9,3
2021-01-31 20:00:00,10,2021-02-01 06:00:00,379.85,102.5,3
2021-01-31 20:00:00,11,2021-02-01 07:00:00,379.87,104.5,3
2021-01-31 20:00:00,12,2021-02-01 08:00:00,379.89,107.9,3
2021-02-01 06:00:00,7,2021-02-01 13:00:00,380.27,159.4,3
2021-02-01 06:00:00,8,2021-02-01 14:00:00,380.31,165.7,3
2021-02-01 06:00:00,9,2021-02-01 15:00:00,380.31,165.1,3
2021-02-01 06:00:00,10,2021-02-01 16:00:00,380.32,166.6,3
2021-02-01 06:00:00,11,2021-02-01 17:00:00,380.32,166.1,3
2021-02-01 06:00:00,12,2021-02-01 18:00:00,380.35,170.6,3
2021-02-01 14:00:00,7,2021-02-01 21:00:00,380.29,162.5,3
2021-02-01 14:00:00,8,2021-02-01 22:00:00,380.29,162.2,3
2021-02-01 14:00:00,9,2021-02-01 23:00:00,380.36,173.2,3
2021-02-01 14:00:00,10,2021-02-02 00:00:00,380.36,172.0,3
2021-02-01 14:00:00,11,2021-02-02 01:00:00,380.34,169.3,3
2021-02-01 14:00:00,12,2021-02-02 02:00:00,380.32,166.1,3
2021-02-01 18:00:00,7,2021-02-02 01:00:00,380.37,174.9,3
2021-02-01 18:00:00,8,2021-02-02 02:00:00,380.31,165.7,3
2021-02-01 18:00:00,9,2021-02-02 03:00:00,380.29,161.9,3
2021-02-01 18:00:00,10,2021-02-02 04:00:00,380.29,162.6,3
2021-02-01 18:00:00,11,2021-02-02 05:00:00,380.25,156.1,3
2021-02-01 18:00:00,12,2021-02-02 06:00:00,380.2,149.3,3
2021-02-01 21:00:00,7,2021-02-02 04:00:00,380.27,159.6,3
2021-02-01 21:00:00,8,2021-02-02 05:00:00,380.22,152.5,3
2021-02-01 21:00:00,9,2021-02-02 06:00:00,380.27,159.6,3
2021-02-01 21:00:00,10,2021-02-02 07:00:00,380.23,153.8,3
2021-02-01 21:00:00,11,2021-02-02 08:00:00,380.19,147.8,3
2021-02-01 21:00:00,12,2021-02-02 09:00:00,380.16,143.7,3
2021-02-02 06:00:00,7,2021-02-02 13:00:00,380.04,126.8,3
2021-02-02 06:00:00,8,2021-02-02 14:00:00,380.04,126.6,3
2021-02-02 06:00:00,9,2021-02-02 15:00:00,380.04,127.9,3
2021-02-02 06:00:00,10,2021-02-02 16:00:00,380.06,130.5,3
2021-02-02 06:00:00,11,2021-02-02 17:00:00,380.1,135.6,3
2021-02-02 06:00:00,12,2021-02-02 18:00:00,380.13,139.1,3
2021-02-02 07:00:00,7,2021-02-02 14:00:00,380.04,126.6,3
2021-02-02 07:00:00,8,2021-02-02 15:00:00,380.04,127.9,3
2021-02-02 07:00:00,9,2021-02-02 16:00:00,380.06,130.5,3
2021-02-02 07:00:00,10,2021-02-02 17:00:00,380.1,135.6,3
2021-02-02 07:00:00,11,2021-02-02 18:00:00,380.13,139.1,3
2021-02-02 07:00:00,12,2021-02-02 19:00:00,380.18,146.0,3
2021-02-03 06:00:00,7,2021-02-03 13:00:00,380.22,152.1,3
2021-02-03 06:00:00,8,2021-02-03 14:00:00,380.17,145.5,3
2021-02-03 06:00:00,9,2021-02-03 15:00:00,380.18,146.4,3
2021-02-03 06:00:00,10,2021-02-03 16:00:00,380.22,152.1,3
2021-02-03 06:00:00,11,2021-02-03 17:00:00,380.31,165.6,3
2021-02-03 06:00:00,12,2021-02-03 18:00:00,380.36,172.6,3
2021-02-03 07:00:00,7,2021-02-03 14:00:00,380.17,145.5,3
2021-02-03 07:00:00,8,2021-02-03 15:00:00,380.18,146.4,3
2021-02-03 07:00:00,9,2021-02-03 16:00:00,380.22,152.1,3
2021-02-03 07:00:00,10,2021-02-03 17:00:00,380.31,165.6,3
2021-02-03 07:00:00,11,2021-02-03 18:00:00,380.36,172.6,3
2021-02-03 07:00:00,12,2021-02-03 19:00:00,380.42,181.9,3
2021-02-03 09:00:00,7,2021-02-03 16:00:00,380.22,152.1,3
2021-02-03 09:00:00,8,2021-02-03 17:00:00,380.31,165.6,3
2021-02-03 09:00:00,9,2021-02-03 18:00:00,380.36,172.6,3
2021-02-03 09:00:00,10,2021-02-03 19:00:00,380.42,181.9,3
2021-02-03 09:00:00,11,2021-02-03 20:00:00,380.46,188.5,3
2021-02-03 09:00:00,12,2021-02-03 21:00:00,380.53,198.9,3
2021-02-03 12:00:00,7,2021-02-03 19:00:00,380.55,201.8,3
2021-02-03 12:00:00,8,2021-02-03 20:00:00,380.57,205.1,3
2021-02-03 12:00:00,9,2021-02-03 21:00:00,380.59,208.4,3
2021-02-03 12:00:00,10,2021-02-03 22:00:00,380.61,211.4,3
2021-02-03 12:00:00,11,2021-02-03 23:00:00,380.6,209.3,3
2021-02-03 12:00:00,12,2021-02-04 00:00:00,380.58,207.0,3
2021-02-03 17:00:00,7,2021-02-04 00:00:00,380.62,213.0,3
2021-02-03 17:00:00,8,2021-02-04 01:00:00,380.55,202.0,3
2021-02-03 17:00:00,9,2021-02-04 02:00:00,380.47,189.8,3
2021-02-03 17:00:00,10,2021-02-04 03:00:00,380.47,189.4,3
2021-02-03 17:00:00,11,2021-02-04 04:00:00,380.42,181.1,3
2021-02-03 17:00:00,12,2021-02-04 05:00:00,380.38,175.4,3
2021-02-03 18:00:00,7,2021-02-04 01:00:00,380.55,202.0,3
2021-02-03 18:00:00,8,2021-02-04 02:00:00,380.47,189.8,3
2021-02-03 18:00:00,9,2021-02-04 03:00:00,380.47,189.4,3
2021-02-03 18:00:00,10,2021-02-04 04:00:00,380.42,181.1,3
2021-02-03 18:00:00,11,2021-02-04 05:00:00,380.38,175.4,3
2021-02-03 18:00:00,12,2021-02-04 06:00:00,380.34,169.6,3
2021-02-04 07:00:00,7,2021-02-04 14:00:00,380.2,149.7,3
2021-02-04 07:00:00,8,2021-02-04 15:00:00,380.19,148.0,3
2021-02-04 07:00:00,9,2021-02-04 16:00:00,380.17,144.7,3
2021-02-04 07:00:00,10,2021-02-04 17:00:00,380.16,143.8,3
2021-02-04 07:00:00,11,2021-02-04 18:00:00,380.15,142.5,3
2021-02-04 07:00:00,12,2021-02-04 19:00:00,380.15,142.3,3
2021-02-04 10:00:00,7,2021-02-04 17:00:00,380.15,142.7,3
2021-02-04 10:00:00,8,2021-02-04 18:00:00,380.15,142.0,3
2021-02-04 10:00:00,9,2021-02-04 19:00:00,380.15,143.1,3
2021-02-04 10:00:00,10,2021-02-04 20:00:00,380.17,144.5,3
2021-02-04 10:00:00,11,2021-02-04 21:00:00,380.18,147.1,3
2021-02-04 10:00:00,12,2021-02-04 22:00:00,380.17,144.5,3
2021-02-04 12:00:00,7,2021-02-04 19:00:00,380.19,147.3,3
2021-02-04 12:00:00,8,2021-02-04 20:00:00,380.19,148.4,3
2021-02-04 12:00:00,9,2021-02-04 21:00:00,380.21,150.8,3
2021-02-04 12:00:00,10,2021-02-04 22:00:00,380.19,147.9,3
2021-02-04 12:00:00,11,2021-02-04 23:00:00,380.19,147.9,3
2021-02-04 12:00:00,12,2021-02-05 00:00:00,380.16,144.1,3
2021-02-04 15:00:00,7,2021-02-04 22:00:00,380.23,153.8,3
2021-02-04 15:00:00,8,2021-02-04 23:00:00,380.23,153.3,3
2021-02-04 15:00:00,9,2021-02-05 00:00:00,380.2,149.5,3
2021-02-04 15:00:00,10,2021-02-05 01:00:00,380.15,142.6,3
2021-02-04 15:00:00,11,2021-02-05 02:00:00,380.15,141.7,3
2021-02-04 15:00:00,12,2021-02-05 03:00:00,380.14,140.7,3
2021-02-04 16:00:00,7,2021-02-04 23:00:00,380.23,153.3,3
2021-02-04 16:00:00,8,2021-02-05 00:00:00,380.2,149.5,3
2021-02-04 16:00:00,9,2021-02-05 01:00:00,380.15,142.6,3
2021-02-04 16:00:00,10,2021-02-05 02:00:00,380.15,141.7,3
2021-02-04 16:00:00,11,2021-02-05 03:00:00,380.14,140.7,3
2021-02-04 16:00:00,12,2021-02-05 04:00:00,380.15,142.4,3
2021-02-05 06:00:00,7,2021-02-05 13:00:00,379.98,118.9,3
2021-02-05 06:00:00,8,2021-02-05 14:00:00,379.93,112.7,3
2021-02-05 06:00:00,9,2021-02-05 15:00:00,379.97,117.7,3
2021-02-05 06:00:00,10,2021-02-05 16:00:00,379.97,117.5,3
2021-02-05 06:00:00,11,2021-02-05 17:00:00,379.97,118.5,3
2021-02-05 06:00:00,12,2021-02-05 18:00:00,380.03,125.5,3
2021-02-06 08:00:00,7,2021-02-06 15:00:00,380.0,122.5,3
2021-02-06 08:00:00,8,2021-02-06 16:00:00,380.01,123.9,3
2021-02-06 08:00:00,9,2021-02-06 17:00:00,380.03,126.4,3
2021-02-06 08:00:00,10,2021-02-06 18:00:00,380.1,135.9,3
2021-02-06 08:00:00,11,2021-02-06 19:00:00,380.13,139.4,3
2021-02-06 08:00:00,12,2021-02-06 20:00:00,380.15,142.5,3
2021-02-07 08:00:00,7,2021-02-07 15:00:00,380.06,129.5,3
2021-02-07 08:00:00,8,2021-02-07 16:00:00,380.02,124.9,3
2021-02-07 08:00:00,9,2021-02-07 17:00:00,380.07,131.6,3
2021-02-07 08:00:00,10,2021-02-07 18:00:00,380.06,129.8,3
2021-02-07 08:00:00,11,2021-02-07 19:00:00,380.05,128.2,3
2021-02-07 08:00:00,12,2021-02-07 20:00:00,380.04,126.7,3
2021-02-08 07:00:00,7,2021-02-08 14:00:00,379.74,88.2,3
2021-02-08 07:00:00,8,2021-02-08 15:00:00,379.72,86.3,3
2021-02-08 07:00:00,9,2021-02-08 16:00:00,379.74,88.9,3
2021-02-08 07:00:00,10,2021-02-08 17:00:00,379.73,87.5,3
2021-02-08 07:00:00,11,2021-02-08 18:00:00,379.74,88.4,3
2021-02-08 07:00:00,12,2021-02-08 19:00:00,379.75,89.5,3
2021-02-09 07:00:00,7,2021-02-09 14:00:00,379.64,76.2,3
2021-02-09 07:00:00,8,2021-02-09 15:00:00,379.67,79.5,3
2021-02-09 07:00:00,9,2021-02-09 16:00:00,379.65,78.0,3
2021-02-09 07:00:00,10,2021-02-09 17:00:00,379.64,76.5,3
2021-02-09 07:00:00,11,2021-02-09 18:00:00,379.67,79.6,3
2021-02-09 07:00:00,12,2021-02-09 19:00:00,379.67,80.3,3
2021-02-10 08:00:00,7,2021-02-10 15:00:00,379.8,96.5,3
2021-02-10 08:00:00,8,2021-02-10 16:00:00,379.79,94.6,3
2021-02-10 08:00:00,9,2021-02-10 17:00:00,379.77,92.7,3
2021-02-10 08:00:00,10,2021-02-10 18:00:00,379.76,91.1,3
2021-02-10 08:00:00,11,2021-02-10 19:00:00,379.79,94.7,3
2021-02-10 08:00:00,12,2021-02-10 20:00:00,379.81,97.0,3
2021-02-11 07:00:00,7,2021-02-11 14:00:00,379.62,74.2,3
2021-02-11 07:00:00,8,2021-02-11 15:00:00,379.63,75.3,3
2021-02-11 07:00:00,9,2021-02-11 16:00:00,379.63,74.7,3
2021-02-11 07:00:00,10,2021-02-11 17:00:00,379.6,71.5,3
2021-02-11 07:00:00,11,2021-02-11 18:00:00,379.59,70.5,3
2021-02-11 07:00:00,12,2021-02-11 19:00:00,379.59,70.0,3
2021-02-12 07:00:00,7,2021-02-12 14:00:00,379.49,59.2,3
2021-02-12 07:00:00,8,2021-02-12 15:00:00,379.49,59.0,3
2021-02-12 07:00:00,9,2021-02-12 16:00:00,379.49,58.4,3
2021-02-12 07:00:00,10,2021-02-12 17:00:00,379.47,56.6,3
2021-02-12 07:00:00,11,2021-02-12 18:00:00,379.48,57.2,3
2021-02-12 07:00:00,12,2021-02-12 19:00:00,379.48,58.0,3
2021-02-13 08:00:00,7,2021-02-13 15:00:00,379.47,55.8,3
2021-02-13 08:00:00,8,2021-02-13 16:00:00,379.46,55.0,3
2021-02-13 08:00:00,9,2021-02-13 17:00:00,379.44,52.9,3
2021-02-13 08:00:00,10,2021-02-13 18:00:00,379.44,52.7,3
2021-02-13 08:00:00,11,2021-02-13 19:00:00,379.44,52.9,3
2021-02-13 08:00:00,12,2021-02-13 20:00:00,379.44,53.5,3
2021-02-14 08:00:00,7,2021-02-14 15:00:00,379.47,56.8,3
2021-02-14 08:00:00,8,2021-02-14 16:00:00,379.47,56.0,3
2021-02-14 08:00:00,9,2021-02-14 17:00:00,379.45,54.2,3
2021-02-14 08:00:00,10,2021-02-14 18:00:00,379.45,53.7,3
2021-02-14 08:00:00,11,2021-02-14 19:00:00,379.44,53.3,3
2021-02-14 08:00:00,12,2021-02-14 20:00:00,379.45,54.2,3
2021-02-15 07:00:00,7,2021-02-15 14:00:00,379.45,54.3,3
2021-02-15 07:00:00,8,2021-02-15 15:00:00,379.44,52.7,3
2021-02-15 07:00:00,9,2021-02-15 16:00:00,379.44,52.7,3
2021-02-15 07:00:00,10,2021-02-15 17:00:00,379.43,51.8,3
2021-02-15 07:00:00,11,2021-02-15 18:00:00,379.43,52.0,3
2021-02-15 07:00:00,12,2021-02-15 19:00:00,379.43,51.8,3
2021-02-16 07:00:00,7,2021-02-16 14:00:00,379.42,50.8,3
2021-02-16 07:00:00,8,2021-02-16 15:00:00,379.42,51.1,3
2021-02-16 07:00:00,9,2021-02-16 16:00:00,379.43,51.9,3
2021-02-16 07:00:00,10,2021-02-16 17:00:00,379.43,51.6,3
2021-02-16 07:00:00,11,2021-02-16 18:00:00,379.4,48.7,3
2021-02-16 07:00:00,12,2021-02-16 19:00:00,379.4,48.9,3
2021-02-17 07:00:00,7,2021-02-17 14:00:00,379.5,60.2,3
2021-02-17 07:00:00,8,2021-02-17 15:00:00,379.49,58.8,3
2021-02-17 07:00:00,9,2021-02-17 16:00:00,379.48,57.2,3
2021-02-17 07:00:00,10,2021-02-17 17:00:00,379.46,55.4,3
2021-02-17 07:00:00,11,2021-02-17 18:00:00,379.45,54.5,3
2021-02-17 07:00:00,12,2021-02-17 19:00:00,379.44,53.5,3
2021-02-18 07:00:00,7,2021-02-18 14:00:00,379.45,53.5,3
2021-02-18 07:00:00,8,2021-02-18 15:00:00,379.44,52.5,3
2021-02-18 07:00:00,9,2021-02-18 16:00:00,379.43,52.3,3
2021-02-18 07:00:00,10,2021-02-18 17:00:00,379.42,50.8,3
2021-02-18 07:00:00,11,2021-02-18 18:00:00,379.4,48.2,3
2021-02-18 07:00:00,12,2021-02-18 19:00:00,379.4,48.4,3
2021-02-20 07:00:00,7,2021-02-20 14:00:00,379.46,55.1,3
2021-02-20 07:00:00,8,2021-02-20 15:00:00,379.45,53.6,3
2021-02-20 07:00:00,9,2021-02-20 16:00:00,379.45,54.1,3
2021-02-20 07:00:00,10,2021-02-20 17:00:00,379.45,54.0,3
2021-02-20 07:00:00,11,2021-02-20 18:00:00,379.43,52.2,3
2021-02-20 07:00:00,12,2021-02-20 19:00:00,379.44,53.1,3
2021-02-21 07:00:00,7,2021-02-21 14:00:00,379.47,55.9,3
2021-02-21 07:00:00,8,2021-02-21 15:00:00,379.47,56.0,3
2021-02-21 07:00:00,9,2021-02-21 16:00:00,379.45,54.2,3
2021-02-21 07:00:00,10,2021-02-21 17:00:00,379.43,52.2,3
2021-02-21 07:00:00,11,2021-02-21 18:00:00,379.44,53.3,3
2021-02-21 07:00:00,12,2021-02-21 19:00:00,379.46,54.7,3
2021-02-22 07:00:00,7,2021-02-22 14:00:00,379.45,54.2,3
2021-02-22 07:00:00,8,2021-02-22 15:00:00,379.45,54.4,3
2021-02-22 07:00:00,9,2021-02-22 16:00:00,379.46,55.3,3
2021-02-22 07:00:00,10,2021-02-22 17:00:00,379.48,57.0,3
2021-02-22 07:00:00,11,2021-02-22 18:00:00,379.48,57.2,3
2021-02-22 07:00:00,12,2021-02-22 19:00:00,379.49,58.8,3
2021-02-23 07:00:00,7,2021-02-23 14:00:00,379.47,56.8,3
2021-02-23 07:00:00,8,2021-02-23 15:00:00,379.51,61.2,3
2021-02-23 07:00:00,9,2021-02-23 16:00:00,379.51,60.5,3
2021-02-23 07:00:00,10,2021-02-23 17:00:00,379.49,59.1,3
2021-02-23 07:00:00,11,2021-02-23 18:00:00,379.51,60.9,3
2021-02-23 07:00:00,12,2021-02-23 19:00:00,379.53,62.9,3
2021-02-24 07:00:00,7,2021-02-24 14:00:00,379.55,65.4,3
2021-02-24 07:00:00,8,2021-02-24 15:00:00,379.55,65.3,3
2021-02-24 07:00:00,9,2021-02-24 16:00:00,379.53,63.6,3
2021-02-24 07:00:00,10,2021-02-24 17:00:00,379.52,62.6,3
2021-02-24 07:00:00,11,2021-02-24 18:00:00,379.54,64.2,3
2021-02-24 07:00:00,12,2021-02-24 19:00:00,379.55,66.1,3
2021-02-25 07:00:00,7,2021-02-25 14:00:00,379.54,64.2,3
2021-02-25 07:00:00,8,2021-02-25 15:00:00,379.54,64.7,3
2021-02-25 07:00:00,9,2021-02-25 16:00:00,379.55,65.7,3
2021-02-25 07:00:00,10,2021-02-25 17:00:00,379.55,65.1,3
2021-02-25 07:00:00,11,2021-02-25 18:00:00,379.54,64.7,3
2021-02-25 07:00:00,12,2021-02-25 19:00:00,379.56,66.8,3
2021-02-26 06:00:00,7,2021-02-26 13:00:00,379.53,63.3,3
2021-02-26 06:00:00,8,2021-02-26 14:00:00,379.52,62.2,3
2021-02-26 06:00:00,9,2021-02-26 15:00:00,379.53,63.3,3
2021-02-26 06:00:00,10,2021-02-26 16:00:00,379.51,61.2,3
2021-02-26 06:00:00,11,2021-02-26 17:00:00,379.49,59.2,3
2021-02-26 06:00:00,12,2021-02-26 18:00:00,379.5,59.8,3
2021-02-27 07:00:00,7,2021-02-27 14:00:00,379.49,59.2,3
2021-02-27 07:00:00,8,2021-02-27 15:00:00,379.51,60.8,3
2021-02-27 07:00:00,9,2021-02-27 16:00:00,379.5,59.8,3
2021-02-27 07:00:00,10,2021-02-27 17:00:00,379.49,58.7,3
2021-02-27 07:00:00,11,2021-02-27 18:00:00,379.49,58.9,3
2021-02-27 07:00:00,12,2021-02-27 19:00:00,379.5,60.0,3
2021-02-28 07:00:00,7,2021-02-28 14:00:00,379.47,56.2,3
2021-02-28 07:00:00,8,2021-02-28 15:00:00,379.46,55.6,3
2021-02-28 07:00:00,9,2021-02-28 16:00:00,379.46,55.4,3
2021-02-28 07:00:00,10,2021-02-28 17:00:00,379.46,54.8,3
2021-02-28 07:00:00,11,2021-02-28 18:00:00,379.46,54.7,3
2021-02-28 07:00:00,12,2021-02-28 19:00:00,379.45,54.5,3
2021-03-01 07:00:00,7,2021-03-01 14:00:00,379.45,54.0,3
2021-03-01 07:00:00,8,2021-03-01 15:00:00,379.46,54.7,3
2021-03-01 07:00:00,9,2021-03-01 16:00:00,379.46,54.9,3
2021-03-01 07:00:00,10,2021-03-01 17:00:00,379.44,53.1,3
2021-03-01 07:00:00,11,2021-03-01 18:00:00,379.46,55.7,3
2021-03-01 07:00:00,12,2021-03-01 19:00:00,379.49,59.0,3
2021-03-02 07:00:00,7,2021-03-02 14:00:00,379.43,51.5,3
2021-03-02 07:00:00,8,2021-03-02 15:00:00,379.42,51.2,3
2021-03-02 07:00:00,9,2021-03-02 16:00:00,379.44,52.8,3
2021-03-02 07:00:00,10,2021-03-02 17:00:00,379.44,53.0,3
2021-03-02 07:00:00,11,2021-03-02 18:00:00,379.43,51.9,3
2021-03-02 07:00:00,12,2021-03-02 19:00:00,379.44,52.8,3
2021-03-03 07:00:00,7,2021-03-03 14:00:00,379.43,51.7,3
2021-03-03 07:00:00,8,2021-03-03 15:00:00,379.42,51.0,3
2021-03-03 07:00:00,9,2021-03-03 16:00:00,379.42,50.5,3
2021-03-03 07:00:00,10,2021-03-03 17:00:00,379.42,50.9,3
2021-03-03 07:00:00,11,2021-03-03 18:00:00,379.43,51.3,3
2021-03-03 07:00:00,12,2021-03-03 19:00:00,379.43,51.9,3
2021-03-04 07:00:00,7,2021-03-04 14:00:00,379.39,47.3,3
2021-03-04 07:00:00,8,2021-03-04 15:00:00,379.39,47.0,3
2021-03-04 07:00:00,9,2021-03-04 16:00:00,379.39,47.4,3
2021-03-04 07:00:00,10,2021-03-04 17:00:00,379.41,49.8,3
2021-03-04 07:00:00,11,2021-03-04 18:00:00,379.41,50.0,3
2021-03-04 07:00:00,12,2021-03-04 19:00:00,379.41,49.8,3
2021-03-05 07:00:00,7,2021-03-05 14:00:00,379.39,47.2,3
2021-03-05 07:00:00,8,2021-03-05 15:00:00,379.39,47.9,3
2021-03-05 07:00:00,9,2021-03-05 16:00:00,379.41,49.7,3
2021-03-05 07:00:00,10,2021-03-05 17:00:00,379.4,49.0,3
2021-03-05 07:00:00,11,2021-03-05 18:00:00,379.4,48.5,3
2021-03-05 07:00:00,12,2021-03-05 19:00:00,379.4,48.0,3
2021-03-06 08:00:00,7,2021-03-06 15:00:00,379.39,47.7,3
2021-03-06 08:00:00,8,2021-03-06 16:00:00,379.36,44.4,3
2021-03-06 08:00:00,9,2021-03-06 17:00:00,379.36,44.1,3
2021-03-06 08:00:00,10,2021-03-06 18:00:00,379.36,44.0,3
2021-03-06 08:00:00,11,2021-03-06 19:00:00,379.36,44.1,3
2021-03-06 08:00:00,12,2021-03-06 20:00:00,379.37,45.0,3
2021-03-07 07:00:00,7,2021-03-07 14:00:00,379.34,42.0,3
2021-03-07 07:00:00,8,2021-03-07 15:00:00,379.36,44.5,3
2021-03-07 07:00:00,9,2021-03-07 16:00:00,379.37,44.7,3
2021-03-07 07:00:00,10,2021-03-07 17:00:00,379.37,45.4,3
2021-03-07 07:00:00,11,2021-03-07 18:00:00,379.37,45.6,3
2021-03-07 07:00:00,12,2021-03-07 19:00:00,379.37,45.1,3
2021-03-08 07:00:00,7,2021-03-08 14:00:00,379.35,43.5,3
2021-03-08 07:00:00,8,2021-03-08 15:00:00,379.36,44.4,3
2021-03-08 07:00:00,9,2021-03-08 16:00:00,379.38,46.3,3
2021-03-08 07:00:00,10,2021-03-08 17:00:00,379.36,44.0,3
2021-03-08 07:00:00,11,2021-03-08 18:00:00,379.35,43.5,3
2021-03-08 07:00:00,12,2021-03-08 19:00:00,379.35,43.2,3
2021-03-09 07:00:00,7,2021-03-09 14:00:00,379.29,36.7,3
2021-03-09 07:00:00,8,2021-03-09 15:00:00,379.31,38.8,3
2021-03-09 07:00:00,9,2021-03-09 16:00:00,379.31,39.1,3
2021-03-09 07:00:00,10,2021-03-09 17:00:00,379.33,41.3,3
2021-03-09 07:00:00,11,2021-03-09 18:00:00,379.32,39.6,3
2021-03-09 07:00:00,12,2021-03-09 19:00:00,379.31,39.1,3
2021-03-10 07:00:00,7,2021-03-10 14:00:00,379.29,37.1,3
2021-03-10 07:00:00,8,2021-03-10 15:00:00,379.29,36.9,3
2021-03-10 07:00:00,9,2021-03-10 16:00:00,379.29,36.6,3
2021-03-10 07:00:00,10,2021-03-10 17:00:00,379.29,37.2,3
2021-03-10 07:00:00,11,2021-03-10 18:00:00,379.29,37.2,3
2021-03-10 07:00:00,12,2021-03-10 19:00:00,379.3,37.9,3
2021-03-11 07:00:00,7,2021-03-11 14:00:00,379.23,31.7,3
2021-03-11 07:00:00,8,2021-03-11 15:00:00,379.27,35.3,3
2021-03-11 07:00:00,9,2021-03-11 16:00:00,379.28,36.0,3
2021-03-11 07:00:00,10,2021-03-11 17:00:00,379.27,35.4,3
2021-03-11 07:00:00,11,2021-03-11 18:00:00,379.27,34.9,3
2021-03-11 07:00:00,12,2021-03-11 19:00:00,379.28,35.6,3
2021-03-12 08:00:00,7,2021-03-12 15:00:00,379.54,64.9,3
2021-03-12 08:00:00,8,2021-03-12 16:00:00,379.52,62.0,3
2021-03-12 08:00:00,9,2021-03-12 17:00:00,379.5,60.3,3
2021-03-12 08:00:00,10,2021-03-12 18:00:00,379.49,58.5,3
2021-03-12 08:00:00,11,2021-03-12 19:00:00,379.5,59.3,3
2021-03-12 08:00:00,12,2021-03-12 20:00:00,379.49,59.0,3
2021-03-13 07:00:00,7,2021-03-13 14:00:00,379.37,44.8,3
2021-03-13 07:00:00,8,2021-03-13 15:00:00,379.37,45.7,3
2021-03-13 07:00:00,9,2021-03-13 16:00:00,379.38,46.8,3
2021-03-13 07:00:00,10,2021-03-13 17:00:00,379.37,45.0,3
2021-03-13 07:00:00,11,2021-03-13 18:00:00,379.36,44.4,3
2021-03-13 07:00:00,12,2021-03-13 19:00:00,379.36,43.8,3
2021-03-14 08:00:00,7,2021-03-14 15:00:00,379.44,53.2,3
2021-03-14 08:00:00,8,2021-03-14 16:00:00,379.46,55.3,3
2021-03-14 08:00:00,9,2021-03-14 17:00:00,379.45,53.6,3
2021-03-14 08:00:00,10,2021-03-14 18:00:00,379.43,51.6,3
2021-03-14 08:00:00,11,2021-03-14 19:00:00,379.42,50.7,3
2021-03-14 08:00:00,12,2021-03-14 20:00:00,379.42,50.6,3
2021-03-15 08:00:00,7,2021-03-15 15:00:00,379.42,51.2,3
2021-03-15 08:00:00,8,2021-03-15 16:00:00,379.44,53.3,3
2021-03-15 08:00:00,9,2021-03-15 17:00:00,379.46,54.8,3
2021-03-15 08:00:00,10,2021-03-15 18:00:00,379.46,54.9,3
2021-03-15 08:00:00,11,2021-03-15 19:00:00,379.48,57.7,3
2021-03-15 08:00:00,12,2021-03-15 20:00:00,379.51,60.9,3
2021-03-16 07:00:00,7,2021-03-16 14:00:00,379.4,48.7,3
2021-03-16 07:00:00,8,2021-03-16 15:00:00,379.4,48.0,3
2021-03-16 07:00:00,9,2021-03-16 16:00:00,379.4,48.6,3
2021-03-16 07:00:00,10,2021-03-16 17:00:00,379.41,49.4,3
2021-03-16 07:00:00,11,2021-03-16 18:00:00,379.4,48.7,3
2021-03-16 07:00:00,12,2021-03-16 19:00:00,379.4,48.3,3
2021-03-17 06:00:00,7,2021-03-17 13:00:00,379.36,44.3,3
2021-03-17 06:00:00,8,2021-03-17 14:00:00,379.42,50.2,3
2021-03-17 06:00:00,9,2021-03-17 15:00:00,379.42,50.8,3
2021-03-17 06:00:00,10,2021-03-17 16:00:00,379.43,51.4,3
2021-03-17 06:00:00,11,2021-03-17 17:00:00,379.43,51.5,3
2021-03-17 06:00:00,12,2021-03-17 18:00:00,379.43,52.1,3
2021-03-18 07:00:00,7,2021-03-18 14:00:00,379.43,52.2,3
2021-03-18 07:00:00,8,2021-03-18 15:00:00,379.42,50.8,3
2021-03-18 07:00:00,9,2021-03-18 16:00:00,379.41,49.8,3
2021-03-18 07:00:00,10,2021-03-18 17:00:00,379.41,49.4,3
2021-03-18 07:00:00,11,2021-03-18 18:00:00,379.41,50.1,3
2021-03-18 07:00:00,12,2021-03-18 19:00:00,379.4,48.9,3
2021-03-19 08:00:00,7,2021-03-19 15:00:00,379.35,43.0,3
2021-03-19 08:00:00,8,2021-03-19 16:00:00,379.35,42.9,3
2021-03-19 08:00:00,9,2021-03-19 17:00:00,379.36,43.7,3
2021-03-19 08:00:00,10,2021-03-19 18:00:00,379.35,43.1,3
2021-03-19 08:00:00,11,2021-03-19 19:00:00,379.35,42.6,3
2021-03-19 08:00:00,12,2021-03-19 20:00:00,379.34,41.8,3
2021-03-19 13:00:00,7,2021-03-19 20:00:00,379.28,36.2,3
2021-03-19 13:00:00,8,2021-03-19 21:00:00,379.29,36.7,3
2021-03-19 13:00:00,9,2021-03-19 22:00:00,379.32,39.9,3
2021-03-19 13:00:00,10,2021-03-19 23:00:00,379.35,43.0,3
2021-03-19 13:00:00,11,2021-03-20 00:00:00,379.34,42.5,3
2021-03-19 13:00:00,12,2021-03-20 01:00:00,379.34,42.5,3
2021-03-19 16:00:00,7,2021-03-19 23:00:00,379.31,38.7,3
2021-03-19 16:00:00,8,2021-03-20 00:00:00,379.33,40.5,3
2021-03-19 16:00:00,9,2021-03-20 01:00:00,379.36,44.3,3
2021-03-19 16:00:00,10,2021-03-20 02:00:00,379.36,43.7,3
2021-03-19 16:00:00,11,2021-03-20 03:00:00,379.35,42.7,3
2021-03-19 16:00:00,12,2021-03-20 04:00:00,379.34,42.4,3
2021-03-20 07:00:00,7,2021-03-20 14:00:00,379.33,40.8,3
2021-03-20 07:00:00,8,2021-03-20 15:00:00,379.33,41.3,3
2021-03-20 07:00:00,9,2021-03-20 16:00:00,379.32,40.4,3
2021-03-20 07:00:00,10,2021-03-20 17:00:00,379.33,41.4,3
2021-03-20 07:00:00,11,2021-03-20 18:00:00,379.33,40.7,3
2021-03-20 07:00:00,12,2021-03-20 19:00:00,379.32,40.4,3
2021-03-20 10:00:00,7,2021-03-20 17:00:00,379.26,34.2,3
2021-03-20 10:00:00,8,2021-03-20 18:00:00,379.26,34.0,3
2021-03-20 10:00:00,9,2021-03-20 19:00:00,379.26,33.8,3
2021-03-20 10:00:00,10,2021-03-20 20:00:00,379.26,34.3,3
2021-03-20 10:00:00,11,2021-03-20 21:00:00,379.3,37.5,3
2021-03-20 10:00:00,12,2021-03-20 22:00:00,379.3,38.3,3
2021-03-20 11:00:00,7,2021-03-20 18:00:00,379.26,34.0,3
2021-03-20 11:00:00,8,2021-03-20 19:00:00,379.26,33.8,3
2021-03-20 11:00:00,9,2021-03-20 20:00:00,379.26,34.3,3
2021-03-20 11:00:00,10,2021-03-20 21:00:00,379.3,37.5,3
2021-03-20 11:00:00,11,2021-03-20 22:00:00,379.3,38.3,3
2021-03-20 11:00:00,12,2021-03-20 23:00:00,379.3,38.4,3
2021-03-20 12:00:00,7,2021-03-20 19:00:00,379.25,33.0,3
2021-03-20 12:00:00,8,2021-03-20 20:00:00,379.23,31.4,3
2021-03-20 12:00:00,9,2021-03-20 21:00:00,379.23,31.3,3
2021-03-20 12:00:00,10,2021-03-20 22:00:00,379.26,34.5,3
2021-03-20 12:00:00,11,2021-03-20 23:00:00,379.3,38.1,3
2021-03-20 12:00:00,12,2021-03-21 00:00:00,379.3,38.1,3
2021-03-20 15:00:00,7,2021-03-20 22:00:00,379.23,31.7,3
2021-03-20 15:00:00,8,2021-03-20 23:00:00,379.24,32.1,3
2021-03-20 15:00:00,9,2021-03-21 00:00:00,379.24,32.3,3
2021-03-20 15:00:00,10,2021-03-21 01:00:00,379.27,34.7,3
2021-03-20 15:00:00,11,2021-03-21 02:00:00,379.29,37.3,3
2021-03-20 15:00:00,12,2021-03-21 03:00:00,379.29,36.9,3
2021-03-20 20:00:00,7,2021-03-21 03:00:00,379.23,31.3,3
2021-03-20 20:00:00,8,2021-03-21 04:00:00,379.23,30.9,3
2021-03-20 20:00:00,9,2021-03-21 05:00:00,379.27,34.5,3
2021-03-20 20:00:00,10,2021-03-21 06:00:00,379.3,38.3,3
2021-03-20 20:00:00,11,2021-03-21 07:00:00,379.29,37.1,3
2021-03-20 20:00:00,12,2021-03-21 08:00:00,379.29,36.9,3
2021-03-20 21:00:00,7,2021-03-21 04:00:00,379.22,30.3,3
2021-03-20 21:00:00,8,2021-03-21 05:00:00,379.23,31.3,3
2021-03-20 21:00:00,9,2021-03-21 06:00:00,379.24,31.8,3
2021-03-20 21:00:00,10,2021-03-21 07:00:00,379.25,33.6,3
2021-03-20 21:00:00,11,2021-03-21 08:00:00,379.29,36.9,3
2021-03-20 21:00:00,12,2021-03-21 09:00:00,379.28,36.2,3
2021-03-21 07:00:00,7,2021-03-21 14:00:00,379.25,33.5,3
2021-03-21 07:00:00,8,2021-03-21 15:00:00,379.29,37.4,3
2021-03-21 07:00:00,9,2021-03-21 16:00:00,379.29,37.3,3
2021-03-21 07:00:00,10,2021-03-21 17:00:00,379.3,37.5,3
2021-03-21 07:00:00,11,2021-03-21 18:00:00,379.3,37.9,3
2021-03-21 07:00:00,12,2021-03-21 19:00:00,379.3,37.9,3
2021-03-22 06:00:00,7,2021-03-22 13:00:00,379.24,31.8,3
2021-03-22 06:00:00,8,2021-03-22 14:00:00,379.26,33.7,3
2021-03-22 06:00:00,9,2021-03-22 15:00:00,379.29,36.7,3
2021-03-22 06:00:00,10,2021-03-22 16:00:00,379.28,36.3,3
2021-03-22 06:00:00,11,2021-03-22 17:00:00,379.3,37.8,3
2021-03-22 06:00:00,12,2021-03-22 18:00:00,379.3,38.0,3
2021-03-22 11:00:00,7,2021-03-22 18:00:00,379.25,33.0,3
2021-03-22 11:00:00,8,2021-03-22 19:00:00,379.25,33.1,3
2021-03-22 11:00:00,9,2021-03-22 20:00:00,379.27,34.5,3
2021-03-22 11:00:00,10,2021-03-22 21:00:00,379.3,37.9,3
2021-03-22 11:00:00,11,2021-03-22 22:00:00,379.3,37.7,3
2021-03-22 11:00:00,12,2021-03-22 23:00:00,379.3,38.3,3
2021-03-22 14:00:00,7,2021-03-22 21:00:00,379.24,32.3,3
2021-03-22 14:00:00,8,2021-03-22 22:00:00,379.27,34.6,3
2021-03-22 14:00:00,9,2021-03-22 23:00:00,379.3,38.4,3
2021-03-22 14:00:00,10,2021-03-23 00:00:00,379.31,39.3,3
2021-03-22 14:00:00,11,2021-03-23 01:00:00,379.32,39.5,3
2021-03-22 14:00:00,12,2021-03-23 02:00:00,379.32,39.5,3
2021-03-23 07:00:00,7,2021-03-23 14:00:00,379.25,33.0,3
2021-03-23 07:00:00,8,2021-03-23 15:00:00,379.28,35.8,3
2021-03-23 07:00:00,9,2021-03-23 16:00:00,379.28,35.7,3
2021-03-23 07:00:00,10,2021-03-23 17:00:00,379.29,36.7,3
2021-03-23 07:00:00,11,2021-03-23 18:00:00,379.3,38.1,3
2021-03-23 07:00:00,12,2021-03-23 19:00:00,379.31,39.1,3
2021-03-24 07:00:00,7,2021-03-24 14:00:00,379.27,34.6,3
2021-03-24 07:00:00,8,2021-03-24 15:00:00,379.3,38.4,3
2021-03-24 07:00:00,9,2021-03-24 16:00:00,379.31,38.9,3
2021-03-24 07:00:00,10,2021-03-24 17:00:00,379.33,41.3,3
2021-03-24 07:00:00,11,2021-03-24 18:00:00,379.35,42.8,3
2021-03-24 07:00:00,12,2021-03-24 19:00:00,379.37,44.7,3
2021-03-25 07:00:00,7,2021-03-25 14:00:00,379.35,43.2,3
2021-03-25 07:00:00,8,2021-03-25 15:00:00,379.35,43.4,3
2021-03-25 07:00:00,9,2021-03-25 16:00:00,379.37,44.8,3
2021-03-25 07:00:00,10,2021-03-25 17:00:00,379.39,47.0,3
2021-03-25 07:00:00,11,2021-03-25 18:00:00,379.41,49.5,3
2021-03-25 07:00:00,12,2021-03-25 19:00:00,379.43,51.6,3
2021-03-26 07:00:00,7,2021-03-26 14:00:00,379.39,47.1,3
2021-03-26 07:00:00,8,2021-03-26 15:00:00,379.39,47.7,3
2021-03-26 07:00:00,9,2021-03-26 16:00:00,379.41,49.9,3
2021-03-26 07:00:00,10,2021-03-26 17:00:00,379.43,51.4,3
2021-03-26 07:00:00,11,2021-03-26 18:00:00,379.44,53.4,3
2021-03-26 07:00:00,12,2021-03-26 19:00:00,379.48,57.1,3
2021-03-27 07:00:00,7,2021-03-27 14:00:00,379.82,98.1,3
2021-03-27 07:00:00,8,2021-03-27 15:00:00,379.77,91.8,3
2021-03-27 07:00:00,9,2021-03-27 16:00:00,379.72,86.6,3
2021-03-27 07:00:00,10,2021-03-27 17:00:00,379.71,84.4,3
2021-03-27 07:00:00,11,2021-03-27 18:00:00,379.66,78.9,3
2021-03-27 07:00:00,12,2021-03-27 19:00:00,379.69,82.1,3
2021-03-28 08:00:00,7,2021-03-28 15:00:00,379.46,55.3,3
2021-03-28 08:00:00,8,2021-03-28 16:00:00,379.46,55.2,3
2021-03-28 08:00:00,9,2021-03-28 17:00:00,379.46,55.3,3
2021-03-28 08:00:00,10,2021-03-28 18:00:00,379.46,55.4,3
2021-03-28 08:00:00,11,2021-03-28 19:00:00,379.46,55.4,3
2021-03-28 08:00:00,12,2021-03-28 20:00:00,379.48,58.0,3
2021-03-29 07:00:00,7,2021-03-29 14:00:00,379.4,48.4,3
2021-03-29 07:00:00,8,2021-03-29 15:00:00,379.4,48.4,3
2021-03-29 07:00:00,9,2021-03-29 16:00:00,379.4,49.0,3
2021-03-29 07:00:00,10,2021-03-29 17:00:00,379.41,49.7,3
2021-03-29 07:00:00,11,2021-03-29 18:00:00,379.42,50.7,3
2021-03-29 07:00:00,12,2021-03-29 19:00:00,379.43,52.2,3
2021-03-30 07:00:00,7,2021-03-30 14:00:00,379.42,51.1,3
2021-03-30 07:00:00,8,2021-03-30 15:00:00,379.42,50.5,3
2021-03-30 07:00:00,9,2021-03-30 16:00:00,379.42,50.8,3
2021-03-30 07:00:00,10,2021-03-30 17:00:00,379.44,53.0,3
2021-03-30 07:00:00,11,2021-03-30 18:00:00,379.46,55.1,3
2021-03-30 07:00:00,12,2021-03-30 19:00:00,379.47,56.5,3
2021-03-31 07:00:00,7,2021-03-31 14:00:00,379.48,57.2,3
2021-03-31 07:00:00,8,2021-03-31 15:00:00,379.48,57.3,3
2021-03-31 07:00:00,9,2021-03-31 16:00:00,379.48,57.3,3
2021-03-31 07:00:00,10,2021-03-31 17:00:00,379.48,58.1,3
2021-03-31 07:00:00,11,2021-03-31 18:00:00,379.49,58.9,3
2021-03-31 07:00:00,12,2021-03-31 19:00:00,379.5,60.2,3
2021-04-01 07:00:00,7,2021-04-01 14:00:00,379.53,63.1,3
2021-04-01 07:00:00,8,2021-04-01 15:00:00,379.53,63.5,3
2021-04-01 07:00:00,9,2021-04-01 16:00:00,379.54,64.3,3
2021-04-01 07:00:00,10,2021-04-01 17:00:00,379.54,64.0,3
2021-04-01 07:00:00,11,2021-04-01 18:00:00,379.55,65.1,3
2021-04-01 07:00:00,12,2021-04-01 19:00:00,379.55,65.6,3
2021-04-01 08:00:00,7,2021-04-01 15:00:00,379.53,63.5,3
2021-04-01 08:00:00,8,2021-04-01 16:00:00,379.54,64.3,3
2021-04-01 08:00:00,9,2021-04-01 17:00:00,379.54,64.0,3
2021-04-01 08:00:00,10,2021-04-01 18:00:00,379.55,65.1,3
2021-04-01 08:00:00,11,2021-04-01 19:00:00,379.55,65.6,3
2021-04-01 08:00:00,12,2021-04-01 20:00:00,379.56,66.5,3
2021-04-02 07:00:00,7,2021-04-02 14:00:00,379.59,70.2,3
2021-04-02 07:00:00,8,2021-04-02 15:00:00,379.57,68.3,3
2021-04-02 07:00:00,9,2021-04-02 16:00:00,379.57,67.7,3
2021-04-02 07:00:00,10,2021-04-02 17:00:00,379.55,65.4,3
2021-04-02 07:00:00,11,2021-04-02 18:00:00,379.56,67.3,3
2021-04-02 07:00:00,12,2021-04-02 19:00:00,379.58,69.3,3
2021-04-03 08:00:00,7,2021-04-03 15:00:00,379.58,69.3,3
2021-04-03 08:00:00,8,2021-04-03 16:00:00,379.57,67.5,3
2021-04-03 08:00:00,9,2021-04-03 17:00:00,379.55,65.6,3
2021-04-03 08:00:00,10,2021-04-03 18:00:00,379.54,64.5,3
2021-04-03 08:00:00,11,2021-04-03 19:00:00,379.53,63.9,3
2021-04-03 08:00:00,12,2021-04-03 20:00:00,379.54,64.1,3
2021-04-04 07:00:00,7,2021-04-04 14:00:00,379.51,61.1,3
2021-04-04 07:00:00,8,2021-04-04 15:00:00,379.5,59.9,3
2021-04-04 07:00:00,9,2021-04-04 16:00:00,379.48,57.3,3
2021-04-04 07:00:00,10,2021-04-04 17:00:00,379.47,56.1,3
2021-04-04 07:00:00,11,2021-04-04 18:00:00,379.46,55.0,3
2021-04-04 07:00:00,12,2021-04-04 19:00:00,379.46,54.8,3
2021-04-05 08:00:00,7,2021-04-05 15:00:00,379.43,51.4,3
2021-04-05 08:00:00,8,2021-04-05 16:00:00,379.43,52.1,3
2021-04-05 08:00:00,9,2021-04-05 17:00:00,379.42,50.5,3
2021-04-05 08:00:00,10,2021-04-05 18:00:00,379.41,50.0,3
2021-04-05 08:00:00,11,2021-04-05 19:00:00,379.41,49.0,3
2021-04-05 08:00:00,12,2021-04-05 20:00:00,379.41,49.5,3
2021-04-06 06:00:00,7,2021-04-06 13:00:00,379.4,48.2,3
2021-04-06 06:00:00,8,2021-04-06 14:00:00,379.41,49.8,3
2021-04-06 06:00:00,9,2021-04-06 15:00:00,379.43,51.4,3
2021-04-06 06:00:00,10,2021-04-06 16:00:00,379.42,50.4,3
2021-04-06 06:00:00,11,2021-04-06 17:00:00,379.41,49.3,3
2021-04-06 06:00:00,12,2021-04-06 18:00:00,379.39,47.5,3
2021-04-07 06:00:00,7,2021-04-07 13:00:00,379.34,42.3,3
2021-04-07 06:00:00,8,2021-04-07 14:00:00,379.34,42.2,3
2021-04-07 06:00:00,9,2021-04-07 15:00:00,379.34,41.6,3
2021-04-07 06:00:00,10,2021-04-07 16:00:00,379.35,43.5,3
2021-04-07 06:00:00,11,2021-04-07 17:00:00,379.36,44.0,3
2021-04-07 06:00:00,12,2021-04-07 18:00:00,379.35,43.4,3
2021-04-08 06:00:00,7,2021-04-08 13:00:00,379.3,38.2,3
2021-04-08 06:00:00,8,2021-04-08 14:00:00,379.29,37.1,3
2021-04-08 06:00:00,9,2021-04-08 15:00:00,379.33,41.0,3
2021-04-08 06:00:00,10,2021-04-08 16:00:00,379.32,39.5,3
2021-04-08 06:00:00,11,2021-04-08 17:00:00,379.33,41.0,3
2021-04-08 06:00:00,12,2021-04-08 18:00:00,379.34,41.6,3
2021-04-09 07:00:00,7,2021-04-09 14:00:00,379.26,33.8,3
2021-04-09 07:00:00,8,2021-04-09 15:00:00,379.29,37.1,3
2021-04-09 07:00:00,9,2021-04-09 16:00:00,379.28,36.0,3
2021-04-09 07:00:00,10,2021-04-09 17:00:00,379.31,38.8,3
2021-04-09 07:00:00,11,2021-04-09 18:00:00,379.31,38.5,3
2021-04-09 07:00:00,12,2021-04-09 19:00:00,379.3,38.3,3
2021-04-10 07:00:00,7,2021-04-10 14:00:00,379.24,32.5,3
2021-04-10 07:00:00,8,2021-04-10 15:00:00,379.29,37.2,3
2021-04-10 07:00:00,9,2021-04-10 16:00:00,379.3,38.4,3
2021-04-10 07:00:00,10,2021-04-10 17:00:00,379.3,37.7,3
2021-04-10 07:00:00,11,2021-04-10 18:00:00,379.3,37.7,3
2021-04-10 07:00:00,12,2021-04-10 19:00:00,379.28,35.9,3
2021-04-11 07:00:00,7,2021-04-11 14:00:00,379.31,39.0,3
2021-04-11 07:00:00,8,2021-04-11 15:00:00,379.31,38.5,3
2021-04-11 07:00:00,9,2021-04-11 16:00:00,379.29,37.3,3
2021-04-11 07:00:00,10,2021-04-11 17:00:00,379.3,37.7,3
2021-04-11 07:00:00,11,2021-04-11 18:00:00,379.32,39.7,3
2021-04-11 07:00:00,12,2021-04-11 19:00:00,379.33,40.5,3
2021-04-12 07:00:00,7,2021-04-12 14:00:00,379.51,61.2,3
2021-04-12 07:00:00,8,2021-04-12 15:00:00,379.53,63.4,3
2021-04-12 07:00:00,9,2021-04-12 16:00:00,379.53,62.8,3
2021-04-12 07:00:00,10,2021-04-12 17:00:00,379.51,60.6,3
2021-04-12 07:00:00,11,2021-04-12 18:00:00,379.47,56.5,3
2021-04-12 07:00:00,12,2021-04-12 19:00:00,379.46,55.6,3
2021-04-13 07:00:00,7,2021-04-13 14:00:00,379.35,42.9,3
2021-04-13 07:00:00,8,2021-04-13 15:00:00,379.34,41.8,3
2021-04-13 07:00:00,9,2021-04-13 16:00:00,379.34,42.5,3
2021-04-13 07:00:00,10,2021-04-13 17:00:00,379.35,42.9,3
2021-04-13 07:00:00,11,2021-04-13 18:00:00,379.35,43.4,3
2021-04-13 07:00:00,12,2021-04-13 19:00:00,379.35,43.1,3
2021-04-14 07:00:00,7,2021-04-14 14:00:00,379.32,39.8,3
2021-04-14 07:00:00,8,2021-04-14 15:00:00,379.3,37.6,3
2021-04-14 07:00:00,9,2021-04-14 16:00:00,379.29,37.4,3
2021-04-14 07:00:00,10,2021-04-14 17:00:00,379.3,37.8,3
2021-04-14 07:00:00,11,2021-04-14 18:00:00,379.32,39.5,3
2021-04-14 07:00:00,12,2021-04-14 19:00:00,379.31,39.3,3
2021-04-14 10:00:00,7,2021-04-14 17:00:00,379.3,37.8,3
2021-04-14 10:00:00,8,2021-04-14 18:00:00,379.32,39.5,3
2021-04-14 10:00:00,9,2021-04-14 19:00:00,379.31,39.3,3
2021-04-14 10:00:00,10,2021-04-14 20:00:00,379.29,37.4,3
2021-04-14 10:00:00,11,2021-04-14 21:00:00,379.3,37.7,3
2021-04-14 10:00:00,12,2021-04-14 22:00:00,379.3,37.8,3
2021-04-15 07:00:00,7,2021-04-15 14:00:00,379.26,34.3,3
2021-04-15 07:00:00,8,2021-04-15 15:00:00,379.27,35.4,3
2021-04-15 07:00:00,9,2021-04-15 16:00:00,379.27,35.4,3
2021-04-15 07:00:00,10,2021-04-15 17:00:00,379.26,34.5,3
2021-04-15 07:00:00,11,2021-04-15 18:00:00,379.28,36.3,3
2021-04-15 07:00:00,12,2021-04-15 19:00:00,379.28,36.0,3
2021-04-16 07:00:00,7,2021-04-16 14:00:00,379.22,30.0,3
2021-04-16 07:00:00,8,2021-04-16 15:00:00,379.27,35.2,3
2021-04-16 07:00:00,9,2021-04-16 16:00:00,379.27,35.4,3
2021-04-16 07:00:00,10,2021-04-16 17:00:00,379.27,34.7,3
2021-04-16 07:00:00,11,2021-04-16 18:00:00,379.27,34.6,3
2021-04-16 07:00:00,12,2021-04-16 19:00:00,379.25,33.6,3
2021-04-16 08:00:00,7,2021-04-16 15:00:00,379.27,35.2,3
2021-04-16 08:00:00,8,2021-04-16 16:00:00,379.27,35.4,3
2021-04-16 08:00:00,9,2021-04-16 17:00:00,379.27,34.7,3
2021-04-16 08:00:00,10,2021-04-16 18:00:00,379.27,34.6,3
2021-04-16 08:00:00,11,2021-04-16 19:00:00,379.25,33.6,3
2021-04-16 08:00:00,12,2021-04-16 20:00:00,379.26,34.5,3
2021-04-17 08:00:00,7,2021-04-17 15:00:00,379.24,31.9,3
2021-04-17 08:00:00,8,2021-04-17 16:00:00,379.24,32.4,3
2021-04-17 08:00:00,9,2021-04-17 17:00:00,379.26,34.0,3
2021-04-17 08:00:00,10,2021-04-17 18:00:00,379.26,33.6,3
2021-04-17 08:00:00,11,2021-04-17 19:00:00,379.26,33.8,3
2021-04-17 08:00:00,12,2021-04-17 20:00:00,379.26,33.9,3
2021-04-18 07:00:00,7,2021-04-18 14:00:00,379.2,28.4,3
2021-04-18 07:00:00,8,2021-04-18 15:00:00,379.24,31.9,3
2021-04-18 07:00:00,9,2021-04-18 16:00:00,379.24,32.1,3
2021-04-18 07:00:00,10,2021-04-18 17:00:00,379.24,32.5,3
2021-04-18 07:00:00,11,2021-04-18 18:00:00,379.25,33.2,3
2021-04-18 07:00:00,12,2021-04-18 19:00:00,379.25,32.9,3
2021-04-18 08:00:00,7,2021-04-18 15:00:00,379.24,31.9,3
2021-04-18 08:00:00,8,2021-04-18 16:00:00,379.24,32.1,3
2021-04-18 08:00:00,9,2021-04-18 17:00:00,379.24,32.5,3
2021-04-18 08:00:00,10,2021-04-18 18:00:00,379.25,33.2,3
2021-04-18 08:00:00,11,2021-04-18 19:00:00,379.25,32.9,3
2021-04-18 08:00:00,12,2021-04-18 20:00:00,379.25,32.9,3
2021-04-19 07:00:00,7,2021-04-19 14:00:00,379.18,27.1,3
2021-04-19 07:00:00,8,2021-04-19 15:00:00,379.21,29.9,3
2021-04-19 07:00:00,9,2021-04-19 16:00:00,379.23,31.6,3
2021-04-19 07:00:00,10,2021-04-19 17:00:00,379.24,32.5,3
2021-04-19 07:00:00,11,2021-04-19 18:00:00,379.24,31.9,3
2021-04-19 07:00:00,12,2021-04-19 19:00:00,379.24,31.9,3
2021-04-20 07:00:00,7,2021-04-20 14:00:00,379.18,27.1,3
2021-04-20 07:00:00,8,2021-04-20 15:00:00,379.19,28.4,3
2021-04-20 07:00:00,9,2021-04-20 16:00:00,379.23,31.3,3
2021-04-20 07:00:00,10,2021-04-20 17:00:00,379.23,31.1,3
2021-04-20 07:00:00,11,2021-04-20 18:00:00,379.22,30.8,3
2021-04-20 07:00:00,12,2021-04-20 19:00:00,379.22,30.4,3
2021-04-21 07:00:00,7,2021-04-21 14:00:00,379.2,28.9,3
2021-04-21 07:00:00,8,2021-04-21 15:00:00,379.22,30.1,3
2021-04-21 07:00:00,9,2021-04-21 16:00:00,379.26,34.1,3
2021-04-21 07:00:00,10,2021-04-21 17:00:00,379.26,34.2,3
2021-04-21 07:00:00,11,2021-04-21 18:00:00,379.27,34.9,3
2021-04-21 07:00:00,12,2021-04-21 19:00:00,379.29,36.0,3
2021-04-22 07:00:00,7,2021-04-22 14:00:00,379.18,27.6,3
2021-04-22 07:00:00,8,2021-04-22 15:00:00,379.23,31.3,3
2021-04-22 07:00:00,9,2021-04-22 16:00:00,379.24,32.0,3
2021-04-22 07:00:00,10,2021-04-22 17:00:00,379.25,33.2,3
2021-04-22 07:00:00,11,2021-04-22 18:00:00,379.26,33.5,3
2021-04-22 07:00:00,12,2021-04-22 19:00:00,379.26,33.8,3
2021-04-23 08:00:00,7,2021-04-23 15:00:00,379.24,32.3,3
2021-04-23 08:00:00,8,2021-04-23 16:00:00,379.26,34.1,3
2021-04-23 08:00:00,9,2021-04-23 17:00:00,379.26,34.1,3
2021-04-23 08:00:00,10,2021-04-23 18:00:00,379.27,34.5,3
2021-04-23 08:00:00,11,2021-04-23 19:00:00,379.27,34.6,3
2021-04-23 08:00:00,12,2021-04-23 20:00:00,379.27,34.9,3
2021-04-24 08:00:00,7,2021-04-24 15:00:00,379.28,35.4,3
2021-04-24 08:00:00,8,2021-04-24 16:00:00,379.29,36.9,3
2021-04-24 08:00:00,9,2021-04-24 17:00:00,379.3,37.4,3
2021-04-24 08:00:00,10,2021-04-24 18:00:00,379.31,38.7,3
2021-04-24 08:00:00,11,2021-04-24 19:00:00,379.29,36.6,3
2021-04-24 08:00:00,12,2021-04-24 20:00:00,379.3,37.2,3
2021-04-25 08:00:00,7,2021-04-25 15:00:00,379.36,43.0,3
2021-04-25 08:00:00,8,2021-04-25 16:00:00,379.35,42.5,3
2021-04-25 08:00:00,9,2021-04-25 17:00:00,379.36,43.4,3
2021-04-25 08:00:00,10,2021-04-25 18:00:00,379.36,43.2,3
2021-04-25 08:00:00,11,2021-04-25 19:00:00,379.36,43.1,3
2021-04-25 08:00:00,12,2021-04-25 20:00:00,379.36,43.6,3
2021-04-26 07:00:00,7,2021-04-26 14:00:00,379.45,52.6,3
2021-04-26 07:00:00,8,2021-04-26 15:00:00,379.47,54.3,3
2021-04-26 07:00:00,9,2021-04-26 16:00:00,379.47,54.7,3
2021-04-26 07:00:00,10,2021-04-26 17:00:00,379.46,53.6,3
2021-04-26 07:00:00,11,2021-04-26 18:00:00,379.47,54.6,3
2021-04-26 07:00:00,12,2021-04-26 19:00:00,379.46,54.1,3
2021-04-27 07:00:00,7,2021-04-27 14:00:00,379.47,55.0,3
2021-04-27 07:00:00,8,2021-04-27 15:00:00,379.47,54.4,3
2021-04-27 07:00:00,9,2021-04-27 16:00:00,379.47,55.0,3
2021-04-27 07:00:00,10,2021-04-27 17:00:00,379.47,54.6,3
2021-04-27 07:00:00,11,2021-04-27 18:00:00,379.47,54.5,3
2021-04-27 07:00:00,12,2021-04-27 19:00:00,379.47,54.8,3
2021-04-28 07:00:00,7,2021-04-28 14:00:00,379.61,71.1,3
2021-04-28 07:00:00,8,2021-04-28 15:00:00,379.6,70.3,3
2021-04-28 07:00:00,9,2021-04-28 16:00:00,379.58,67.5,3
2021-04-28 07:00:00,10,2021-04-28 17:00:00,379.6,69.6,3
2021-04-28 07:00:00,11,2021-04-28 18:00:00,379.63,72.9,3
2021-04-28 07:00:00,12,2021-04-28 19:00:00,379.65,75.4,3
2021-04-29 07:00:00,7,2021-04-29 14:00:00,379.9,106.5,3
2021-04-29 07:00:00,8,2021-04-29 15:00:00,379.88,104.5,3
2021-04-29 07:00:00,9,2021-04-29 16:00:00,379.86,102.6,3
2021-04-29 07:00:00,10,2021-04-29 17:00:00,379.83,98.3,3
2021-04-29 07:00:00,11,2021-04-29 18:00:00,379.81,95.8,3
2021-04-29 07:00:00,12,2021-04-29 19:00:00,379.8,94.3,3
2021-04-30 07:00:00,7,2021-04-30 14:00:00,379.69,81.2,3
2021-04-30 07:00:00,8,2021-04-30 15:00:00,379.69,81.0,3
2021-04-30 07:00:00,9,2021-04-30 16:00:00,379.68,79.7,3
2021-04-30 07:00:00,10,2021-04-30 17:00:00,379.68,79.3,3
2021-04-30 07:00:00,11,2021-04-30 18:00:00,379.68,79.6,3
2021-04-30 07:00:00,12,2021-04-30 19:00:00,379.68,79.9,3
2021-04-30 10:00:00,7,2021-04-30 17:00:00,379.68,79.3,3
2021-04-30 10:00:00,8,2021-04-30 18:00:00,379.68,79.6,3
2021-04-30 10:00:00,9,2021-04-30 19:00:00,379.68,79.9,3
2021-04-30 10:00:00,10,2021-04-30 20:00:00,379.69,80.9,3
2021-04-30 10:00:00,11,2021-04-30 21:00:00,379.72,84.7,3
2021-04-30 10:00:00,12,2021-04-30 22:00:00,379.76,88.9,3
2021-04-30 21:00:00,7,2021-05-01 04:00:00,379.72,84.3,3
2021-04-30 21:00:00,8,2021-05-01 05:00:00,379.7,81.7,3
2021-04-30 21:00:00,9,2021-05-01 06:00:00,379.69,80.8,3
2021-04-30 21:00:00,10,2021-05-01 07:00:00,379.69,80.2,3
2021-04-30 21:00:00,11,2021-05-01 08:00:00,379.71,83.0,3
2021-04-30 21:00:00,12,2021-05-01 09:00:00,379.71,82.6,3
2021-05-01 07:00:00,7,2021-05-01 14:00:00,379.63,73.7,3
2021-05-01 07:00:00,8,2021-05-01 15:00:00,379.63,73.5,3
2021-05-01 07:00:00,9,2021-05-01 16:00:00,379.64,74.9,3
2021-05-01 07:00:00,10,2021-05-01 17:00:00,379.66,76.6,3
2021-05-01 07:00:00,11,2021-05-01 18:00:00,379.7,81.8,3
2021-05-01 07:00:00,12,2021-05-01 19:00:00,379.74,87.4,3
2021-05-01 19:00:00,7,2021-05-02 02:00:00,380.07,129.5,3
2021-05-01 19:00:00,8,2021-05-02 03:00:00,380.11,135.7,3
2021-05-01 19:00:00,9,2021-05-02 04:00:00,380.09,132.2,3
2021-05-01 19:00:00,10,2021-05-02 05:00:00,380.05,127.8,3
2021-05-01 19:00:00,11,2021-05-02 06:00:00,380.02,123.3,3
2021-05-01 19:00:00,12,2021-05-02 07:00:00,379.99,118.5,3
2021-05-02 08:00:00,7,2021-05-02 15:00:00,379.73,85.5,3
2021-05-02 08:00:00,8,2021-05-02 16:00:00,379.71,83.1,3
2021-05-02 08:00:00,9,2021-05-02 17:00:00,379.69,81.2,3
2021-05-02 08:00:00,10,2021-05-02 18:00:00,379.7,82.2,3
2021-05-02 08:00:00,11,2021-05-02 19:00:00,379.71,82.7,3
2021-05-02 08:00:00,12,2021-05-02 20:00:00,379.71,82.6,3
2021-05-03 08:00:00,7,2021-05-03 15:00:00,379.54,62.9,3
2021-05-03 08:00:00,8,2021-05-03 16:00:00,379.53,61.7,3
2021-05-03 08:00:00,9,2021-05-03 17:00:00,379.52,60.6,3
2021-05-03 08:00:00,10,2021-05-03 18:00:00,379.53,61.7,3
2021-05-03 08:00:00,11,2021-05-03 19:00:00,379.54,62.7,3
2021-05-03 08:00:00,12,2021-05-03 20:00:00,379.54,62.5,3
2021-05-04 08:00:00,7,2021-05-04 15:00:00,379.48,55.4,3
2021-05-04 08:00:00,8,2021-05-04 16:00:00,379.47,55.0,3
2021-05-04 08:00:00,9,2021-05-04 17:00:00,379.47,54.5,3
2021-05-04 08:00:00,10,2021-05-04 18:00:00,379.45,52.4,3
2021-05-04 08:00:00,11,2021-05-04 19:00:00,379.45,52.8,3
2021-05-04 08:00:00,12,2021-05-04 20:00:00,379.46,53.7,3
2021-05-05 07:00:00,7,2021-05-05 14:00:00,379.73,85.3,3
2021-05-05 07:00:00,8,2021-05-05 15:00:00,379.72,85.0,3
2021-05-05 07:00:00,9,2021-05-05 16:00:00,379.77,90.3,3
2021-05-05 07:00:00,10,2021-05-05 17:00:00,379.77,90.9,3
2021-05-05 07:00:00,11,2021-05-05 18:00:00,379.77,90.8,3
2021-05-05 07:00:00,12,2021-05-05 19:00:00,379.76,89.9,3
2021-05-06 08:00:00,7,2021-05-06 15:00:00,379.57,66.2,3
2021-05-06 08:00:00,8,2021-05-06 16:00:00,379.57,66.5,3
2021-05-06 08:00:00,9,2021-05-06 17:00:00,379.59,69.0,3
2021-05-06 08:00:00,10,2021-05-06 18:00:00,379.62,72.5,3
2021-05-06 08:00:00,11,2021-05-06 19:00:00,379.67,78.2,3
2021-05-06 08:00:00,12,2021-05-06 20:00:00,379.73,85.7,3
2021-05-07 08:00:00,7,2021-05-07 15:00:00,380.87,255.9,3
2021-05-07 08:00:00,8,2021-05-07 16:00:00,380.77,239.1,3
2021-05-07 08:00:00,9,2021-05-07 17:00:00,380.71,227.6,3
2021-05-07 08:00:00,10,2021-05-07 18:00:00,380.63,214.4,3
2021-05-07 08:00:00,11,2021-05-07 19:00:00,380.57,204.6,3
2021-05-07 08:00:00,12,2021-05-07 20:00:00,380.52,196.1,3
2021-05-08 08:00:00,7,2021-05-08 15:00:00,380.09,132.6,3
2021-05-08 08:00:00,8,2021-05-08 16:00:00,380.07,130.4,3
2021-05-08 08:00:00,9,2021-05-08 17:00:00,380.05,127.8,3
2021-05-08 08:00:00,10,2021-05-08 18:00:00,380.04,125.8,3
2021-05-08 08:00:00,11,2021-05-08 19:00:00,380.03,123.8,3
2021-05-08 08:00:00,12,2021-05-08 20:00:00,380.01,121.8,3
2021-05-08 11:00:00,7,2021-05-08 18:00:00,380.02,123.6,3
2021-05-08 11:00:00,8,2021-05-08 19:00:00,380.01,121.7,3
2021-05-08 11:00:00,9,2021-05-08 20:00:00,380.0,120.5,3
2021-05-08 11:00:00,10,2021-05-08 21:00:00,379.99,118.5,3
2021-05-08 11:00:00,11,2021-05-08 22:00:00,379.99,118.9,3
2021-05-08 11:00:00,12,2021-05-08 23:00:00,379.98,117.6,3
2021-05-08 15:00:00,7,2021-05-08 22:00:00,379.98,118.1,3
2021-05-08 15:00:00,8,2021-05-08 23:00:00,379.98,118.2,3
2021-05-08 15:00:00,9,2021-05-09 00:00:00,379.97,117.0,3
2021-05-08 15:00:00,10,2021-05-09 01:00:00,379.97,116.3,3
2021-05-08 15:00:00,11,2021-05-09 02:00:00,379.96,115.6,3
2021-05-08 15:00:00,12,2021-05-09 03:00:00,379.96,114.6,3
2021-05-08 19:00:00,7,2021-05-09 02:00:00,379.96,114.4,3
2021-05-08 19:00:00,8,2021-05-09 03:00:00,379.93,111.6,3
2021-05-08 19:00:00,9,2021-05-09 04:00:00,379.95,114.2,3
2021-05-08 19:00:00,10,2021-05-09 05:00:00,379.95,113.1,3
2021-05-08 19:00:00,11,2021-05-09 06:00:00,379.93,111.2,3
2021-05-08 19:00:00,12,2021-05-09 07:00:00,379.92,109.5,3
2021-05-09 07:00:00,7,2021-05-09 14:00:00,379.88,104.2,3
2021-05-09 07:00:00,8,2021-05-09 15:00:00,379.87,103.6,3
2021-05-09 07:00:00,9,2021-05-09 16:00:00,379.87,102.8,3
2021-05-09 07:00:00,10,2021-05-09 17:00:00,379.85,101.1,3
2021-05-09 07:00:00,11,2021-05-09 18:00:00,379.85,100.5,3
2021-05-09 07:00:00,12,2021-05-09 19:00:00,379.84,99.9,3
2021-05-09 13:00:00,7,2021-05-09 20:00:00,379.84,99.1,3
2021-05-09 13:00:00,8,2021-05-09 21:00:00,379.85,100.1,3
2021-05-09 13:00:00,9,2021-05-09 22:00:00,379.85,100.8,3
2021-05-09 13:00:00,10,2021-05-09 23:00:00,379.85,100.6,3
2021-05-09 13:00:00,11,2021-05-10 00:00:00,379.84,99.3,3
2021-05-09 13:00:00,12,2021-05-10 01:00:00,379.85,100.6,3
2021-05-09 21:00:00,7,2021-05-10 04:00:00,379.86,102.2,3
2021-05-09 21:00:00,8,2021-05-10 05:00:00,379.89,105.4,3
2021-05-09 21:00:00,9,2021-05-10 06:00:00,379.9,106.9,3
2021-05-09 21:00:00,10,2021-05-10 07:00:00,379.84,99.7,3
2021-05-09 21:00:00,11,2021-05-10 08:00:00,379.83,98.7,3
2021-05-09 21:00:00,12,2021-05-10 09:00:00,379.83,98.3,3
2021-05-10 07:00:00,7,2021-05-10 14:00:00,379.98,117.1,3
2021-05-10 07:00:00,8,2021-05-10 15:00:00,379.98,117.1,3
2021-05-10 07:00:00,9,2021-05-10 16:00:00,379.95,114.2,3
2021-05-10 07:00:00,10,2021-05-10 17:00:00,379.98,117.8,3
2021-05-10 07:00:00,11,2021-05-10 18:00:00,380.02,123.2,3
2021-05-10 07:00:00,12,2021-05-10 19:00:00,380.06,129.2,3
2021-05-10 16:00:00,7,2021-05-10 23:00:00,380.37,173.9,3
2021-05-10 16:00:00,8,2021-05-11 00:00:00,380.41,179.6,3
2021-05-10 16:00:00,9,2021-05-11 01:00:00,380.42,180.6,3
2021-05-10 16:00:00,10,2021-05-11 02:00:00,380.38,175.3,3
2021-05-10 16:00:00,11,2021-05-11 03:00:00,380.36,171.4,3
2021-05-10 16:00:00,12,2021-05-11 04:00:00,380.35,170.3,3
2021-05-10 21:00:00,7,2021-05-11 04:00:00,380.28,159.7,3
2021-05-10 21:00:00,8,2021-05-11 05:00:00,380.24,154.1,3
2021-05-10 21:00:00,9,2021-05-11 06:00:00,380.22,150.5,3
2021-05-10 21:00:00,10,2021-05-11 07:00:00,380.2,148.2,3
2021-05-10 21:00:00,11,2021-05-11 08:00:00,380.19,146.8,3
2021-05-10 21:00:00,12,2021-05-11 09:00:00,380.22,150.8,3
2021-05-11 00:00:00,7,2021-05-11 07:00:00,380.21,150.0,3
2021-05-11 00:00:00,8,2021-05-11 08:00:00,380.24,153.6,3
2021-05-11 00:00:00,9,2021-05-11 09:00:00,380.23,152.8,3
2021-05-11 00:00:00,10,2021-05-11 10:00:00,380.23,152.0,3
2021-05-11 00:00:00,11,2021-05-11 11:00:00,380.24,153.7,3
2021-05-11 00:00:00,12,2021-05-11 12:00:00,380.23,152.7,3
2021-05-11 07:00:00,7,2021-05-11 14:00:00,380.2,147.8,3
2021-05-11 07:00:00,8,2021-05-11 15:00:00,380.24,153.5,3
2021-05-11 07:00:00,9,2021-05-11 16:00:00,380.23,152.9,3
2021-05-11 07:00:00,10,2021-05-11 17:00:00,380.21,149.5,3
2021-05-11 07:00:00,11,2021-05-11 18:00:00,380.2,147.7,3
2021-05-11 07:00:00,12,2021-05-11 19:00:00,380.18,145.2,3
2021-05-11 11:00:00,7,2021-05-11 18:00:00,380.24,153.3,3
2021-05-11 11:00:00,8,2021-05-11 19:00:00,380.22,151.2,3
2021-05-11 11:00:00,9,2021-05-11 20:00:00,380.22,150.9,3
2021-05-11 11:00:00,10,2021-05-11 21:00:00,380.25,155.1,3
2021-05-11 11:00:00,11,2021-05-11 22:00:00,380.3,162.8,3
2021-05-11 11:00:00,12,2021-05-11 23:00:00,380.37,173.0,3
2021-05-11 14:00:00,7,2021-05-11 21:00:00,380.22,151.4,3
2021-05-11 14:00:00,8,2021-05-11 22:00:00,380.25,155.0,3
2021-05-11 14:00:00,9,2021-05-11 23:00:00,380.27,159.1,3
2021-05-11 14:00:00,10,2021-05-12 00:00:00,380.29,160.7,3
2021-05-11 14:00:00,11,2021-05-12 01:00:00,380.29,161.7,3
2021-05-11 14:00:00,12,2021-05-12 02:00:00,380.29,161.2,3
2021-05-11 17:00:00,7,2021-05-12 00:00:00,380.23,153.2,3
2021-05-11 17:00:00,8,2021-05-12 01:00:00,380.24,154.4,3
2021-05-11 17:00:00,9,2021-05-12 02:00:00,380.25,155.9,3
2021-05-11 17:00:00,10,2021-05-12 03:00:00,380.26,156.6,3
2021-05-11 17:00:00,11,2021-05-12 04:00:00,380.27,158.8,3
2021-05-11 17:00:00,12,2021-05-12 05:00:00,380.27,158.4,3
2021-05-12 07:00:00,7,2021-05-12 14:00:00,380.04,126.2,3
2021-05-12 07:00:00,8,2021-05-12 15:00:00,380.02,123.2,3
2021-05-12 07:00:00,9,2021-05-12 16:00:00,380.0,119.9,3
2021-05-12 07:00:00,10,2021-05-12 17:00:00,379.98,117.7,3
2021-05-12 07:00:00,11,2021-05-12 18:00:00,379.97,115.9,3
2021-05-12 07:00:00,12,2021-05-12 19:00:00,379.96,115.6,3
2021-05-13 08:00:00,7,2021-05-13 15:00:00,379.85,100.2,3
2021-05-13 08:00:00,8,2021-05-13 16:00:00,379.86,101.9,3
2021-05-13 08:00:00,9,2021-05-13 17:00:00,379.85,100.9,3
2021-05-13 08:00:00,10,2021-05-13 18:00:00,379.85,101.3,3
2021-05-13 08:00:00,11,2021-05-13 19:00:00,379.86,101.6,3
2021-05-13 08:00:00,12,2021-05-13 20:00:00,379.86,101.8,3
2021-05-14 07:00:00,7,2021-05-14 14:00:00,379.7,81.6,3
2021-05-14 07:00:00,8,2021-05-14 15:00:00,379.7,82.5,3
2021-05-14 07:00:00,9,2021-05-14 16:00:00,379.7,82.2,3
2021-05-14 07:00:00,10,2021-05-14 17:00:00,379.7,81.9,3
2021-05-14 07:00:00,11,2021-05-14 18:00:00,379.7,82.5,3
2021-05-14 07:00:00,12,2021-05-14 19:00:00,379.71,83.4,3
2021-05-15 07:00:00,7,2021-05-15 14:00:00,379.63,73.2,3
2021-05-15 07:00:00,8,2021-05-15 15:00:00,379.63,73.8,3
2021-05-15 07:00:00,9,2021-05-15 16:00:00,379.64,74.1,3
2021-05-15 07:00:00,10,2021-05-15 17:00:00,379.64,75.2,3
2021-05-15 07:00:00,11,2021-05-15 18:00:00,379.67,77.8,3
2021-05-15 07:00:00,12,2021-05-15 19:00:00,379.69,80.3,3
2021-05-15 18:00:00,7,2021-05-16 01:00:00,379.89,105.8,3
2021-05-15 18:00:00,8,2021-05-16 02:00:00,379.95,114.0,3
2021-05-15 18:00:00,9,2021-05-16 03:00:00,379.97,116.9,3
2021-05-15 18:00:00,10,2021-05-16 04:00:00,380.03,124.1,3
2021-05-15 18:00:00,11,2021-05-16 05:00:00,380.07,130.3,3
2021-05-15 18:00:00,12,2021-05-16 06:00:00,380.15,140.8,3
2021-05-16 07:00:00,7,2021-05-16 14:00:00,379.99,118.4,3
2021-05-16 07:00:00,8,2021-05-16 15:00:00,379.98,117.9,3
2021-05-16 07:00:00,9,2021-05-16 16:00:00,379.98,118.2,3
2021-05-16 07:00:00,10,2021-05-16 17:00:00,379.98,118.3,3
2021-05-16 07:00:00,11,2021-05-16 18:00:00,379.97,116.8,3
2021-05-16 07:00:00,12,2021-05-16 19:00:00,379.97,116.0,3
2021-05-16 19:00:00,7,2021-05-17 02:00:00,380.44,183.9,3
2021-05-16 19:00:00,8,2021-05-17 03:00:00,380.5,193.1,3
2021-05-16 19:00:00,9,2021-05-17 04:00:00,380.51,195.6,3
2021-05-16 19:00:00,10,2021-05-17 05:00:00,380.48,190.9,3
2021-05-16 19:00:00,11,2021-05-17 06:00:00,380.45,184.9,3
2021-05-16 19:00:00,12,2021-05-17 07:00:00,380.4,178.6,3
2021-05-17 07:00:00,7,2021-05-17 14:00:00,380.72,229.4,3
2021-05-17 07:00:00,8,2021-05-17 15:00:00,380.66,220.3,3
2021-05-17 07:00:00,9,2021-05-17 16:00:00,380.62,212.7,3
2021-05-17 07:00:00,10,2021-05-17 17:00:00,380.58,207.1,3
2021-05-17 07:00:00,11,2021-05-17 18:00:00,380.56,203.4,3
2021-05-17 07:00:00,12,2021-05-17 19:00:00,380.55,201.5,3
2021-05-17 14:00:00,7,2021-05-17 21:00:00,380.35,170.0,3
2021-05-17 14:00:00,8,2021-05-17 22:00:00,380.33,167.1,3
2021-05-17 14:00:00,9,2021-05-17 23:00:00,380.36,172.2,3
2021-05-17 14:00:00,10,2021-05-18 00:00:00,380.36,172.4,3
2021-05-17 14:00:00,11,2021-05-18 01:00:00,380.35,170.9,3
2021-05-17 14:00:00,12,2021-05-18 02:00:00,380.36,171.8,3
2021-05-18 08:00:00,7,2021-05-18 15:00:00,380.31,164.8,3
2021-05-18 08:00:00,8,2021-05-18 16:00:00,380.28,159.4,3
2021-05-18 08:00:00,9,2021-05-18 17:00:00,380.27,157.7,3
2021-05-18 08:00:00,10,2021-05-18 18:00:00,380.25,154.9,3
2021-05-18 08:00:00,11,2021-05-18 19:00:00,380.23,152.0,3
2021-05-18 08:00:00,12,2021-05-18 20:00:00,380.21,149.2,3
2021-05-19 07:00:00,7,2021-05-19 14:00:00,380.08,131.1,3
2021-05-19 07:00:00,8,2021-05-19 15:00:00,380.07,129.7,3
2021-05-19 07:00:00,9,2021-05-19 16:00:00,380.09,132.1,3
2021-05-19 07:00:00,10,2021-05-19 17:00:00,380.09,133.2,3
2021-05-19 07:00:00,11,2021-05-19 18:00:00,380.11,134.8,3
2021-05-19 07:00:00,12,2021-05-19 19:00:00,380.14,139.0,3
2021-05-20 07:00:00,7,2021-05-20 14:00:00,379.95,113.1,3
2021-05-20 07:00:00,8,2021-05-20 15:00:00,379.95,114.0,3
2021-05-20 07:00:00,9,2021-05-20 16:00:00,379.95,113.4,3
2021-05-20 07:00:00,10,2021-05-20 17:00:00,379.95,114.2,3
2021-05-20 07:00:00,11,2021-05-20 18:00:00,379.95,113.6,3
2021-05-20 07:00:00,12,2021-05-20 19:00:00,379.94,112.1,3
2021-05-21 07:00:00,7,2021-05-21 14:00:00,379.8,94.0,3
2021-05-21 07:00:00,8,2021-05-21 15:00:00,379.79,92.7,3
2021-05-21 07:00:00,9,2021-05-21 16:00:00,379.8,94.1,3
2021-05-21 07:00:00,10,2021-05-21 17:00:00,379.8,94.5,3
2021-05-21 07:00:00,11,2021-05-21 18:00:00,379.81,95.0,3
2021-05-21 07:00:00,12,2021-05-21 19:00:00,379.81,96.1,3
2021-05-21 09:00:00,7,2021-05-21 16:00:00,379.8,94.1,3
2021-05-21 09:00:00,8,2021-05-21 17:00:00,379.8,94.5,3
2021-05-21 09:00:00,9,2021-05-21 18:00:00,379.81,95.0,3
2021-05-21 09:00:00,10,2021-05-21 19:00:00,379.81,96.1,3
2021-05-21 09:00:00,11,2021-05-21 20:00:00,379.83,97.9,3
2021-05-21 09:00:00,12,2021-05-21 21:00:00,379.85,101.2,3
2021-05-21 17:00:00,7,2021-05-22 00:00:00,380.37,173.8,3
2021-05-21 17:00:00,8,2021-05-22 01:00:00,380.66,220.0,3
2021-05-21 17:00:00,9,2021-05-22 02:00:00,380.77,239.3,3
2021-05-21 17:00:00,10,2021-05-22 03:00:00,380.82,247.1,3
2021-05-21 17:00:00,11,2021-05-22 04:00:00,380.84,251.2,3
2021-05-21 17:00:00,12,2021-05-22 05:00:00,380.81,244.9,3
2021-05-22 08:00:00,7,2021-05-22 15:00:00,380.28,160.1,3
2021-05-22 08:00:00,8,2021-05-22 16:00:00,380.23,152.9,3
2021-05-22 08:00:00,9,2021-05-22 17:00:00,380.2,147.7,3
2021-05-22 08:00:00,10,2021-05-22 18:00:00,380.18,145.5,3
2021-05-22 08:00:00,11,2021-05-22 19:00:00,380.16,142.4,3
2021-05-22 08:00:00,12,2021-05-22 20:00:00,380.14,139.9,3
2021-05-23 07:00:00,7,2021-05-23 14:00:00,380.14,140.3,3
2021-05-23 07:00:00,8,2021-05-23 15:00:00,380.1,134.6,3
2021-05-23 07:00:00,9,2021-05-23 16:00:00,380.08,130.9,3
2021-05-23 07:00:00,10,2021-05-23 17:00:00,380.06,128.5,3
2021-05-23 07:00:00,11,2021-05-23 18:00:00,380.04,126.0,3
2021-05-23 07:00:00,12,2021-05-23 19:00:00,380.03,124.3,3
2021-05-24 08:00:00,7,2021-05-24 15:00:00,379.89,106.4,3
2021-05-24 08:00:00,8,2021-05-24 16:00:00,379.88,104.6,3
2021-05-24 08:00:00,9,2021-05-24 17:00:00,379.87,103.6,3
2021-05-24 08:00:00,10,2021-05-24 18:00:00,379.87,103.1,3
2021-05-24 08:00:00,11,2021-05-24 19:00:00,379.87,102.7,3
2021-05-24 08:00:00,12,2021-05-24 20:00:00,379.86,102.5,3
2021-05-25 07:00:00,7,2021-05-25 14:00:00,379.97,116.9,3
2021-05-25 07:00:00,8,2021-05-25 15:00:00,379.95,114.1,3
2021-05-25 07:00:00,9,2021-05-25 16:00:00,379.93,111.0,3
2021-05-25 07:00:00,10,2021-05-25 17:00:00,379.91,108.3,3
2021-05-25 07:00:00,11,2021-05-25 18:00:00,379.89,105.9,3
2021-05-25 07:00:00,12,2021-05-25 19:00:00,379.88,104.8,3
2021-05-26 07:00:00,7,2021-05-26 14:00:00,379.79,93.0,3
2021-05-26 07:00:00,8,2021-05-26 15:00:00,379.77,91.0,3
2021-05-26 07:00:00,9,2021-05-26 16:00:00,379.76,89.9,3
2021-05-26 07:00:00,10,2021-05-26 17:00:00,379.76,89.2,3
2021-05-26 07:00:00,11,2021-05-26 18:00:00,379.75,88.4,3
2021-05-26 07:00:00,12,2021-05-26 19:00:00,379.75,87.6,3
2021-05-27 07:00:00,7,2021-05-27 14:00:00,379.78,91.3,3
2021-05-27 07:00:00,8,2021-05-27 15:00:00,379.76,89.2,3
2021-05-27 07:00:00,9,2021-05-27 16:00:00,379.75,87.6,3
2021-05-27 07:00:00,10,2021-05-27 17:00:00,379.73,85.3,3
2021-05-27 07:00:00,11,2021-05-27 18:00:00,379.72,84.1,3
2021-05-27 07:00:00,12,2021-05-27 19:00:00,379.71,83.5,3
2021-05-28 07:00:00,7,2021-05-28 14:00:00,379.76,89.1,3
2021-05-28 07:00:00,8,2021-05-28 15:00:00,379.75,87.8,3
2021-05-28 07:00:00,9,2021-05-28 16:00:00,379.73,85.9,3
2021-05-28 07:00:00,10,2021-05-28 17:00:00,379.69,81.0,3
2021-05-28 07:00:00,11,2021-05-28 18:00:00,379.67,78.7,3
2021-05-28 07:00:00,12,2021-05-28 19:00:00,379.67,77.7,3
2021-05-29 08:00:00,7,2021-05-29 15:00:00,379.76,89.7,3
2021-05-29 08:00:00,8,2021-05-29 16:00:00,379.7,82.4,3
2021-05-29 08:00:00,9,2021-05-29 17:00:00,379.7,81.6,3
2021-05-29 08:00:00,10,2021-05-29 18:00:00,379.7,81.4,3
2021-05-29 08:00:00,11,2021-05-29 19:00:00,379.69,81.2,3
2021-05-29 08:00:00,12,2021-05-29 20:00:00,379.7,81.6,3
2021-05-30 07:00:00,7,2021-05-30 14:00:00,379.77,90.0,3
2021-05-30 07:00:00,8,2021-05-30 15:00:00,379.7,82.3,3
2021-05-30 07:00:00,9,2021-05-30 16:00:00,379.69,80.4,3
2021-05-30 07:00:00,10,2021-05-30 17:00:00,379.68,79.3,3
2021-05-30 07:00:00,11,2021-05-30 18:00:00,379.67,78.7,3
2021-05-30 07:00:00,12,2021-05-30 19:00:00,379.67,78.2,3
2021-05-31 07:00:00,7,2021-05-31 14:00:00,379.78,92.3,3
2021-05-31 07:00:00,8,2021-05-31 15:00:00,379.76,89.3,3
2021-05-31 07:00:00,9,2021-05-31 16:00:00,379.72,84.3,3
2021-05-31 07:00:00,10,2021-05-31 17:00:00,379.71,83.3,3
2021-05-31 07:00:00,11,2021-05-31 18:00:00,379.7,82.0,3
2021-05-31 07:00:00,12,2021-05-31 19:00:00,379.7,81.7,3
2021-06-01 07:00:00,7,2021-06-01 14:00:00,379.78,92.4,3
2021-06-01 07:00:00,8,2021-06-01 15:00:00,379.75,87.9,3
2021-06-01 07:00:00,9,2021-06-01 16:00:00,379.72,84.9,3
2021-06-01 07:00:00,10,2021-06-01 17:00:00,379.71,83.7,3
2021-06-01 07:00:00,11,2021-06-01 18:00:00,379.71,83.4,3
2021-06-01 07:00:00,12,2021-06-01 19:00:00,379.72,84.3,3
2021-06-02 08:00:00,7,2021-06-02 15:00:00,379.85,100.8,3
2021-06-02 08:00:00,8,2021-06-02 16:00:00,379.85,100.1,3
2021-06-02 08:00:00,9,2021-06-02 17:00:00,379.85,100.3,3
2021-06-02 08:00:00,10,2021-06-02 18:00:00,379.86,102.1,3
2021-06-02 08:00:00,11,2021-06-02 19:00:00,379.86,102.4,3
2021-06-02 08:00:00,12,2021-06-02 20:00:00,379.87,103.3,3
2021-06-03 08:00:00,7,2021-06-03 15:00:00,379.82,97.0,3
2021-06-03 08:00:00,8,2021-06-03 16:00:00,379.81,96.0,3
2021-06-03 08:00:00,9,2021-06-03 17:00:00,379.81,95.3,3
2021-06-03 08:00:00,10,2021-06-03 18:00:00,379.82,96.5,3
2021-06-03 08:00:00,11,2021-06-03 19:00:00,379.83,98.1,3
2021-06-03 08:00:00,12,2021-06-03 20:00:00,379.84,98.8,3
2021-06-04 07:00:00,7,2021-06-04 14:00:00,379.95,113.4,3
2021-06-04 07:00:00,8,2021-06-04 15:00:00,379.9,107.5,3
2021-06-04 07:00:00,9,2021-06-04 16:00:00,379.89,106.2,3
2021-06-04 07:00:00,10,2021-06-04 17:00:00,379.9,107.1,3
2021-06-04 07:00:00,11,2021-06-04 18:00:00,379.9,107.6,3
2021-06-04 07:00:00,12,2021-06-04 19:00:00,379.91,107.9,3
2021-06-04 23:00:00,7,2021-06-05 06:00:00,380.72,229.3,3
2021-06-04 23:00:00,8,2021-06-05 07:00:00,380.72,230.3,3
2021-06-04 23:00:00,9,2021-06-05 08:00:00,380.71,228.0,3
2021-06-04 23:00:00,10,2021-06-05 09:00:00,380.7,226.2,3
2021-06-04 23:00:00,11,2021-06-05 10:00:00,380.71,227.6,3
2021-06-04 23:00:00,12,2021-06-05 11:00:00,380.74,234.1,3
2021-06-05 07:00:00,7,2021-06-05 14:00:00,380.68,223.8,3
2021-06-05 07:00:00,8,2021-06-05 15:00:00,380.7,227.1,3
2021-06-05 07:00:00,9,2021-06-05 16:00:00,380.7,226.3,3
2021-06-05 07:00:00,10,2021-06-05 17:00:00,380.68,223.0,3
2021-06-05 07:00:00,11,2021-06-05 18:00:00,380.65,218.2,3
2021-06-05 07:00:00,12,2021-06-05 19:00:00,380.59,208.8,3
2021-06-06 07:00:00,7,2021-06-06 14:00:00,380.1,134.2,3
2021-06-06 07:00:00,8,2021-06-06 15:00:00,380.08,131.0,3
2021-06-06 07:00:00,9,2021-06-06 16:00:00,380.1,134.3,3
2021-06-06 07:00:00,10,2021-06-06 17:00:00,380.08,131.9,3
2021-06-06 07:00:00,11,2021-06-06 18:00:00,380.07,129.8,3
2021-06-06 07:00:00,12,2021-06-06 19:00:00,380.06,128.4,3
2021-06-07 07:00:00,7,2021-06-07 14:00:00,380.02,123.2,3
2021-06-07 07:00:00,8,2021-06-07 15:00:00,380.01,122.1,3
2021-06-07 07:00:00,9,2021-06-07 16:00:00,380.05,126.6,3
2021-06-07 07:00:00,10,2021-06-07 17:00:00,380.04,126.0,3
2021-06-07 07:00:00,11,2021-06-07 18:00:00,380.04,125.5,3
2021-06-07 07:00:00,12,2021-06-07 19:00:00,380.04,125.6,3
2021-06-07 13:00:00,7,2021-06-07 20:00:00,380.01,121.6,3
2021-06-07 13:00:00,8,2021-06-07 21:00:00,380.06,128.1,3
2021-06-07 13:00:00,9,2021-06-07 22:00:00,380.06,128.4,3
2021-06-07 13:00:00,10,2021-06-07 23:00:00,380.12,136.4,3
2021-06-07 13:00:00,11,2021-06-08 00:00:00,380.23,152.3,3
2021-06-07 13:00:00,12,2021-06-08 01:00:00,380.27,157.7,3
2021-06-07 17:00:00,7,2021-06-08 00:00:00,380.08,131.6,3
2021-06-07 17:00:00,8,2021-06-08 01:00:00,380.12,136.9,3
2021-06-07 17:00:00,9,2021-06-08 02:00:00,380.19,146.9,3
2021-06-07 17:00:00,10,2021-06-08 03:00:00,380.26,156.7,3
2021-06-07 17:00:00,11,2021-06-08 04:00:00,380.26,156.3,3
2021-06-07 17:00:00,12,2021-06-08 05:00:00,380.25,155.9,3
2021-06-08 06:00:00,7,2021-06-08 13:00:00,380.16,142.1,3
2021-06-08 06:00:00,8,2021-06-08 14:00:00,380.13,138.2,3
2021-06-08 06:00:00,9,2021-06-08 15:00:00,380.12,137.5,3
2021-06-08 06:00:00,10,2021-06-08 16:00:00,380.15,141.6,3
2021-06-08 06:00:00,11,2021-06-08 17:00:00,380.14,139.9,3
2021-06-08 06:00:00,12,2021-06-08 18:00:00,380.14,139.0,3
2021-06-08 16:00:00,7,2021-06-08 23:00:00,380.12,136.5,3
2021-06-08 16:00:00,8,2021-06-09 00:00:00,380.14,140.1,3
2021-06-08 16:00:00,9,2021-06-09 01:00:00,380.2,147.5,3
2021-06-08 16:00:00,10,2021-06-09 02:00:00,380.23,152.9,3
2021-06-08 16:00:00,11,2021-06-09 03:00:00,380.27,157.8,3
2021-06-08 16:00:00,12,2021-06-09 04:00:00,380.26,157.3,3
2021-06-09 07:00:00,7,2021-06-09 14:00:00,380.09,132.5,3
2021-06-09 07:00:00,8,2021-06-09 15:00:00,380.05,127.0,3
2021-06-09 07:00:00,9,2021-06-09 16:00:00,380.1,134.5,3
2021-06-09 07:00:00,10,2021-06-09 17:00:00,380.1,133.5,3
2021-06-09 07:00:00,11,2021-06-09 18:00:00,380.09,133.0,3
2021-06-09 07:00:00,12,2021-06-09 19:00:00,380.1,133.4,3
2021-06-09 14:00:00,7,2021-06-09 21:00:00,380.07,130.0,3
2021-06-09 14:00:00,8,2021-06-09 22:00:00,380.1,133.7,3
2021-06-09 14:00:00,9,2021-06-09 23:00:00,380.11,136.0,3
2021-06-09 14:00:00,10,2021-06-10 00:00:00,380.2,148.4,3
2021-06-09 14:00:00,11,2021-06-10 01:00:00,380.23,152.6,3
2021-06-09 14:00:00,12,2021-06-10 02:00:00,380.26,156.4,3
2021-06-10 07:00:00,7,2021-06-10 14:00:00,380.18,145.3,3
2021-06-10 07:00:00,8,2021-06-10 15:00:00,380.18,145.5,3
2021-06-10 07:00:00,9,2021-06-10 16:00:00,380.21,149.5,3
2021-06-10 07:00:00,10,2021-06-10 17:00:00,380.2,147.5,3
2021-06-10 07:00:00,11,2021-06-10 18:00:00,380.18,145.7,3
2021-06-10 07:00:00,12,2021-06-10 19:00:00,380.17,144.5,3
2021-06-11 08:00:00,7,2021-06-11 15:00:00,380.07,130.4,3
2021-06-11 08:00:00,8,2021-06-11 16:00:00,380.1,134.7,3
2021-06-11 08:00:00,9,2021-06-11 17:00:00,380.09,132.9,3
2021-06-11 08:00:00,10,2021-06-11 18:00:00,380.08,131.4,3
2021-06-11 08:00:00,11,2021-06-11 19:00:00,380.08,130.6,3
2021-06-11 08:00:00,12,2021-06-11 20:00:00,380.07,130.6,3
2021-06-12 08:00:00,7,2021-06-12 15:00:00,380.03,124.5,3
2021-06-12 08:00:00,8,2021-06-12 16:00:00,380.07,129.4,3
2021-06-12 08:00:00,9,2021-06-12 17:00:00,380.05,127.7,3
2021-06-12 08:00:00,10,2021-06-12 18:00:00,380.04,126.1,3
2021-06-12 08:00:00,11,2021-06-12 19:00:00,380.04,125.1,3
2021-06-12 08:00:00,12,2021-06-12 20:00:00,380.04,125.2,3
2021-06-13 08:00:00,7,2021-06-13 15:00:00,380.03,124.2,3
2021-06-13 08:00:00,8,2021-06-13 16:00:00,380.07,129.3,3
2021-06-13 08:00:00,9,2021-06-13 17:00:00,380.05,127.4,3
2021-06-13 08:00:00,10,2021-06-13 18:00:00,380.04,126.2,3
2021-06-13 08:00:00,11,2021-06-13 19:00:00,380.04,125.4,3
2021-06-13 08:00:00,12,2021-06-13 20:00:00,380.04,125.6,3
2021-06-14 08:00:00,7,2021-06-14 15:00:00,380.05,127.4,3
2021-06-14 08:00:00,8,2021-06-14 16:00:00,380.11,135.6,3
2021-06-14 08:00:00,9,2021-06-14 17:00:00,380.1,133.8,3
2021-06-14 08:00:00,10,2021-06-14 18:00:00,380.09,132.5,3
2021-06-14 08:00:00,11,2021-06-14 19:00:00,380.08,131.5,3
2021-06-14 08:00:00,12,2021-06-14 20:00:00,380.08,131.4,3
2021-06-15 07:00:00,7,2021-06-15 14:00:00,380.12,137.1,3
2021-06-15 07:00:00,8,2021-06-15 15:00:00,380.15,141.2,3
2021-06-15 07:00:00,9,2021-06-15 16:00:00,380.14,139.1,3
2021-06-15 07:00:00,10,2021-06-15 17:00:00,380.12,136.9,3
2021-06-15 07:00:00,11,2021-06-15 18:00:00,380.11,135.8,3
2021-06-15 07:00:00,12,2021-06-15 19:00:00,380.11,135.1,3
2021-06-16 07:00:00,7,2021-06-16 14:00:00,380.11,134.8,3
2021-06-16 07:00:00,8,2021-06-16 15:00:00,380.12,137.2,3
2021-06-16 07:00:00,9,2021-06-16 16:00:00,380.11,135.4,3
2021-06-16 07:00:00,10,2021-06-16 17:00:00,380.1,133.8,3
2021-06-16 07:00:00,11,2021-06-16 18:00:00,380.09,132.6,3
2021-06-16 07:00:00,12,2021-06-16 19:00:00,380.08,131.7,3
2021-06-17 07:00:00,7,2021-06-17 14:00:00,380.16,141.9,3
2021-06-17 07:00:00,8,2021-06-17 15:00:00,380.14,140.2,3
2021-06-17 07:00:00,9,2021-06-17 16:00:00,380.13,138.3,3
2021-06-17 07:00:00,10,2021-06-17 17:00:00,380.12,136.8,3
2021-06-17 07:00:00,11,2021-06-17 18:00:00,380.11,134.8,3
2021-06-17 07:00:00,12,2021-06-17 19:00:00,380.1,133.6,3
2021-06-18 07:00:00,7,2021-06-18 14:00:00,380.14,140.2,3
2021-06-18 07:00:00,8,2021-06-18 15:00:00,380.16,143.0,3
2021-06-18 07:00:00,9,2021-06-18 16:00:00,380.15,141.2,3
2021-06-18 07:00:00,10,2021-06-18 17:00:00,380.15,140.4,3
2021-06-18 07:00:00,11,2021-06-18 18:00:00,380.13,138.8,3
2021-06-18 07:00:00,12,2021-06-18 19:00:00,380.12,137.4,3
2021-06-19 07:00:00,7,2021-06-19 14:00:00,380.13,138.7,3
2021-06-19 07:00:00,8,2021-06-19 15:00:00,380.14,139.9,3
2021-06-19 07:00:00,9,2021-06-19 16:00:00,380.13,137.9,3
2021-06-19 07:00:00,10,2021-06-19 17:00:00,380.11,136.1,3
2021-06-19 07:00:00,11,2021-06-19 18:00:00,380.1,134.3,3
2021-06-19 07:00:00,12,2021-06-19 19:00:00,380.09,132.8,3
2021-06-19 11:00:00,7,2021-06-19 18:00:00,380.1,134.3,3
2021-06-19 11:00:00,8,2021-06-19 19:00:00,380.09,132.8,3
2021-06-19 11:00:00,9,2021-06-19 20:00:00,380.08,131.9,3
2021-06-19 11:00:00,10,2021-06-19 21:00:00,380.09,132.2,3
2021-06-19 11:00:00,11,2021-06-19 22:00:00,380.1,133.4,3
2021-06-19 11:00:00,12,2021-06-19 23:00:00,380.11,135.3,3
2021-06-20 07:00:00,7,2021-06-20 14:00:00,380.3,162.3,3
2021-06-20 07:00:00,8,2021-06-20 15:00:00,380.29,160.7,3
2021-06-20 07:00:00,9,2021-06-20 16:00:00,380.27,158.9,3
2021-06-20 07:00:00,10,2021-06-20 17:00:00,380.27,158.1,3
2021-06-20 07:00:00,11,2021-06-20 18:00:00,380.27,157.7,3
2021-06-20 07:00:00,12,2021-06-20 19:00:00,380.27,158.1,3
2021-06-20 16:00:00,7,2021-06-20 23:00:00,380.13,137.9,3
2021-06-20 16:00:00,8,2021-06-21 00:00:00,380.17,144.5,3
2021-06-20 16:00:00,9,2021-06-21 01:00:00,380.2,148.6,3
2021-06-20 16:00:00,10,2021-06-21 02:00:00,380.24,154.0,3
2021-06-20 16:00:00,11,2021-06-21 03:00:00,380.27,158.4,3
2021-06-20 16:00:00,12,2021-06-21 04:00:00,380.28,160.6,3
2021-06-20 21:00:00,7,2021-06-21 04:00:00,380.24,153.8,3
2021-06-20 21:00:00,8,2021-06-21 05:00:00,380.26,156.6,3
2021-06-20 21:00:00,9,2021-06-21 06:00:00,380.26,157.6,3
2021-06-20 21:00:00,10,2021-06-21 07:00:00,380.27,158.0,3
2021-06-20 21:00:00,11,2021-06-21 08:00:00,380.26,157.4,3
2021-06-20 21:00:00,12,2021-06-21 09:00:00,380.25,155.8,3
2021-06-21 09:00:00,7,2021-06-21 16:00:00,380.37,173.3,3
2021-06-21 09:00:00,8,2021-06-21 17:00:00,380.34,168.1,3
2021-06-21 09:00:00,9,2021-06-21 18:00:00,380.31,164.9,3
2021-06-21 09:00:00,10,2021-06-21 19:00:00,380.29,161.9,3
2021-06-21 09:00:00,11,2021-06-21 20:00:00,380.29499999999996,162.3,2
2021-06-21 09:00:00,12,2021-06-21 21:00:00,380.28999999999996,161.7,2
2021-06-21 11:00:00,7,2021-06-21 18:00:00,380.16,142.8,3
2021-06-21 11:00:00,8,2021-06-21 19:00:00,380.14,139.8,3
2021-06-21 11:00:00,9,2021-06-21 20:00:00,380.2,148.1,3
2021-06-21 11:00:00,10,2021-06-21 21:00:00,380.25,155.1,3
2021-06-21 11:00:00,11,2021-06-21 22:00:00,380.25,155.9,3
2021-06-21 11:00:00,12,2021-06-21 23:00:00,380.27,158.0,3
2021-06-22 08:00:00,7,2021-06-22 15:00:00,380.25,155.0,3
2021-06-22 08:00:00,8,2021-06-22 16:00:00,380.23,152.7,3
2021-06-22 08:00:00,9,2021-06-22 17:00:00,380.23,151.9,3
2021-06-22 08:00:00,10,2021-06-22 18:00:00,380.21,149.6,3
2021-06-22 08:00:00,11,2021-06-22 19:00:00,380.2,148.5,3
2021-06-22 08:00:00,12,2021-06-22 20:00:00,380.19,146.6,3
2021-06-22 16:00:00,7,2021-06-22 23:00:00,380.05,126.6,3
2021-06-22 16:00:00,8,2021-06-23 00:00:00,380.05,126.8,3
2021-06-22 16:00:00,9,2021-06-23 01:00:00,380.2,148.1,3
2021-06-22 16:00:00,10,2021-06-23 02:00:00,380.23,153.2,3
2021-06-22 16:00:00,11,2021-06-23 03:00:00,380.25,155.0,3
2021-06-22 16:00:00,12,2021-06-23 04:00:00,380.26,156.3,3
2021-06-23 07:00:00,7,2021-06-23 14:00:00,380.22,151.2,3
2021-06-23 07:00:00,8,2021-06-23 15:00:00,380.22,150.8,3
2021-06-23 07:00:00,9,2021-06-23 16:00:00,380.2,148.1,3
2021-06-23 07:00:00,10,2021-06-23 17:00:00,380.19,146.9,3
2021-06-23 07:00:00,11,2021-06-23 18:00:00,380.17,144.2,3
2021-06-23 07:00:00,12,2021-06-23 19:00:00,380.16,141.9,3
2021-06-23 14:00:00,7,2021-06-23 21:00:00,380.0,120.0,3
2021-06-23 14:00:00,8,2021-06-23 22:00:00,380.12,136.9,3
2021-06-23 14:00:00,9,2021-06-23 23:00:00,380.23,153.1,3
2021-06-23 14:00:00,10,2021-06-24 00:00:00,380.27,158.1,3
2021-06-23 14:00:00,11,2021-06-24 01:00:00,380.3,163.4,3
2021-06-23 14:00:00,12,2021-06-24 02:00:00,380.32,166.2,3
2021-06-23 17:00:00,7,2021-06-24 00:00:00,380.02,122.4,3
2021-06-23 17:00:00,8,2021-06-24 01:00:00,380.17,144.4,3
2021-06-23 17:00:00,9,2021-06-24 02:00:00,380.33,166.9,3
2021-06-23 17:00:00,10,2021-06-24 03:00:00,380.44,184.8,3
2021-06-23 17:00:00,11,2021-06-24 04:00:00,380.46,187.6,3
2021-06-23 17:00:00,12,2021-06-24 05:00:00,380.45,186.3,3
2021-06-24 00:00:00,7,2021-06-24 07:00:00,380.55,202.4,3
2021-06-24 00:00:00,8,2021-06-24 08:00:00,380.49,191.6,3
2021-06-24 00:00:00,9,2021-06-24 09:00:00,380.45,185.3,3
2021-06-24 00:00:00,10,2021-06-24 10:00:00,380.42,180.7,3
2021-06-24 00:00:00,11,2021-06-24 11:00:00,380.39,175.8,3
2021-06-24 00:00:00,12,2021-06-24 12:00:00,380.36,171.1,3
2021-06-24 07:00:00,7,2021-06-24 14:00:00,380.27,158.5,3
2021-06-24 07:00:00,8,2021-06-24 15:00:00,380.29,161.3,3
2021-06-24 07:00:00,9,2021-06-24 16:00:00,380.27,158.8,3
2021-06-24 07:00:00,10,2021-06-24 17:00:00,380.27,157.7,3
2021-06-24 07:00:00,11,2021-06-24 18:00:00,380.28,159.7,3
2021-06-24 07:00:00,12,2021-06-24 19:00:00,380.3,163.5,3
2021-06-24 16:00:00,7,2021-06-24 23:00:00,380.3,162.5,3
2021-06-24 16:00:00,8,2021-06-25 00:00:00,380.63,214.7,3
2021-06-24 16:00:00,9,2021-06-25 01:00:00,380.64,217.0,3
2021-06-24 16:00:00,10,2021-06-25 02:00:00,380.63,214.2,3
2021-06-24 16:00:00,11,2021-06-25 03:00:00,380.59,208.3,3
2021-06-24 16:00:00,12,2021-06-25 04:00:00,380.57,204.1,3
2021-06-24 22:00:00,7,2021-06-25 05:00:00,380.31,166.1,3
2021-06-24 22:00:00,8,2021-06-25 06:00:00,380.26,158.9,3
2021-06-24 22:00:00,9,2021-06-25 07:00:00,380.34,171.3,3
2021-06-24 22:00:00,10,2021-06-25 08:00:00,380.34,170.4,3
2021-06-24 22:00:00,11,2021-06-25 09:00:00,380.32,167.2,3
2021-06-24 22:00:00,12,2021-06-25 10:00:00,380.29,164.1,3
2021-06-24 23:00:00,7,2021-06-25 06:00:00,380.26,158.9,3
2021-06-24 23:00:00,8,2021-06-25 07:00:00,380.34,171.3,3
2021-06-24 23:00:00,9,2021-06-25 08:00:00,380.34,170.4,3
2021-06-24 23:00:00,10,2021-06-25 09:00:00,380.32,167.2,3
2021-06-24 23:00:00,11,2021-06-25 10:00:00,380.29,164.1,3
2021-06-24 23:00:00,12,2021-06-25 11:00:00,380.26,159.1,3
2021-06-25 07:00:00,7,2021-06-25 14:00:00,380.23,154.6,3
2021-06-25 07:00:00,8,2021-06-25 15:00:00,380.25,157.4,3
2021-06-25 07:00:00,9,2021-06-25 16:00:00,380.23,155.0,3
2021-06-25 07:00:00,10,2021-06-25 17:00:00,380.22,152.9,3
2021-06-25 07:00:00,11,2021-06-25 18:00:00,380.2,150.2,3
2021-06-25 07:00:00,12,2021-06-25 19:00:00,380.19,148.1,3
2021-06-25 15:00:00,7,2021-06-25 22:00:00,380.07,131.2,3
2021-06-25 15:00:00,8,2021-06-25 23:00:00,380.14,140.6,3
2021-06-25 15:00:00,9,2021-06-26 00:00:00,380.13,140.5,3
2021-06-25 15:00:00,10,2021-06-26 01:00:00,380.13,140.3,3
2021-06-25 15:00:00,11,2021-06-26 02:00:00,380.14,140.6,3
2021-06-25 15:00:00,12,2021-06-26 03:00:00,380.14,140.8,3
2021-06-25 22:00:00,7,2021-06-26 05:00:00,379.96,115.8,3
2021-06-25 22:00:00,8,2021-06-26 06:00:00,379.96,115.9,3
2021-06-25 22:00:00,9,2021-06-26 07:00:00,380.03,126.0,3
2021-06-25 22:00:00,10,2021-06-26 08:00:00,380.09,133.8,3
2021-06-25 22:00:00,11,2021-06-26 09:00:00,380.07,131.9,3
2021-06-25 22:00:00,12,2021-06-26 10:00:00,380.06,130.0,3
2021-06-26 08:00:00,7,2021-06-26 15:00:00,379.94,114.3,3
2021-06-26 08:00:00,8,2021-06-26 16:00:00,380.0,121.3,3
2021-06-26 08:00:00,9,2021-06-26 17:00:00,379.98,119.6,3
2021-06-26 08:00:00,10,2021-06-26 18:00:00,379.97,117.9,3
2021-06-26 08:00:00,11,2021-06-26 19:00:00,379.96,116.3,3
2021-06-26 08:00:00,12,2021-06-26 20:00:00,379.95,114.8,3
2021-06-27 07:00:00,7,2021-06-27 14:00:00,379.79,94.7,3
2021-06-27 07:00:00,8,2021-06-27 15:00:00,379.85,101.8,3
2021-06-27 07:00:00,9,2021-06-27 16:00:00,379.9,108.5,3
2021-06-27 07:00:00,10,2021-06-27 17:00:00,379.89,106.9,3
2021-06-27 07:00:00,11,2021-06-27 18:00:00,379.88,105.7,3
2021-06-27 07:00:00,12,2021-06-27 19:00:00,379.87,104.5,3
2021-06-27 17:00:00,7,2021-06-28 00:00:00,379.75,88.7,3
2021-06-27 17:00:00,8,2021-06-28 01:00:00,379.86,102.8,3
2021-06-27 17:00:00,9,2021-06-28 02:00:00,379.95,114.6,3
2021-06-27 17:00:00,10,2021-06-28 03:00:00,379.96,116.4,3
2021-06-27 17:00:00,11,2021-06-28 04:00:00,379.97,118.3,3
2021-06-27 17:00:00,12,2021-06-28 05:00:00,379.98,119.6,3
2021-06-28 06:00:00,7,2021-06-28 13:00:00,379.81,96.1,3
2021-06-28 06:00:00,8,2021-06-28 14:00:00,379.79,94.5,3
2021-06-28 06:00:00,9,2021-06-28 15:00:00,379.83,98.7,3
2021-06-28 06:00:00,10,2021-06-28 16:00:00,379.89,107.3,3
2021-06-28 06:00:00,11,2021-06-28 17:00:00,379.89,106.5,3
2021-06-28 06:00:00,12,2021-06-28 18:00:00,379.88,106.1,3
2021-06-28 15:00:00,7,2021-06-28 22:00:00,379.91,110.2,3
2021-06-28 15:00:00,8,2021-06-28 23:00:00,380.01,123.2,3
2021-06-28 15:00:00,9,2021-06-29 00:00:00,380.11,136.8,3
2021-06-28 15:00:00,10,2021-06-29 01:00:00,380.24,156.5,3
2021-06-28 15:00:00,11,2021-06-29 02:00:00,380.45,188.7,3
2021-06-28 15:00:00,12,2021-06-29 03:00:00,380.59,211.6,3
2021-06-28 19:00:00,7,2021-06-29 02:00:00,380.36,174.8,3
2021-06-28 19:00:00,8,2021-06-29 03:00:00,380.51,198.2,3
2021-06-28 19:00:00,9,2021-06-29 04:00:00,380.6,212.0,3
2021-06-28 19:00:00,10,2021-06-29 05:00:00,380.6,213.3,3
2021-06-28 19:00:00,11,2021-06-29 06:00:00,380.56,207.0,3
2021-06-28 19:00:00,12,2021-06-29 07:00:00,380.5,196.4,3
2021-06-28 22:00:00,7,2021-06-29 05:00:00,380.41,181.2,3
2021-06-28 22:00:00,8,2021-06-29 06:00:00,380.44,187.3,3
2021-06-28 22:00:00,9,2021-06-29 07:00:00,380.43,185.3,3
2021-06-28 22:00:00,10,2021-06-29 08:00:00,380.41,182.1,3
2021-06-28 22:00:00,11,2021-06-29 09:00:00,380.38,176.6,3
2021-06-28 22:00:00,12,2021-06-29 10:00:00,380.3,165.5,3
2021-06-29 06:00:00,7,2021-06-29 13:00:00,380.23,153.7,3
2021-06-29 06:00:00,8,2021-06-29 14:00:00,380.23,154.0,3
2021-06-29 06:00:00,9,2021-06-29 15:00:00,380.23,154.3,3
2021-06-29 06:00:00,10,2021-06-29 16:00:00,380.2,149.6,3
2021-06-29 06:00:00,11,2021-06-29 17:00:00,380.19,148.0,3
2021-06-29 06:00:00,12,2021-06-29 18:00:00,380.18,147.3,3
2021-06-29 17:00:00,7,2021-06-30 00:00:00,380.08,132.9,3
2021-06-29 17:00:00,8,2021-06-30 01:00:00,380.1,135.2,3
2021-06-29 17:00:00,9,2021-06-30 02:00:00,380.12,138.8,3
2021-06-29 17:00:00,10,2021-06-30 03:00:00,380.11,137.2,3
2021-06-29 17:00:00,11,2021-06-30 04:00:00,380.11,137.3,3
2021-06-29 17:00:00,12,2021-06-30 05:00:00,380.1,135.7,3
2021-06-30 06:00:00,7,2021-06-30 13:00:00,380.19,148.9,3
2021-06-30 06:00:00,8,2021-06-30 14:00:00,380.23,154.8,3
2021-06-30 06:00:00,9,2021-06-30 15:00:00,380.22,152.7,3
2021-06-30 06:00:00,10,2021-06-30 16:00:00,380.19,148.7,3
2021-06-30 06:00:00,11,2021-06-30 17:00:00,380.17,145.0,3
2021-06-30 06:00:00,12,2021-06-30 18:00:00,380.14,141.3,3
2021-06-30 11:00:00,7,2021-06-30 18:00:00,380.11,136.4,3
2021-06-30 11:00:00,8,2021-06-30 19:00:00,380.14,141.9,3
2021-06-30 11:00:00,9,2021-06-30 20:00:00,380.18,147.2,3
2021-06-30 11:00:00,10,2021-06-30 21:00:00,380.16,144.3,3
2021-06-30 11:00:00,11,2021-06-30 22:00:00,380.15,142.0,3
2021-06-30 11:00:00,12,2021-06-30 23:00:00,380.13,140.0,3
2021-06-30 18:00:00,7,2021-07-01 01:00:00,379.98,119.2,3
2021-06-30 18:00:00,8,2021-07-01 02:00:00,380.03,126.0,3
2021-06-30 18:00:00,9,2021-07-01 03:00:00,380.08,132.7,3
2021-06-30 18:00:00,10,2021-07-01 04:00:00,380.08,132.1,3
2021-06-30 18:00:00,11,2021-07-01 05:00:00,380.07,131.4,3
2021-06-30 18:00:00,12,2021-07-01 06:00:00,380.07,130.8,3
2021-07-01 07:00:00,7,2021-07-01 14:00:00,379.9,108.8,3
2021-07-01 07:00:00,8,2021-07-01 15:00:00,379.92,110.8,3
2021-07-01 07:00:00,9,2021-07-01 16:00:00,379.99,119.8,3
2021-07-01 07:00:00,10,2021-07-01 17:00:00,379.97,117.8,3
2021-07-01 07:00:00,11,2021-07-01 18:00:00,379.96,115.8,3
2021-07-01 07:00:00,12,2021-07-01 19:00:00,379.94,114.1,3
2021-07-01 20:00:00,7,2021-07-02 03:00:00,379.81,96.1,3
2021-07-01 20:00:00,8,2021-07-02 04:00:00,379.8,95.7,3
2021-07-01 20:00:00,9,2021-07-02 05:00:00,379.8,95.3,3
2021-07-01 20:00:00,10,2021-07-02 06:00:00,379.8,95.9,3
2021-07-01 20:00:00,11,2021-07-02 07:00:00,379.9,107.9,3
2021-07-01 20:00:00,12,2021-07-02 08:00:00,379.89,107.6,3
2021-07-02 07:00:00,7,2021-07-02 14:00:00,379.74,87.7,3
2021-07-02 07:00:00,8,2021-07-02 15:00:00,379.74,87.3,3
2021-07-02 07:00:00,9,2021-07-02 16:00:00,379.82,97.5,3
2021-07-02 07:00:00,10,2021-07-02 17:00:00,379.81,96.1,3
2021-07-02 07:00:00,11,2021-07-02 18:00:00,379.8,94.8,3
2021-07-02 07:00:00,12,2021-07-02 19:00:00,379.79,93.6,3
2021-07-03 07:00:00,7,2021-07-03 14:00:00,379.68,80.7,3
2021-07-03 07:00:00,8,2021-07-03 15:00:00,379.68,80.2,3
2021-07-03 07:00:00,9,2021-07-03 16:00:00,379.75,89.2,3
2021-07-03 07:00:00,10,2021-07-03 17:00:00,379.74,88.0,3
2021-07-03 07:00:00,11,2021-07-03 18:00:00,379.73,86.9,3
2021-07-03 07:00:00,12,2021-07-03 19:00:00,379.73,86.7,3
2021-07-05 07:00:00,7,2021-07-05 14:00:00,379.77,92.1,3
2021-07-05 07:00:00,8,2021-07-05 15:00:00,379.76,90.1,3
2021-07-05 07:00:00,9,2021-07-05 16:00:00,379.82,98.3,3
2021-07-05 07:00:00,10,2021-07-05 17:00:00,379.81,96.7,3
2021-07-05 07:00:00,11,2021-07-05 18:00:00,379.8,95.3,3
2021-07-05 07:00:00,12,2021-07-05 19:00:00,379.79,94.3,3
2021-07-05 12:00:00,7,2021-07-05 19:00:00,379.7,82.7,3
2021-07-05 12:00:00,8,2021-07-05 20:00:00,379.69,82.2,3
2021-07-05 12:00:00,9,2021-07-05 21:00:00,379.68,81.0,3
2021-07-05 12:00:00,10,2021-07-05 22:00:00,379.69,81.6,3
2021-07-05 12:00:00,11,2021-07-05 23:00:00,379.77,91.6,3
2021-07-05 12:00:00,12,2021-07-06 00:00:00,379.77,91.9,3
2021-07-06 07:00:00,7,2021-07-06 14:00:00,379.68,80.9,3
2021-07-06 07:00:00,8,2021-07-06 15:00:00,379.68,80.9,3
2021-07-06 07:00:00,9,2021-07-06 16:00:00,379.77,91.2,3
2021-07-06 07:00:00,10,2021-07-06 17:00:00,379.76,90.3,3
2021-07-06 07:00:00,11,2021-07-06 18:00:00,379.76,90.1,3
2021-07-06 07:00:00,12,2021-07-06 19:00:00,379.76,90.6,3
2021-07-06 14:00:00,7,2021-07-06 21:00:00,379.78,92.7,3
2021-07-06 14:00:00,8,2021-07-06 22:00:00,379.87,103.8,3
2021-07-06 14:00:00,9,2021-07-06 23:00:00,379.96,115.7,3
2021-07-06 14:00:00,10,2021-07-07 00:00:00,380.06,129.9,3
2021-07-06 14:00:00,11,2021-07-07 01:00:00,380.13,139.7,3
2021-07-06 14:00:00,12,2021-07-07 02:00:00,380.3,164.4,3
2021-07-06 18:00:00,7,2021-07-07 01:00:00,380.06,130.5,3
2021-07-06 18:00:00,8,2021-07-07 02:00:00,380.26,158.4,3
2021-07-06 18:00:00,9,2021-07-07 03:00:00,380.37,176.1,3
2021-07-06 18:00:00,10,2021-07-07 04:00:00,380.4,180.5,3
2021-07-06 18:00:00,11,2021-07-07 05:00:00,380.5,195.8,3
2021-07-06 18:00:00,12,2021-07-07 06:00:00,380.53,201.1,3
2021-07-06 20:00:00,7,2021-07-07 03:00:00,380.36,174.8,3
2021-07-06 20:00:00,8,2021-07-07 04:00:00,380.44,185.9,3
2021-07-06 20:00:00,9,2021-07-07 05:00:00,380.52,199.3,3
2021-07-06 20:00:00,10,2021-07-07 06:00:00,380.5,196.0,3
2021-07-06 20:00:00,11,2021-07-07 07:00:00,380.48,193.6,3
2021-07-06 20:00:00,12,2021-07-07 08:00:00,380.45,187.8,3
2021-07-07 03:00:00,7,2021-07-07 10:00:00,380.57,207.6,3
2021-07-07 03:00:00,8,2021-07-07 11:00:00,380.51,198.4,3
2021-07-07 03:00:00,9,2021-07-07 12:00:00,380.48,193.6,3
2021-07-07 03:00:00,10,2021-07-07 13:00:00,380.43,185.7,3
2021-07-07 03:00:00,11,2021-07-07 14:00:00,380.39,179.1,3
2021-07-07 03:00:00,12,2021-07-07 15:00:00,380.36,173.7,3
2021-07-07 07:00:00,7,2021-07-07 14:00:00,380.47,191.5,3
2021-07-07 07:00:00,8,2021-07-07 15:00:00,380.44,186.0,3
2021-07-07 07:00:00,9,2021-07-07 16:00:00,380.39,179.2,3
2021-07-07 07:00:00,10,2021-07-07 17:00:00,380.36,174.0,3
2021-07-07 07:00:00,11,2021-07-07 18:00:00,380.32,168.7,3
2021-07-07 07:00:00,12,2021-07-07 19:00:00,380.29,163.9,3
2021-07-07 10:00:00,7,2021-07-07 17:00:00,380.36,174.0,3
2021-07-07 10:00:00,8,2021-07-07 18:00:00,380.32,168.7,3
2021-07-07 10:00:00,9,2021-07-07 19:00:00,380.29,163.9,3
2021-07-07 10:00:00,10,2021-07-07 20:00:00,380.27,159.9,3
2021-07-07 10:00:00,11,2021-07-07 21:00:00,380.24,156.2,3
2021-07-07 10:00:00,12,2021-07-07 22:00:00,380.22,153.3,3
2021-07-07 11:00:00,7,2021-07-07 18:00:00,380.38,177.9,3
2021-07-07 11:00:00,8,2021-07-07 19:00:00,380.34,170.7,3
2021-07-07 11:00:00,9,2021-07-07 20:00:00,380.35,173.1,3
2021-07-07 11:00:00,10,2021-07-07 21:00:00,380.34,170.5,3
2021-07-07 11:00:00,11,2021-07-07 22:00:00,380.31,166.5,3
2021-07-07 11:00:00,12,2021-07-07 23:00:00,380.29,163.9,3
2021-07-07 12:00:00,7,2021-07-07 19:00:00,380.34,170.7,3
2021-07-07 12:00:00,8,2021-07-07 20:00:00,380.35,173.1,3
2021-07-07 12:00:00,9,2021-07-07 21:00:00,380.34,170.5,3
2021-07-07 12:00:00,10,2021-07-07 22:00:00,380.31,166.5,3
2021-07-07 12:00:00,11,2021-07-07 23:00:00,380.29,163.9,3
2021-07-07 12:00:00,12,2021-07-08 00:00:00,380.28,162.0,3
2021-07-07 13:00:00,7,2021-07-07 20:00:00,380.3,165.3,3
2021-07-07 13:00:00,8,2021-07-07 21:00:00,380.32,168.6,3
2021-07-07 13:00:00,9,2021-07-07 22:00:00,380.34,170.9,3
2021-07-07 13:00:00,10,2021-07-07 23:00:00,380.32,168.1,3
2021-07-07 13:00:00,11,2021-07-08 00:00:00,380.31,165.8,3
2021-07-07 13:00:00,12,2021-07-08 01:00:00,380.3,164.3,3
2021-07-07 16:00:00,7,2021-07-07 23:00:00,380.26,159.5,3
2021-07-07 16:00:00,8,2021-07-08 00:00:00,380.26,158.4,3
2021-07-07 16:00:00,9,2021-07-08 01:00:00,380.27,161.0,3
2021-07-07 16:00:00,10,2021-07-08 02:00:00,380.3,164.3,3
2021-07-07 16:00:00,11,2021-07-08 03:00:00,380.3,165.2,3
2021-07-07 16:00:00,12,2021-07-08 04:00:00,380.31,166.8,3
2021-07-07 17:00:00,7,2021-07-08 00:00:00,380.26,158.4,3
2021-07-07 17:00:00,8,2021-07-08 01:00:00,380.27,161.0,3
2021-07-07 17:00:00,9,2021-07-08 02:00:00,380.3,164.3,3
2021-07-07 17:00:00,10,2021-07-08 03:00:00,380.3,165.2,3
2021-07-07 17:00:00,11,2021-07-08 04:00:00,380.31,166.8,3
2021-07-07 17:00:00,12,2021-07-08 05:00:00,380.32,168.5,3
2021-07-07 19:00:00,7,2021-07-08 02:00:00,380.3,164.3,3
2021-07-07 19:00:00,8,2021-07-08 03:00:00,380.3,165.2,3
2021-07-07 19:00:00,9,2021-07-08 04:00:00,380.31,166.8,3
2021-07-07 19:00:00,10,2021-07-08 05:00:00,380.32,168.5,3
2021-07-07 19:00:00,11,2021-07-08 06:00:00,380.32,168.0,3
2021-07-07 19:00:00,12,2021-07-08 07:00:00,380.31,167.1,3
2021-07-07 20:00:00,7,2021-07-08 03:00:00,380.29,163.3,3
2021-07-07 20:00:00,8,2021-07-08 04:00:00,380.25,157.6,3
2021-07-07 20:00:00,9,2021-07-08 05:00:00,380.26,158.4,3
2021-07-07 20:00:00,10,2021-07-08 06:00:00,380.26,159.6,3
2021-07-07 20:00:00,11,2021-07-08 07:00:00,380.26,159.1,3
2021-07-07 20:00:00,12,2021-07-08 08:00:00,380.28,161.2,3
2021-07-07 22:00:00,7,2021-07-08 05:00:00,380.35,172.6,3
2021-07-07 22:00:00,8,2021-07-08 06:00:00,380.39,178.8,3
2021-07-07 22:00:00,9,2021-07-08 07:00:00,380.42,183.4,3
2021-07-07 22:00:00,10,2021-07-08 08:00:00,380.44,186.5,3
2021-07-07 22:00:00,11,2021-07-08 09:00:00,380.5,196.5,3
2021-07-07 22:00:00,12,2021-07-08 10:00:00,380.57,207.1,3
2021-07-08 02:00:00,7,2021-07-08 09:00:00,380.5,196.5,3
2021-07-08 02:00:00,8,2021-07-08 10:00:00,380.57,207.1,3
2021-07-08 02:00:00,9,2021-07-08 11:00:00,380.62,216.6,3
2021-07-08 02:00:00,10,2021-07-08 12:00:00,380.62,216.7,3
2021-07-08 02:00:00,11,2021-07-08 13:00:00,380.62,216.0,3
2021-07-08 02:00:00,12,2021-07-08 14:00:00,380.6,213.6,3
2021-07-08 05:00:00,7,2021-07-08 12:00:00,380.68,226.8,3
2021-07-08 05:00:00,8,2021-07-08 13:00:00,380.62,216.6,3
2021-07-08 05:00:00,9,2021-07-08 14:00:00,380.62,217.0,3
2021-07-08 05:00:00,10,2021-07-08 15:00:00,380.6,212.4,3
2021-07-08 05:00:00,11,2021-07-08 16:00:00,380.58,208.9,3
2021-07-08 05:00:00,12,2021-07-08 17:00:00,380.57,207.8,3
2021-07-08 06:00:00,7,2021-07-08 13:00:00,380.62,216.6,3
2021-07-08 06:00:00,8,2021-07-08 14:00:00,380.62,217.0,3
2021-07-08 06:00:00,9,2021-07-08 15:00:00,380.6,212.4,3
2021-07-08 06:00:00,10,2021-07-08 16:00:00,380.58,208.9,3
2021-07-08 06:00:00,11,2021-07-08 17:00:00,380.57,207.8,3
2021-07-08 06:00:00,12,2021-07-08 18:00:00,380.58,209.1,3
2021-07-08 09:00:00,7,2021-07-08 16:00:00,380.58,208.9,3
2021-07-08 09:00:00,8,2021-07-08 17:00:00,380.57,207.8,3
2021-07-08 09:00:00,9,2021-07-08 18:00:00,380.58,209.1,3
2021-07-08 09:00:00,10,2021-07-08 19:00:00,380.61,214.3,3
2021-07-08 09:00:00,11,2021-07-08 20:00:00,380.63,217.1,3
2021-07-08 09:00:00,12,2021-07-08 21:00:00,380.65,220.9,3
2021-07-08 11:00:00,7,2021-07-08 18:00:00,380.62,215.9,3
2021-07-08 11:00:00,8,2021-07-08 19:00:00,380.61,214.2,3
2021-07-08 11:00:00,9,2021-07-08 20:00:00,380.67,224.7,3
2021-07-08 11:00:00,10,2021-07-08 21:00:00,380.68,225.9,3
2021-07-08 11:00:00,11,2021-07-08 22:00:00,380.7,230.3,3
2021-07-08 11:00:00,12,2021-07-08 23:00:00,380.87,260.3,3
2021-07-08 13:00:00,7,2021-07-08 20:00:00,380.54,203.4,3
2021-07-08 13:00:00,8,2021-07-08 21:00:00,380.6,213.1,3
2021-07-08 13:00:00,9,2021-07-08 22:00:00,380.69,228.3,3
2021-07-08 13:00:00,10,2021-07-08 23:00:00,380.82,251.1,3
2021-07-08 13:00:00,11,2021-07-09 00:00:00,380.93,272.0,3
2021-07-08 13:00:00,12,2021-07-09 01:00:00,380.92,269.5,3
2021-07-08 14:00:00,7,2021-07-08 21:00:00,380.6,213.1,3
2021-07-08 14:00:00,8,2021-07-08 22:00:00,380.69,228.3,3
2021-07-08 14:00:00,9,2021-07-08 23:00:00,380.82,251.1,3
2021-07-08 14:00:00,10,2021-07-09 00:00:00,380.93,272.0,3
2021-07-08 14:00:00,11,2021-07-09 01:00:00,380.92,269.5,3
2021-07-08 14:00:00,12,2021-07-09 02:00:00,380.92,269.8,3
2021-07-08 15:00:00,7,2021-07-08 22:00:00,380.69,228.3,3
2021-07-08 15:00:00,8,2021-07-08 23:00:00,380.82,251.1,3
2021-07-08 15:00:00,9,2021-07-09 00:00:00,380.93,272.0,3
2021-07-08 15:00:00,10,2021-07-09 01:00:00,380.92,269.5,3
2021-07-08 15:00:00,11,2021-07-09 02:00:00,380.92,269.8,3
2021-07-08 15:00:00,12,2021-07-09 03:00:00,380.94,273.2,3
2021-07-08 16:00:00,7,2021-07-08 23:00:00,380.79,246.1,3
2021-07-08 16:00:00,8,2021-07-09 00:00:00,380.91,267.8,3
2021-07-08 16:00:00,9,2021-07-09 01:00:00,380.99,283.4,3
2021-07-08 16:00:00,10,2021-07-09 02:00:00,381.04,292.0,3
2021-07-08 16:00:00,11,2021-07-09 03:00:00,381.04,293.7,3
2021-07-08 16:00:00,12,2021-07-09 04:00:00,381.0,285.5,3
2021-07-08 17:00:00,7,2021-07-09 00:00:00,380.91,267.8,3
2021-07-08 17:00:00,8,2021-07-09 01:00:00,380.99,283.4,3
2021-07-08 17:00:00,9,2021-07-09 02:00:00,381.04,292.0,3
2021-07-08 17:00:00,10,2021-07-09 03:00:00,381.04,293.7,3
2021-07-08 17:00:00,11,2021-07-09 04:00:00,381.0,285.5,3
2021-07-08 17:00:00,12,2021-07-09 05:00:00,380.95,276.2,3
2021-07-08 18:00:00,7,2021-07-09 01:00:00,380.99,283.4,3
2021-07-08 18:00:00,8,2021-07-09 02:00:00,381.04,292.0,3
2021-07-08 18:00:00,9,2021-07-09 03:00:00,381.04,293.7,3
2021-07-08 18:00:00,10,2021-07-09 04:00:00,381.0,285.5,3
2021-07-08 18:00:00,11,2021-07-09 05:00:00,380.95,276.2,3
2021-07-08 18:00:00,12,2021-07-09 06:00:00,380.91,267.7,3
2021-07-08 19:00:00,7,2021-07-09 02:00:00,381.04,292.0,3
2021-07-08 19:00:00,8,2021-07-09 03:00:00,381.04,293.7,3
2021-07-08 19:00:00,9,2021-07-09 04:00:00,381.0,285.5,3
2021-07-08 19:00:00,10,2021-07-09 05:00:00,380.95,276.2,3
2021-07-08 19:00:00,11,2021-07-09 06:00:00,380.91,267.7,3
2021-07-08 19:00:00,12,2021-07-09 07:00:00,380.84,255.5,3
2021-07-08 20:00:00,7,2021-07-09 03:00:00,380.94,274.1,3
2021-07-08 20:00:00,8,2021-07-09 04:00:00,380.96,276.8,3
2021-07-08 20:00:00,9,2021-07-09 05:00:00,380.89,264.0,3
2021-07-08 20:00:00,10,2021-07-09 06:00:00,380.83,253.2,3
2021-07-08 20:00:00,11,2021-07-09 07:00:00,380.78,243.3,3
2021-07-08 20:00:00,12,2021-07-09 08:00:00,380.72,233.8,3
2021-07-09 07:00:00,7,2021-07-09 14:00:00,380.69,228.6,3
2021-07-09 07:00:00,8,2021-07-09 15:00:00,380.66,222.2,3
2021-07-09 07:00:00,9,2021-07-09 16:00:00,380.62,216.4,3
2021-07-09 07:00:00,10,2021-07-09 17:00:00,380.59,211.0,3
2021-07-09 07:00:00,11,2021-07-09 18:00:00,380.56,205.5,3
2021-07-09 07:00:00,12,2021-07-09 19:00:00,380.53,200.5,3
2021-07-09 12:00:00,7,2021-07-09 19:00:00,380.46,189.9,3
2021-07-09 12:00:00,8,2021-07-09 20:00:00,380.5,195.8,3
2021-07-09 12:00:00,9,2021-07-09 21:00:00,380.5,196.1,3
2021-07-09 12:00:00,10,2021-07-09 22:00:00,380.48,193.1,3
2021-07-09 12:00:00,11,2021-07-09 23:00:00,380.47,190.7,3
2021-07-09 12:00:00,12,2021-07-10 00:00:00,380.45,188.8,3
2021-07-09 16:00:00,7,2021-07-09 23:00:00,380.42,183.6,3
2021-07-09 16:00:00,8,2021-07-10 00:00:00,380.42,184.1,3
2021-07-09 16:00:00,9,2021-07-10 01:00:00,380.45,188.0,3
2021-07-09 16:00:00,10,2021-07-10 02:00:00,380.45,188.4,3
2021-07-09 16:00:00,11,2021-07-10 03:00:00,380.45,187.5,3
2021-07-09 16:00:00,12,2021-07-10 04:00:00,380.44,186.8,3
2021-07-10 07:00:00,7,2021-07-10 14:00:00,380.18,147.3,3
2021-07-10 07:00:00,8,2021-07-10 15:00:00,380.22,153.2,3
2021-07-10 07:00:00,9,2021-07-10 16:00:00,380.21,151.4,3
2021-07-10 07:00:00,10,2021-07-10 17:00:00,380.19,149.0,3
2021-07-10 07:00:00,11,2021-07-10 18:00:00,380.18,146.4,3
2021-07-10 07:00:00,12,2021-07-10 19:00:00,380.16,144.1,3
2021-07-10 08:00:00,7,2021-07-10 15:00:00,380.22,153.2,3
2021-07-10 08:00:00,8,2021-07-10 16:00:00,380.21,151.4,3
2021-07-10 08:00:00,9,2021-07-10 17:00:00,380.19,149.0,3
2021-07-10 08:00:00,10,2021-07-10 18:00:00,380.18,146.4,3
2021-07-10 08:00:00,11,2021-07-10 19:00:00,380.16,144.1,3
2021-07-10 08:00:00,12,2021-07-10 20:00:00,380.15,142.1,3
2021-07-11 06:00:00,7,2021-07-11 13:00:00,380.31,166.9,3
2021-07-11 06:00:00,8,2021-07-11 14:00:00,380.36,174.5,3
2021-07-11 06:00:00,9,2021-07-11 15:00:00,380.35,172.0,3
2021-07-11 06:00:00,10,2021-07-11 16:00:00,380.32,167.7,3
2021-07-11 06:00:00,11,2021-07-11 17:00:00,380.29,164.1,3
2021-07-11 06:00:00,12,2021-07-11 18:00:00,380.27,160.0,3
2021-07-11 12:00:00,7,2021-07-11 19:00:00,380.18,147.7,3
2021-07-11 12:00:00,8,2021-07-11 20:00:00,380.24,156.1,3
2021-07-11 12:00:00,9,2021-07-11 21:00:00,380.26,158.6,3
2021-07-11 12:00:00,10,2021-07-11 22:00:00,380.25,157.7,3
2021-07-11 12:00:00,11,2021-07-11 23:00:00,380.25,157.5,3
2021-07-11 12:00:00,12,2021-07-12 00:00:00,380.25,157.2,3
2021-07-11 15:00:00,7,2021-07-11 22:00:00,380.23,154.3,3
2021-07-11 15:00:00,8,2021-07-11 23:00:00,380.25,157.7,3
2021-07-11 15:00:00,9,2021-07-12 00:00:00,380.25,157.9,3
2021-07-11 15:00:00,10,2021-07-12 01:00:00,380.26,158.6,3
2021-07-11 15:00:00,11,2021-07-12 02:00:00,380.26,159.0,3
2021-07-11 15:00:00,12,2021-07-12 03:00:00,380.27,160.2,3
2021-07-11 19:00:00,7,2021-07-12 02:00:00,380.26,158.4,3
2021-07-11 19:00:00,8,2021-07-12 03:00:00,380.26,159.4,3
2021-07-11 19:00:00,9,2021-07-12 04:00:00,380.27,160.2,3
2021-07-11 19:00:00,10,2021-07-12 05:00:00,380.27,160.3,3
2021-07-11 19:00:00,11,2021-07-12 06:00:00,380.27,159.9,3
2021-07-11 19:00:00,12,2021-07-12 07:00:00,380.26,158.2,3
2021-07-11 21:00:00,7,2021-07-12 04:00:00,380.12,137.7,3
2021-07-11 21:00:00,8,2021-07-12 05:00:00,380.21,151.2,3
2021-07-11 21:00:00,9,2021-07-12 06:00:00,380.23,154.2,3
2021-07-11 21:00:00,10,2021-07-12 07:00:00,380.22,153.2,3
2021-07-11 21:00:00,11,2021-07-12 08:00:00,380.21,151.3,3
2021-07-11 21:00:00,12,2021-07-12 09:00:00,380.19,148.8,3
2021-07-12 06:00:00,7,2021-07-12 13:00:00,380.05,128.7,3
2021-07-12 06:00:00,8,2021-07-12 14:00:00,380.07,132.0,3
2021-07-12 06:00:00,9,2021-07-12 15:00:00,380.11,136.7,3
2021-07-12 06:00:00,10,2021-07-12 16:00:00,380.1,135.5,3
2021-07-12 06:00:00,11,2021-07-12 17:00:00,380.09,134.1,3
2021-07-12 06:00:00,12,2021-07-12 18:00:00,380.08,132.4,3
2021-07-12 13:00:00,7,2021-07-12 20:00:00,379.96,116.4,3
2021-07-12 13:00:00,8,2021-07-12 21:00:00,379.96,116.4,3
2021-07-12 13:00:00,9,2021-07-12 22:00:00,379.98,118.6,3
2021-07-12 13:00:00,10,2021-07-12 23:00:00,380.11,136.5,3
2021-07-12 13:00:00,11,2021-07-13 00:00:00,380.13,139.6,3
2021-07-12 13:00:00,12,2021-07-13 01:00:00,380.15,143.3,3
2021-07-12 21:00:00,7,2021-07-13 04:00:00,380.12,139.1,3
2021-07-12 21:00:00,8,2021-07-13 05:00:00,380.26,158.7,3
2021-07-12 21:00:00,9,2021-07-13 06:00:00,380.41,181.4,3
2021-07-12 21:00:00,10,2021-07-13 07:00:00,380.45,188.0,3
2021-07-12 21:00:00,11,2021-07-13 08:00:00,380.45,188.4,3
2021-07-12 21:00:00,12,2021-07-13 09:00:00,380.55,205.3,3
2021-07-13 06:00:00,7,2021-07-13 13:00:00,381.44,376.2,3
2021-07-13 06:00:00,8,2021-07-13 14:00:00,381.4,368.4,3
2021-07-13 06:00:00,9,2021-07-13 15:00:00,381.37,361.8,3
2021-07-13 06:00:00,10,2021-07-13 16:00:00,381.32,350.8,3
2021-07-13 06:00:00,11,2021-07-13 17:00:00,381.26,337.8,3
2021-07-13 06:00:00,12,2021-07-13 18:00:00,381.2,325.8,3
2021-07-13 12:00:00,7,2021-07-13 19:00:00,381.4,366.7,3
2021-07-13 12:00:00,8,2021-07-13 20:00:00,381.33,352.9,3
2021-07-13 12:00:00,9,2021-07-13 21:00:00,381.28,340.8,3
2021-07-13 12:00:00,10,2021-07-13 22:00:00,381.21,327.3,3
2021-07-13 12:00:00,11,2021-07-13 23:00:00,381.15,314.9,3
2021-07-13 12:00:00,12,2021-07-14 00:00:00,381.11,306.2,3
2021-07-13 18:00:00,7,2021-07-14 01:00:00,380.93,270.9,3
2021-07-13 18:00:00,8,2021-07-14 02:00:00,380.94,273.3,3
2021-07-13 18:00:00,9,2021-07-14 03:00:00,380.96,278.2,3
2021-07-13 18:00:00,10,2021-07-14 04:00:00,380.99,282.7,3
2021-07-13 18:00:00,11,2021-07-14 05:00:00,381.0,284.5,3
2021-07-13 18:00:00,12,2021-07-14 06:00:00,380.99,283.4,3
2021-07-13 22:00:00,7,2021-07-14 05:00:00,380.61,214.7,3
2021-07-13 22:00:00,8,2021-07-14 06:00:00,380.58,209.5,3
2021-07-13 22:00:00,9,2021-07-14 07:00:00,380.61,214.9,3
2021-07-13 22:00:00,10,2021-07-14 08:00:00,380.61,213.7,3
2021-07-13 22:00:00,11,2021-07-14 09:00:00,380.6,213.1,3
2021-07-13 22:00:00,12,2021-07-14 10:00:00,380.62,215.9,3
2021-07-14 06:00:00,7,2021-07-14 13:00:00,380.49,194.4,3
2021-07-14 06:00:00,8,2021-07-14 14:00:00,380.49,194.4,3
2021-07-14 06:00:00,9,2021-07-14 15:00:00,380.5,195.8,3
2021-07-14 06:00:00,10,2021-07-14 16:00:00,380.47,191.6,3
2021-07-14 06:00:00,11,2021-07-14 17:00:00,380.45,187.8,3
2021-07-14 06:00:00,12,2021-07-14 18:00:00,380.42,184.1,3
2021-07-14 11:00:00,7,2021-07-14 18:00:00,380.41,181.3,3
2021-07-14 11:00:00,8,2021-07-14 19:00:00,380.37,176.4,3
2021-07-14 11:00:00,9,2021-07-14 20:00:00,380.39,178.5,3
2021-07-14 11:00:00,10,2021-07-14 21:00:00,380.42,182.9,3
2021-07-14 11:00:00,11,2021-07-14 22:00:00,380.41,181.3,3
2021-07-14 11:00:00,12,2021-07-14 23:00:00,380.4,180.4,3
2021-07-14 14:00:00,7,2021-07-14 21:00:00,380.34,171.1,3
2021-07-14 14:00:00,8,2021-07-14 22:00:00,380.37,174.9,3
2021-07-14 14:00:00,9,2021-07-14 23:00:00,380.41,181.1,3
2021-07-14 14:00:00,10,2021-07-15 00:00:00,380.42,183.5,3
2021-07-14 14:00:00,11,2021-07-15 01:00:00,380.44,186.8,3
2021-07-14 14:00:00,12,2021-07-15 02:00:00,380.47,190.9,3
2021-07-14 19:00:00,7,2021-07-15 02:00:00,380.48,193.1,3
2021-07-14 19:00:00,8,2021-07-15 03:00:00,380.52,199.2,3
2021-07-14 19:00:00,9,2021-07-15 04:00:00,380.58,209.9,3
2021-07-14 19:00:00,10,2021-07-15 05:00:00,380.65,222.2,3
2021-07-14 19:00:00,11,2021-07-15 06:00:00,380.75,239.0,3
2021-07-14 19:00:00,12,2021-07-15 07:00:00,380.87,260.2,3
2021-07-14 20:00:00,7,2021-07-15 03:00:00,380.73,235.0,3
2021-07-14 20:00:00,8,2021-07-15 04:00:00,380.79,246.7,3
2021-07-14 20:00:00,9,2021-07-15 05:00:00,380.91,267.9,3
2021-07-14 20:00:00,10,2021-07-15 06:00:00,381.0,285.1,3
2021-07-14 20:00:00,11,2021-07-15 07:00:00,381.06,296.5,3
2021-07-14 20:00:00,12,2021-07-15 08:00:00,381.12,308.5,3
2021-07-14 21:00:00,7,2021-07-15 04:00:00,380.79,246.7,3
2021-07-14 21:00:00,8,2021-07-15 05:00:00,380.91,267.9,3
2021-07-14 21:00:00,9,2021-07-15 06:00:00,381.0,285.1,3
2021-07-14 21:00:00,10,2021-07-15 07:00:00,381.06,296.5,3
2021-07-14 21:00:00,11,2021-07-15 08:00:00,381.12,308.5,3
2021-07-14 21:00:00,12,2021-07-15 09:00:00,381.17,319.5,3
2021-07-15 06:00:00,7,2021-07-15 13:00:00,381.67,430.5,3
2021-07-15 06:00:00,8,2021-07-15 14:00:00,381.7,436.4,3
2021-07-15 06:00:00,9,2021-07-15 15:00:00,381.73,444.7,3
2021-07-15 06:00:00,10,2021-07-15 16:00:00,381.74,447.2,3
2021-07-15 06:00:00,11,2021-07-15 17:00:00,381.76,451.2,3
2021-07-15 06:00:00,12,2021-07-15 18:00:00,381.77,452.6,3
2021-07-15 16:00:00,7,2021-07-15 23:00:00,381.39,366.2,3
2021-07-15 16:00:00,8,2021-07-16 00:00:00,381.33,351.8,3
2021-07-15 16:00:00,9,2021-07-16 01:00:00,381.37,362.0,3
2021-07-15 16:00:00,10,2021-07-16 02:00:00,381.35,357.1,3
2021-07-15 16:00:00,11,2021-07-16 03:00:00,381.3,346.1,3
2021-07-15 16:00:00,12,2021-07-16 04:00:00,381.25,335.6,3
2021-07-15 22:00:00,7,2021-07-16 05:00:00,381.15,315.2,3
2021-07-15 22:00:00,8,2021-07-16 06:00:00,381.06,297.6,3
2021-07-15 22:00:00,9,2021-07-16 07:00:00,381.07,299.4,3
2021-07-15 22:00:00,10,2021-07-16 08:00:00,381.02,289.2,3
2021-07-15 22:00:00,11,2021-07-16 09:00:00,380.97,280.2,3
2021-07-15 22:00:00,12,2021-07-16 10:00:00,380.93,272.1,3
2021-07-16 07:00:00,7,2021-07-16 14:00:00,381.09,301.9,3
2021-07-16 07:00:00,8,2021-07-16 15:00:00,381.05,294.1,3
2021-07-16 07:00:00,9,2021-07-16 16:00:00,380.96,278.3,3
2021-07-16 07:00:00,10,2021-07-16 17:00:00,380.89,264.5,3
2021-07-16 07:00:00,11,2021-07-16 18:00:00,380.83,253.5,3
2021-07-16 07:00:00,12,2021-07-16 19:00:00,380.79,246.1,3
2021-07-16 12:00:00,7,2021-07-16 19:00:00,381.03,290.4,3
2021-07-16 12:00:00,8,2021-07-16 20:00:00,380.97,278.9,3
2021-07-16 12:00:00,9,2021-07-16 21:00:00,380.9,265.4,3
2021-07-16 12:00:00,10,2021-07-16 22:00:00,380.85,256.2,3
2021-07-16 12:00:00,11,2021-07-16 23:00:00,380.81,248.9,3
2021-07-16 12:00:00,12,2021-07-17 00:00:00,380.78,243.7,3
2021-07-16 23:00:00,7,2021-07-17 06:00:00,380.5,196.1,3
2021-07-16 23:00:00,8,2021-07-17 07:00:00,380.51,197.7,3
2021-07-16 23:00:00,9,2021-07-17 08:00:00,380.51,197.4,3
2021-07-16 23:00:00,10,2021-07-17 09:00:00,380.5,196.7,3
2021-07-16 23:00:00,11,2021-07-17 10:00:00,380.5,195.7,3
2021-07-16 23:00:00,12,2021-07-17 11:00:00,380.49,194.9,3
2021-07-17 07:00:00,7,2021-07-17 14:00:00,380.31,167.1,3
2021-07-17 07:00:00,8,2021-07-17 15:00:00,380.34,170.9,3
2021-07-17 07:00:00,9,2021-07-17 16:00:00,380.35,173.1,3
2021-07-17 07:00:00,10,2021-07-17 17:00:00,380.36,173.9,3
2021-07-17 07:00:00,11,2021-07-17 18:00:00,380.36,173.9,3
2021-07-17 07:00:00,12,2021-07-17 19:00:00,380.36,173.5,3
2021-07-17 12:00:00,7,2021-07-17 19:00:00,380.06,130.5,3
2021-07-17 12:00:00,8,2021-07-17 20:00:00,380.14,140.6,3
2021-07-17 12:00:00,9,2021-07-17 21:00:00,380.21,151.2,3
2021-07-17 12:00:00,10,2021-07-17 22:00:00,380.24,155.7,3
2021-07-17 12:00:00,11,2021-07-17 23:00:00,380.26,159.4,3
2021-07-17 12:00:00,12,2021-07-18 00:00:00,380.28,162.4,3
2021-07-18 06:00:00,7,2021-07-18 13:00:00,378.5,0.0,3
2021-07-18 06:00:00,8,2021-07-18 14:00:00,378.5,0.0,3
2021-07-18 06:00:00,9,2021-07-18 15:00:00,378.86,8.6,3
2021-07-18 06:00:00,10,2021-07-18 16:00:00,379.2,28.4,3
2021-07-18 06:00:00,11,2021-07-18 17:00:00,379.35,42.3,3
2021-07-18 06:00:00,12,2021-07-18 18:00:00,379.45,54.0,3
2021-07-18 12:00:00,7,2021-07-18 19:00:00,379.12,22.8,3
2021-07-18 12:00:00,8,2021-07-18 20:00:00,379.26,33.9,3
2021-07-18 12:00:00,9,2021-07-18 21:00:00,379.37,44.9,3
2021-07-18 12:00:00,10,2021-07-18 22:00:00,379.51,59.9,3
2021-07-18 12:00:00,11,2021-07-18 23:00:00,379.58,69.0,3
2021-07-18 12:00:00,12,2021-07-19 00:00:00,379.66,78.1,3
2021-07-18 21:00:00,7,2021-07-19 04:00:00,379.62,73.8,3
2021-07-18 21:00:00,8,2021-07-19 05:00:00,379.76,90.2,3
2021-07-18 21:00:00,9,2021-07-19 06:00:00,379.83,98.9,3
2021-07-18 21:00:00,10,2021-07-19 07:00:00,379.86,103.4,3
2021-07-18 21:00:00,11,2021-07-19 08:00:00,379.89,106.7,3
2021-07-18 21:00:00,12,2021-07-19 09:00:00,379.91,109.2,3
2021-07-19 06:00:00,7,2021-07-19 13:00:00,379.58,68.0,3
2021-07-19 06:00:00,8,2021-07-19 14:00:00,379.63,74.0,3
2021-07-19 06:00:00,9,2021-07-19 15:00:00,379.68,80.5,3
2021-07-19 06:00:00,10,2021-07-19 16:00:00,379.75,88.7,3
2021-07-19 06:00:00,11,2021-07-19 17:00:00,379.77,92.1,3
2021-07-19 06:00:00,12,2021-07-19 18:00:00,379.8,95.0,3
2021-07-19 12:00:00,7,2021-07-19 19:00:00,379.67,79.2,3
2021-07-19 12:00:00,8,2021-07-19 20:00:00,379.7,82.7,3
2021-07-19 12:00:00,9,2021-07-19 21:00:00,379.74,87.7,3
2021-07-19 12:00:00,10,2021-07-19 22:00:00,379.81,97.1,3
2021-07-19 12:00:00,11,2021-07-19 23:00:00,379.85,101.7,3
2021-07-19 12:00:00,12,2021-07-20 00:00:00,379.88,106.3,3
2021-07-20 07:00:00,7,2021-07-20 14:00:00,379.53,62.2,3
2021-07-20 07:00:00,8,2021-07-20 15:00:00,379.58,68.0,3
2021-07-20 07:00:00,9,2021-07-20 16:00:00,379.64,75.5,3
2021-07-20 07:00:00,10,2021-07-20 17:00:00,379.66,78.4,3
2021-07-20 07:00:00,11,2021-07-20 18:00:00,379.68,80.9,3
2021-07-20 07:00:00,12,2021-07-20 19:00:00,379.7,83.0,3
2021-07-20 11:00:00,7,2021-07-20 18:00:00,379.55,65.1,3
2021-07-20 11:00:00,8,2021-07-20 19:00:00,379.57,66.9,3
2021-07-20 11:00:00,9,2021-07-20 20:00:00,379.59,69.5,3
2021-07-20 11:00:00,10,2021-07-20 21:00:00,379.63,74.8,3
2021-07-20 11:00:00,11,2021-07-20 22:00:00,379.72,84.8,3
2021-07-20 11:00:00,12,2021-07-20 23:00:00,379.75,88.9,3
2021-07-20 15:00:00,7,2021-07-20 22:00:00,379.9,108.7,3
2021-07-20 15:00:00,8,2021-07-20 23:00:00,379.93,112.5,3
2021-07-20 15:00:00,9,2021-07-21 00:00:00,379.98,119.3,3
2021-07-20 15:00:00,10,2021-07-21 01:00:00,380.0,122.1,3
2021-07-20 15:00:00,11,2021-07-21 02:00:00,380.04,126.6,3
2021-07-20 15:00:00,12,2021-07-21 03:00:00,380.06,129.3,3
2021-07-20 16:00:00,7,2021-07-20 23:00:00,379.93,112.5,3
2021-07-20 16:00:00,8,2021-07-21 00:00:00,379.98,119.3,3
2021-07-20 16:00:00,9,2021-07-21 01:00:00,380.0,122.1,3
2021-07-20 16:00:00,10,2021-07-21 02:00:00,380.04,126.6,3
2021-07-20 16:00:00,11,2021-07-21 03:00:00,380.06,129.3,3
2021-07-20 16:00:00,12,2021-07-21 04:00:00,380.07,131.6,3
2021-07-20 21:00:00,7,2021-07-21 04:00:00,380.0,121.6,3
2021-07-20 21:00:00,8,2021-07-21 05:00:00,380.07,130.9,3
2021-07-20 21:00:00,9,2021-07-21 06:00:00,380.11,136.6,3
2021-07-20 21:00:00,10,2021-07-21 07:00:00,380.1,135.8,3
2021-07-20 21:00:00,11,2021-07-21 08:00:00,380.09,133.9,3
2021-07-20 21:00:00,12,2021-07-21 09:00:00,380.07,131.5,3
2021-07-21 06:00:00,7,2021-07-21 13:00:00,379.99,120.3,3
2021-07-21 06:00:00,8,2021-07-21 14:00:00,379.96,116.8,3
2021-07-21 06:00:00,9,2021-07-21 15:00:00,379.96,116.8,3
2021-07-21 06:00:00,10,2021-07-21 16:00:00,380.0,122.3,3
2021-07-21 06:00:00,11,2021-07-21 17:00:00,379.98,119.2,3
2021-07-21 06:00:00,12,2021-07-21 18:00:00,379.96,116.4,3
2021-07-21 11:00:00,7,2021-07-21 18:00:00,379.89,106.3,3
2021-07-21 11:00:00,8,2021-07-21 19:00:00,379.88,105.3,3
2021-07-21 11:00:00,9,2021-07-21 20:00:00,379.87,103.9,3
2021-07-21 11:00:00,10,2021-07-21 21:00:00,379.88,105.1,3
2021-07-21 11:00:00,11,2021-07-21 22:00:00,379.94,113.4,3
2021-07-21 11:00:00,12,2021-07-21 23:00:00,379.94,114.1,3
2021-07-21 15:00:00,7,2021-07-21 22:00:00,379.83,99.4,3
2021-07-21 15:00:00,8,2021-07-21 23:00:00,379.87,104.7,3
2021-07-21 15:00:00,9,2021-07-22 00:00:00,379.95,115.0,3
2021-07-21 15:00:00,10,2021-07-22 01:00:00,379.97,117.4,3
2021-07-21 15:00:00,11,2021-07-22 02:00:00,379.99,120.6,3
2021-07-21 15:00:00,12,2021-07-22 03:00:00,380.02,124.6,3
2021-07-21 17:00:00,7,2021-07-22 00:00:00,379.86,102.7,3
2021-07-21 17:00:00,8,2021-07-22 01:00:00,379.88,105.9,3
2021-07-21 17:00:00,9,2021-07-22 02:00:00,379.96,116.6,3
2021-07-21 17:00:00,10,2021-07-22 03:00:00,380.04,126.6,3
2021-07-21 17:00:00,11,2021-07-22 04:00:00,380.05,128.3,3
2021-07-21 17:00:00,12,2021-07-22 05:00:00,380.06,129.6,3
2021-07-21 21:00:00,7,2021-07-22 04:00:00,379.94,113.4,3
2021-07-21 21:00:00,8,2021-07-22 05:00:00,380.02,123.8,3
2021-07-21 21:00:00,9,2021-07-22 06:00:00,380.07,130.7,3
2021-07-21 21:00:00,10,2021-07-22 07:00:00,380.06,129.6,3
2021-07-21 21:00:00,11,2021-07-22 08:00:00,380.04,127.9,3
2021-07-21 21:00:00,12,2021-07-22 09:00:00,380.03,125.6,3
2021-07-22 06:00:00,7,2021-07-22 13:00:00,379.87,104.4,3
2021-07-22 06:00:00,8,2021-07-22 14:00:00,379.86,102.7,3
2021-07-22 06:00:00,9,2021-07-22 15:00:00,379.86,103.1,3
2021-07-22 06:00:00,10,2021-07-22 16:00:00,379.91,110.2,3
2021-07-22 06:00:00,11,2021-07-22 17:00:00,379.9,107.9,3
2021-07-22 06:00:00,12,2021-07-22 18:00:00,379.88,105.6,3
2021-07-22 14:00:00,7,2021-07-22 21:00:00,379.78,92.5,3
2021-07-22 14:00:00,8,2021-07-22 22:00:00,379.77,91.1,3
2021-07-22 14:00:00,9,2021-07-22 23:00:00,379.79,94.3,3
2021-07-22 14:00:00,10,2021-07-23 00:00:00,379.89,107.4,3
2021-07-22 14:00:00,11,2021-07-23 01:00:00,379.91,110.2,3
2021-07-22 14:00:00,12,2021-07-23 02:00:00,379.94,114.1,3
2021-07-22 17:00:00,7,2021-07-23 00:00:00,379.77,92.1,3
2021-07-22 17:00:00,8,2021-07-23 01:00:00,379.81,96.1,3
2021-07-22 17:00:00,9,2021-07-23 02:00:00,379.93,111.9,3
2021-07-22 17:00:00,10,2021-07-23 03:00:00,379.98,119.0,3
2021-07-22 17:00:00,11,2021-07-23 04:00:00,380.0,122.2,3
2021-07-22 17:00:00,12,2021-07-23 05:00:00,380.01,123.4,3
2021-07-23 06:00:00,7,2021-07-23 13:00:00,379.88,106.2,3
2021-07-23 06:00:00,8,2021-07-23 14:00:00,379.86,103.0,3
2021-07-23 06:00:00,9,2021-07-23 15:00:00,379.84,100.3,3
2021-07-23 06:00:00,10,2021-07-23 16:00:00,379.9,107.9,3
2021-07-23 06:00:00,11,2021-07-23 17:00:00,379.87,104.8,3
2021-07-23 06:00:00,12,2021-07-23 18:00:00,379.85,102.3,3
2021-07-23 14:00:00,7,2021-07-23 21:00:00,379.74,88.1,3
2021-07-23 14:00:00,8,2021-07-23 22:00:00,379.73,86.9,3
2021-07-23 14:00:00,9,2021-07-23 23:00:00,379.76,90.8,3
2021-07-23 14:00:00,10,2021-07-24 00:00:00,379.87,104.7,3
2021-07-23 14:00:00,11,2021-07-24 01:00:00,379.9,108.1,3
2021-07-23 14:00:00,12,2021-07-24 02:00:00,379.95,114.4,3
2021-07-24 06:00:00,7,2021-07-24 13:00:00,379.85,101.9,3
2021-07-24 06:00:00,8,2021-07-24 14:00:00,379.84,99.9,3
2021-07-24 06:00:00,9,2021-07-24 15:00:00,379.84,100.1,3
2021-07-24 06:00:00,10,2021-07-24 16:00:00,379.87,104.3,3
2021-07-24 06:00:00,11,2021-07-24 17:00:00,379.86,102.6,3
2021-07-24 06:00:00,12,2021-07-24 18:00:00,379.84,100.8,3
2021-07-24 16:00:00,7,2021-07-24 23:00:00,379.78,92.7,3
2021-07-24 16:00:00,8,2021-07-25 00:00:00,379.83,98.7,3
2021-07-24 16:00:00,9,2021-07-25 01:00:00,379.84,100.6,3
2021-07-24 16:00:00,10,2021-07-25 02:00:00,379.88,105.9,3
2021-07-24 16:00:00,11,2021-07-25 03:00:00,379.92,110.6,3
2021-07-24 16:00:00,12,2021-07-25 04:00:00,379.93,112.5,3
2021-07-24 21:00:00,7,2021-07-25 04:00:00,379.86,102.8,3
2021-07-24 21:00:00,8,2021-07-25 05:00:00,379.89,106.6,3
2021-07-24 21:00:00,9,2021-07-25 06:00:00,379.92,111.0,3
2021-07-24 21:00:00,10,2021-07-25 07:00:00,379.94,114.2,3
2021-07-24 21:00:00,11,2021-07-25 08:00:00,379.94,114.0,3
2021-07-24 21:00:00,12,2021-07-25 09:00:00,379.94,113.6,3
2021-07-25 06:00:00,7,2021-07-25 13:00:00,379.85,101.3,3
2021-07-25 06:00:00,8,2021-07-25 14:00:00,379.85,101.8,3
2021-07-25 06:00:00,9,2021-07-25 15:00:00,379.84,100.8,3
2021-07-25 06:00:00,10,2021-07-25 16:00:00,379.86,102.5,3
2021-07-25 06:00:00,11,2021-07-25 17:00:00,379.84,100.7,3
2021-07-25 06:00:00,12,2021-07-25 18:00:00,379.83,99.0,3
2021-07-25 14:00:00,7,2021-07-25 21:00:00,379.79,93.5,3
2021-07-25 14:00:00,8,2021-07-25 22:00:00,379.78,93.3,3
2021-07-25 14:00:00,9,2021-07-25 23:00:00,379.8,94.8,3
2021-07-25 14:00:00,10,2021-07-26 00:00:00,379.86,103.4,3
2021-07-25 14:00:00,11,2021-07-26 01:00:00,379.87,104.5,3
2021-07-25 14:00:00,12,2021-07-26 02:00:00,379.87,104.7,3
2021-07-26 06:00:00,7,2021-07-26 13:00:00,379.75,89.7,3
2021-07-26 06:00:00,8,2021-07-26 14:00:00,379.77,92.1,3
2021-07-26 06:00:00,9,2021-07-26 15:00:00,379.76,89.7,3
2021-07-26 06:00:00,10,2021-07-26 16:00:00,379.79,93.7,3
2021-07-26 06:00:00,11,2021-07-26 17:00:00,379.77,91.9,3
2021-07-26 06:00:00,12,2021-07-26 18:00:00,379.76,90.3,3
2021-07-26 14:00:00,7,2021-07-26 21:00:00,379.65,76.9,3
2021-07-26 14:00:00,8,2021-07-26 22:00:00,379.67,78.8,3
2021-07-26 14:00:00,9,2021-07-26 23:00:00,379.67,79.2,3
2021-07-26 14:00:00,10,2021-07-27 00:00:00,379.75,89.5,3
2021-07-26 14:00:00,11,2021-07-27 01:00:00,379.77,91.3,3
2021-07-26 14:00:00,12,2021-07-27 02:00:00,379.79,93.8,3
2021-07-27 06:00:00,7,2021-07-27 13:00:00,379.66,77.8,3
2021-07-27 06:00:00,8,2021-07-27 14:00:00,379.68,80.0,3
2021-07-27 06:00:00,9,2021-07-27 15:00:00,379.66,78.6,3
2021-07-27 06:00:00,10,2021-07-27 16:00:00,379.71,84.2,3
2021-07-27 06:00:00,11,2021-07-27 17:00:00,379.71,84.4,3
2021-07-27 06:00:00,12,2021-07-27 18:00:00,379.71,83.6,3
2021-07-27 13:00:00,7,2021-07-27 20:00:00,379.54,63.7,3
2021-07-27 13:00:00,8,2021-07-27 21:00:00,379.58,68.5,3
2021-07-27 13:00:00,9,2021-07-27 22:00:00,379.6,70.3,3
2021-07-27 13:00:00,10,2021-07-27 23:00:00,379.59,70.1,3
2021-07-27 13:00:00,11,2021-07-28 00:00:00,379.6,70.9,3
2021-07-27 13:00:00,12,2021-07-28 01:00:00,379.68,80.6,3
2021-07-27 14:00:00,7,2021-07-27 21:00:00,379.58,68.5,3
2021-07-27 14:00:00,8,2021-07-27 22:00:00,379.6,70.3,3
2021-07-27 14:00:00,9,2021-07-27 23:00:00,379.59,70.1,3
2021-07-27 14:00:00,10,2021-07-28 00:00:00,379.6,70.9,3
2021-07-27 14:00:00,11,2021-07-28 01:00:00,379.68,80.6,3
2021-07-27 14:00:00,12,2021-07-28 02:00:00,379.71,84.3,3
2021-07-28 06:00:00,7,2021-07-28 13:00:00,379.79,94.2,3
2021-07-28 06:00:00,8,2021-07-28 14:00:00,379.78,92.6,3
2021-07-28 06:00:00,9,2021-07-28 15:00:00,379.76,90.3,3
2021-07-28 06:00:00,10,2021-07-28 16:00:00,379.79,94.5,3
2021-07-28 06:00:00,11,2021-07-28 17:00:00,379.78,93.1,3
2021-07-28 06:00:00,12,2021-07-28 18:00:00,379.79,93.7,3
2021-07-28 16:00:00,7,2021-07-28 23:00:00,379.87,103.7,3
2021-07-28 16:00:00,8,2021-07-29 00:00:00,379.85,101.6,3
2021-07-28 16:00:00,9,2021-07-29 01:00:00,379.83,99.6,3
2021-07-28 16:00:00,10,2021-07-29 02:00:00,379.86,103.2,3
2021-07-28 16:00:00,11,2021-07-29 03:00:00,379.91,109.4,3
2021-07-28 16:00:00,12,2021-07-29 04:00:00,379.91,110.2,3
2021-07-29 06:00:00,7,2021-07-29 13:00:00,379.72,85.8,3
2021-07-29 06:00:00,8,2021-07-29 14:00:00,379.75,88.9,3
2021-07-29 06:00:00,9,2021-07-29 15:00:00,379.74,87.5,3
2021-07-29 06:00:00,10,2021-07-29 16:00:00,379.79,94.1,3
2021-07-29 06:00:00,11,2021-07-29 17:00:00,379.78,92.2,3
2021-07-29 06:00:00,12,2021-07-29 18:00:00,379.76,90.5,3
2021-07-29 14:00:00,7,2021-07-29 21:00:00,379.65,76.9,3
2021-07-29 14:00:00,8,2021-07-29 22:00:00,379.65,76.3,3
2021-07-29 14:00:00,9,2021-07-29 23:00:00,379.65,77.4,3
2021-07-29 14:00:00,10,2021-07-30 00:00:00,379.76,90.6,3
2021-07-29 14:00:00,11,2021-07-30 01:00:00,379.78,92.4,3
2021-07-29 14:00:00,12,2021-07-30 02:00:00,379.8,95.3,3
2021-07-30 06:00:00,7,2021-07-30 13:00:00,379.78,93.3,3
2021-07-30 06:00:00,8,2021-07-30 14:00:00,379.77,91.4,3
2021-07-30 06:00:00,9,2021-07-30 15:00:00,379.79,94.3,3
2021-07-30 06:00:00,10,2021-07-30 16:00:00,379.84,101.1,3
2021-07-30 06:00:00,11,2021-07-30 17:00:00,379.83,99.4,3
2021-07-30 06:00:00,12,2021-07-30 18:00:00,379.82,98.3,3
2021-07-30 17:00:00,7,2021-07-31 00:00:00,379.79,93.9,3
2021-07-30 17:00:00,8,2021-07-31 01:00:00,379.81,97.1,3
2021-07-30 17:00:00,9,2021-07-31 02:00:00,379.9,108.0,3
2021-07-30 17:00:00,10,2021-07-31 03:00:00,380.07,130.9,3
2021-07-30 17:00:00,11,2021-07-31 04:00:00,380.14,140.9,3
2021-07-30 17:00:00,12,2021-07-31 05:00:00,380.15,142.1,3
2021-07-30 21:00:00,7,2021-07-31 04:00:00,379.77,91.5,3
2021-07-30 21:00:00,8,2021-07-31 05:00:00,379.8,95.5,3
2021-07-30 21:00:00,9,2021-07-31 06:00:00,379.87,104.0,3
2021-07-30 21:00:00,10,2021-07-31 07:00:00,379.92,111.2,3
2021-07-30 21:00:00,11,2021-07-31 08:00:00,379.93,112.1,3
2021-07-30 21:00:00,12,2021-07-31 09:00:00,379.92,111.2,3
2021-07-31 06:00:00,7,2021-07-31 13:00:00,379.94,114.1,3
2021-07-31 06:00:00,8,2021-07-31 14:00:00,379.95,115.2,3
2021-07-31 06:00:00,9,2021-07-31 15:00:00,379.95,115.2,3
2021-07-31 06:00:00,10,2021-07-31 16:00:00,379.93,112.1,3
2021-07-31 06:00:00,11,2021-07-31 17:00:00,379.92,110.9,3
2021-07-31 06:00:00,12,2021-07-31 18:00:00,379.9,108.6,3
2021-07-31 11:00:00,7,2021-07-31 18:00:00,379.78,93.3,3
2021-07-31 11:00:00,8,2021-07-31 19:00:00,379.8,95.7,3
2021-07-31 11:00:00,9,2021-07-31 20:00:00,379.78,92.9,3
2021-07-31 11:00:00,10,2021-07-31 21:00:00,379.8,95.3,3
2021-07-31 11:00:00,11,2021-07-31 22:00:00,379.87,104.1,3
2021-07-31 11:00:00,12,2021-07-31 23:00:00,379.87,104.3,3
2021-07-31 17:00:00,7,2021-08-01 00:00:00,379.8,94.8,3
2021-07-31 17:00:00,8,2021-08-01 01:00:00,379.8,95.5,3
2021-07-31 17:00:00,9,2021-08-01 02:00:00,379.91,110.2,3
2021-07-31 17:00:00,10,2021-08-01 03:00:00,380.03,125.2,3
2021-07-31 17:00:00,11,2021-08-01 04:00:00,380.09,134.6,3
2021-07-31 17:00:00,12,2021-08-01 05:00:00,380.23,154.4,3
2021-07-31 22:00:00,7,2021-08-01 05:00:00,379.95,115.5,3
2021-07-31 22:00:00,8,2021-08-01 06:00:00,380.13,139.3,3
2021-07-31 22:00:00,9,2021-08-01 07:00:00,380.42,183.3,3
2021-07-31 22:00:00,10,2021-08-01 08:00:00,380.52,199.7,3
2021-07-31 22:00:00,11,2021-08-01 09:00:00,380.53,201.9,3
2021-07-31 22:00:00,12,2021-08-01 10:00:00,380.5,196.2,3
2021-08-01 06:00:00,7,2021-08-01 13:00:00,380.41,181.4,3
2021-08-01 06:00:00,8,2021-08-01 14:00:00,380.42,182.7,3
2021-08-01 06:00:00,9,2021-08-01 15:00:00,380.39,178.7,3
2021-08-01 06:00:00,10,2021-08-01 16:00:00,380.37,176.4,3
2021-08-01 06:00:00,11,2021-08-01 17:00:00,380.36,174.3,3
2021-08-01 06:00:00,12,2021-08-01 18:00:00,380.34,171.0,3
2021-08-01 11:00:00,7,2021-08-01 18:00:00,380.12,139.1,3
2021-08-01 11:00:00,8,2021-08-01 19:00:00,380.1,135.5,3
2021-08-01 11:00:00,9,2021-08-01 20:00:00,380.2,149.9,3
2021-08-01 11:00:00,10,2021-08-01 21:00:00,380.22,153.0,3
2021-08-01 11:00:00,11,2021-08-01 22:00:00,380.21,150.8,3
2021-08-01 11:00:00,12,2021-08-01 23:00:00,380.19,148.2,3
2021-08-01 20:00:00,7,2021-08-02 03:00:00,380.08,132.6,3
2021-08-01 20:00:00,8,2021-08-02 04:00:00,380.07,131.8,3
2021-08-01 20:00:00,9,2021-08-02 05:00:00,380.09,134.8,3
2021-08-01 20:00:00,10,2021-08-02 06:00:00,380.11,137.1,3
2021-08-01 20:00:00,11,2021-08-02 07:00:00,380.08,132.6,3
2021-08-01 20:00:00,12,2021-08-02 08:00:00,380.05,129.1,3
2021-08-02 07:00:00,7,2021-08-02 14:00:00,379.88,105.2,3
2021-08-02 07:00:00,8,2021-08-02 15:00:00,379.87,104.5,3
2021-08-02 07:00:00,9,2021-08-02 16:00:00,379.93,112.5,3
2021-08-02 07:00:00,10,2021-08-02 17:00:00,379.92,110.5,3
2021-08-02 07:00:00,11,2021-08-02 18:00:00,379.9,108.8,3
2021-08-02 07:00:00,12,2021-08-02 19:00:00,379.89,107.3,3
2021-08-02 18:00:00,7,2021-08-03 01:00:00,379.78,93.0,3
2021-08-02 18:00:00,8,2021-08-03 02:00:00,379.79,93.5,3
2021-08-02 18:00:00,9,2021-08-03 03:00:00,379.85,102.4,3
2021-08-02 18:00:00,10,2021-08-03 04:00:00,379.86,102.9,3
2021-08-02 18:00:00,11,2021-08-03 05:00:00,379.86,103.2,3
2021-08-02 18:00:00,12,2021-08-03 06:00:00,379.86,103.4,3
2021-08-03 06:00:00,7,2021-08-03 13:00:00,379.74,87.4,3
2021-08-03 06:00:00,8,2021-08-03 14:00:00,379.75,88.5,3
2021-08-03 06:00:00,9,2021-08-03 15:00:00,379.72,85.6,3
2021-08-03 06:00:00,10,2021-08-03 16:00:00,379.71,83.8,3
2021-08-03 06:00:00,11,2021-08-03 17:00:00,379.77,92.0,3
2021-08-03 06:00:00,12,2021-08-03 18:00:00,379.76,90.9,3
2021-08-03 13:00:00,7,2021-08-03 20:00:00,379.63,74.0,3
2021-08-03 13:00:00,8,2021-08-03 21:00:00,379.67,79.7,3
2021-08-03 13:00:00,9,2021-08-03 22:00:00,379.67,78.8,3
2021-08-03 13:00:00,10,2021-08-03 23:00:00,379.66,78.5,3
2021-08-03 13:00:00,11,2021-08-04 00:00:00,379.67,79.6,3
2021-08-03 13:00:00,12,2021-08-04 01:00:00,379.76,90.6,3
2021-08-03 18:00:00,7,2021-08-04 01:00:00,379.68,80.7,3
2021-08-03 18:00:00,8,2021-08-04 02:00:00,379.7,82.7,3
2021-08-03 18:00:00,9,2021-08-04 03:00:00,379.71,84.2,3
2021-08-03 18:00:00,10,2021-08-04 04:00:00,379.79,93.6,3
2021-08-03 18:00:00,11,2021-08-04 05:00:00,379.8,94.8,3
2021-08-03 18:00:00,12,2021-08-04 06:00:00,379.82,97.5,3
2021-08-04 06:00:00,7,2021-08-04 13:00:00,380.26,158.6,3
2021-08-04 06:00:00,8,2021-08-04 14:00:00,380.28,161.9,3
2021-08-04 06:00:00,9,2021-08-04 15:00:00,380.3,164.9,3
2021-08-04 06:00:00,10,2021-08-04 16:00:00,380.28,162.3,3
2021-08-04 06:00:00,11,2021-08-04 17:00:00,380.26,159.2,3
2021-08-04 06:00:00,12,2021-08-04 18:00:00,380.29,163.1,3
2021-08-04 13:00:00,7,2021-08-04 20:00:00,380.45,188.6,3
2021-08-04 13:00:00,8,2021-08-04 21:00:00,380.46,190.6,3
2021-08-04 13:00:00,9,2021-08-04 22:00:00,380.57,208.4,3
2021-08-04 13:00:00,10,2021-08-04 23:00:00,380.58,210.0,3
2021-08-04 13:00:00,11,2021-08-05 00:00:00,380.56,206.1,3
2021-08-04 13:00:00,12,2021-08-05 01:00:00,380.52,200.3,3
2021-08-04 17:00:00,7,2021-08-05 00:00:00,380.52,199.3,3
2021-08-04 17:00:00,8,2021-08-05 01:00:00,380.57,208.3,3
2021-08-04 17:00:00,9,2021-08-05 02:00:00,380.54,202.9,3
2021-08-04 17:00:00,10,2021-08-05 03:00:00,380.5,197.0,3
2021-08-04 17:00:00,11,2021-08-05 04:00:00,380.47,191.0,3
2021-08-04 17:00:00,12,2021-08-05 05:00:00,380.43,185.8,3
2021-08-05 06:00:00,7,2021-08-05 13:00:00,380.44,186.8,3
2021-08-05 06:00:00,8,2021-08-05 14:00:00,380.5,196.6,3
2021-08-05 06:00:00,9,2021-08-05 15:00:00,380.52,199.3,3
2021-08-05 06:00:00,10,2021-08-05 16:00:00,380.52,199.1,3
2021-08-05 06:00:00,11,2021-08-05 17:00:00,380.51,198.4,3
2021-08-05 06:00:00,12,2021-08-05 18:00:00,380.51,197.7,3
2021-08-05 08:00:00,7,2021-08-05 15:00:00,380.52,199.3,3
2021-08-05 08:00:00,8,2021-08-05 16:00:00,380.52,199.1,3
2021-08-05 08:00:00,9,2021-08-05 17:00:00,380.51,198.4,3
2021-08-05 08:00:00,10,2021-08-05 18:00:00,380.51,197.7,3
2021-08-05 08:00:00,11,2021-08-05 19:00:00,380.49,195.3,3
2021-08-05 08:00:00,12,2021-08-05 20:00:00,380.47,191.4,3
2021-08-05 13:00:00,7,2021-08-05 20:00:00,380.22,153.3,3
2021-08-05 13:00:00,8,2021-08-05 21:00:00,380.2,150.4,3
2021-08-05 13:00:00,9,2021-08-05 22:00:00,380.22,152.8,3
2021-08-05 13:00:00,10,2021-08-05 23:00:00,380.24,156.6,3
2021-08-05 13:00:00,11,2021-08-06 00:00:00,380.23,154.1,3
2021-08-05 13:00:00,12,2021-08-06 01:00:00,380.22,152.3,3
2021-08-06 07:00:00,7,2021-08-06 14:00:00,379.99,120.0,3
2021-08-06 07:00:00,8,2021-08-06 15:00:00,380.0,121.0,3
2021-08-06 07:00:00,9,2021-08-06 16:00:00,380.04,127.0,3
2021-08-06 07:00:00,10,2021-08-06 17:00:00,380.02,124.8,3
2021-08-06 07:00:00,11,2021-08-06 18:00:00,380.01,122.9,3
2021-08-06 07:00:00,12,2021-08-06 19:00:00,379.99,121.0,3
2021-08-07 06:00:00,7,2021-08-07 13:00:00,379.89,107.6,3
2021-08-07 06:00:00,8,2021-08-07 14:00:00,379.89,106.7,3
2021-08-07 06:00:00,9,2021-08-07 15:00:00,379.92,110.5,3
2021-08-07 06:00:00,10,2021-08-07 16:00:00,379.99,120.4,3
2021-08-07 06:00:00,11,2021-08-07 17:00:00,380.01,122.8,3
2021-08-07 06:00:00,12,2021-08-07 18:00:00,380.06,130.1,3
2021-08-07 11:00:00,7,2021-08-07 18:00:00,380.25,157.6,3
2021-08-07 11:00:00,8,2021-08-07 19:00:00,380.4,180.9,3
2021-08-07 11:00:00,9,2021-08-07 20:00:00,380.49,194.6,3
2021-08-07 11:00:00,10,2021-08-07 21:00:00,380.81,250.0,3
2021-08-07 11:00:00,11,2021-08-07 22:00:00,380.98,280.4,3
2021-08-07 11:00:00,12,2021-08-07 23:00:00,381.04,293.0,3
2021-08-07 16:00:00,7,2021-08-07 23:00:00,381.32,349.1,3
2021-08-07 16:00:00,8,2021-08-08 00:00:00,381.44,376.9,3
2021-08-07 16:00:00,9,2021-08-08 01:00:00,381.47,383.1,3
2021-08-07 16:00:00,10,2021-08-08 02:00:00,381.43,374.9,3
2021-08-07 16:00:00,11,2021-08-08 03:00:00,381.35,357.1,3
2021-08-07 16:00:00,12,2021-08-08 04:00:00,381.2,325.8,3
2021-08-07 23:00:00,7,2021-08-08 06:00:00,381.08,300.6,3
2021-08-07 23:00:00,8,2021-08-08 07:00:00,380.94,274.4,3
2021-08-07 23:00:00,9,2021-08-08 08:00:00,380.89,263.3,3
2021-08-07 23:00:00,10,2021-08-08 09:00:00,380.8,247.7,3
2021-08-07 23:00:00,11,2021-08-08 10:00:00,380.74,236.5,3
2021-08-07 23:00:00,12,2021-08-08 11:00:00,380.69,227.9,3
2021-08-08 07:00:00,7,2021-08-08 14:00:00,380.61,213.8,3
2021-08-08 07:00:00,8,2021-08-08 15:00:00,380.58,209.3,3
2021-08-08 07:00:00,9,2021-08-08 16:00:00,380.54,203.5,3
2021-08-08 07:00:00,10,2021-08-08 17:00:00,380.51,198.4,3
2021-08-08 07:00:00,11,2021-08-08 18:00:00,380.47,191.9,3
2021-08-08 07:00:00,12,2021-08-08 19:00:00,380.44,186.6,3
2021-08-08 12:00:00,7,2021-08-08 19:00:00,380.36,174.6,3
2021-08-08 12:00:00,8,2021-08-08 20:00:00,380.4,180.4,3
2021-08-08 12:00:00,9,2021-08-08 21:00:00,380.4,179.9,3
2021-08-08 12:00:00,10,2021-08-08 22:00:00,380.38,176.5,3
2021-08-08 12:00:00,11,2021-08-08 23:00:00,380.36,173.8,3
2021-08-08 12:00:00,12,2021-08-09 00:00:00,380.34,171.3,3
2021-08-08 13:00:00,7,2021-08-08 20:00:00,380.33,169.9,3
2021-08-08 13:00:00,8,2021-08-08 21:00:00,380.31,166.1,3
2021-08-08 13:00:00,9,2021-08-08 22:00:00,380.35,173.2,3
2021-08-08 13:00:00,10,2021-08-08 23:00:00,380.36,173.8,3
2021-08-08 13:00:00,11,2021-08-09 00:00:00,380.34,171.4,3
2021-08-08 13:00:00,12,2021-08-09 01:00:00,380.33,169.9,3
2021-08-08 15:00:00,7,2021-08-08 22:00:00,380.35,173.2,3
2021-08-08 15:00:00,8,2021-08-08 23:00:00,380.36,173.8,3
2021-08-08 15:00:00,9,2021-08-09 00:00:00,380.34,171.4,3
2021-08-08 15:00:00,10,2021-08-09 01:00:00,380.33,169.9,3
2021-08-08 15:00:00,11,2021-08-09 02:00:00,380.32,167.9,3
2021-08-08 15:00:00,12,2021-08-09 03:00:00,380.31,165.9,3
2021-08-09 07:00:00,7,2021-08-09 14:00:00,380.04,127.7,3
2021-08-09 07:00:00,8,2021-08-09 15:00:00,380.05,129.2,3
2021-08-09 07:00:00,9,2021-08-09 16:00:00,380.11,136.6,3
2021-08-09 07:00:00,10,2021-08-09 17:00:00,380.09,134.1,3
2021-08-09 07:00:00,11,2021-08-09 18:00:00,380.07,131.7,3
2021-08-09 07:00:00,12,2021-08-09 19:00:00,380.06,129.4,3
2021-08-10 07:00:00,7,2021-08-10 14:00:00,379.86,102.8,3
2021-08-10 07:00:00,8,2021-08-10 15:00:00,379.88,106.0,3
2021-08-10 07:00:00,9,2021-08-10 16:00:00,379.93,112.8,3
2021-08-10 07:00:00,10,2021-08-10 17:00:00,379.92,110.6,3
2021-08-10 07:00:00,11,2021-08-10 18:00:00,379.9,108.6,3
2021-08-10 07:00:00,12,2021-08-10 19:00:00,379.89,107.0,3
2021-08-11 07:00:00,7,2021-08-11 14:00:00,379.81,96.1,3
2021-08-11 07:00:00,8,2021-08-11 15:00:00,379.81,96.2,3
2021-08-11 07:00:00,9,2021-08-11 16:00:00,379.85,102.2,3
2021-08-11 07:00:00,10,2021-08-11 17:00:00,379.84,100.2,3
2021-08-11 07:00:00,11,2021-08-11 18:00:00,379.82,98.4,3
2021-08-11 07:00:00,12,2021-08-11 19:00:00,379.81,97.0,3
2021-08-12 07:00:00,7,2021-08-12 14:00:00,379.79,94.5,3
2021-08-12 07:00:00,8,2021-08-12 15:00:00,379.78,92.8,3
2021-08-12 07:00:00,9,2021-08-12 16:00:00,379.81,96.8,3
2021-08-12 07:00:00,10,2021-08-12 17:00:00,379.79,94.7,3
2021-08-12 07:00:00,11,2021-08-12 18:00:00,379.78,92.8,3
2021-08-12 07:00:00,12,2021-08-12 19:00:00,379.77,91.4,3
2021-08-12 08:00:00,7,2021-08-12 15:00:00,379.78,92.8,3
2021-08-12 08:00:00,8,2021-08-12 16:00:00,379.81,96.8,3
2021-08-12 08:00:00,9,2021-08-12 17:00:00,379.79,94.7,3
2021-08-12 08:00:00,10,2021-08-12 18:00:00,379.78,92.8,3
2021-08-12 08:00:00,11,2021-08-12 19:00:00,379.77,91.4,3
2021-08-12 08:00:00,12,2021-08-12 20:00:00,379.76,90.1,3
2021-08-12 09:00:00,7,2021-08-12 16:00:00,379.81,96.8,3
2021-08-12 09:00:00,8,2021-08-12 17:00:00,379.79,94.7,3
2021-08-12 09:00:00,9,2021-08-12 18:00:00,379.78,92.8,3
2021-08-12 09:00:00,10,2021-08-12 19:00:00,379.77,91.4,3
2021-08-12 09:00:00,11,2021-08-12 20:00:00,379.76,90.1,3
2021-08-12 09:00:00,12,2021-08-12 21:00:00,379.75,89.5,3
2021-08-13 07:00:00,7,2021-08-13 14:00:00,380.03,126.4,3
2021-08-13 07:00:00,8,2021-08-13 15:00:00,380.04,127.5,3
2021-08-13 07:00:00,9,2021-08-13 16:00:00,380.01,123.6,3
2021-08-13 07:00:00,10,2021-08-13 17:00:00,380.0,121.8,3
2021-08-13 07:00:00,11,2021-08-13 18:00:00,379.98,118.8,3
2021-08-13 07:00:00,12,2021-08-13 19:00:00,379.96,116.5,3
2021-08-14 07:00:00,7,2021-08-14 14:00:00,379.8,95.8,3
2021-08-14 07:00:00,8,2021-08-14 15:00:00,379.81,96.8,3
2021-08-14 07:00:00,9,2021-08-14 16:00:00,379.85,102.0,3
2021-08-14 07:00:00,10,2021-08-14 17:00:00,379.84,99.9,3
2021-08-14 07:00:00,11,2021-08-14 18:00:00,379.82,97.9,3
2021-08-14 07:00:00,12,2021-08-14 19:00:00,379.81,96.2,3
2021-08-14 09:00:00,7,2021-08-14 16:00:00,379.85,102.0,3
2021-08-14 09:00:00,8,2021-08-14 17:00:00,379.84,99.9,3
2021-08-14 09:00:00,9,2021-08-14 18:00:00,379.82,97.9,3
2021-08-14 09:00:00,10,2021-08-14 19:00:00,379.81,96.2,3
2021-08-14 09:00:00,11,2021-08-14 20:00:00,379.8,95.2,3
2021-08-14 09:00:00,12,2021-08-14 21:00:00,379.79,94.6,3
2021-08-15 07:00:00,7,2021-08-15 14:00:00,379.73,86.9,3
2021-08-15 07:00:00,8,2021-08-15 15:00:00,379.76,90.6,3
2021-08-15 07:00:00,9,2021-08-15 16:00:00,379.82,97.5,3
2021-08-15 07:00:00,10,2021-08-15 17:00:00,379.8,95.3,3
2021-08-15 07:00:00,11,2021-08-15 18:00:00,379.79,93.7,3
2021-08-15 07:00:00,12,2021-08-15 19:00:00,379.77,91.9,3
2021-08-16 07:00:00,7,2021-08-16 14:00:00,379.96,116.7,3
2021-08-16 07:00:00,8,2021-08-16 15:00:00,379.97,117.4,3
2021-08-16 07:00:00,9,2021-08-16 16:00:00,379.94,113.4,3
2021-08-16 07:00:00,10,2021-08-16 17:00:00,379.93,112.1,3
2021-08-16 07:00:00,11,2021-08-16 18:00:00,379.9,108.4,3
2021-08-16 07:00:00,12,2021-08-16 19:00:00,379.88,105.8,3
2021-08-17 07:00:00,7,2021-08-17 14:00:00,379.59,69.7,3
2021-08-17 07:00:00,8,2021-08-17 15:00:00,379.65,76.6,3
2021-08-17 07:00:00,9,2021-08-17 16:00:00,379.72,85.1,3
2021-08-17 07:00:00,10,2021-08-17 17:00:00,379.71,83.6,3
2021-08-17 07:00:00,11,2021-08-17 18:00:00,379.7,82.7,3
2021-08-17 07:00:00,12,2021-08-17 19:00:00,379.69,82.2,3
2021-08-18 07:00:00,7,2021-08-18 14:00:00,379.53,62.6,3
2021-08-18 07:00:00,8,2021-08-18 15:00:00,379.56,66.0,3
2021-08-18 07:00:00,9,2021-08-18 16:00:00,379.57,66.9,3
2021-08-18 07:00:00,10,2021-08-18 17:00:00,379.57,67.2,3
2021-08-18 07:00:00,11,2021-08-18 18:00:00,379.57,67.0,3
2021-08-18 07:00:00,12,2021-08-18 19:00:00,379.56,66.2,3
2021-08-19 07:00:00,7,2021-08-19 14:00:00,379.54,63.4,3
2021-08-19 07:00:00,8,2021-08-19 15:00:00,379.55,64.6,3
2021-08-19 07:00:00,9,2021-08-19 16:00:00,379.55,64.5,3
2021-08-19 07:00:00,10,2021-08-19 17:00:00,379.55,64.5,3
2021-08-19 07:00:00,11,2021-08-19 18:00:00,379.54,63.7,3
2021-08-19 07:00:00,12,2021-08-19 19:00:00,379.53,62.7,3
2021-08-20 06:00:00,7,2021-08-20 13:00:00,379.43,51.8,3
2021-08-20 06:00:00,8,2021-08-20 14:00:00,379.5,59.2,3
2021-08-20 06:00:00,9,2021-08-20 15:00:00,379.54,63.9,3
2021-08-20 06:00:00,10,2021-08-20 16:00:00,379.54,64.1,3
2021-08-20 06:00:00,11,2021-08-20 17:00:00,379.54,64.2,3
2021-08-20 06:00:00,12,2021-08-20 18:00:00,379.54,63.9,3
2021-08-21 08:00:00,7,2021-08-21 15:00:00,379.52,61.1,3
2021-08-21 08:00:00,8,2021-08-21 16:00:00,379.51,60.3,3
2021-08-21 08:00:00,9,2021-08-21 17:00:00,379.54,63.9,3
2021-08-21 08:00:00,10,2021-08-21 18:00:00,379.54,63.2,3
2021-08-21 08:00:00,11,2021-08-21 19:00:00,379.52,62.0,3
2021-08-21 08:00:00,12,2021-08-21 20:00:00,379.52,61.0,3
2021-08-22 07:00:00,7,2021-08-22 14:00:00,379.51,60.1,3
2021-08-22 07:00:00,8,2021-08-22 15:00:00,379.54,63.5,3
2021-08-22 07:00:00,9,2021-08-22 16:00:00,379.54,63.8,3
2021-08-22 07:00:00,10,2021-08-22 17:00:00,379.58,69.0,3
2021-08-22 07:00:00,11,2021-08-22 18:00:00,379.59,70.0,3
2021-08-22 07:00:00,12,2021-08-22 19:00:00,379.6,70.6,3
2021-08-23 07:00:00,7,2021-08-23 14:00:00,379.49,58.6,3
2021-08-23 07:00:00,8,2021-08-23 15:00:00,379.52,61.8,3
2021-08-23 07:00:00,9,2021-08-23 16:00:00,379.52,61.4,3
2021-08-23 07:00:00,10,2021-08-23 17:00:00,379.55,65.5,3
2021-08-23 07:00:00,11,2021-08-23 18:00:00,379.55,64.9,3
2021-08-23 07:00:00,12,2021-08-23 19:00:00,379.54,63.5,3
2021-08-24 07:00:00,7,2021-08-24 14:00:00,379.45,54.0,3
2021-08-24 07:00:00,8,2021-08-24 15:00:00,379.43,51.4,3
2021-08-24 07:00:00,9,2021-08-24 16:00:00,379.43,51.6,3
2021-08-24 07:00:00,10,2021-08-24 17:00:00,379.44,52.7,3
2021-08-24 07:00:00,11,2021-08-24 18:00:00,379.44,52.4,3
2021-08-24 07:00:00,12,2021-08-24 19:00:00,379.45,53.4,3
2021-08-25 07:00:00,7,2021-08-25 14:00:00,379.42,50.4,3
2021-08-25 07:00:00,8,2021-08-25 15:00:00,379.44,52.4,3
2021-08-25 07:00:00,9,2021-08-25 16:00:00,379.45,53.4,3
2021-08-25 07:00:00,10,2021-08-25 17:00:00,379.44,52.3,3
2021-08-25 07:00:00,11,2021-08-25 18:00:00,379.44,52.0,3
2021-08-25 07:00:00,12,2021-08-25 19:00:00,379.45,53.3,3
2021-08-26 06:00:00,7,2021-08-26 13:00:00,379.39,46.7,3
2021-08-26 06:00:00,8,2021-08-26 14:00:00,379.38,46.2,3
2021-08-26 06:00:00,9,2021-08-26 15:00:00,379.38,46.3,3
2021-08-26 06:00:00,10,2021-08-26 16:00:00,379.4,48.0,3
2021-08-26 06:00:00,11,2021-08-26 17:00:00,379.41,49.4,3
2021-08-26 06:00:00,12,2021-08-26 18:00:00,379.42,49.7,3
2021-08-27 07:00:00,7,2021-08-27 14:00:00,379.4,47.7,3
2021-08-27 07:00:00,8,2021-08-27 15:00:00,379.41,49.3,3
2021-08-27 07:00:00,9,2021-08-27 16:00:00,379.42,50.2,3
2021-08-27 07:00:00,10,2021-08-27 17:00:00,379.42,50.5,3
2021-08-27 07:00:00,11,2021-08-27 18:00:00,379.4,48.4,3
2021-08-27 07:00:00,12,2021-08-27 19:00:00,379.39,46.7,3
2021-08-28 06:00:00,7,2021-08-28 13:00:00,379.45,53.7,3
2021-08-28 06:00:00,8,2021-08-28 14:00:00,379.46,54.2,3
2021-08-28 06:00:00,9,2021-08-28 15:00:00,379.49,58.1,3
2021-08-28 06:00:00,10,2021-08-28 16:00:00,379.49,58.4,3
2021-08-28 06:00:00,11,2021-08-28 17:00:00,379.49,57.6,3
2021-08-28 06:00:00,12,2021-08-28 18:00:00,379.48,57.3,3
2021-08-29 07:00:00,7,2021-08-29 14:00:00,379.41,49.6,3
2021-08-29 07:00:00,8,2021-08-29 15:00:00,379.44,52.1,3
2021-08-29 07:00:00,9,2021-08-29 16:00:00,379.43,51.8,3
2021-08-29 07:00:00,10,2021-08-29 17:00:00,379.44,51.9,3
2021-08-29 07:00:00,11,2021-08-29 18:00:00,379.46,54.1,3
2021-08-29 07:00:00,12,2021-08-29 19:00:00,379.46,54.4,3
2021-08-30 13:00:00,7,2021-08-30 20:00:00,379.26,33.9,3
2021-08-30 13:00:00,8,2021-08-30 21:00:00,379.25,32.6,3
2021-08-30 13:00:00,9,2021-08-30 22:00:00,379.27,34.3,3
2021-08-30 13:00:00,10,2021-08-30 23:00:00,379.29,36.3,3
2021-08-30 13:00:00,11,2021-08-31 00:00:00,379.31,38.5,3
2021-08-30 13:00:00,12,2021-08-31 01:00:00,379.31,38.5,3
2021-08-31 07:00:00,7,2021-08-31 14:00:00,379.4,48.3,3
2021-08-31 07:00:00,8,2021-08-31 15:00:00,379.39,47.3,3
2021-08-31 07:00:00,9,2021-08-31 16:00:00,379.41,49.2,3
2021-08-31 07:00:00,10,2021-08-31 17:00:00,379.44,52.1,3
2021-08-31 07:00:00,11,2021-08-31 18:00:00,379.44,52.1,3
2021-08-31 07:00:00,12,2021-08-31 19:00:00,379.44,52.0,3
2021-09-01 07:00:00,7,2021-09-01 14:00:00,379.37,44.8,3
2021-09-01 07:00:00,8,2021-09-01 15:00:00,379.39,46.6,3
2021-09-01 07:00:00,9,2021-09-01 16:00:00,379.4,47.5,3
2021-09-01 07:00:00,10,2021-09-01 17:00:00,379.41,49.1,3
2021-09-01 07:00:00,11,2021-09-01 18:00:00,379.42,50.5,3
2021-09-01 07:00:00,12,2021-09-01 19:00:00,379.42,50.1,3
2021-09-02 07:00:00,7,2021-09-02 14:00:00,379.39,46.9,3
2021-09-02 07:00:00,8,2021-09-02 15:00:00,379.4,47.4,3
2021-09-02 07:00:00,9,2021-09-02 16:00:00,379.42,50.4,3
2021-09-02 07:00:00,10,2021-09-02 17:00:00,379.43,51.0,3
2021-09-02 07:00:00,11,2021-09-02 18:00:00,379.44,52.1,3
2021-09-02 07:00:00,12,2021-09-02 19:00:00,379.44,52.3,3
2021-09-03 07:00:00,7,2021-09-03 14:00:00,379.38,45.7,3
2021-09-03 07:00:00,8,2021-09-03 15:00:00,379.41,49.4,3
2021-09-03 07:00:00,9,2021-09-03 16:00:00,379.41,49.6,3
2021-09-03 07:00:00,10,2021-09-03 17:00:00,379.43,51.1,3
2021-09-03 07:00:00,11,2021-09-03 18:00:00,379.44,52.4,3
2021-09-03 07:00:00,12,2021-09-03 19:00:00,379.44,52.0,3
2021-09-04 07:00:00,7,2021-09-04 14:00:00,379.44,52.3,3
2021-09-04 07:00:00,8,2021-09-04 15:00:00,379.42,50.6,3
2021-09-04 07:00:00,9,2021-09-04 16:00:00,379.44,52.3,3
2021-09-04 07:00:00,10,2021-09-04 17:00:00,379.43,51.1,3
2021-09-04 07:00:00,11,2021-09-04 18:00:00,379.42,50.6,3
2021-09-04 07:00:00,12,2021-09-04 19:00:00,379.41,49.4,3
2021-09-05 07:00:00,7,2021-09-05 14:00:00,379.37,44.6,3
2021-09-05 07:00:00,8,2021-09-05 15:00:00,379.36,43.8,3
2021-09-05 07:00:00,9,2021-09-05 16:00:00,379.38,46.1,3
2021-09-05 07:00:00,10,2021-09-05 17:00:00,379.38,46.2,3
2021-09-05 07:00:00,11,2021-09-05 18:00:00,379.41,48.5,3
2021-09-05 07:00:00,12,2021-09-05 19:00:00,379.4,48.0,3
2021-09-06 07:00:00,7,2021-09-06 14:00:00,379.35,42.7,3
2021-09-06 07:00:00,8,2021-09-06 15:00:00,379.38,45.8,3
2021-09-06 07:00:00,9,2021-09-06 16:00:00,379.38,46.0,3
2021-09-06 07:00:00,10,2021-09-06 17:00:00,379.39,46.6,3
2021-09-06 07:00:00,11,2021-09-06 18:00:00,379.41,48.6,3
2021-09-06 07:00:00,12,2021-09-06 19:00:00,379.41,48.9,3
2021-09-07 07:00:00,7,2021-09-07 14:00:00,379.4,47.9,3
2021-09-07 07:00:00,8,2021-09-07 15:00:00,379.41,49.0,3
2021-09-07 07:00:00,9,2021-09-07 16:00:00,379.43,51.0,3
2021-09-07 07:00:00,10,2021-09-07 17:00:00,379.43,50.9,3
2021-09-07 07:00:00,11,2021-09-07 18:00:00,379.42,49.8,3
2021-09-07 07:00:00,12,2021-09-07 19:00:00,379.41,48.9,3
2021-09-08 07:00:00,7,2021-09-08 14:00:00,379.37,44.7,3
2021-09-08 07:00:00,8,2021-09-08 15:00:00,379.35,42.9,3
2021-09-08 07:00:00,9,2021-09-08 16:00:00,379.36,44.0,3
2021-09-08 07:00:00,10,2021-09-08 17:00:00,379.37,44.7,3
2021-09-08 07:00:00,11,2021-09-08 18:00:00,379.39,47.1,3
2021-09-08 07:00:00,12,2021-09-08 19:00:00,379.4,47.4,3
2021-09-09 07:00:00,7,2021-09-09 14:00:00,379.37,44.2,3
2021-09-09 07:00:00,8,2021-09-09 15:00:00,379.44,51.8,3
2021-09-09 07:00:00,9,2021-09-09 16:00:00,379.45,53.5,3
2021-09-09 07:00:00,10,2021-09-09 17:00:00,379.44,52.7,3
2021-09-09 07:00:00,11,2021-09-09 18:00:00,379.44,52.4,3
2021-09-09 07:00:00,12,2021-09-09 19:00:00,379.43,51.2,3
2021-09-10 07:00:00,7,2021-09-10 14:00:00,379.41,49.4,3
2021-09-10 07:00:00,8,2021-09-10 15:00:00,379.44,52.7,3
2021-09-10 07:00:00,9,2021-09-10 16:00:00,379.44,53.0,3
2021-09-10 07:00:00,10,2021-09-10 17:00:00,379.45,53.0,3
2021-09-10 07:00:00,11,2021-09-10 18:00:00,379.44,51.9,3
2021-09-10 07:00:00,12,2021-09-10 19:00:00,379.44,52.1,3
2021-09-12 07:00:00,7,2021-09-12 14:00:00,379.35,42.9,3
2021-09-12 07:00:00,8,2021-09-12 15:00:00,379.35,42.5,3
2021-09-12 07:00:00,9,2021-09-12 16:00:00,379.36,43.9,3
2021-09-12 07:00:00,10,2021-09-12 17:00:00,379.36,44.0,3
2021-09-12 07:00:00,11,2021-09-12 18:00:00,379.37,44.8,3
2021-09-12 07:00:00,12,2021-09-12 19:00:00,379.38,45.2,3
2021-09-13 07:00:00,7,2021-09-13 14:00:00,379.33,40.8,3
2021-09-13 07:00:00,8,2021-09-13 15:00:00,379.33,40.4,3
2021-09-13 07:00:00,9,2021-09-13 16:00:00,379.34,41.9,3
2021-09-13 07:00:00,10,2021-09-13 17:00:00,379.34,42.0,3
2021-09-13 07:00:00,11,2021-09-13 18:00:00,379.37,44.9,3
2021-09-13 07:00:00,12,2021-09-13 19:00:00,379.36,43.9,3
2021-09-14 07:00:00,7,2021-09-14 14:00:00,379.32,39.0,3
2021-09-14 07:00:00,8,2021-09-14 15:00:00,379.31,38.8,3
2021-09-14 07:00:00,9,2021-09-14 16:00:00,379.33,40.6,3
2021-09-14 07:00:00,10,2021-09-14 17:00:00,379.34,41.8,3
2021-09-14 07:00:00,11,2021-09-14 18:00:00,379.37,44.2,3
2021-09-14 07:00:00,12,2021-09-14 19:00:00,379.36,43.4,3
2021-09-14 21:00:00,7,2021-09-15 04:00:00,379.28,35.3,3
2021-09-14 21:00:00,8,2021-09-15 05:00:00,379.29,36.8,3
2021-09-14 21:00:00,9,2021-09-15 06:00:00,379.3,37.3,3
2021-09-14 21:00:00,10,2021-09-15 07:00:00,379.32,39.7,3
2021-09-14 21:00:00,11,2021-09-15 08:00:00,379.35,42.5,3
2021-09-14 21:00:00,12,2021-09-15 09:00:00,379.37,44.6,3
2021-09-15 07:00:00,7,2021-09-15 14:00:00,379.34,41.3,3
2021-09-15 07:00:00,8,2021-09-15 15:00:00,379.34,41.8,3
2021-09-15 07:00:00,9,2021-09-15 16:00:00,379.37,45.0,3
2021-09-15 07:00:00,10,2021-09-15 17:00:00,379.39,46.9,3
2021-09-15 07:00:00,11,2021-09-15 18:00:00,379.41,48.9,3
2021-09-15 07:00:00,12,2021-09-15 19:00:00,379.42,49.8,3
2021-09-16 07:00:00,7,2021-09-16 14:00:00,379.76,90.3,3
2021-09-16 07:00:00,8,2021-09-16 15:00:00,379.74,88.3,3
2021-09-16 07:00:00,9,2021-09-16 16:00:00,379.75,88.7,3
2021-09-16 07:00:00,10,2021-09-16 17:00:00,379.74,87.6,3
2021-09-16 07:00:00,11,2021-09-16 18:00:00,379.73,86.0,3
2021-09-16 07:00:00,12,2021-09-16 19:00:00,379.71,84.2,3
2021-09-17 06:00:00,7,2021-09-17 13:00:00,379.52,61.8,3
2021-09-17 06:00:00,8,2021-09-17 14:00:00,379.56,66.1,3
2021-09-17 06:00:00,9,2021-09-17 15:00:00,379.56,65.6,3
2021-09-17 06:00:00,10,2021-09-17 16:00:00,379.55,65.2,3
2021-09-17 06:00:00,11,2021-09-17 17:00:00,379.56,66.7,3
2021-09-17 06:00:00,12,2021-09-17 18:00:00,379.57,67.4,3
2021-09-18 06:00:00,7,2021-09-18 13:00:00,379.35,42.8,3
2021-09-18 06:00:00,8,2021-09-18 14:00:00,379.36,43.2,3
2021-09-18 06:00:00,9,2021-09-18 15:00:00,379.4,47.9,3
2021-09-18 06:00:00,10,2021-09-18 16:00:00,379.41,48.8,3
2021-09-18 06:00:00,11,2021-09-18 17:00:00,379.41,49.3,3
2021-09-18 06:00:00,12,2021-09-18 18:00:00,379.42,50.0,3
2021-09-18 16:00:00,7,2021-09-18 23:00:00,379.29,36.5,3
2021-09-18 16:00:00,8,2021-09-19 00:00:00,379.27,34.8,3
2021-09-18 16:00:00,9,2021-09-19 01:00:00,379.28,35.2,3
2021-09-18 16:00:00,10,2021-09-19 02:00:00,379.34,41.5,3
2021-09-18 16:00:00,11,2021-09-19 03:00:00,379.36,43.3,3
2021-09-18 16:00:00,12,2021-09-19 04:00:00,379.38,45.5,3
2021-09-18 21:00:00,7,2021-09-19 04:00:00,379.29,36.6,3
2021-09-18 21:00:00,8,2021-09-19 05:00:00,379.36,43.6,3
2021-09-18 21:00:00,9,2021-09-19 06:00:00,379.43,51.6,3
2021-09-18 21:00:00,10,2021-09-19 07:00:00,379.45,53.5,3
2021-09-18 21:00:00,11,2021-09-19 08:00:00,379.49,57.9,3
2021-09-18 21:00:00,12,2021-09-19 09:00:00,379.52,61.1,3
2021-09-19 06:00:00,7,2021-09-19 13:00:00,379.68,80.4,3
2021-09-19 06:00:00,8,2021-09-19 14:00:00,379.76,90.1,3
2021-09-19 06:00:00,9,2021-09-19 15:00:00,379.8,95.6,3
2021-09-19 06:00:00,10,2021-09-19 16:00:00,379.96,116.7,3
2021-09-19 06:00:00,11,2021-09-19 17:00:00,379.96,116.5,3
2021-09-19 06:00:00,12,2021-09-19 18:00:00,380.0,121.2,3
2021-09-19 12:00:00,7,2021-09-19 19:00:00,380.01,123.3,3
2021-09-19 12:00:00,8,2021-09-19 20:00:00,380.02,124.1,3
2021-09-19 12:00:00,9,2021-09-19 21:00:00,380.03,126.4,3
2021-09-19 12:00:00,10,2021-09-19 22:00:00,380.05,129.2,3
2021-09-19 12:00:00,11,2021-09-19 23:00:00,380.02,125.0,3
2021-09-19 12:00:00,12,2021-09-20 00:00:00,379.99,121.0,3
2021-09-19 16:00:00,7,2021-09-19 23:00:00,379.76,89.8,3
2021-09-19 16:00:00,8,2021-09-20 00:00:00,379.75,88.5,3
2021-09-19 16:00:00,9,2021-09-20 01:00:00,379.72,85.0,3
2021-09-19 16:00:00,10,2021-09-20 02:00:00,379.77,91.5,3
2021-09-19 16:00:00,11,2021-09-20 03:00:00,379.75,89.0,3
2021-09-19 16:00:00,12,2021-09-20 04:00:00,379.77,92.1,3
2021-09-19 21:00:00,7,2021-09-20 04:00:00,379.71,83.9,3
2021-09-19 21:00:00,8,2021-09-20 05:00:00,379.7,82.4,3
2021-09-19 21:00:00,9,2021-09-20 06:00:00,379.69,81.1,3
2021-09-19 21:00:00,10,2021-09-20 07:00:00,379.66,77.5,3
2021-09-19 21:00:00,11,2021-09-20 08:00:00,379.64,75.4,3
2021-09-19 21:00:00,12,2021-09-20 09:00:00,379.65,76.6,3
2021-09-20 06:00:00,7,2021-09-20 13:00:00,379.51,60.9,3
2021-09-20 06:00:00,8,2021-09-20 14:00:00,379.5,58.8,3
2021-09-20 06:00:00,9,2021-09-20 15:00:00,379.49,57.9,3
2021-09-20 06:00:00,10,2021-09-20 16:00:00,379.49,58.4,3
2021-09-20 06:00:00,11,2021-09-20 17:00:00,379.51,60.8,3
2021-09-20 06:00:00,12,2021-09-20 18:00:00,379.53,63.2,3
2021-09-21 07:00:00,7,2021-09-21 14:00:00,379.45,53.3,3
2021-09-21 07:00:00,8,2021-09-21 15:00:00,379.43,51.8,3
2021-09-21 07:00:00,9,2021-09-21 16:00:00,379.43,51.6,3
2021-09-21 07:00:00,10,2021-09-21 17:00:00,379.44,52.2,3
2021-09-21 07:00:00,11,2021-09-21 18:00:00,379.45,53.0,3
2021-09-21 07:00:00,12,2021-09-21 19:00:00,379.44,52.5,3
2021-09-22 07:00:00,7,2021-09-22 14:00:00,379.35,42.1,3
2021-09-22 07:00:00,8,2021-09-22 15:00:00,379.36,43.3,3
2021-09-22 07:00:00,9,2021-09-22 16:00:00,379.38,45.4,3
2021-09-22 07:00:00,10,2021-09-22 17:00:00,379.36,43.8,3
2021-09-22 07:00:00,11,2021-09-22 18:00:00,379.35,42.7,3
2021-09-22 07:00:00,12,2021-09-22 19:00:00,379.38,45.3,3
2021-09-23 07:00:00,7,2021-09-23 14:00:00,379.3,37.6,3
2021-09-23 07:00:00,8,2021-09-23 15:00:00,379.31,38.9,3
2021-09-23 07:00:00,9,2021-09-23 16:00:00,379.32,39.5,3
2021-09-23 07:00:00,10,2021-09-23 17:00:00,379.33,40.2,3
2021-09-23 07:00:00,11,2021-09-23 18:00:00,379.32,39.8,3
2021-09-23 07:00:00,12,2021-09-23 19:00:00,379.35,42.4,3
2021-09-24 07:00:00,7,2021-09-24 14:00:00,379.24,31.5,3
2021-09-24 07:00:00,8,2021-09-24 15:00:00,379.3,37.0,3
2021-09-24 07:00:00,9,2021-09-24 16:00:00,379.27,34.9,3
2021-09-24 07:00:00,10,2021-09-24 17:00:00,379.27,34.6,3
2021-09-24 07:00:00,11,2021-09-24 18:00:00,379.28,35.4,3
2021-09-24 07:00:00,12,2021-09-24 19:00:00,379.32,39.7,3
2021-09-25 07:00:00,7,2021-09-25 14:00:00,379.21,29.7,3
2021-09-25 07:00:00,8,2021-09-25 15:00:00,379.23,30.9,3
2021-09-25 07:00:00,9,2021-09-25 16:00:00,379.25,33.1,3
2021-09-25 07:00:00,10,2021-09-25 17:00:00,379.26,33.2,3
2021-09-25 07:00:00,11,2021-09-25 18:00:00,379.27,34.5,3
2021-09-25 07:00:00,12,2021-09-25 19:00:00,379.31,38.8,3
2021-09-26 07:00:00,7,2021-09-26 14:00:00,379.28,35.8,3
2021-09-26 07:00:00,8,2021-09-26 15:00:00,379.33,40.9,3
2021-09-26 07:00:00,9,2021-09-26 16:00:00,379.34,41.3,3
2021-09-26 07:00:00,10,2021-09-26 17:00:00,379.33,40.1,3
2021-09-26 07:00:00,11,2021-09-26 18:00:00,379.33,40.6,3
2021-09-26 07:00:00,12,2021-09-26 19:00:00,379.36,43.1,3
2021-09-27 07:00:00,7,2021-09-27 14:00:00,379.34,41.9,3
2021-09-27 07:00:00,8,2021-09-27 15:00:00,379.38,45.9,3
2021-09-27 07:00:00,9,2021-09-27 16:00:00,379.39,47.3,3
2021-09-27 07:00:00,10,2021-09-27 17:00:00,379.4,48.3,3
2021-09-27 07:00:00,11,2021-09-27 18:00:00,379.41,48.7,3
2021-09-27 07:00:00,12,2021-09-27 19:00:00,379.41,48.6,3
2021-09-28 07:00:00,7,2021-09-28 14:00:00,379.26,34.0,3
2021-09-28 07:00:00,8,2021-09-28 15:00:00,379.27,34.8,3
2021-09-28 07:00:00,9,2021-09-28 16:00:00,379.3,37.1,3
2021-09-28 07:00:00,10,2021-09-28 17:00:00,379.29,36.9,3
2021-09-28 07:00:00,11,2021-09-28 18:00:00,379.32,39.1,3
2021-09-28 07:00:00,12,2021-09-28 19:00:00,379.31,38.7,3
2021-09-29 07:00:00,7,2021-09-29 14:00:00,379.2,28.8,3
2021-09-29 07:00:00,8,2021-09-29 15:00:00,379.26,33.9,3
2021-09-29 07:00:00,9,2021-09-29 16:00:00,379.27,34.3,3
2021-09-29 07:00:00,10,2021-09-29 17:00:00,379.29,36.9,3
2021-09-29 07:00:00,11,2021-09-29 18:00:00,379.33,40.3,3
2021-09-29 07:00:00,12,2021-09-29 19:00:00,379.35,42.6,3
2021-09-30 07:00:00,7,2021-09-30 14:00:00,379.22,30.1,3
2021-09-30 07:00:00,8,2021-09-30 15:00:00,379.27,34.5,3
2021-09-30 07:00:00,9,2021-09-30 16:00:00,379.28,35.0,3
2021-09-30 07:00:00,10,2021-09-30 17:00:00,379.27,34.3,3
2021-09-30 07:00:00,11,2021-09-30 18:00:00,379.27,34.2,3
2021-09-30 07:00:00,12,2021-09-30 19:00:00,379.27,34.6,3
2021-10-01 07:00:00,7,2021-10-01 14:00:00,379.23,31.3,3
2021-10-01 07:00:00,8,2021-10-01 15:00:00,379.22,29.9,3
2021-10-01 07:00:00,9,2021-10-01 16:00:00,379.24,31.8,3
2021-10-01 07:00:00,10,2021-10-01 17:00:00,379.24,31.6,3
2021-10-01 07:00:00,11,2021-10-01 18:00:00,379.23,31.3,3
2021-10-01 07:00:00,12,2021-10-01 19:00:00,379.24,31.9,3
2021-10-02 07:00:00,7,2021-10-02 14:00:00,379.21,29.6,3
2021-10-02 07:00:00,8,2021-10-02 15:00:00,379.24,32.2,3
2021-10-02 07:00:00,9,2021-10-02 16:00:00,379.2,28.6,3
2021-10-02 07:00:00,10,2021-10-02 17:00:00,379.2,28.4,3
2021-10-02 07:00:00,11,2021-10-02 18:00:00,379.21,29.1,3
2021-10-02 07:00:00,12,2021-10-02 19:00:00,379.22,29.8,3
2021-10-03 07:00:00,7,2021-10-03 14:00:00,379.25,32.9,3
2021-10-03 07:00:00,8,2021-10-03 15:00:00,379.23,30.7,3
2021-10-03 07:00:00,9,2021-10-03 16:00:00,379.22,30.3,3
2021-10-03 07:00:00,10,2021-10-03 17:00:00,379.2,28.8,3
2021-10-03 07:00:00,11,2021-10-03 18:00:00,379.22,30.5,3
2021-10-03 07:00:00,12,2021-10-03 19:00:00,379.26,33.7,3
2021-10-03 18:00:00,7,2021-10-04 01:00:00,379.28,35.8,3
2021-10-03 18:00:00,8,2021-10-04 02:00:00,379.33,40.3,3
2021-10-03 18:00:00,9,2021-10-04 03:00:00,379.36,43.1,3
2021-10-03 18:00:00,10,2021-10-04 04:00:00,379.35,42.6,3
2021-10-03 18:00:00,11,2021-10-04 05:00:00,379.35,42.8,3
2021-10-03 18:00:00,12,2021-10-04 06:00:00,379.37,44.5,3
2021-10-03 21:00:00,7,2021-10-04 04:00:00,379.32,39.0,3
2021-10-03 21:00:00,8,2021-10-04 05:00:00,379.32,39.0,3
2021-10-03 21:00:00,9,2021-10-04 06:00:00,379.32,39.7,3
2021-10-03 21:00:00,10,2021-10-04 07:00:00,379.37,44.8,3
2021-10-03 21:00:00,11,2021-10-04 08:00:00,379.39,47.1,3
2021-10-03 21:00:00,12,2021-10-04 09:00:00,379.42,50.3,3
2021-10-03 23:00:00,7,2021-10-04 06:00:00,379.32,39.7,3
2021-10-03 23:00:00,8,2021-10-04 07:00:00,379.36,43.5,3
2021-10-03 23:00:00,9,2021-10-04 08:00:00,379.41,49.4,3
2021-10-03 23:00:00,10,2021-10-04 09:00:00,379.44,52.5,3
2021-10-03 23:00:00,11,2021-10-04 10:00:00,379.48,56.9,3
2021-10-03 23:00:00,12,2021-10-04 11:00:00,379.51,59.8,3
2021-10-04 07:00:00,7,2021-10-04 14:00:00,379.54,63.5,3
2021-10-04 07:00:00,8,2021-10-04 15:00:00,379.54,63.8,3
2021-10-04 07:00:00,9,2021-10-04 16:00:00,379.55,65.2,3
2021-10-04 07:00:00,10,2021-10-04 17:00:00,379.57,66.8,3
2021-10-04 07:00:00,11,2021-10-04 18:00:00,379.59,69.7,3
2021-10-04 07:00:00,12,2021-10-04 19:00:00,379.58,68.8,3
2021-10-04 12:00:00,7,2021-10-04 19:00:00,379.43,51.8,3
2021-10-04 12:00:00,8,2021-10-04 20:00:00,379.5,59.0,3
2021-10-04 12:00:00,9,2021-10-04 21:00:00,379.51,60.2,3
2021-10-04 12:00:00,10,2021-10-04 22:00:00,379.49,58.4,3
2021-10-04 12:00:00,11,2021-10-04 23:00:00,379.49,58.1,3
2021-10-04 12:00:00,12,2021-10-05 00:00:00,379.49,58.6,3
2021-10-04 17:00:00,7,2021-10-05 00:00:00,379.52,62.1,3
2021-10-04 17:00:00,8,2021-10-05 01:00:00,379.52,62.1,3
2021-10-04 17:00:00,9,2021-10-05 02:00:00,379.56,66.5,3
2021-10-04 17:00:00,10,2021-10-05 03:00:00,379.58,69.0,3
2021-10-04 17:00:00,11,2021-10-05 04:00:00,379.6,70.5,3
2021-10-04 17:00:00,12,2021-10-05 05:00:00,379.62,73.2,3
2021-10-05 06:00:00,7,2021-10-05 13:00:00,379.74,87.3,3
2021-10-05 06:00:00,8,2021-10-05 14:00:00,379.69,81.3,3
2021-10-05 06:00:00,9,2021-10-05 15:00:00,379.73,86.9,3
2021-10-05 06:00:00,10,2021-10-05 16:00:00,379.71,84.2,3
2021-10-05 06:00:00,11,2021-10-05 17:00:00,379.68,80.9,3
2021-10-05 06:00:00,12,2021-10-05 18:00:00,379.66,77.9,3
2021-10-06 07:00:00,7,2021-10-06 14:00:00,379.64,75.8,3
2021-10-06 07:00:00,8,2021-10-06 15:00:00,379.61,72.3,3
2021-10-06 07:00:00,9,2021-10-06 16:00:00,379.63,74.5,3
2021-10-06 07:00:00,10,2021-10-06 17:00:00,379.64,76.2,3
2021-10-06 07:00:00,11,2021-10-06 18:00:00,379.64,75.5,3
2021-10-06 07:00:00,12,2021-10-06 19:00:00,379.63,74.3,3
2021-10-07 07:00:00,7,2021-10-07 14:00:00,379.45,53.4,3
2021-10-07 07:00:00,8,2021-10-07 15:00:00,379.45,53.1,3
2021-10-07 07:00:00,9,2021-10-07 16:00:00,379.43,51.7,3
2021-10-07 07:00:00,10,2021-10-07 17:00:00,379.42,49.6,3
2021-10-07 07:00:00,11,2021-10-07 18:00:00,379.44,51.8,3
2021-10-07 07:00:00,12,2021-10-07 19:00:00,379.45,53.6,3
2021-10-08 07:00:00,7,2021-10-08 14:00:00,379.34,41.5,3
2021-10-08 07:00:00,8,2021-10-08 15:00:00,379.35,43.0,3
2021-10-08 07:00:00,9,2021-10-08 16:00:00,379.34,41.7,3
2021-10-08 07:00:00,10,2021-10-08 17:00:00,379.33,40.9,3
2021-10-08 07:00:00,11,2021-10-08 18:00:00,379.36,43.8,3
2021-10-08 07:00:00,12,2021-10-08 19:00:00,379.36,43.3,3
2021-10-09 07:00:00,7,2021-10-09 14:00:00,379.27,35.0,3
2021-10-09 07:00:00,8,2021-10-09 15:00:00,379.32,39.5,3
2021-10-09 07:00:00,9,2021-10-09 16:00:00,379.3,37.6,3
2021-10-09 07:00:00,10,2021-10-09 17:00:00,379.3,37.5,3
2021-10-09 07:00:00,11,2021-10-09 18:00:00,379.31,38.5,3
2021-10-09 07:00:00,12,2021-10-09 19:00:00,379.31,38.8,3
2021-10-10 06:00:00,7,2021-10-10 13:00:00,379.2,28.6,3
2021-10-10 06:00:00,8,2021-10-10 14:00:00,379.2,28.4,3
2021-10-10 06:00:00,9,2021-10-10 15:00:00,379.26,33.9,3
2021-10-10 06:00:00,10,2021-10-10 16:00:00,379.25,32.9,3
2021-10-10 06:00:00,11,2021-10-10 17:00:00,379.28,35.2,3
2021-10-10 06:00:00,12,2021-10-10 18:00:00,379.26,33.5,3
2021-10-10 17:00:00,7,2021-10-11 00:00:00,379.19,28.0,3
2021-10-10 17:00:00,8,2021-10-11 01:00:00,379.2,28.6,3
2021-10-10 17:00:00,9,2021-10-11 02:00:00,379.25,32.9,3
2021-10-10 17:00:00,10,2021-10-11 03:00:00,379.26,33.3,3
2021-10-10 17:00:00,11,2021-10-11 04:00:00,379.25,32.3,3
2021-10-10 17:00:00,12,2021-10-11 05:00:00,379.27,34.2,3
2021-10-11 07:00:00,7,2021-10-11 14:00:00,379.16,26.0,3
2021-10-11 07:00:00,8,2021-10-11 15:00:00,379.22,30.5,3
2021-10-11 07:00:00,9,2021-10-11 16:00:00,379.22,30.6,3
2021-10-11 07:00:00,10,2021-10-11 17:00:00,379.23,30.7,3
2021-10-11 07:00:00,11,2021-10-11 18:00:00,379.22,30.3,3
2021-10-11 07:00:00,12,2021-10-11 19:00:00,379.24,31.7,3
2021-10-12 07:00:00,7,2021-10-12 14:00:00,379.16,25.8,3
2021-10-12 07:00:00,8,2021-10-12 15:00:00,379.18,27.4,3
2021-10-12 07:00:00,9,2021-10-12 16:00:00,379.21,29.6,3
2021-10-12 07:00:00,10,2021-10-12 17:00:00,379.21,29.3,3
2021-10-12 07:00:00,11,2021-10-12 18:00:00,379.2,28.3,3
2021-10-12 07:00:00,12,2021-10-12 19:00:00,379.19,28.1,3
2021-10-13 07:00:00,7,2021-10-13 14:00:00,379.17,26.1,3
2021-10-13 07:00:00,8,2021-10-13 15:00:00,379.15,24.8,3
2021-10-13 07:00:00,9,2021-10-13 16:00:00,379.16,25.9,3
2021-10-13 07:00:00,10,2021-10-13 17:00:00,379.19,27.6,3
2021-10-13 07:00:00,11,2021-10-13 18:00:00,379.18,27.4,3
2021-10-13 07:00:00,12,2021-10-13 19:00:00,379.18,26.8,3
2021-10-14 06:00:00,7,2021-10-14 13:00:00,379.12,22.6,3
2021-10-14 06:00:00,8,2021-10-14 14:00:00,379.12,22.9,3
2021-10-14 06:00:00,9,2021-10-14 15:00:00,379.13,23.6,3
2021-10-14 06:00:00,10,2021-10-14 16:00:00,379.16,25.5,3
2021-10-14 06:00:00,11,2021-10-14 17:00:00,379.18,26.9,3
2021-10-14 06:00:00,12,2021-10-14 18:00:00,379.16,26.0,3
2021-10-15 07:00:00,7,2021-10-15 14:00:00,379.13,23.8,3
2021-10-15 07:00:00,8,2021-10-15 15:00:00,379.14,24.1,3
2021-10-15 07:00:00,9,2021-10-15 16:00:00,379.16,25.7,3
2021-10-15 07:00:00,10,2021-10-15 17:00:00,379.18,26.8,3
2021-10-15 07:00:00,11,2021-10-15 18:00:00,379.17,26.2,3
2021-10-15 07:00:00,12,2021-10-15 19:00:00,379.17,26.6,3
2021-10-16 06:00:00,7,2021-10-16 13:00:00,379.17,26.1,3
2021-10-16 06:00:00,8,2021-10-16 14:00:00,379.21,29.4,3
2021-10-16 06:00:00,9,2021-10-16 15:00:00,379.19,27.6,3
2021-10-16 06:00:00,10,2021-10-16 16:00:00,379.19,27.8,3
2021-10-16 06:00:00,11,2021-10-16 17:00:00,379.2,29.0,3
2021-10-16 06:00:00,12,2021-10-16 18:00:00,379.21,29.3,3
2021-10-17 07:00:00,7,2021-10-17 14:00:00,379.12,22.8,3
2021-10-17 07:00:00,8,2021-10-17 15:00:00,379.12,22.9,3
2021-10-17 07:00:00,9,2021-10-17 16:00:00,379.14,24.2,3
2021-10-17 07:00:00,10,2021-10-17 17:00:00,379.16,25.5,3
2021-10-17 07:00:00,11,2021-10-17 18:00:00,379.16,25.7,3
2021-10-17 07:00:00,12,2021-10-17 19:00:00,379.16,25.6,3
2021-10-18 07:00:00,7,2021-10-18 14:00:00,379.12,22.6,3
2021-10-18 07:00:00,8,2021-10-18 15:00:00,379.11,22.4,3
2021-10-18 07:00:00,9,2021-10-18 16:00:00,379.11,22.4,3
2021-10-18 07:00:00,10,2021-10-18 17:00:00,379.15,24.8,3
2021-10-18 07:00:00,11,2021-10-18 18:00:00,379.15,25.2,3
2021-10-18 07:00:00,12,2021-10-18 19:00:00,379.16,25.3,3
2021-10-19 06:00:00,7,2021-10-19 13:00:00,379.13,23.8,3
2021-10-19 06:00:00,8,2021-10-19 14:00:00,379.14,24.0,3
2021-10-19 06:00:00,9,2021-10-19 15:00:00,379.14,24.4,3
2021-10-19 06:00:00,10,2021-10-19 16:00:00,379.15,25.2,3
2021-10-19 06:00:00,11,2021-10-19 17:00:00,379.18,26.9,3
2021-10-19 06:00:00,12,2021-10-19 18:00:00,379.18,27.0,3
2021-10-20 06:00:00,7,2021-10-20 13:00:00,379.11,21.9,3
2021-10-20 06:00:00,8,2021-10-20 14:00:00,379.12,22.9,3
2021-10-20 06:00:00,9,2021-10-20 15:00:00,379.11,22.1,3
2021-10-20 06:00:00,10,2021-10-20 16:00:00,379.13,23.8,3
2021-10-20 06:00:00,11,2021-10-20 17:00:00,379.15,24.9,3
2021-10-20 06:00:00,12,2021-10-20 18:00:00,379.16,25.7,3
2021-10-21 06:00:00,7,2021-10-21 13:00:00,379.22,30.0,3
2021-10-21 06:00:00,8,2021-10-21 14:00:00,379.22,30.5,3
2021-10-21 06:00:00,9,2021-10-21 15:00:00,379.22,29.9,3
2021-10-21 06:00:00,10,2021-10-21 16:00:00,379.22,30.0,3
2021-10-21 06:00:00,11,2021-10-21 17:00:00,379.23,31.1,3
2021-10-21 06:00:00,12,2021-10-21 18:00:00,379.25,33.2,3
2021-10-22 06:00:00,7,2021-10-22 13:00:00,379.25,32.9,3
2021-10-22 06:00:00,8,2021-10-22 14:00:00,379.27,34.9,3
2021-10-22 06:00:00,9,2021-10-22 15:00:00,379.3,37.5,3
2021-10-22 06:00:00,10,2021-10-22 16:00:00,379.3,37.5,3
2021-10-22 06:00:00,11,2021-10-22 17:00:00,379.29,36.7,3
2021-10-22 06:00:00,12,2021-10-22 18:00:00,379.27,34.5,3
2021-10-23 07:00:00,7,2021-10-23 14:00:00,379.2,28.6,3
2021-10-23 07:00:00,8,2021-10-23 15:00:00,379.26,33.3,3
2021-10-23 07:00:00,9,2021-10-23 16:00:00,379.22,30.6,3
2021-10-23 07:00:00,10,2021-10-23 17:00:00,379.21,29.7,3
2021-10-23 07:00:00,11,2021-10-23 18:00:00,379.21,29.6,3
2021-10-23 07:00:00,12,2021-10-23 19:00:00,379.21,29.5,3
2021-10-24 07:00:00,7,2021-10-24 14:00:00,379.14,24.0,3
2021-10-24 07:00:00,8,2021-10-24 15:00:00,379.19,28.2,3
2021-10-24 07:00:00,9,2021-10-24 16:00:00,379.23,30.9,3
2021-10-24 07:00:00,10,2021-10-24 17:00:00,379.23,31.2,3
2021-10-24 07:00:00,11,2021-10-24 18:00:00,379.17,26.6,3
2021-10-24 07:00:00,12,2021-10-24 19:00:00,379.17,26.1,3
2021-10-25 07:00:00,7,2021-10-25 14:00:00,379.1,21.7,3
2021-10-25 07:00:00,8,2021-10-25 15:00:00,379.11,22.2,3
2021-10-25 07:00:00,9,2021-10-25 16:00:00,379.17,26.3,3
2021-10-25 07:00:00,10,2021-10-25 17:00:00,379.2,28.6,3
2021-10-25 07:00:00,11,2021-10-25 18:00:00,379.2,28.8,3
2021-10-25 07:00:00,12,2021-10-25 19:00:00,379.17,26.3,3
2021-10-25 15:00:00,7,2021-10-25 22:00:00,379.07,19.9,3
2021-10-25 15:00:00,8,2021-10-25 23:00:00,379.07,19.7,3
2021-10-25 15:00:00,9,2021-10-26 00:00:00,379.09,20.9,3
2021-10-25 15:00:00,10,2021-10-26 01:00:00,379.08,20.5,3
2021-10-25 15:00:00,11,2021-10-26 02:00:00,379.09,20.9,3
2021-10-25 15:00:00,12,2021-10-26 03:00:00,379.13,23.3,3
2021-10-26 07:00:00,7,2021-10-26 14:00:00,379.09,21.1,3
2021-10-26 07:00:00,8,2021-10-26 15:00:00,379.1,21.6,3
2021-10-26 07:00:00,9,2021-10-26 16:00:00,379.11,22.0,3
2021-10-26 07:00:00,10,2021-10-26 17:00:00,379.16,25.6,3
2021-10-26 07:00:00,11,2021-10-26 18:00:00,379.17,26.5,3
2021-10-26 07:00:00,12,2021-10-26 19:00:00,379.16,25.4,3
2021-10-27 07:00:00,7,2021-10-27 14:00:00,379.09,21.0,3
2021-10-27 07:00:00,8,2021-10-27 15:00:00,379.09,20.6,3
2021-10-27 07:00:00,9,2021-10-27 16:00:00,379.11,22.2,3
2021-10-27 07:00:00,10,2021-10-27 17:00:00,379.13,23.3,3
2021-10-27 07:00:00,11,2021-10-27 18:00:00,379.14,24.4,3
2021-10-27 07:00:00,12,2021-10-27 19:00:00,379.13,23.8,3
2021-10-29 06:00:00,7,2021-10-29 13:00:00,379.08,20.3,3
2021-10-29 06:00:00,8,2021-10-29 14:00:00,379.07,19.9,3
2021-10-29 06:00:00,9,2021-10-29 15:00:00,379.07,19.8,3
2021-10-29 06:00:00,10,2021-10-29 16:00:00,379.08,20.2,3
2021-10-29 06:00:00,11,2021-10-29 17:00:00,379.11,22.3,3
2021-10-29 06:00:00,12,2021-10-29 18:00:00,379.14,24.3,3
2021-10-30 06:00:00,7,2021-10-30 13:00:00,379.09,20.7,3
2021-10-30 06:00:00,8,2021-10-30 14:00:00,379.11,22.3,3
2021-10-30 06:00:00,9,2021-10-30 15:00:00,379.09,20.8,3
2021-10-30 06:00:00,10,2021-10-30 16:00:00,379.11,22.2,3
2021-10-30 06:00:00,11,2021-10-30 17:00:00,379.16,25.9,3
2021-10-30 06:00:00,12,2021-10-30 18:00:00,379.18,27.1,3
2021-10-30 18:00:00,7,2021-10-31 01:00:00,379.11,22.3,3
2021-10-30 18:00:00,8,2021-10-31 02:00:00,379.11,22.0,3
2021-10-30 18:00:00,9,2021-10-31 03:00:00,379.11,22.4,3
2021-10-30 18:00:00,10,2021-10-31 04:00:00,379.15,24.7,3
2021-10-30 18:00:00,11,2021-10-31 05:00:00,379.16,26.0,3
2021-10-30 18:00:00,12,2021-10-31 06:00:00,379.17,26.6,3
2021-10-31 06:00:00,7,2021-10-31 13:00:00,379.13,23.5,3
2021-10-31 06:00:00,8,2021-10-31 14:00:00,379.13,23.7,3
2021-10-31 06:00:00,9,2021-10-31 15:00:00,379.22,30.4,3
2021-10-31 06:00:00,10,2021-10-31 16:00:00,379.22,30.2,3
2021-10-31 06:00:00,11,2021-10-31 17:00:00,379.21,29.3,3
2021-10-31 06:00:00,12,2021-10-31 18:00:00,379.2,28.4,3
2021-10-31 14:00:00,7,2021-10-31 21:00:00,379.08,20.0,3
2021-10-31 14:00:00,8,2021-10-31 22:00:00,379.11,22.3,3
2021-10-31 14:00:00,9,2021-10-31 23:00:00,379.12,22.9,3
2021-10-31 14:00:00,10,2021-11-01 00:00:00,379.09,21.1,3
2021-10-31 14:00:00,11,2021-11-01 01:00:00,379.13,23.7,3
2021-10-31 14:00:00,12,2021-11-01 02:00:00,379.15,25.1,3
2021-11-01 06:00:00,7,2021-11-01 13:00:00,379.51,60.7,3
2021-11-01 06:00:00,8,2021-11-01 14:00:00,379.64,75.9,3
2021-11-01 06:00:00,9,2021-11-01 15:00:00,379.74,88.4,3
2021-11-01 06:00:00,10,2021-11-01 16:00:00,379.76,90.7,3
2021-11-01 06:00:00,11,2021-11-01 17:00:00,379.8,95.2,3
2021-11-01 06:00:00,12,2021-11-01 18:00:00,379.75,89.5,3
2021-11-02 06:00:00,7,2021-11-02 13:00:00,379.48,56.5,3
2021-11-02 06:00:00,8,2021-11-02 14:00:00,379.5,58.8,3
2021-11-02 06:00:00,9,2021-11-02 15:00:00,379.5,59.3,3
2021-11-02 06:00:00,10,2021-11-02 16:00:00,379.51,60.2,3
2021-11-02 06:00:00,11,2021-11-02 17:00:00,379.51,60.4,3
2021-11-02 06:00:00,12,2021-11-02 18:00:00,379.5,59.2,3
2021-11-03 06:00:00,7,2021-11-03 13:00:00,379.33,40.8,3
2021-11-03 06:00:00,8,2021-11-03 14:00:00,379.38,45.9,3
2021-11-03 06:00:00,9,2021-11-03 15:00:00,379.41,49.3,3
2021-11-03 06:00:00,10,2021-11-03 16:00:00,379.41,48.9,3
2021-11-03 06:00:00,11,2021-11-03 17:00:00,379.4,48.2,3
2021-11-03 06:00:00,12,2021-11-03 18:00:00,379.42,49.7,3
2021-11-04 06:00:00,7,2021-11-04 13:00:00,379.29,36.0,3
2021-11-04 06:00:00,8,2021-11-04 14:00:00,379.34,41.4,3
2021-11-04 06:00:00,9,2021-11-04 15:00:00,379.33,40.8,3
2021-11-04 06:00:00,10,2021-11-04 16:00:00,379.33,40.8,3
2021-11-04 06:00:00,11,2021-11-04 17:00:00,379.33,40.8,3
2021-11-04 06:00:00,12,2021-11-04 18:00:00,379.33,40.3,3
2021-11-05 07:00:00,7,2021-11-05 14:00:00,379.21,29.4,3
2021-11-05 07:00:00,8,2021-11-05 15:00:00,379.24,32.0,3
2021-11-05 07:00:00,9,2021-11-05 16:00:00,379.24,31.9,3
2021-11-05 07:00:00,10,2021-11-05 17:00:00,379.24,31.8,3
2021-11-05 07:00:00,11,2021-11-05 18:00:00,379.24,32.0,3
2021-11-05 07:00:00,12,2021-11-05 19:00:00,379.24,32.2,3
2021-11-06 08:00:00,7,2021-11-06 15:00:00,379.21,29.5,3
2021-11-06 08:00:00,8,2021-11-06 16:00:00,379.23,31.0,3
2021-11-06 08:00:00,9,2021-11-06 17:00:00,379.22,30.5,3
2021-11-06 08:00:00,10,2021-11-06 18:00:00,379.22,30.2,3
2021-11-06 08:00:00,11,2021-11-06 19:00:00,379.22,30.5,3
2021-11-06 08:00:00,12,2021-11-06 20:00:00,379.22,30.3,3
2021-11-07 07:00:00,7,2021-11-07 14:00:00,379.13,23.6,3
2021-11-07 07:00:00,8,2021-11-07 15:00:00,379.15,24.8,3
2021-11-07 07:00:00,9,2021-11-07 16:00:00,379.2,28.8,3
2021-11-07 07:00:00,10,2021-11-07 17:00:00,379.2,28.9,3
2021-11-07 07:00:00,11,2021-11-07 18:00:00,379.19,28.0,3
2021-11-07 07:00:00,12,2021-11-07 19:00:00,379.19,28.0,3
2021-11-08 07:00:00,7,2021-11-08 14:00:00,379.14,24.6,3
2021-11-08 07:00:00,8,2021-11-08 15:00:00,379.14,23.9,3
2021-11-08 07:00:00,9,2021-11-08 16:00:00,379.18,27.3,3
2021-11-08 07:00:00,10,2021-11-08 17:00:00,379.19,27.6,3
2021-11-08 07:00:00,11,2021-11-08 18:00:00,379.19,27.9,3
2021-11-08 07:00:00,12,2021-11-08 19:00:00,379.2,28.4,3
2021-11-09 07:00:00,7,2021-11-09 14:00:00,379.12,22.9,3
2021-11-09 07:00:00,8,2021-11-09 15:00:00,379.11,22.3,3
2021-11-09 07:00:00,9,2021-11-09 16:00:00,379.16,26.0,3
2021-11-09 07:00:00,10,2021-11-09 17:00:00,379.17,26.7,3
2021-11-09 07:00:00,11,2021-11-09 18:00:00,379.17,26.3,3
2021-11-09 07:00:00,12,2021-11-09 19:00:00,379.17,26.3,3
2021-11-10 07:00:00,7,2021-11-10 14:00:00,379.13,23.4,3
2021-11-10 07:00:00,8,2021-11-10 15:00:00,379.16,25.3,3
2021-11-10 07:00:00,9,2021-11-10 16:00:00,379.19,28.0,3
2021-11-10 07:00:00,10,2021-11-10 17:00:00,379.19,27.7,3
2021-11-10 07:00:00,11,2021-11-10 18:00:00,379.2,28.4,3
2021-11-10 07:00:00,12,2021-11-10 19:00:00,379.21,29.1,3
2021-11-11 07:00:00,7,2021-11-11 14:00:00,379.13,23.8,3
2021-11-11 07:00:00,8,2021-11-11 15:00:00,379.21,29.1,3
2021-11-11 07:00:00,9,2021-11-11 16:00:00,379.21,29.7,3
2021-11-11 07:00:00,10,2021-11-11 17:00:00,379.21,29.7,3
2021-11-11 07:00:00,11,2021-11-11 18:00:00,379.21,29.6,3
2021-11-11 07:00:00,12,2021-11-11 19:00:00,379.23,31.0,3
2021-11-12 07:00:00,7,2021-11-12 14:00:00,379.12,23.1,3
2021-11-12 07:00:00,8,2021-11-12 15:00:00,379.14,24.2,3
2021-11-12 07:00:00,9,2021-11-12 16:00:00,379.17,26.3,3
2021-11-12 07:00:00,10,2021-11-12 17:00:00,379.17,26.3,3
2021-11-12 07:00:00,11,2021-11-12 18:00:00,379.2,28.4,3
2021-11-12 07:00:00,12,2021-11-12 19:00:00,379.19,28.0,3
2021-11-13 07:00:00,7,2021-11-13 14:00:00,379.1,21.8,3
2021-11-13 07:00:00,8,2021-11-13 15:00:00,379.15,25.2,3
2021-11-13 07:00:00,9,2021-11-13 16:00:00,379.15,25.0,3
2021-11-13 07:00:00,10,2021-11-13 17:00:00,379.15,25.0,3
2021-11-13 07:00:00,11,2021-11-13 18:00:00,379.17,26.5,3
2021-11-13 07:00:00,12,2021-11-13 19:00:00,379.18,27.1,3
2021-11-14 07:00:00,7,2021-11-14 14:00:00,379.11,21.9,3
2021-11-14 07:00:00,8,2021-11-14 15:00:00,379.1,21.6,3
2021-11-14 07:00:00,9,2021-11-14 16:00:00,379.14,24.5,3
2021-11-14 07:00:00,10,2021-11-14 17:00:00,379.17,26.2,3
2021-11-14 07:00:00,11,2021-11-14 18:00:00,379.18,27.0,3
2021-11-14 07:00:00,12,2021-11-14 19:00:00,379.17,26.2,3
2021-11-15 07:00:00,7,2021-11-15 14:00:00,379.1,21.4,3
2021-11-15 07:00:00,8,2021-11-15 15:00:00,379.08,20.2,3
2021-11-15 07:00:00,9,2021-11-15 16:00:00,379.09,21.0,3
2021-11-15 07:00:00,10,2021-11-15 17:00:00,379.12,23.2,3
2021-11-15 07:00:00,11,2021-11-15 18:00:00,379.14,24.3,3
2021-11-15 07:00:00,12,2021-11-15 19:00:00,379.16,25.3,3
2021-11-16 07:00:00,7,2021-11-16 14:00:00,379.1,21.8,3
2021-11-16 07:00:00,8,2021-11-16 15:00:00,379.1,21.2,3
2021-11-16 07:00:00,9,2021-11-16 16:00:00,379.1,21.7,3
2021-11-16 07:00:00,10,2021-11-16 17:00:00,379.13,23.2,3
2021-11-16 07:00:00,11,2021-11-16 18:00:00,379.14,24.3,3
2021-11-16 07:00:00,12,2021-11-16 19:00:00,379.16,25.5,3
2021-11-17 07:00:00,7,2021-11-17 14:00:00,379.1,21.4,3
2021-11-17 07:00:00,8,2021-11-17 15:00:00,379.1,21.4,3
2021-11-17 07:00:00,9,2021-11-17 16:00:00,379.11,22.0,3
2021-11-17 07:00:00,10,2021-11-17 17:00:00,379.16,25.7,3
2021-11-17 07:00:00,11,2021-11-17 18:00:00,379.17,26.4,3
2021-11-17 07:00:00,12,2021-11-17 19:00:00,379.14,24.4,3
2021-11-18 07:00:00,7,2021-11-18 14:00:00,379.1,21.2,3
2021-11-18 07:00:00,8,2021-11-18 15:00:00,379.1,21.6,3
2021-11-18 07:00:00,9,2021-11-18 16:00:00,379.07,19.8,3
2021-11-18 07:00:00,10,2021-11-18 17:00:00,379.11,22.4,3
2021-11-18 07:00:00,11,2021-11-18 18:00:00,379.14,24.1,3
2021-11-18 07:00:00,12,2021-11-18 19:00:00,379.13,23.6,3
2021-11-19 07:00:00,7,2021-11-19 14:00:00,379.07,19.7,3
2021-11-19 07:00:00,8,2021-11-19 15:00:00,379.07,19.6,3
2021-11-19 07:00:00,9,2021-11-19 16:00:00,379.1,21.4,3
2021-11-19 07:00:00,10,2021-11-19 17:00:00,379.12,23.1,3
2021-11-19 07:00:00,11,2021-11-19 18:00:00,379.13,23.5,3
2021-11-19 07:00:00,12,2021-11-19 19:00:00,379.13,23.4,3
2021-11-20 07:00:00,7,2021-11-20 14:00:00,379.13,23.3,3
2021-11-20 07:00:00,8,2021-11-20 15:00:00,379.13,23.2,3
2021-11-20 07:00:00,9,2021-11-20 16:00:00,379.12,22.9,3
2021-11-20 07:00:00,10,2021-11-20 17:00:00,379.11,22.2,3
2021-11-20 07:00:00,11,2021-11-20 18:00:00,379.11,22.2,3
2021-11-20 07:00:00,12,2021-11-20 19:00:00,379.11,22.1,3
2021-11-21 06:00:00,7,2021-11-21 13:00:00,379.12,23.1,3
2021-11-21 06:00:00,8,2021-11-21 14:00:00,379.13,23.3,3
2021-11-21 06:00:00,9,2021-11-21 15:00:00,379.12,22.8,3
2021-11-21 06:00:00,10,2021-11-21 16:00:00,379.11,22.5,3
2021-11-21 06:00:00,11,2021-11-21 17:00:00,379.11,22.1,3
2021-11-21 06:00:00,12,2021-11-21 18:00:00,379.11,21.9,3
2021-11-22 07:00:00,7,2021-11-22 14:00:00,379.13,23.4,3
2021-11-22 07:00:00,8,2021-11-22 15:00:00,379.13,23.4,3
2021-11-22 07:00:00,9,2021-11-22 16:00:00,379.12,22.8,3
2021-11-22 07:00:00,10,2021-11-22 17:00:00,379.11,22.1,3
2021-11-22 07:00:00,11,2021-11-22 18:00:00,379.1,21.7,3
2021-11-22 07:00:00,12,2021-11-22 19:00:00,379.1,21.6,3
2021-11-23 07:00:00,7,2021-11-23 14:00:00,379.12,22.9,3
2021-11-23 07:00:00,8,2021-11-23 15:00:00,379.11,22.4,3
2021-11-23 07:00:00,9,2021-11-23 16:00:00,379.11,22.1,3
2021-11-23 07:00:00,10,2021-11-23 17:00:00,379.11,22.3,3
2021-11-23 07:00:00,11,2021-11-23 18:00:00,379.11,22.2,3
2021-11-23 07:00:00,12,2021-11-23 19:00:00,379.12,22.9,3
2021-11-24 07:00:00,7,2021-11-24 14:00:00,379.12,23.1,3
2021-11-24 07:00:00,8,2021-11-24 15:00:00,379.12,22.9,3
2021-11-24 07:00:00,9,2021-11-24 16:00:00,379.11,21.9,3
2021-11-24 07:00:00,10,2021-11-24 17:00:00,379.11,22.0,3
2021-11-24 07:00:00,11,2021-11-24 18:00:00,379.11,22.1,3
2021-11-24 07:00:00,12,2021-11-24 19:00:00,379.11,22.0,3
2021-11-25 07:00:00,7,2021-11-25 14:00:00,379.12,22.9,3
2021-11-25 07:00:00,8,2021-11-25 15:00:00,379.12,22.6,3
2021-11-25 07:00:00,9,2021-11-25 16:00:00,379.11,22.4,3
2021-11-25 07:00:00,10,2021-11-25 17:00:00,379.1,21.2,3
2021-11-25 07:00:00,11,2021-11-25 18:00:00,379.09,21.1,3
2021-11-25 07:00:00,12,2021-11-25 19:00:00,379.1,21.2,3
2021-11-26 07:00:00,7,2021-11-26 14:00:00,379.11,21.9,3
2021-11-26 07:00:00,8,2021-11-26 15:00:00,379.11,21.9,3
2021-11-26 07:00:00,9,2021-11-26 16:00:00,379.11,21.9,3
2021-11-26 07:00:00,10,2021-11-26 17:00:00,379.09,20.8,3
2021-11-26 07:00:00,11,2021-11-26 18:00:00,379.09,20.9,3
2021-11-26 07:00:00,12,2021-11-26 19:00:00,379.1,21.5,3
2021-11-27 07:00:00,7,2021-11-27 14:00:00,379.14,24.4,3
2021-11-27 07:00:00,8,2021-11-27 15:00:00,379.14,24.2,3
2021-11-27 07:00:00,9,2021-11-27 16:00:00,379.13,23.4,3
2021-11-27 07:00:00,10,2021-11-27 17:00:00,379.12,22.6,3
2021-11-27 07:00:00,11,2021-11-27 18:00:00,379.12,22.6,3
2021-11-27 07:00:00,12,2021-11-27 19:00:00,379.12,23.0,3
2021-11-28 07:00:00,7,2021-11-28 14:00:00,379.11,22.1,3
2021-11-28 07:00:00,8,2021-11-28 15:00:00,379.11,22.2,3
2021-11-28 07:00:00,9,2021-11-28 16:00:00,379.1,21.8,3
2021-11-28 07:00:00,10,2021-11-28 17:00:00,379.09,20.7,3
2021-11-28 07:00:00,11,2021-11-28 18:00:00,379.09,20.9,3
2021-11-28 07:00:00,12,2021-11-28 19:00:00,379.1,21.2,3
2021-11-29 07:00:00,7,2021-11-29 14:00:00,379.1,21.5,3
2021-11-29 07:00:00,8,2021-11-29 15:00:00,379.1,21.6,3
2021-11-29 07:00:00,9,2021-11-29 16:00:00,379.1,21.8,3
2021-11-29 07:00:00,10,2021-11-29 17:00:00,379.09,21.0,3
2021-11-29 07:00:00,11,2021-11-29 18:00:00,379.1,21.5,3
2021-11-29 07:00:00,12,2021-11-29 19:00:00,379.1,21.6,3
2021-11-30 06:00:00,7,2021-11-30 13:00:00,379.26,33.9,3
2021-11-30 06:00:00,8,2021-11-30 14:00:00,379.26,33.6,3
2021-11-30 06:00:00,9,2021-11-30 15:00:00,379.25,32.4,3
2021-11-30 06:00:00,10,2021-11-30 16:00:00,379.14,24.1,3
2021-11-30 06:00:00,11,2021-11-30 17:00:00,379.1,21.3,3
2021-11-30 06:00:00,12,2021-11-30 18:00:00,379.1,21.3,3
2021-12-01 06:00:00,7,2021-12-01 13:00:00,379.12,22.9,3
2021-12-01 06:00:00,8,2021-12-01 14:00:00,379.15,25.2,3
2021-12-01 06:00:00,9,2021-12-01 15:00:00,379.18,26.8,3
2021-12-01 06:00:00,10,2021-12-01 16:00:00,379.15,25.2,3
2021-12-01 06:00:00,11,2021-12-01 17:00:00,379.17,26.0,3
2021-12-01 06:00:00,12,2021-12-01 18:00:00,379.2,28.9,3
2021-12-02 06:00:00,7,2021-12-02 13:00:00,379.16,26.0,3
2021-12-02 06:00:00,8,2021-12-02 14:00:00,379.17,26.1,3
2021-12-02 06:00:00,9,2021-12-02 15:00:00,379.22,30.4,3
2021-12-02 06:00:00,10,2021-12-02 16:00:00,379.22,29.9,3
2021-12-02 06:00:00,11,2021-12-02 17:00:00,379.22,30.1,3
2021-12-02 06:00:00,12,2021-12-02 18:00:00,379.23,30.8,3
2021-12-03 07:00:00,7,2021-12-03 14:00:00,379.12,22.9,3
2021-12-03 07:00:00,8,2021-12-03 15:00:00,379.12,22.9,3
2021-12-03 07:00:00,9,2021-12-03 16:00:00,379.13,23.3,3
2021-12-03 07:00:00,10,2021-12-03 17:00:00,379.15,24.9,3
2021-12-03 07:00:00,11,2021-12-03 18:00:00,379.15,24.7,3
2021-12-03 07:00:00,12,2021-12-03 19:00:00,379.14,24.3,3
2021-12-04 07:00:00,7,2021-12-04 14:00:00,379.54,63.4,3
2021-12-04 07:00:00,8,2021-12-04 15:00:00,379.63,74.6,3
2021-12-04 07:00:00,9,2021-12-04 16:00:00,379.75,88.7,3
2021-12-04 07:00:00,10,2021-12-04 17:00:00,379.82,98.5,3
2021-12-04 07:00:00,11,2021-12-04 18:00:00,379.88,105.9,3
2021-12-04 07:00:00,12,2021-12-04 19:00:00,379.93,111.9,3
2021-12-04 14:00:00,7,2021-12-04 21:00:00,379.87,104.8,3
2021-12-04 14:00:00,8,2021-12-04 22:00:00,379.88,105.4,3
2021-12-04 14:00:00,9,2021-12-04 23:00:00,379.88,106.1,3
2021-12-04 14:00:00,10,2021-12-05 00:00:00,379.86,103.4,3
2021-12-04 14:00:00,11,2021-12-05 01:00:00,379.83,99.6,3
2021-12-04 14:00:00,12,2021-12-05 02:00:00,379.79,94.0,3
2021-12-05 07:00:00,7,2021-12-05 14:00:00,379.54,63.5,3
2021-12-05 07:00:00,8,2021-12-05 15:00:00,379.52,61.7,3
2021-12-05 07:00:00,9,2021-12-05 16:00:00,379.5,59.2,3
2021-12-05 07:00:00,10,2021-12-05 17:00:00,379.48,57.2,3
2021-12-05 07:00:00,11,2021-12-05 18:00:00,379.46,54.4,3
2021-12-05 07:00:00,12,2021-12-05 19:00:00,379.44,52.7,3
2021-12-06 07:00:00,7,2021-12-06 14:00:00,379.31,38.5,3
2021-12-06 07:00:00,8,2021-12-06 15:00:00,379.32,39.5,3
2021-12-06 07:00:00,9,2021-12-06 16:00:00,379.31,38.3,3
2021-12-06 07:00:00,10,2021-12-06 17:00:00,379.32,39.7,3
2021-12-06 07:00:00,11,2021-12-06 18:00:00,379.33,40.0,3
2021-12-06 07:00:00,12,2021-12-06 19:00:00,379.31,38.4,3
2021-12-07 07:00:00,7,2021-12-07 14:00:00,379.24,31.6,3
2021-12-07 07:00:00,8,2021-12-07 15:00:00,379.26,33.3,3
2021-12-07 07:00:00,9,2021-12-07 16:00:00,379.26,34.0,3
2021-12-07 07:00:00,10,2021-12-07 17:00:00,379.25,33.1,3
2021-12-07 07:00:00,11,2021-12-07 18:00:00,379.25,32.8,3
2021-12-07 07:00:00,12,2021-12-07 19:00:00,379.25,32.7,3
2021-12-08 07:00:00,7,2021-12-08 14:00:00,379.62,73.2,3
2021-12-08 07:00:00,8,2021-12-08 15:00:00,379.61,72.1,3
2021-12-08 07:00:00,9,2021-12-08 16:00:00,379.62,73.3,3
2021-12-08 07:00:00,10,2021-12-08 17:00:00,379.63,74.7,3
2021-12-08 07:00:00,11,2021-12-08 18:00:00,379.62,73.1,3
2021-12-08 07:00:00,12,2021-12-08 19:00:00,379.6,70.3,3
2021-12-09 07:00:00,7,2021-12-09 14:00:00,379.31,38.7,3
2021-12-09 07:00:00,8,2021-12-09 15:00:00,379.33,40.0,3
2021-12-09 07:00:00,9,2021-12-09 16:00:00,379.31,38.5,3
2021-12-09 07:00:00,10,2021-12-09 17:00:00,379.31,38.2,3
2021-12-09 07:00:00,11,2021-12-09 18:00:00,379.31,38.2,3
2021-12-09 07:00:00,12,2021-12-09 19:00:00,379.31,38.0,3
2021-12-10 07:00:00,7,2021-12-10 14:00:00,379.3,37.5,3
2021-12-10 07:00:00,8,2021-12-10 15:00:00,379.33,40.0,3
2021-12-10 07:00:00,9,2021-12-10 16:00:00,379.33,40.9,3
2021-12-10 07:00:00,10,2021-12-10 17:00:00,379.34,41.1,3
2021-12-10 07:00:00,11,2021-12-10 18:00:00,379.34,41.9,3
2021-12-10 07:00:00,12,2021-12-10 19:00:00,379.35,42.0,3
2021-12-12 06:00:00,7,2021-12-12 13:00:00,379.23,31.0,3
2021-12-12 06:00:00,8,2021-12-12 14:00:00,379.22,30.5,3
2021-12-12 06:00:00,9,2021-12-12 15:00:00,379.22,30.3,3
2021-12-12 06:00:00,10,2021-12-12 16:00:00,379.24,32.2,3
2021-12-12 06:00:00,11,2021-12-12 17:00:00,379.24,32.0,3
2021-12-12 06:00:00,12,2021-12-12 18:00:00,379.23,31.5,3
2021-12-13 07:00:00,7,2021-12-13 14:00:00,379.19,27.5,3
2021-12-13 07:00:00,8,2021-12-13 15:00:00,379.2,28.2,3
2021-12-13 07:00:00,9,2021-12-13 16:00:00,379.22,30.1,3
2021-12-13 07:00:00,10,2021-12-13 17:00:00,379.22,30.2,3
2021-12-13 07:00:00,11,2021-12-13 18:00:00,379.21,29.6,3
2021-12-13 07:00:00,12,2021-12-13 19:00:00,379.22,29.8,3
2021-12-14 07:00:00,7,2021-12-14 14:00:00,379.19,27.6,3
2021-12-14 07:00:00,8,2021-12-14 15:00:00,379.18,27.2,3
2021-12-14 07:00:00,9,2021-12-14 16:00:00,379.21,29.4,3
2021-12-14 07:00:00,10,2021-12-14 17:00:00,379.21,29.7,3
2021-12-14 07:00:00,11,2021-12-14 18:00:00,379.21,29.0,3
2021-12-14 07:00:00,12,2021-12-14 19:00:00,379.21,29.4,3
2021-12-15 08:00:00,7,2021-12-15 15:00:00,379.21,29.7,3
2021-12-15 08:00:00,8,2021-12-15 16:00:00,379.23,31.1,3
2021-12-15 08:00:00,9,2021-12-15 17:00:00,379.23,31.3,3
2021-12-15 08:00:00,10,2021-12-15 18:00:00,379.23,30.8,3
2021-12-15 08:00:00,11,2021-12-15 19:00:00,379.23,30.9,3
2021-12-15 08:00:00,12,2021-12-15 20:00:00,379.24,31.6,3
2021-12-16 07:00:00,7,2021-12-16 14:00:00,379.18,27.3,3
2021-12-16 07:00:00,8,2021-12-16 15:00:00,379.19,27.6,3
2021-12-16 07:00:00,9,2021-12-16 16:00:00,379.21,29.4,3
2021-12-16 07:00:00,10,2021-12-16 17:00:00,379.22,30.1,3
2021-12-16 07:00:00,11,2021-12-16 18:00:00,379.21,29.6,3
2021-12-16 07:00:00,12,2021-12-16 19:00:00,379.21,29.2,3
2021-12-17 07:00:00,7,2021-12-17 14:00:00,379.2,28.9,3
2021-12-17 07:00:00,8,2021-12-17 15:00:00,379.2,28.3,3
2021-12-17 07:00:00,9,2021-12-17 16:00:00,379.2,28.8,3
2021-12-17 07:00:00,10,2021-12-17 17:00:00,379.21,29.4,3
2021-12-17 07:00:00,11,2021-12-17 18:00:00,379.2,29.0,3
2021-12-17 07:00:00,12,2021-12-17 19:00:00,379.21,29.0,3
2021-12-18 07:00:00,7,2021-12-18 14:00:00,379.2,28.9,3
2021-12-18 07:00:00,8,2021-12-18 15:00:00,379.2,28.5,3
2021-12-18 07:00:00,9,2021-12-18 16:00:00,379.2,28.6,3
2021-12-18 07:00:00,10,2021-12-18 17:00:00,379.21,29.3,3
2021-12-18 07:00:00,11,2021-12-18 18:00:00,379.2,28.7,3
2021-12-18 07:00:00,12,2021-12-18 19:00:00,379.2,28.4,3
2021-12-19 07:00:00,7,2021-12-19 14:00:00,379.19,27.7,3
2021-12-19 07:00:00,8,2021-12-19 15:00:00,379.19,27.5,3
2021-12-19 07:00:00,9,2021-12-19 16:00:00,379.19,27.9,3
2021-12-19 07:00:00,10,2021-12-19 17:00:00,379.2,28.5,3
2021-12-19 07:00:00,11,2021-12-19 18:00:00,379.19,27.9,3
2021-12-19 07:00:00,12,2021-12-19 19:00:00,379.19,27.7,3
2021-12-20 07:00:00,7,2021-12-20 14:00:00,379.16,25.3,3
2021-12-20 07:00:00,8,2021-12-20 15:00:00,379.16,25.3,3
2021-12-20 07:00:00,9,2021-12-20 16:00:00,379.16,25.6,3
2021-12-20 07:00:00,10,2021-12-20 17:00:00,379.17,26.7,3
2021-12-20 07:00:00,11,2021-12-20 18:00:00,379.17,26.4,3
2021-12-20 07:00:00,12,2021-12-20 19:00:00,379.16,25.8,3
2021-12-21 07:00:00,7,2021-12-21 14:00:00,379.16,26.0,3
2021-12-21 07:00:00,8,2021-12-21 15:00:00,379.16,25.5,3
2021-12-21 07:00:00,9,2021-12-21 16:00:00,379.17,26.1,3
2021-12-21 07:00:00,10,2021-12-21 17:00:00,379.18,26.8,3
2021-12-21 07:00:00,11,2021-12-21 18:00:00,379.17,26.6,3
2021-12-21 07:00:00,12,2021-12-21 19:00:00,379.17,26.7,3
2021-12-22 07:00:00,7,2021-12-22 14:00:00,379.16,25.9,3
2021-12-22 07:00:00,8,2021-12-22 15:00:00,379.16,25.9,3
2021-12-22 07:00:00,9,2021-12-22 16:00:00,379.17,26.1,3
2021-12-22 07:00:00,10,2021-12-22 17:00:00,379.18,26.8,3
2021-12-22 07:00:00,11,2021-12-22 18:00:00,379.17,26.5,3
2021-12-22 07:00:00,12,2021-12-22 19:00:00,379.16,25.7,3
2021-12-23 07:00:00,7,2021-12-23 14:00:00,379.16,25.3,3
2021-12-23 07:00:00,8,2021-12-23 15:00:00,379.15,24.9,3
2021-12-23 07:00:00,9,2021-12-23 16:00:00,379.16,25.3,3
2021-12-23 07:00:00,10,2021-12-23 17:00:00,379.18,26.9,3
2021-12-23 07:00:00,11,2021-12-23 18:00:00,379.17,26.5,3
2021-12-23 07:00:00,12,2021-12-23 19:00:00,379.17,26.3,3
2021-12-24 07:00:00,7,2021-12-24 14:00:00,379.19,27.7,3
2021-12-24 07:00:00,8,2021-12-24 15:00:00,379.19,28.2,3
2021-12-24 07:00:00,9,2021-12-24 16:00:00,379.21,29.3,3
2021-12-24 07:00:00,10,2021-12-24 17:00:00,379.24,31.8,3
2021-12-24 07:00:00,11,2021-12-24 18:00:00,379.25,32.8,3
2021-12-24 07:00:00,12,2021-12-24 19:00:00,379.28,35.0,3
2021-12-25 07:00:00,7,2021-12-25 14:00:00,379.29,36.1,3
2021-12-25 07:00:00,8,2021-12-25 15:00:00,379.35,42.5,3
2021-12-25 07:00:00,9,2021-12-25 16:00:00,379.38,45.7,3
2021-12-25 07:00:00,10,2021-12-25 17:00:00,379.4,48.4,3
2021-12-25 07:00:00,11,2021-12-25 18:00:00,379.42,49.9,3
2021-12-25 07:00:00,12,2021-12-25 19:00:00,379.44,52.6,3
2021-12-26 07:00:00,7,2021-12-26 14:00:00,379.49,58.3,3
2021-12-26 07:00:00,8,2021-12-26 15:00:00,379.51,60.0,3
2021-12-26 07:00:00,9,2021-12-26 16:00:00,379.52,61.3,3
2021-12-26 07:00:00,10,2021-12-26 17:00:00,379.54,63.7,3
2021-12-26 07:00:00,11,2021-12-26 18:00:00,379.57,67.4,3
2021-12-26 07:00:00,12,2021-12-26 19:00:00,379.59,70.0,3
2021-12-27 07:00:00,7,2021-12-27 14:00:00,379.42,50.5,3
2021-12-27 07:00:00,8,2021-12-27 15:00:00,379.44,52.6,3
2021-12-27 07:00:00,9,2021-12-27 16:00:00,379.47,55.8,3
2021-12-27 07:00:00,10,2021-12-27 17:00:00,379.51,60.0,3
2021-12-27 07:00:00,11,2021-12-27 18:00:00,379.55,65.1,3
2021-12-27 07:00:00,12,2021-12-27 19:00:00,379.6,70.7,3
2021-12-28 07:00:00,7,2021-12-28 14:00:00,379.99,120.3,3
2021-12-28 07:00:00,8,2021-12-28 15:00:00,380.06,129.6,3
2021-12-28 07:00:00,9,2021-12-28 16:00:00,380.12,138.7,3
2021-12-28 07:00:00,10,2021-12-28 17:00:00,380.17,145.1,3
2021-12-28 07:00:00,11,2021-12-28 18:00:00,380.2,150.6,3
2021-12-28 07:00:00,12,2021-12-28 19:00:00,380.22,152.6,3
2021-12-28 16:00:00,7,2021-12-28 23:00:00,380.53,201.0,3
2021-12-28 16:00:00,8,2021-12-29 00:00:00,380.49,195.4,3
2021-12-28 16:00:00,9,2021-12-29 01:00:00,380.44,186.4,3
2021-12-28 16:00:00,10,2021-12-29 02:00:00,380.38,176.5,3
2021-12-28 16:00:00,11,2021-12-29 03:00:00,380.37,175.9,3
2021-12-28 16:00:00,12,2021-12-29 04:00:00,380.37,175.9,3
2021-12-28 20:00:00,7,2021-12-29 03:00:00,380.58,210.3,3
2021-12-28 20:00:00,8,2021-12-29 04:00:00,380.54,202.7,3
2021-12-28 20:00:00,9,2021-12-29 05:00:00,380.48,193.1,3
2021-12-28 20:00:00,10,2021-12-29 06:00:00,380.41,181.7,3
2021-12-28 20:00:00,11,2021-12-29 07:00:00,380.36,173.9,3
2021-12-28 20:00:00,12,2021-12-29 08:00:00,380.32,167.3,3
2021-12-29 07:00:00,7,2021-12-29 14:00:00,380.53,200.9,3
2021-12-29 07:00:00,8,2021-12-29 15:00:00,380.55,204.9,3
2021-12-29 07:00:00,9,2021-12-29 16:00:00,380.6,213.7,3
2021-12-29 07:00:00,10,2021-12-29 17:00:00,380.71,231.7,3
2021-12-29 07:00:00,11,2021-12-29 18:00:00,380.79,245.8,3
2021-12-29 07:00:00,12,2021-12-29 19:00:00,380.86,257.8,3
2021-12-29 11:00:00,7,2021-12-29 18:00:00,380.86,258.5,3
2021-12-29 11:00:00,8,2021-12-29 19:00:00,380.92,269.6,3
2021-12-29 11:00:00,9,2021-12-29 20:00:00,380.95,275.6,3
2021-12-29 11:00:00,10,2021-12-29 21:00:00,380.99,283.6,3
2021-12-29 11:00:00,11,2021-12-29 22:00:00,381.04,292.9,3
2021-12-29 11:00:00,12,2021-12-29 23:00:00,381.09,303.0,3
2021-12-29 16:00:00,7,2021-12-29 23:00:00,381.38,363.0,3
2021-12-29 16:00:00,8,2021-12-30 00:00:00,381.38,362.8,3
2021-12-29 16:00:00,9,2021-12-30 01:00:00,381.37,360.6,3
2021-12-29 16:00:00,10,2021-12-30 02:00:00,381.37,361.1,3
2021-12-29 16:00:00,11,2021-12-30 03:00:00,381.38,362.5,3
2021-12-29 16:00:00,12,2021-12-30 04:00:00,381.35,356.7,3
2021-12-29 19:00:00,7,2021-12-30 02:00:00,381.59,411.6,3
2021-12-29 19:00:00,8,2021-12-30 03:00:00,381.54,398.6,3
2021-12-29 19:00:00,9,2021-12-30 04:00:00,381.46,380.0,3
2021-12-29 19:00:00,10,2021-12-30 05:00:00,381.36,358.9,3
2021-12-29 19:00:00,11,2021-12-30 06:00:00,381.28,341.7,3
2021-12-29 19:00:00,12,2021-12-30 07:00:00,381.19,322.2,3
2021-12-29 23:00:00,7,2021-12-30 06:00:00,381.53,396.3,3
2021-12-29 23:00:00,8,2021-12-30 07:00:00,381.4,368.2,3
2021-12-29 23:00:00,9,2021-12-30 08:00:00,381.26,336.4,3
2021-12-29 23:00:00,10,2021-12-30 09:00:00,381.15,314.3,3
2021-12-29 23:00:00,11,2021-12-30 10:00:00,381.04,293.5,3
2021-12-29 23:00:00,12,2021-12-30 11:00:00,380.95,275.1,3
2021-12-30 00:00:00,7,2021-12-30 07:00:00,381.4,368.2,3
2021-12-30 00:00:00,8,2021-12-30 08:00:00,381.26,336.4,3
2021-12-30 00:00:00,9,2021-12-30 09:00:00,381.15,314.3,3
2021-12-30 00:00:00,10,2021-12-30 10:00:00,381.04,293.5,3
2021-12-30 00:00:00,11,2021-12-30 11:00:00,380.95,275.1,3
2021-12-30 00:00:00,12,2021-12-30 12:00:00,380.89,264.3,3
2021-12-30 07:00:00,7,2021-12-30 14:00:00,380.93,270.9,3
2021-12-30 07:00:00,8,2021-12-30 15:00:00,380.91,267.0,3
2021-12-30 07:00:00,9,2021-12-30 16:00:00,380.88,263.1,3
2021-12-30 07:00:00,10,2021-12-30 17:00:00,380.85,257.2,3
2021-12-30 07:00:00,11,2021-12-30 18:00:00,380.82,250.5,3
2021-12-30 07:00:00,12,2021-12-30 19:00:00,380.79,245.4,3
2021-12-31 06:00:00,7,2021-12-31 13:00:00,380.25,157.1,3
2021-12-31 06:00:00,8,2021-12-31 14:00:00,380.18,146.4,3
2021-12-31 06:00:00,9,2021-12-31 15:00:00,380.23,154.8,3
2021-12-31 06:00:00,10,2021-12-31 16:00:00,380.18,146.6,3
2021-12-31 06:00:00,11,2021-12-31 17:00:00,380.17,146.0,3
2021-12-31 06:00:00,12,2021-12-31 18:00:00,380.16,144.9,3
2022-01-01 07:00:00,7,2022-01-01 14:00:00,379.97,118.1,3
2022-01-01 07:00:00,8,2022-01-01 15:00:00,379.99,121.0,3
2022-01-01 07:00:00,9,2022-01-01 16:00:00,379.95,115.4,3
2022-01-01 07:00:00,10,2022-01-01 17:00:00,379.96,116.3,3
2022-01-01 07:00:00,11,2022-01-01 18:00:00,379.97,117.2,3
2022-01-01 07:00:00,12,2022-01-01 19:00:00,379.97,117.0,3
2022-01-02 06:00:00,7,2022-01-02 13:00:00,379.84,100.2,3
2022-01-02 06:00:00,8,2022-01-02 14:00:00,379.86,102.8,3
2022-01-02 06:00:00,9,2022-01-02 15:00:00,379.86,103.7,3
2022-01-02 06:00:00,10,2022-01-02 16:00:00,379.86,103.7,3
2022-01-02 06:00:00,11,2022-01-02 17:00:00,379.87,104.8,3
2022-01-02 06:00:00,12,2022-01-02 18:00:00,379.88,106.3,3
2022-01-03 06:00:00,7,2022-01-03 13:00:00,379.77,91.1,3
2022-01-03 06:00:00,8,2022-01-03 14:00:00,379.75,89.1,3
2022-01-03 06:00:00,9,2022-01-03 15:00:00,379.75,89.1,3
2022-01-03 06:00:00,10,2022-01-03 16:00:00,379.75,89.0,3
2022-01-03 06:00:00,11,2022-01-03 17:00:00,379.74,88.2,3
2022-01-03 06:00:00,12,2022-01-03 18:00:00,379.77,92.2,3
2022-01-04 07:00:00,7,2022-01-04 14:00:00,379.82,97.6,3
2022-01-04 07:00:00,8,2022-01-04 15:00:00,379.8,95.6,3
2022-01-04 07:00:00,9,2022-01-04 16:00:00,379.82,98.2,3
2022-01-04 07:00:00,10,2022-01-04 17:00:00,379.82,98.5,3
2022-01-04 07:00:00,11,2022-01-04 18:00:00,379.87,104.7,3
2022-01-04 07:00:00,12,2022-01-04 19:00:00,379.88,106.2,3
2022-01-05 07:00:00,7,2022-01-05 14:00:00,380.07,130.8,3
2022-01-05 07:00:00,8,2022-01-05 15:00:00,380.03,125.3,3
2022-01-05 07:00:00,9,2022-01-05 16:00:00,380.03,126.4,3
2022-01-05 07:00:00,10,2022-01-05 17:00:00,380.01,123.0,3
2022-01-05 07:00:00,11,2022-01-05 18:00:00,379.98,118.6,3
2022-01-05 07:00:00,12,2022-01-05 19:00:00,379.94,114.1,3
2022-01-06 07:00:00,7,2022-01-06 14:00:00,379.72,84.8,3
2022-01-06 07:00:00,8,2022-01-06 15:00:00,379.69,81.8,3
2022-01-06 07:00:00,9,2022-01-06 16:00:00,379.67,79.8,3
2022-01-06 07:00:00,10,2022-01-06 17:00:00,379.68,80.8,3
2022-01-06 07:00:00,11,2022-01-06 18:00:00,379.71,83.8,3
2022-01-06 07:00:00,12,2022-01-06 19:00:00,379.7,82.7,3
2022-01-07 07:00:00,7,2022-01-07 14:00:00,379.6,70.6,3
2022-01-07 07:00:00,8,2022-01-07 15:00:00,379.58,68.8,3
2022-01-07 07:00:00,9,2022-01-07 16:00:00,379.57,67.2,3
2022-01-07 07:00:00,10,2022-01-07 17:00:00,379.56,66.3,3
2022-01-07 07:00:00,11,2022-01-07 18:00:00,379.55,64.6,3
2022-01-07 07:00:00,12,2022-01-07 19:00:00,379.54,64.0,3
2022-01-08 07:00:00,7,2022-01-08 14:00:00,379.56,66.3,3
2022-01-08 07:00:00,8,2022-01-08 15:00:00,379.55,64.7,3
2022-01-08 07:00:00,9,2022-01-08 16:00:00,379.54,63.5,3
2022-01-08 07:00:00,10,2022-01-08 17:00:00,379.54,63.5,3
2022-01-08 07:00:00,11,2022-01-08 18:00:00,379.52,62.0,3
2022-01-08 07:00:00,12,2022-01-08 19:00:00,379.51,60.1,3
2022-01-09 07:00:00,7,2022-01-09 14:00:00,379.58,68.7,3
2022-01-09 07:00:00,8,2022-01-09 15:00:00,379.57,66.9,3
2022-01-09 07:00:00,9,2022-01-09 16:00:00,379.57,67.2,3
2022-01-09 07:00:00,10,2022-01-09 17:00:00,379.57,66.8,3
2022-01-09 07:00:00,11,2022-01-09 18:00:00,379.56,65.9,3
2022-01-09 07:00:00,12,2022-01-09 19:00:00,379.56,65.6,3
2022-01-10 07:00:00,7,2022-01-10 14:00:00,379.48,56.5,3
2022-01-10 07:00:00,8,2022-01-10 15:00:00,379.5,59.4,3
2022-01-10 07:00:00,9,2022-01-10 16:00:00,379.49,58.4,3
2022-01-10 07:00:00,10,2022-01-10 17:00:00,379.47,55.2,3
2022-01-10 07:00:00,11,2022-01-10 18:00:00,379.46,55.0,3
2022-01-10 07:00:00,12,2022-01-10 19:00:00,379.45,53.6,3
2022-01-11 07:00:00,7,2022-01-11 14:00:00,379.43,51.0,3
2022-01-11 07:00:00,8,2022-01-11 15:00:00,379.46,54.1,3
2022-01-11 07:00:00,9,2022-01-11 16:00:00,379.44,52.7,3
2022-01-11 07:00:00,10,2022-01-11 17:00:00,379.43,51.8,3
2022-01-11 07:00:00,11,2022-01-11 18:00:00,379.41,49.5,3
2022-01-11 07:00:00,12,2022-01-11 19:00:00,379.43,51.8,3
2022-01-12 07:00:00,7,2022-01-12 14:00:00,379.41,49.0,3
2022-01-12 07:00:00,8,2022-01-12 15:00:00,379.38,45.7,3
2022-01-12 07:00:00,9,2022-01-12 16:00:00,379.38,45.3,3
2022-01-12 07:00:00,10,2022-01-12 17:00:00,379.37,45.2,3
2022-01-12 07:00:00,11,2022-01-12 18:00:00,379.38,45.6,3
2022-01-12 07:00:00,12,2022-01-12 19:00:00,379.39,47.3,3
2022-01-13 07:00:00,7,2022-01-13 14:00:00,379.37,44.6,3
2022-01-13 07:00:00,8,2022-01-13 15:00:00,379.37,44.4,3
2022-01-13 07:00:00,9,2022-01-13 16:00:00,379.37,44.2,3
2022-01-13 07:00:00,10,2022-01-13 17:00:00,379.35,42.4,3
2022-01-13 07:00:00,11,2022-01-13 18:00:00,379.35,42.2,3
2022-01-13 07:00:00,12,2022-01-13 19:00:00,379.35,42.8,3
2022-01-14 07:00:00,7,2022-01-14 14:00:00,379.34,41.0,3
2022-01-14 07:00:00,8,2022-01-14 15:00:00,379.34,41.7,3
2022-01-14 07:00:00,9,2022-01-14 16:00:00,379.34,41.7,3
2022-01-14 07:00:00,10,2022-01-14 17:00:00,379.34,41.8,3
2022-01-14 07:00:00,11,2022-01-14 18:00:00,379.34,41.7,3
2022-01-14 07:00:00,12,2022-01-14 19:00:00,379.36,44.1,3
2022-01-15 07:00:00,7,2022-01-15 14:00:00,379.31,38.3,3
2022-01-15 07:00:00,8,2022-01-15 15:00:00,379.33,40.0,3
2022-01-15 07:00:00,9,2022-01-15 16:00:00,379.32,39.9,3
2022-01-15 07:00:00,10,2022-01-15 17:00:00,379.33,40.3,3
2022-01-15 07:00:00,11,2022-01-15 18:00:00,379.33,40.6,3
2022-01-15 07:00:00,12,2022-01-15 19:00:00,379.35,42.5,3
2022-01-16 07:00:00,7,2022-01-16 14:00:00,379.31,38.3,3
2022-01-16 07:00:00,8,2022-01-16 15:00:00,379.33,40.0,3
2022-01-16 07:00:00,9,2022-01-16 16:00:00,379.32,39.6,3
2022-01-16 07:00:00,10,2022-01-16 17:00:00,379.32,39.7,3
2022-01-16 07:00:00,11,2022-01-16 18:00:00,379.32,39.6,3
2022-01-16 07:00:00,12,2022-01-16 19:00:00,379.33,40.2,3
2022-01-17 06:00:00,7,2022-01-17 13:00:00,379.23,31.0,3
2022-01-17 06:00:00,8,2022-01-17 14:00:00,379.26,33.9,3
2022-01-17 06:00:00,9,2022-01-17 15:00:00,379.3,37.4,3
2022-01-17 06:00:00,10,2022-01-17 16:00:00,379.29,36.4,3
2022-01-17 06:00:00,11,2022-01-17 17:00:00,379.29,36.4,3
2022-01-17 06:00:00,12,2022-01-17 18:00:00,379.29,36.3,3
2022-01-18 07:00:00,7,2022-01-18 14:00:00,379.3,37.8,3
2022-01-18 07:00:00,8,2022-01-18 15:00:00,379.31,38.1,3
2022-01-18 07:00:00,9,2022-01-18 16:00:00,379.29,36.9,3
2022-01-18 07:00:00,10,2022-01-18 17:00:00,379.29,36.5,3
2022-01-18 07:00:00,11,2022-01-18 18:00:00,379.32,39.3,3
2022-01-18 07:00:00,12,2022-01-18 19:00:00,379.33,40.2,3
2022-01-19 07:00:00,7,2022-01-19 14:00:00,379.25,32.6,3
2022-01-19 07:00:00,8,2022-01-19 15:00:00,379.29,36.7,3
2022-01-19 07:00:00,9,2022-01-19 16:00:00,379.28,36.0,3
2022-01-19 07:00:00,10,2022-01-19 17:00:00,379.29,36.0,3
2022-01-19 07:00:00,11,2022-01-19 18:00:00,379.29,36.1,3
2022-01-19 07:00:00,12,2022-01-19 19:00:00,379.29,36.4,3
2022-01-20 07:00:00,7,2022-01-20 14:00:00,379.21,29.4,3
2022-01-20 07:00:00,8,2022-01-20 15:00:00,379.28,35.2,3
2022-01-20 07:00:00,9,2022-01-20 16:00:00,379.27,34.8,3
2022-01-20 07:00:00,10,2022-01-20 17:00:00,379.27,34.6,3
2022-01-20 07:00:00,11,2022-01-20 18:00:00,379.27,34.6,3
2022-01-20 07:00:00,12,2022-01-20 19:00:00,379.27,34.5,3
2022-01-21 07:00:00,7,2022-01-21 14:00:00,379.21,29.7,3
2022-01-21 07:00:00,8,2022-01-21 15:00:00,379.26,34.0,3
2022-01-21 07:00:00,9,2022-01-21 16:00:00,379.29,36.0,3
2022-01-21 07:00:00,10,2022-01-21 17:00:00,379.28,35.5,3
2022-01-21 07:00:00,11,2022-01-21 18:00:00,379.27,34.8,3
2022-01-21 07:00:00,12,2022-01-21 19:00:00,379.27,34.5,3
2022-01-22 06:00:00,7,2022-01-22 13:00:00,379.21,29.4,3
2022-01-22 06:00:00,8,2022-01-22 14:00:00,379.21,29.1,3
2022-01-22 06:00:00,9,2022-01-22 15:00:00,379.25,33.0,3
2022-01-22 06:00:00,10,2022-01-22 16:00:00,379.27,34.7,3
2022-01-22 06:00:00,11,2022-01-22 17:00:00,379.27,34.4,3
2022-01-22 06:00:00,12,2022-01-22 18:00:00,379.26,33.9,3
2022-01-23 07:00:00,7,2022-01-23 14:00:00,379.2,28.5,3
2022-01-23 07:00:00,8,2022-01-23 15:00:00,379.25,32.7,3
2022-01-23 07:00:00,9,2022-01-23 16:00:00,379.27,34.2,3
2022-01-23 07:00:00,10,2022-01-23 17:00:00,379.29,36.7,3
2022-01-23 07:00:00,11,2022-01-23 18:00:00,379.3,37.5,3
2022-01-23 07:00:00,12,2022-01-23 19:00:00,379.28,35.5,3
2022-01-24 07:00:00,7,2022-01-24 14:00:00,379.18,26.8,3
2022-01-24 07:00:00,8,2022-01-24 15:00:00,379.22,30.1,3
2022-01-24 07:00:00,9,2022-01-24 16:00:00,379.23,31.4,3
2022-01-24 07:00:00,10,2022-01-24 17:00:00,379.24,31.6,3
2022-01-24 07:00:00,11,2022-01-24 18:00:00,379.24,31.8,3
2022-01-24 07:00:00,12,2022-01-24 19:00:00,379.25,33.0,3
2022-01-24 09:00:00,7,2022-01-24 16:00:00,379.23,31.4,3
2022-01-24 09:00:00,8,2022-01-24 17:00:00,379.24,31.6,3
2022-01-24 09:00:00,9,2022-01-24 18:00:00,379.24,31.8,3
2022-01-24 09:00:00,10,2022-01-24 19:00:00,379.25,33.0,3
2022-01-24 09:00:00,11,2022-01-24 20:00:00,379.27,34.2,3
2022-01-24 09:00:00,12,2022-01-24 21:00:00,379.26,34.1,3
2022-01-25 06:00:00,7,2022-01-25 13:00:00,379.19,27.9,3
2022-01-25 06:00:00,8,2022-01-25 14:00:00,379.18,27.0,3
2022-01-25 06:00:00,9,2022-01-25 15:00:00,379.2,28.9,3
2022-01-25 06:00:00,10,2022-01-25 16:00:00,379.25,32.8,3
2022-01-25 06:00:00,11,2022-01-25 17:00:00,379.25,33.2,3
2022-01-25 06:00:00,12,2022-01-25 18:00:00,379.26,33.2,3
2022-01-26 06:00:00,7,2022-01-26 13:00:00,379.22,30.6,3
2022-01-26 06:00:00,8,2022-01-26 14:00:00,379.22,30.1,3
2022-01-26 06:00:00,9,2022-01-26 15:00:00,379.23,30.6,3
2022-01-26 06:00:00,10,2022-01-26 16:00:00,379.24,31.5,3
2022-01-26 06:00:00,11,2022-01-26 17:00:00,379.24,31.5,3
2022-01-26 06:00:00,12,2022-01-26 18:00:00,379.24,31.8,3
2022-01-27 06:00:00,7,2022-01-27 13:00:00,379.18,26.9,3
2022-01-27 06:00:00,8,2022-01-27 14:00:00,379.17,26.5,3
2022-01-27 06:00:00,9,2022-01-27 15:00:00,379.2,28.3,3
2022-01-27 06:00:00,10,2022-01-27 16:00:00,379.25,32.3,3
2022-01-27 06:00:00,11,2022-01-27 17:00:00,379.24,32.1,3
2022-01-27 06:00:00,12,2022-01-27 18:00:00,379.24,32.1,3
2022-01-28 07:00:00,7,2022-01-28 14:00:00,379.18,26.8,3
2022-01-28 07:00:00,8,2022-01-28 15:00:00,379.19,28.1,3
2022-01-28 07:00:00,9,2022-01-28 16:00:00,379.23,31.4,3
2022-01-28 07:00:00,10,2022-01-28 17:00:00,379.24,31.6,3
2022-01-28 07:00:00,11,2022-01-28 18:00:00,379.23,31.4,3
2022-01-28 07:00:00,12,2022-01-28 19:00:00,379.24,31.6,3
2022-01-29 07:00:00,7,2022-01-29 14:00:00,379.16,25.9,3
2022-01-29 07:00:00,8,2022-01-29 15:00:00,379.17,26.1,3
2022-01-29 07:00:00,9,2022-01-29 16:00:00,379.23,30.8,3
2022-01-29 07:00:00,10,2022-01-29 17:00:00,379.23,30.7,3
2022-01-29 07:00:00,11,2022-01-29 18:00:00,379.22,30.4,3
2022-01-29 07:00:00,12,2022-01-29 19:00:00,379.22,30.4,3
2022-01-30 07:00:00,7,2022-01-30 14:00:00,379.16,25.6,3
2022-01-30 07:00:00,8,2022-01-30 15:00:00,379.16,25.7,3
2022-01-30 07:00:00,9,2022-01-30 16:00:00,379.22,30.2,3
2022-01-30 07:00:00,10,2022-01-30 17:00:00,379.23,30.9,3
2022-01-30 07:00:00,11,2022-01-30 18:00:00,379.23,31.1,3
2022-01-30 07:00:00,12,2022-01-30 19:00:00,379.24,31.5,3
2022-01-31 07:00:00,7,2022-01-31 14:00:00,379.15,24.9,3
2022-01-31 07:00:00,8,2022-01-31 15:00:00,379.15,24.8,3
2022-01-31 07:00:00,9,2022-01-31 16:00:00,379.21,29.4,3
2022-01-31 07:00:00,10,2022-01-31 17:00:00,379.22,29.9,3
2022-01-31 07:00:00,11,2022-01-31 18:00:00,379.22,29.8,3
2022-01-31 07:00:00,12,2022-01-31 19:00:00,379.21,29.8,3
2022-02-01 07:00:00,7,2022-02-01 14:00:00,379.16,25.7,3
2022-02-01 07:00:00,8,2022-02-01 15:00:00,379.16,25.7,3
2022-02-01 07:00:00,9,2022-02-01 16:00:00,379.22,29.9,3
2022-02-01 07:00:00,10,2022-02-01 17:00:00,379.22,30.0,3
2022-02-01 07:00:00,11,2022-02-01 18:00:00,379.21,29.5,3
2022-02-01 07:00:00,12,2022-02-01 19:00:00,379.21,29.4,3
2022-02-02 07:00:00,7,2022-02-02 14:00:00,379.2,28.6,3
2022-02-02 07:00:00,8,2022-02-02 15:00:00,379.23,31.1,3
2022-02-02 07:00:00,9,2022-02-02 16:00:00,379.27,34.5,3
2022-02-02 07:00:00,10,2022-02-02 17:00:00,379.28,35.5,3
2022-02-02 07:00:00,11,2022-02-02 18:00:00,379.29,36.0,3
2022-02-02 07:00:00,12,2022-02-02 19:00:00,379.29,36.2,3
2022-02-03 07:00:00,7,2022-02-03 14:00:00,379.2,29.0,3
2022-02-03 07:00:00,8,2022-02-03 15:00:00,379.24,31.7,3
2022-02-03 07:00:00,9,2022-02-03 16:00:00,379.26,33.8,3
2022-02-03 07:00:00,10,2022-02-03 17:00:00,379.26,33.8,3
2022-02-03 07:00:00,11,2022-02-03 18:00:00,379.26,34.0,3
2022-02-03 07:00:00,12,2022-02-03 19:00:00,379.27,34.2,3
2022-02-04 07:00:00,7,2022-02-04 14:00:00,379.21,29.3,3
2022-02-04 07:00:00,8,2022-02-04 15:00:00,379.26,33.4,3
2022-02-04 07:00:00,9,2022-02-04 16:00:00,379.26,33.6,3
2022-02-04 07:00:00,10,2022-02-04 17:00:00,379.26,33.3,3
2022-02-04 07:00:00,11,2022-02-04 18:00:00,379.26,33.3,3
2022-02-04 07:00:00,12,2022-02-04 19:00:00,379.26,33.5,3
2022-02-05 08:00:00,7,2022-02-05 15:00:00,379.27,34.4,3
2022-02-05 08:00:00,8,2022-02-05 16:00:00,379.27,34.7,3
2022-02-05 08:00:00,9,2022-02-05 17:00:00,379.27,34.1,3
2022-02-05 08:00:00,10,2022-02-05 18:00:00,379.27,34.3,3
2022-02-05 08:00:00,11,2022-02-05 19:00:00,379.27,34.5,3
2022-02-05 08:00:00,12,2022-02-05 20:00:00,379.27,34.2,3
2022-02-06 07:00:00,7,2022-02-06 14:00:00,379.2,28.5,3
2022-02-06 07:00:00,8,2022-02-06 15:00:00,379.21,29.7,3
2022-02-06 07:00:00,9,2022-02-06 16:00:00,379.23,31.3,3
2022-02-06 07:00:00,10,2022-02-06 17:00:00,379.23,31.3,3
2022-02-06 07:00:00,11,2022-02-06 18:00:00,379.24,32.0,3
2022-02-06 07:00:00,12,2022-02-06 19:00:00,379.24,32.2,3
2022-02-07 07:00:00,7,2022-02-07 14:00:00,379.42,50.1,3
2022-02-07 07:00:00,8,2022-02-07 15:00:00,379.41,48.9,3
2022-02-07 07:00:00,9,2022-02-07 16:00:00,379.39,47.2,3
2022-02-07 07:00:00,10,2022-02-07 17:00:00,379.38,45.3,3
2022-02-07 07:00:00,11,2022-02-07 18:00:00,379.35,43.0,3
2022-02-07 07:00:00,12,2022-02-07 19:00:00,379.34,41.4,3
2022-02-08 07:00:00,7,2022-02-08 14:00:00,379.32,39.0,3
2022-02-08 07:00:00,8,2022-02-08 15:00:00,379.33,40.3,3
2022-02-08 07:00:00,9,2022-02-08 16:00:00,379.32,38.9,3
2022-02-08 07:00:00,10,2022-02-08 17:00:00,379.29,36.9,3
2022-02-08 07:00:00,11,2022-02-08 18:00:00,379.29,36.5,3
2022-02-08 07:00:00,12,2022-02-08 19:00:00,379.29,36.5,3
2022-02-09 07:00:00,7,2022-02-09 14:00:00,379.23,31.3,3
2022-02-09 07:00:00,8,2022-02-09 15:00:00,379.24,32.0,3
2022-02-09 07:00:00,9,2022-02-09 16:00:00,379.26,34.0,3
2022-02-09 07:00:00,10,2022-02-09 17:00:00,379.27,34.3,3
2022-02-09 07:00:00,11,2022-02-09 18:00:00,379.27,34.3,3
2022-02-09 07:00:00,12,2022-02-09 19:00:00,379.27,34.3,3
2022-02-10 07:00:00,7,2022-02-10 14:00:00,379.19,27.9,3
2022-02-10 07:00:00,8,2022-02-10 15:00:00,379.21,29.3,3
2022-02-10 07:00:00,9,2022-02-10 16:00:00,379.24,31.7,3
2022-02-10 07:00:00,10,2022-02-10 17:00:00,379.24,32.2,3
2022-02-10 07:00:00,11,2022-02-10 18:00:00,379.24,32.0,3
2022-02-10 07:00:00,12,2022-02-10 19:00:00,379.24,32.1,3
2022-02-11 07:00:00,7,2022-02-11 14:00:00,379.35,42.1,3
2022-02-11 07:00:00,8,2022-02-11 15:00:00,379.37,44.8,3
2022-02-11 07:00:00,9,2022-02-11 16:00:00,379.38,45.8,3
2022-02-11 07:00:00,10,2022-02-11 17:00:00,379.4,47.7,3
2022-02-11 07:00:00,11,2022-02-11 18:00:00,379.42,49.9,3
2022-02-11 07:00:00,12,2022-02-11 19:00:00,379.41,48.6,3
2022-02-12 08:00:00,7,2022-02-12 15:00:00,379.27,34.8,3
2022-02-12 08:00:00,8,2022-02-12 16:00:00,379.27,34.6,3
2022-02-12 08:00:00,9,2022-02-12 17:00:00,379.27,34.5,3
2022-02-12 08:00:00,10,2022-02-12 18:00:00,379.27,34.2,3
2022-02-12 08:00:00,11,2022-02-12 19:00:00,379.27,34.5,3
2022-02-12 08:00:00,12,2022-02-12 20:00:00,379.27,35.0,3
2022-02-13 07:00:00,7,2022-02-13 14:00:00,379.24,32.2,3
2022-02-13 07:00:00,8,2022-02-13 15:00:00,379.25,32.7,3
2022-02-13 07:00:00,9,2022-02-13 16:00:00,379.24,32.2,3
2022-02-13 07:00:00,10,2022-02-13 17:00:00,379.24,31.8,3
2022-02-13 07:00:00,11,2022-02-13 18:00:00,379.24,31.9,3
2022-02-13 07:00:00,12,2022-02-13 19:00:00,379.24,32.0,3
2022-02-14 17:00:00,7,2022-02-15 00:00:00,379.36,43.3,3
2022-02-14 17:00:00,8,2022-02-15 01:00:00,379.4,47.8,3
2022-02-14 17:00:00,9,2022-02-15 02:00:00,379.42,49.7,3
2022-02-14 17:00:00,10,2022-02-15 03:00:00,379.44,52.1,3
2022-02-14 17:00:00,11,2022-02-15 04:00:00,379.45,53.0,3
2022-02-14 17:00:00,12,2022-02-15 05:00:00,379.44,52.5,3
2022-02-15 07:00:00,7,2022-02-15 14:00:00,379.26,34.0,3
2022-02-15 07:00:00,8,2022-02-15 15:00:00,379.3,37.2,3
2022-02-15 07:00:00,9,2022-02-15 16:00:00,379.3,37.3,3
2022-02-15 07:00:00,10,2022-02-15 17:00:00,379.31,38.4,3
2022-02-15 07:00:00,11,2022-02-15 18:00:00,379.33,40.6,3
2022-02-15 07:00:00,12,2022-02-15 19:00:00,379.33,40.5,3
2022-02-16 07:00:00,7,2022-02-16 14:00:00,379.28,35.9,3
2022-02-16 07:00:00,8,2022-02-16 15:00:00,379.31,38.8,3
2022-02-16 07:00:00,9,2022-02-16 16:00:00,379.34,41.4,3
2022-02-16 07:00:00,10,2022-02-16 17:00:00,379.36,43.6,3
2022-02-16 07:00:00,11,2022-02-16 18:00:00,379.37,44.8,3
2022-02-16 07:00:00,12,2022-02-16 19:00:00,379.37,45.0,3
2022-02-17 07:00:00,7,2022-02-17 14:00:00,379.86,102.9,3
2022-02-17 07:00:00,8,2022-02-17 15:00:00,379.87,104.1,3
2022-02-17 07:00:00,9,2022-02-17 16:00:00,379.87,104.3,3
2022-02-17 07:00:00,10,2022-02-17 17:00:00,379.86,103.7,3
2022-02-17 07:00:00,11,2022-02-17 18:00:00,379.85,101.3,3
2022-02-17 07:00:00,12,2022-02-17 19:00:00,379.81,97.1,3
2022-02-18 07:00:00,7,2022-02-18 14:00:00,379.59,69.4,3
2022-02-18 07:00:00,8,2022-02-18 15:00:00,379.56,66.6,3
2022-02-18 07:00:00,9,2022-02-18 16:00:00,379.55,64.5,3
2022-02-18 07:00:00,10,2022-02-18 17:00:00,379.54,64.2,3
2022-02-18 07:00:00,11,2022-02-18 18:00:00,379.55,65.0,3
2022-02-18 07:00:00,12,2022-02-18 19:00:00,379.58,68.0,3
2022-02-19 07:00:00,7,2022-02-19 14:00:00,379.6,70.6,3
2022-02-19 07:00:00,8,2022-02-19 15:00:00,379.61,71.9,3
2022-02-19 07:00:00,9,2022-02-19 16:00:00,379.58,68.3,3
2022-02-19 07:00:00,10,2022-02-19 17:00:00,379.54,63.9,3
2022-02-19 07:00:00,11,2022-02-19 18:00:00,379.52,61.6,3
2022-02-19 07:00:00,12,2022-02-19 19:00:00,379.54,64.0,3
2022-02-20 07:00:00,7,2022-02-20 14:00:00,379.46,55.0,3
2022-02-20 07:00:00,8,2022-02-20 15:00:00,379.46,54.5,3
2022-02-20 07:00:00,9,2022-02-20 16:00:00,379.43,51.2,3
2022-02-20 07:00:00,10,2022-02-20 17:00:00,379.42,50.0,3
2022-02-20 07:00:00,11,2022-02-20 18:00:00,379.42,49.6,3
2022-02-20 07:00:00,12,2022-02-20 19:00:00,379.41,49.3,3
2022-02-21 06:00:00,7,2022-02-21 13:00:00,379.46,54.6,3
2022-02-21 06:00:00,8,2022-02-21 14:00:00,379.47,55.7,3
2022-02-21 06:00:00,9,2022-02-21 15:00:00,379.49,57.9,3
2022-02-21 06:00:00,10,2022-02-21 16:00:00,379.49,58.6,3
2022-02-21 06:00:00,11,2022-02-21 17:00:00,379.52,60.9,3
2022-02-21 06:00:00,12,2022-02-21 18:00:00,379.52,61.5,3
2022-02-22 07:00:00,7,2022-02-22 14:00:00,379.47,55.2,3
2022-02-22 07:00:00,8,2022-02-22 15:00:00,379.46,54.4,3
2022-02-22 07:00:00,9,2022-02-22 16:00:00,379.45,53.4,3
2022-02-22 07:00:00,10,2022-02-22 17:00:00,379.44,52.0,3
2022-02-22 07:00:00,11,2022-02-22 18:00:00,379.44,51.8,3
2022-02-22 07:00:00,12,2022-02-22 19:00:00,379.44,53.0,3
2022-02-23 07:00:00,7,2022-02-23 14:00:00,379.39,46.9,3
2022-02-23 07:00:00,8,2022-02-23 15:00:00,379.38,46.2,3
2022-02-23 07:00:00,9,2022-02-23 16:00:00,379.38,46.1,3
2022-02-23 07:00:00,10,2022-02-23 17:00:00,379.39,46.4,3
2022-02-23 07:00:00,11,2022-02-23 18:00:00,379.39,47.0,3
2022-02-23 07:00:00,12,2022-02-23 19:00:00,379.39,46.4,3
2022-02-24 07:00:00,7,2022-02-24 14:00:00,379.38,45.9,3
2022-02-24 07:00:00,8,2022-02-24 15:00:00,379.36,43.5,3
2022-02-24 07:00:00,9,2022-02-24 16:00:00,379.36,43.3,3
2022-02-24 07:00:00,10,2022-02-24 17:00:00,379.36,43.2,3
2022-02-24 07:00:00,11,2022-02-24 18:00:00,379.35,43.0,3
2022-02-24 07:00:00,12,2022-02-24 19:00:00,379.36,43.7,3
2022-02-25 06:00:00,7,2022-02-25 13:00:00,379.28,35.5,3
2022-02-25 06:00:00,8,2022-02-25 14:00:00,379.33,40.2,3
2022-02-25 06:00:00,9,2022-02-25 15:00:00,379.35,42.3,3
2022-02-25 06:00:00,10,2022-02-25 16:00:00,379.33,40.3,3
2022-02-25 06:00:00,11,2022-02-25 17:00:00,379.35,42.3,3
2022-02-25 06:00:00,12,2022-02-25 18:00:00,379.33,40.6,3
2022-02-26 06:00:00,7,2022-02-26 13:00:00,379.29,36.5,3
2022-02-26 06:00:00,8,2022-02-26 14:00:00,379.31,38.3,3
2022-02-26 06:00:00,9,2022-02-26 15:00:00,379.33,40.8,3
2022-02-26 06:00:00,10,2022-02-26 16:00:00,379.32,39.1,3
2022-02-26 06:00:00,11,2022-02-26 17:00:00,379.3,37.7,3
2022-02-26 06:00:00,12,2022-02-26 18:00:00,379.3,37.5,3
2022-02-27 07:00:00,7,2022-02-27 14:00:00,379.25,32.7,3
2022-02-27 07:00:00,8,2022-02-27 15:00:00,379.28,35.5,3
2022-02-27 07:00:00,9,2022-02-27 16:00:00,379.32,39.2,3
2022-02-27 07:00:00,10,2022-02-27 17:00:00,379.3,37.7,3
2022-02-27 07:00:00,11,2022-02-27 18:00:00,379.3,37.1,3
2022-02-27 07:00:00,12,2022-02-27 19:00:00,379.29,36.9,3
2022-02-28 07:00:00,7,2022-02-28 14:00:00,379.23,30.9,3
2022-02-28 07:00:00,8,2022-02-28 15:00:00,379.25,32.3,3
2022-02-28 07:00:00,9,2022-02-28 16:00:00,379.25,32.8,3
2022-02-28 07:00:00,10,2022-02-28 17:00:00,379.25,32.5,3
2022-02-28 07:00:00,11,2022-02-28 18:00:00,379.25,32.5,3
2022-02-28 07:00:00,12,2022-02-28 19:00:00,379.25,32.5,3
2022-03-01 07:00:00,7,2022-03-01 14:00:00,379.18,27.0,3
2022-03-01 07:00:00,8,2022-03-01 15:00:00,379.2,28.5,3
2022-03-01 07:00:00,9,2022-03-01 16:00:00,379.21,29.7,3
2022-03-01 07:00:00,10,2022-03-01 17:00:00,379.21,29.4,3
2022-03-01 07:00:00,11,2022-03-01 18:00:00,379.21,29.4,3
2022-03-01 07:00:00,12,2022-03-01 19:00:00,379.21,29.5,3
2022-03-02 08:00:00,7,2022-03-02 15:00:00,379.24,32.2,3
2022-03-02 08:00:00,8,2022-03-02 16:00:00,379.25,32.9,3
2022-03-02 08:00:00,9,2022-03-02 17:00:00,379.24,32.3,3
2022-03-02 08:00:00,10,2022-03-02 18:00:00,379.25,32.4,3
2022-03-02 08:00:00,11,2022-03-02 19:00:00,379.25,32.8,3
2022-03-02 08:00:00,12,2022-03-02 20:00:00,379.26,33.4,3
2022-03-03 07:00:00,7,2022-03-03 14:00:00,379.21,29.7,3
2022-03-03 07:00:00,8,2022-03-03 15:00:00,379.21,29.6,3
2022-03-03 07:00:00,9,2022-03-03 16:00:00,379.24,31.9,3
2022-03-03 07:00:00,10,2022-03-03 17:00:00,379.24,32.2,3
2022-03-03 07:00:00,11,2022-03-03 18:00:00,379.24,32.3,3
2022-03-03 07:00:00,12,2022-03-03 19:00:00,379.24,32.3,3
2022-03-04 07:00:00,7,2022-03-04 14:00:00,379.2,28.8,3
2022-03-04 07:00:00,8,2022-03-04 15:00:00,379.2,28.7,3
2022-03-04 07:00:00,9,2022-03-04 16:00:00,379.23,30.8,3
2022-03-04 07:00:00,10,2022-03-04 17:00:00,379.23,31.0,3
2022-03-04 07:00:00,11,2022-03-04 18:00:00,379.23,30.8,3
2022-03-04 07:00:00,12,2022-03-04 19:00:00,379.23,30.6,3
2022-03-05 08:00:00,7,2022-03-05 15:00:00,379.19,27.7,3
2022-03-05 08:00:00,8,2022-03-05 16:00:00,379.21,29.7,3
2022-03-05 08:00:00,9,2022-03-05 17:00:00,379.21,29.1,3
2022-03-05 08:00:00,10,2022-03-05 18:00:00,379.2,28.9,3
2022-03-05 08:00:00,11,2022-03-05 19:00:00,379.2,28.7,3
2022-03-05 08:00:00,12,2022-03-05 20:00:00,379.2,28.8,3
2022-03-06 08:00:00,7,2022-03-06 15:00:00,379.19,27.5,3
2022-03-06 08:00:00,8,2022-03-06 16:00:00,379.21,29.8,3
2022-03-06 08:00:00,9,2022-03-06 17:00:00,379.21,29.8,3
2022-03-06 08:00:00,10,2022-03-06 18:00:00,379.2,28.8,3
2022-03-06 08:00:00,11,2022-03-06 19:00:00,379.2,28.6,3
2022-03-06 08:00:00,12,2022-03-06 20:00:00,379.2,28.4,3
2022-03-07 07:00:00,7,2022-03-07 14:00:00,379.13,23.9,3
2022-03-07 07:00:00,8,2022-03-07 15:00:00,379.13,23.9,3
2022-03-07 07:00:00,9,2022-03-07 16:00:00,379.14,24.4,3
2022-03-07 07:00:00,10,2022-03-07 17:00:00,379.17,26.1,3
2022-03-07 07:00:00,11,2022-03-07 18:00:00,379.17,26.3,3
2022-03-07 07:00:00,12,2022-03-07 19:00:00,379.17,26.3,3
2022-03-08 06:00:00,7,2022-03-08 13:00:00,379.2,28.2,3
2022-03-08 06:00:00,8,2022-03-08 14:00:00,379.2,28.5,3
2022-03-08 06:00:00,9,2022-03-08 15:00:00,379.17,26.6,3
2022-03-08 06:00:00,10,2022-03-08 16:00:00,379.18,26.8,3
2022-03-08 06:00:00,11,2022-03-08 17:00:00,379.2,28.3,3
2022-03-08 06:00:00,12,2022-03-08 18:00:00,379.2,28.3,3
2022-03-09 06:00:00,7,2022-03-09 13:00:00,379.15,25.1,3
2022-03-09 06:00:00,8,2022-03-09 14:00:00,379.15,25.2,3
2022-03-09 06:00:00,9,2022-03-09 15:00:00,379.16,25.4,3
2022-03-09 06:00:00,10,2022-03-09 16:00:00,379.16,25.5,3
2022-03-09 06:00:00,11,2022-03-09 17:00:00,379.18,27.4,3
2022-03-09 06:00:00,12,2022-03-09 18:00:00,379.18,27.0,3
2022-03-10 06:00:00,7,2022-03-10 13:00:00,379.15,25.2,3
2022-03-10 06:00:00,8,2022-03-10 14:00:00,379.15,25.0,3
2022-03-10 06:00:00,9,2022-03-10 15:00:00,379.15,25.0,3
2022-03-10 06:00:00,10,2022-03-10 16:00:00,379.16,25.8,3
2022-03-10 06:00:00,11,2022-03-10 17:00:00,379.17,26.5,3
2022-03-10 06:00:00,12,2022-03-10 18:00:00,379.17,26.5,3
2022-03-11 07:00:00,7,2022-03-11 14:00:00,379.15,25.1,3
2022-03-11 07:00:00,8,2022-03-11 15:00:00,379.15,25.0,3
2022-03-11 07:00:00,9,2022-03-11 16:00:00,379.16,25.3,3
2022-03-11 07:00:00,10,2022-03-11 17:00:00,379.18,26.8,3
2022-03-11 07:00:00,11,2022-03-11 18:00:00,379.18,27.5,3
2022-03-11 07:00:00,12,2022-03-11 19:00:00,379.19,28.0,3
2022-03-12 07:00:00,7,2022-03-12 14:00:00,379.15,25.2,3
2022-03-12 07:00:00,8,2022-03-12 15:00:00,379.15,24.9,3
2022-03-12 07:00:00,9,2022-03-12 16:00:00,379.17,26.5,3
2022-03-12 07:00:00,10,2022-03-12 17:00:00,379.19,27.7,3
2022-03-12 07:00:00,11,2022-03-12 18:00:00,379.2,29.0,3
2022-03-12 07:00:00,12,2022-03-12 19:00:00,379.22,30.4,3
2022-03-13 07:00:00,7,2022-03-13 14:00:00,379.15,25.2,3
2022-03-13 07:00:00,8,2022-03-13 15:00:00,379.15,25.2,3
2022-03-13 07:00:00,9,2022-03-13 16:00:00,379.19,28.1,3
2022-03-13 07:00:00,10,2022-03-13 17:00:00,379.2,28.6,3
2022-03-13 07:00:00,11,2022-03-13 18:00:00,379.21,29.3,3
2022-03-13 07:00:00,12,2022-03-13 19:00:00,379.22,30.2,3
2022-03-14 07:00:00,7,2022-03-14 14:00:00,379.16,25.8,3
2022-03-14 07:00:00,8,2022-03-14 15:00:00,379.22,30.0,3
2022-03-14 07:00:00,9,2022-03-14 16:00:00,379.22,29.9,3
2022-03-14 07:00:00,10,2022-03-14 17:00:00,379.21,29.4,3
2022-03-14 07:00:00,11,2022-03-14 18:00:00,379.21,29.2,3
2022-03-14 07:00:00,12,2022-03-14 19:00:00,379.21,29.4,3
2022-03-15 07:00:00,7,2022-03-15 14:00:00,379.26,34.0,3
2022-03-15 07:00:00,8,2022-03-15 15:00:00,379.31,38.3,3
2022-03-15 07:00:00,9,2022-03-15 16:00:00,379.31,38.2,3
2022-03-15 07:00:00,10,2022-03-15 17:00:00,379.31,38.4,3
2022-03-15 07:00:00,11,2022-03-15 18:00:00,379.33,40.2,3
2022-03-15 07:00:00,12,2022-03-15 19:00:00,379.35,42.5,3
2022-03-16 07:00:00,7,2022-03-16 14:00:00,379.35,43.0,3
2022-03-16 07:00:00,8,2022-03-16 15:00:00,379.35,42.3,3
2022-03-16 07:00:00,9,2022-03-16 16:00:00,379.35,42.2,3
2022-03-16 07:00:00,10,2022-03-16 17:00:00,379.35,42.6,3
2022-03-16 07:00:00,11,2022-03-16 18:00:00,379.35,43.0,3
2022-03-16 07:00:00,12,2022-03-16 19:00:00,379.38,45.3,3
2022-03-17 07:00:00,7,2022-03-17 14:00:00,379.36,43.3,3
2022-03-17 07:00:00,8,2022-03-17 15:00:00,379.35,42.6,3
2022-03-17 07:00:00,9,2022-03-17 16:00:00,379.36,43.9,3
2022-03-17 07:00:00,10,2022-03-17 17:00:00,379.39,47.3,3
2022-03-17 07:00:00,11,2022-03-17 18:00:00,379.37,44.2,3
2022-03-17 07:00:00,12,2022-03-17 19:00:00,379.37,44.2,3
2022-03-18 06:00:00,7,2022-03-18 13:00:00,379.39,46.7,3
2022-03-18 06:00:00,8,2022-03-18 14:00:00,379.38,46.1,3
2022-03-18 06:00:00,9,2022-03-18 15:00:00,379.38,46.0,3
2022-03-18 06:00:00,10,2022-03-18 16:00:00,379.39,46.3,3
2022-03-18 06:00:00,11,2022-03-18 17:00:00,379.41,49.5,3
2022-03-18 06:00:00,12,2022-03-18 18:00:00,379.41,49.2,3
2022-03-19 07:00:00,7,2022-03-19 14:00:00,379.32,39.2,3
2022-03-19 07:00:00,8,2022-03-19 15:00:00,379.35,42.3,3
2022-03-19 07:00:00,9,2022-03-19 16:00:00,379.35,42.5,3
2022-03-19 07:00:00,10,2022-03-19 17:00:00,379.31,38.9,3
2022-03-19 07:00:00,11,2022-03-19 18:00:00,379.32,39.0,3
2022-03-19 07:00:00,12,2022-03-19 19:00:00,379.33,41.0,3
2022-03-20 07:00:00,7,2022-03-20 14:00:00,379.32,39.4,3
2022-03-20 07:00:00,8,2022-03-20 15:00:00,379.33,40.3,3
2022-03-20 07:00:00,9,2022-03-20 16:00:00,379.35,43.0,3
2022-03-20 07:00:00,10,2022-03-20 17:00:00,379.31,38.2,3
2022-03-20 07:00:00,11,2022-03-20 18:00:00,379.3,37.9,3
2022-03-20 07:00:00,12,2022-03-20 19:00:00,379.3,37.7,3
2022-03-21 06:00:00,7,2022-03-21 13:00:00,379.2,28.8,3
2022-03-21 06:00:00,8,2022-03-21 14:00:00,379.22,30.6,3
2022-03-21 06:00:00,9,2022-03-21 15:00:00,379.24,31.7,3
2022-03-21 06:00:00,10,2022-03-21 16:00:00,379.27,34.9,3
2022-03-21 06:00:00,11,2022-03-21 17:00:00,379.27,34.4,3
2022-03-21 06:00:00,12,2022-03-21 18:00:00,379.26,33.3,3
2022-03-22 07:00:00,7,2022-03-22 14:00:00,379.2,28.8,3
2022-03-22 07:00:00,8,2022-03-22 15:00:00,379.22,30.3,3
2022-03-22 07:00:00,9,2022-03-22 16:00:00,379.26,33.2,3
2022-03-22 07:00:00,10,2022-03-22 17:00:00,379.26,33.7,3
2022-03-22 07:00:00,11,2022-03-22 18:00:00,379.23,31.0,3
2022-03-22 07:00:00,12,2022-03-22 19:00:00,379.23,31.1,3
2022-03-23 07:00:00,7,2022-03-23 14:00:00,379.18,26.8,3
2022-03-23 07:00:00,8,2022-03-23 15:00:00,379.18,27.3,3
2022-03-23 07:00:00,9,2022-03-23 16:00:00,379.23,31.4,3
2022-03-23 07:00:00,10,2022-03-23 17:00:00,379.24,31.7,3
2022-03-23 07:00:00,11,2022-03-23 18:00:00,379.21,29.1,3
2022-03-23 07:00:00,12,2022-03-23 19:00:00,379.2,28.4,3
2022-03-24 07:00:00,7,2022-03-24 14:00:00,379.24,32.1,3
2022-03-24 07:00:00,8,2022-03-24 15:00:00,379.27,34.2,3
2022-03-24 07:00:00,9,2022-03-24 16:00:00,379.26,33.7,3
2022-03-24 07:00:00,10,2022-03-24 17:00:00,379.25,32.7,3
2022-03-24 07:00:00,11,2022-03-24 18:00:00,379.22,30.6,3
2022-03-24 07:00:00,12,2022-03-24 19:00:00,379.23,30.7,3
2022-03-25 07:00:00,7,2022-03-25 14:00:00,379.15,24.6,3
2022-03-25 07:00:00,8,2022-03-25 15:00:00,379.17,26.2,3
2022-03-25 07:00:00,9,2022-03-25 16:00:00,379.22,29.9,3
2022-03-25 07:00:00,10,2022-03-25 17:00:00,379.23,30.9,3
2022-03-25 07:00:00,11,2022-03-25 18:00:00,379.2,28.7,3
2022-03-25 07:00:00,12,2022-03-25 19:00:00,379.2,28.3,3
2022-03-26 08:00:00,7,2022-03-26 15:00:00,379.28,35.3,3
2022-03-26 08:00:00,8,2022-03-26 16:00:00,379.25,32.7,3
2022-03-26 08:00:00,9,2022-03-26 17:00:00,379.24,32.3,3
2022-03-26 08:00:00,10,2022-03-26 18:00:00,379.25,32.8,3
2022-03-26 08:00:00,11,2022-03-26 19:00:00,379.22,30.6,3
2022-03-26 08:00:00,12,2022-03-26 20:00:00,379.23,30.9,3
2022-03-26 09:00:00,7,2022-03-26 16:00:00,379.25,32.7,3
2022-03-26 09:00:00,8,2022-03-26 17:00:00,379.24,32.3,3
2022-03-26 09:00:00,9,2022-03-26 18:00:00,379.25,32.8,3
2022-03-26 09:00:00,10,2022-03-26 19:00:00,379.22,30.6,3
2022-03-26 09:00:00,11,2022-03-26 20:00:00,379.23,30.9,3
2022-03-26 09:00:00,12,2022-03-26 21:00:00,379.26,33.7,3
2022-03-27 08:00:00,7,2022-03-27 15:00:00,379.3,37.3,3
2022-03-27 08:00:00,8,2022-03-27 16:00:00,379.34,41.3,3
2022-03-27 08:00:00,9,2022-03-27 17:00:00,379.32,39.9,3
2022-03-27 08:00:00,10,2022-03-27 18:00:00,379.32,39.5,3
2022-03-27 08:00:00,11,2022-03-27 19:00:00,379.31,38.2,3
2022-03-27 08:00:00,12,2022-03-27 20:00:00,379.31,38.5,3
2022-03-27 09:00:00,7,2022-03-27 16:00:00,379.34,41.3,3
2022-03-27 09:00:00,8,2022-03-27 17:00:00,379.32,39.9,3
2022-03-27 09:00:00,9,2022-03-27 18:00:00,379.32,39.5,3
2022-03-27 09:00:00,10,2022-03-27 19:00:00,379.31,38.2,3
2022-03-27 09:00:00,11,2022-03-27 20:00:00,379.31,38.5,3
2022-03-27 09:00:00,12,2022-03-27 21:00:00,379.31,38.3,3
2022-03-28 07:00:00,7,2022-03-28 14:00:00,379.23,30.8,3
2022-03-28 07:00:00,8,2022-03-28 15:00:00,379.21,29.5,3
2022-03-28 07:00:00,9,2022-03-28 16:00:00,379.21,29.0,3
2022-03-28 07:00:00,10,2022-03-28 17:00:00,379.21,29.0,3
2022-03-28 07:00:00,11,2022-03-28 18:00:00,379.21,29.6,3
2022-03-28 07:00:00,12,2022-03-28 19:00:00,379.24,31.8,3
2022-03-28 11:00:00,7,2022-03-28 18:00:00,379.16,25.9,3
2022-03-28 11:00:00,8,2022-03-28 19:00:00,379.18,27.2,3
2022-03-28 11:00:00,9,2022-03-28 20:00:00,379.24,32.3,3
2022-03-28 11:00:00,10,2022-03-28 21:00:00,379.26,33.5,3
2022-03-28 11:00:00,11,2022-03-28 22:00:00,379.26,33.8,3
2022-03-28 11:00:00,12,2022-03-28 23:00:00,379.26,33.7,3
2022-03-28 20:00:00,7,2022-03-29 03:00:00,379.15,25.1,3
2022-03-28 20:00:00,8,2022-03-29 04:00:00,379.15,24.6,3
2022-03-28 20:00:00,9,2022-03-29 05:00:00,379.24,32.3,3
2022-03-28 20:00:00,10,2022-03-29 06:00:00,379.25,33.0,3
2022-03-28 20:00:00,11,2022-03-29 07:00:00,379.24,31.5,3
2022-03-28 20:00:00,12,2022-03-29 08:00:00,379.24,31.7,3
2022-03-29 07:00:00,7,2022-03-29 14:00:00,379.34,41.3,3
2022-03-29 07:00:00,8,2022-03-29 15:00:00,379.35,43.0,3
2022-03-29 07:00:00,9,2022-03-29 16:00:00,379.35,42.7,3
2022-03-29 07:00:00,10,2022-03-29 17:00:00,379.32,39.8,3
2022-03-29 07:00:00,11,2022-03-29 18:00:00,379.32,39.5,3
2022-03-29 07:00:00,12,2022-03-29 19:00:00,379.33,40.4,3
2022-03-30 07:00:00,7,2022-03-30 14:00:00,379.29,36.4,3
2022-03-30 07:00:00,8,2022-03-30 15:00:00,379.27,34.2,3
2022-03-30 07:00:00,9,2022-03-30 16:00:00,379.26,33.5,3
2022-03-30 07:00:00,10,2022-03-30 17:00:00,379.28,35.2,3
2022-03-30 07:00:00,11,2022-03-30 18:00:00,379.33,40.5,3
2022-03-30 07:00:00,12,2022-03-30 19:00:00,379.31,38.6,3
2022-03-31 07:00:00,7,2022-03-31 14:00:00,379.37,44.7,3
2022-03-31 07:00:00,8,2022-03-31 15:00:00,379.32,39.9,3
2022-03-31 07:00:00,9,2022-03-31 16:00:00,379.32,39.2,3
2022-03-31 07:00:00,10,2022-03-31 17:00:00,379.34,41.8,3
2022-03-31 07:00:00,11,2022-03-31 18:00:00,379.38,46.1,3
2022-03-31 07:00:00,12,2022-03-31 19:00:00,379.39,46.4,3
2022-04-01 07:00:00,7,2022-04-01 14:00:00,379.29,36.7,3
2022-04-01 07:00:00,8,2022-04-01 15:00:00,379.28,35.3,3
2022-04-01 07:00:00,9,2022-04-01 16:00:00,379.28,35.2,3
2022-04-01 07:00:00,10,2022-04-01 17:00:00,379.26,34.0,3
2022-04-01 07:00:00,11,2022-04-01 18:00:00,379.29,36.5,3
2022-04-01 07:00:00,12,2022-04-01 19:00:00,379.29,36.1,3
2022-04-02 07:00:00,7,2022-04-02 14:00:00,379.14,24.1,3
2022-04-02 07:00:00,8,2022-04-02 15:00:00,379.19,27.8,3
2022-04-02 07:00:00,9,2022-04-02 16:00:00,379.29,36.1,3
2022-04-02 07:00:00,10,2022-04-02 17:00:00,379.24,32.2,3
2022-04-02 07:00:00,11,2022-04-02 18:00:00,379.24,31.8,3
2022-04-02 07:00:00,12,2022-04-02 19:00:00,379.24,31.6,3
2022-04-03 07:00:00,7,2022-04-03 14:00:00,379.21,29.8,3
2022-04-03 07:00:00,8,2022-04-03 15:00:00,379.23,30.7,3
2022-04-03 07:00:00,9,2022-04-03 16:00:00,379.33,40.0,3
2022-04-03 07:00:00,10,2022-04-03 17:00:00,379.28,35.2,3
2022-04-03 07:00:00,11,2022-04-03 18:00:00,379.27,34.2,3
2022-04-03 07:00:00,12,2022-04-03 19:00:00,379.27,34.7,3
2022-04-04 07:00:00,7,2022-04-04 14:00:00,379.14,24.5,3
2022-04-04 07:00:00,8,2022-04-04 15:00:00,379.15,24.7,3
2022-04-04 07:00:00,9,2022-04-04 16:00:00,379.19,27.6,3
2022-04-04 07:00:00,10,2022-04-04 17:00:00,379.19,28.0,3
2022-04-04 07:00:00,11,2022-04-04 18:00:00,379.24,31.9,3
2022-04-04 07:00:00,12,2022-04-04 19:00:00,379.25,32.6,3
2022-04-04 11:00:00,7,2022-04-04 18:00:00,379.24,31.9,3
2022-04-04 11:00:00,8,2022-04-04 19:00:00,379.25,32.6,3
2022-04-04 11:00:00,9,2022-04-04 20:00:00,379.24,31.8,3
2022-04-04 11:00:00,10,2022-04-04 21:00:00,379.22,30.4,3
2022-04-04 11:00:00,11,2022-04-04 22:00:00,379.22,30.0,3
2022-04-04 11:00:00,12,2022-04-04 23:00:00,379.22,30.0,3
2022-04-05 06:00:00,7,2022-04-05 13:00:00,379.19,27.7,3
2022-04-05 06:00:00,8,2022-04-05 14:00:00,379.17,26.3,3
2022-04-05 06:00:00,9,2022-04-05 15:00:00,379.15,24.9,3
2022-04-05 06:00:00,10,2022-04-05 16:00:00,379.18,27.4,3
2022-04-05 06:00:00,11,2022-04-05 17:00:00,379.19,28.0,3
2022-04-05 06:00:00,12,2022-04-05 18:00:00,379.2,28.4,3
2022-04-06 06:00:00,7,2022-04-06 13:00:00,379.15,24.6,3
2022-04-06 06:00:00,8,2022-04-06 14:00:00,379.14,24.5,3
2022-04-06 06:00:00,9,2022-04-06 15:00:00,379.2,28.6,3
2022-04-06 06:00:00,10,2022-04-06 16:00:00,379.21,29.1,3
2022-04-06 06:00:00,11,2022-04-06 17:00:00,379.22,29.9,3
2022-04-06 06:00:00,12,2022-04-06 18:00:00,379.23,31.0,3
2022-04-06 20:00:00,7,2022-04-07 03:00:00,379.14,23.9,3
2022-04-06 20:00:00,8,2022-04-07 04:00:00,379.21,29.6,3
2022-04-06 20:00:00,9,2022-04-07 05:00:00,379.29,36.8,3
2022-04-06 20:00:00,10,2022-04-07 06:00:00,379.3,37.2,3
2022-04-06 20:00:00,11,2022-04-07 07:00:00,379.29,36.4,3
2022-04-06 20:00:00,12,2022-04-07 08:00:00,379.29,36.5,3
2022-04-07 07:00:00,7,2022-04-07 14:00:00,379.43,51.5,3
2022-04-07 07:00:00,8,2022-04-07 15:00:00,379.45,53.5,3
2022-04-07 07:00:00,9,2022-04-07 16:00:00,379.47,55.7,3
2022-04-07 07:00:00,10,2022-04-07 17:00:00,379.53,62.1,3
2022-04-07 07:00:00,11,2022-04-07 18:00:00,379.57,67.5,3
2022-04-07 07:00:00,12,2022-04-07 19:00:00,379.6,71.3,3
2022-04-07 12:00:00,7,2022-04-07 19:00:00,379.51,60.0,3
2022-04-07 12:00:00,8,2022-04-07 20:00:00,379.54,63.7,3
2022-04-07 12:00:00,9,2022-04-07 21:00:00,379.6,70.8,3
2022-04-07 12:00:00,10,2022-04-07 22:00:00,379.71,84.3,3
2022-04-07 12:00:00,11,2022-04-07 23:00:00,379.78,92.5,3
2022-04-07 12:00:00,12,2022-04-08 00:00:00,379.88,105.1,3
2022-04-07 15:00:00,7,2022-04-07 22:00:00,379.75,88.5,3
2022-04-07 15:00:00,8,2022-04-07 23:00:00,379.81,96.1,3
2022-04-07 15:00:00,9,2022-04-08 00:00:00,379.89,107.0,3
2022-04-07 15:00:00,10,2022-04-08 01:00:00,379.94,113.1,3
2022-04-07 15:00:00,11,2022-04-08 02:00:00,379.99,120.0,3
2022-04-07 15:00:00,12,2022-04-08 03:00:00,380.07,131.1,3
2022-04-08 07:00:00,7,2022-04-08 14:00:00,380.25,158.0,3
2022-04-08 07:00:00,8,2022-04-08 15:00:00,380.23,154.7,3
2022-04-08 07:00:00,9,2022-04-08 16:00:00,380.2,150.6,3
2022-04-08 07:00:00,10,2022-04-08 17:00:00,380.17,144.9,3
2022-04-08 07:00:00,11,2022-04-08 18:00:00,380.17,145.4,3
2022-04-08 07:00:00,12,2022-04-08 19:00:00,380.18,146.5,3
2022-04-08 14:00:00,7,2022-04-08 21:00:00,380.39,178.2,3
2022-04-08 14:00:00,8,2022-04-08 22:00:00,380.37,175.3,3
2022-04-08 14:00:00,9,2022-04-08 23:00:00,380.38,176.9,3
2022-04-08 14:00:00,10,2022-04-09 00:00:00,380.37,175.9,3
2022-04-08 14:00:00,11,2022-04-09 01:00:00,380.37,175.2,3
2022-04-08 14:00:00,12,2022-04-09 02:00:00,380.36,174.8,3
2022-04-08 17:00:00,7,2022-04-09 00:00:00,380.52,199.1,3
2022-04-08 17:00:00,8,2022-04-09 01:00:00,380.47,192.2,3
2022-04-08 17:00:00,9,2022-04-09 02:00:00,380.42,183.5,3
2022-04-08 17:00:00,10,2022-04-09 03:00:00,380.38,176.8,3
2022-04-08 17:00:00,11,2022-04-09 04:00:00,380.34,171.7,3
2022-04-08 17:00:00,12,2022-04-09 05:00:00,380.31,166.8,3
2022-04-09 07:00:00,7,2022-04-09 14:00:00,380.1,134.9,3
2022-04-09 07:00:00,8,2022-04-09 15:00:00,380.07,130.8,3
2022-04-09 07:00:00,9,2022-04-09 16:00:00,380.05,128.7,3
2022-04-09 07:00:00,10,2022-04-09 17:00:00,380.04,127.0,3
2022-04-09 07:00:00,11,2022-04-09 18:00:00,380.01,123.0,3
2022-04-09 07:00:00,12,2022-04-09 19:00:00,379.98,119.3,3
2022-04-10 07:00:00,7,2022-04-10 14:00:00,379.63,74.6,3
2022-04-10 07:00:00,8,2022-04-10 15:00:00,379.6,70.7,3
2022-04-10 07:00:00,9,2022-04-10 16:00:00,379.61,72.6,3
2022-04-10 07:00:00,10,2022-04-10 17:00:00,379.62,72.7,3
2022-04-10 07:00:00,11,2022-04-10 18:00:00,379.61,71.6,3
2022-04-10 07:00:00,12,2022-04-10 19:00:00,379.61,72.6,3
2022-04-11 07:00:00,7,2022-04-11 14:00:00,379.49,58.5,3
2022-04-11 07:00:00,8,2022-04-11 15:00:00,379.49,57.8,3
2022-04-11 07:00:00,9,2022-04-11 16:00:00,379.47,56.1,3
2022-04-11 07:00:00,10,2022-04-11 17:00:00,379.48,56.4,3
2022-04-11 07:00:00,11,2022-04-11 18:00:00,379.48,57.5,3
2022-04-11 07:00:00,12,2022-04-11 19:00:00,379.48,56.9,3
2022-04-12 07:00:00,7,2022-04-12 14:00:00,379.47,55.6,3
2022-04-12 07:00:00,8,2022-04-12 15:00:00,379.45,53.6,3
2022-04-12 07:00:00,9,2022-04-12 16:00:00,379.44,52.4,3
2022-04-12 07:00:00,10,2022-04-12 17:00:00,379.43,51.1,3
2022-04-12 07:00:00,11,2022-04-12 18:00:00,379.43,51.1,3
2022-04-12 07:00:00,12,2022-04-12 19:00:00,379.46,54.7,3
2022-04-13 08:00:00,7,2022-04-13 15:00:00,379.48,57.1,3
2022-04-13 08:00:00,8,2022-04-13 16:00:00,379.49,57.8,3
2022-04-13 08:00:00,9,2022-04-13 17:00:00,379.48,56.5,3
2022-04-13 08:00:00,10,2022-04-13 18:00:00,379.43,51.6,3
2022-04-13 08:00:00,11,2022-04-13 19:00:00,379.44,52.3,3
2022-04-13 08:00:00,12,2022-04-13 20:00:00,379.46,54.3,3
2022-04-14 07:00:00,7,2022-04-14 14:00:00,379.56,66.4,3
2022-04-14 07:00:00,8,2022-04-14 15:00:00,379.54,63.5,3
2022-04-14 07:00:00,9,2022-04-14 16:00:00,379.51,60.6,3
2022-04-14 07:00:00,10,2022-04-14 17:00:00,379.47,55.8,3
2022-04-14 07:00:00,11,2022-04-14 18:00:00,379.46,54.3,3
2022-04-14 07:00:00,12,2022-04-14 19:00:00,379.46,54.3,3
2022-04-15 07:00:00,7,2022-04-15 14:00:00,379.56,66.2,3
2022-04-15 07:00:00,8,2022-04-15 15:00:00,379.56,65.8,3
2022-04-15 07:00:00,9,2022-04-15 16:00:00,379.54,64.1,3
2022-04-15 07:00:00,10,2022-04-15 17:00:00,379.54,63.7,3
2022-04-15 07:00:00,11,2022-04-15 18:00:00,379.52,61.7,3
2022-04-15 07:00:00,12,2022-04-15 19:00:00,379.51,60.7,3
2022-04-16 07:00:00,7,2022-04-16 14:00:00,379.57,66.7,3
2022-04-16 07:00:00,8,2022-04-16 15:00:00,379.64,75.2,3
2022-04-16 07:00:00,9,2022-04-16 16:00:00,379.57,67.8,3
2022-04-16 07:00:00,10,2022-04-16 17:00:00,379.54,64.1,3
2022-04-16 07:00:00,11,2022-04-16 18:00:00,379.54,64.4,3
2022-04-16 07:00:00,12,2022-04-16 19:00:00,379.55,64.6,3
2022-04-17 07:00:00,7,2022-04-17 14:00:00,379.61,72.4,3
2022-04-17 07:00:00,8,2022-04-17 15:00:00,379.59,69.9,3
2022-04-17 07:00:00,9,2022-04-17 16:00:00,379.57,66.8,3
2022-04-17 07:00:00,10,2022-04-17 17:00:00,379.5,59.6,3
2022-04-17 07:00:00,11,2022-04-17 18:00:00,379.5,59.5,3
2022-04-17 07:00:00,12,2022-04-17 19:00:00,379.5,59.2,3
2022-04-18 07:00:00,7,2022-04-18 14:00:00,379.56,65.6,3
2022-04-18 07:00:00,8,2022-04-18 15:00:00,379.55,64.4,3
2022-04-18 07:00:00,9,2022-04-18 16:00:00,379.52,61.6,3
2022-04-18 07:00:00,10,2022-04-18 17:00:00,379.5,59.5,3
2022-04-18 07:00:00,11,2022-04-18 18:00:00,379.46,54.5,3
2022-04-18 07:00:00,12,2022-04-18 19:00:00,379.46,54.2,3
2022-04-19 07:00:00,7,2022-04-19 14:00:00,379.51,60.8,3
2022-04-19 07:00:00,8,2022-04-19 15:00:00,379.5,59.8,3
2022-04-19 07:00:00,9,2022-04-19 16:00:00,379.51,60.3,3
2022-04-19 07:00:00,10,2022-04-19 17:00:00,379.49,57.9,3
2022-04-19 07:00:00,11,2022-04-19 18:00:00,379.44,52.1,3
2022-04-19 07:00:00,12,2022-04-19 19:00:00,379.44,52.1,3
2022-04-20 07:00:00,7,2022-04-20 14:00:00,379.46,54.8,3
2022-04-20 07:00:00,8,2022-04-20 15:00:00,379.46,55.2,3
2022-04-20 07:00:00,9,2022-04-20 16:00:00,379.47,56.1,3
2022-04-20 07:00:00,10,2022-04-20 17:00:00,379.47,55.8,3
2022-04-20 07:00:00,11,2022-04-20 18:00:00,379.44,52.1,3
2022-04-20 07:00:00,12,2022-04-20 19:00:00,379.44,52.3,3
2022-04-21 07:00:00,7,2022-04-21 14:00:00,379.51,60.8,3
2022-04-21 07:00:00,8,2022-04-21 15:00:00,379.51,59.8,3
2022-04-21 07:00:00,9,2022-04-21 16:00:00,379.49,58.1,3
2022-04-21 07:00:00,10,2022-04-21 17:00:00,379.48,57.2,3
2022-04-21 07:00:00,11,2022-04-21 18:00:00,379.47,55.5,3
2022-04-21 07:00:00,12,2022-04-21 19:00:00,379.46,54.4,3
2022-04-22 07:00:00,7,2022-04-22 14:00:00,379.51,60.6,3
2022-04-22 07:00:00,8,2022-04-22 15:00:00,379.51,60.0,3
2022-04-22 07:00:00,9,2022-04-22 16:00:00,379.5,59.4,3
2022-04-22 07:00:00,10,2022-04-22 17:00:00,379.5,58.7,3
2022-04-22 07:00:00,11,2022-04-22 18:00:00,379.48,57.2,3
2022-04-22 07:00:00,12,2022-04-22 19:00:00,379.47,56.2,3
2022-04-23 07:00:00,7,2022-04-23 14:00:00,379.53,63.0,3
2022-04-23 07:00:00,8,2022-04-23 15:00:00,379.53,62.6,3
2022-04-23 07:00:00,9,2022-04-23 16:00:00,379.52,61.9,3
2022-04-23 07:00:00,10,2022-04-23 17:00:00,379.53,62.7,3
2022-04-23 07:00:00,11,2022-04-23 18:00:00,379.53,62.9,3
2022-04-23 07:00:00,12,2022-04-23 19:00:00,379.54,64.3,3
2022-04-24 07:00:00,7,2022-04-24 14:00:00,379.68,79.9,3
2022-04-24 07:00:00,8,2022-04-24 15:00:00,379.64,75.3,3
2022-04-24 07:00:00,9,2022-04-24 16:00:00,379.61,71.8,3
2022-04-24 07:00:00,10,2022-04-24 17:00:00,379.57,67.3,3
2022-04-24 07:00:00,11,2022-04-24 18:00:00,379.57,66.8,3
2022-04-24 07:00:00,12,2022-04-24 19:00:00,379.56,66.0,3
2022-04-25 07:00:00,7,2022-04-25 14:00:00,379.58,68.2,3
2022-04-25 07:00:00,8,2022-04-25 15:00:00,379.58,68.4,3
2022-04-25 07:00:00,9,2022-04-25 16:00:00,379.61,71.8,3
2022-04-25 07:00:00,10,2022-04-25 17:00:00,379.62,73.7,3
2022-04-25 07:00:00,11,2022-04-25 18:00:00,379.61,72.4,3
2022-04-25 07:00:00,12,2022-04-25 19:00:00,379.61,72.3,3
2022-04-26 06:00:00,7,2022-04-26 13:00:00,379.53,63.1,3
2022-04-26 06:00:00,8,2022-04-26 14:00:00,379.53,62.6,3
2022-04-26 06:00:00,9,2022-04-26 15:00:00,379.53,62.9,3
2022-04-26 06:00:00,10,2022-04-26 16:00:00,379.55,64.6,3
2022-04-26 06:00:00,11,2022-04-26 17:00:00,379.55,64.7,3
2022-04-26 06:00:00,12,2022-04-26 18:00:00,379.54,64.3,3
2022-04-27 07:00:00,7,2022-04-27 14:00:00,379.46,54.5,3
2022-04-27 07:00:00,8,2022-04-27 15:00:00,379.45,53.6,3
2022-04-27 07:00:00,9,2022-04-27 16:00:00,379.44,52.9,3
2022-04-27 07:00:00,10,2022-04-27 17:00:00,379.44,51.9,3
2022-04-27 07:00:00,11,2022-04-27 18:00:00,379.43,51.2,3
2022-04-27 07:00:00,12,2022-04-27 19:00:00,379.43,51.0,3
2022-04-28 07:00:00,7,2022-04-28 14:00:00,379.39,47.3,3
2022-04-28 07:00:00,8,2022-04-28 15:00:00,379.4,47.8,3
2022-04-28 07:00:00,9,2022-04-28 16:00:00,379.4,47.8,3
2022-04-28 07:00:00,10,2022-04-28 17:00:00,379.39,46.9,3
2022-04-28 07:00:00,11,2022-04-28 18:00:00,379.38,45.2,3
2022-04-28 07:00:00,12,2022-04-28 19:00:00,379.37,45.0,3
2022-04-28 09:00:00,7,2022-04-28 16:00:00,379.4,47.8,3
2022-04-28 09:00:00,8,2022-04-28 17:00:00,379.39,46.9,3
2022-04-28 09:00:00,9,2022-04-28 18:00:00,379.38,45.2,3
2022-04-28 09:00:00,10,2022-04-28 19:00:00,379.37,45.0,3
2022-04-28 09:00:00,11,2022-04-28 20:00:00,379.37,44.8,3
2022-04-28 09:00:00,12,2022-04-28 21:00:00,379.37,44.9,3
2022-04-29 06:00:00,7,2022-04-29 13:00:00,379.39,47.1,3
2022-04-29 06:00:00,8,2022-04-29 14:00:00,379.41,48.5,3
2022-04-29 06:00:00,9,2022-04-29 15:00:00,379.4,48.3,3
2022-04-29 06:00:00,10,2022-04-29 16:00:00,379.39,47.1,3
2022-04-29 06:00:00,11,2022-04-29 17:00:00,379.41,48.6,3
2022-04-29 06:00:00,12,2022-04-29 18:00:00,379.4,48.3,3
2022-04-30 07:00:00,7,2022-04-30 14:00:00,379.43,51.4,3
2022-04-30 07:00:00,8,2022-04-30 15:00:00,379.44,52.1,3
2022-04-30 07:00:00,9,2022-04-30 16:00:00,379.43,51.4,3
2022-04-30 07:00:00,10,2022-04-30 17:00:00,379.42,50.3,3
2022-04-30 07:00:00,11,2022-04-30 18:00:00,379.41,49.5,3
2022-04-30 07:00:00,12,2022-04-30 19:00:00,379.39,46.9,3
2022-05-01 07:00:00,7,2022-05-01 14:00:00,379.49,57.6,3
2022-05-01 07:00:00,8,2022-05-01 15:00:00,379.48,57.2,3
2022-05-01 07:00:00,9,2022-05-01 16:00:00,379.48,56.9,3
2022-05-01 07:00:00,10,2022-05-01 17:00:00,379.46,55.2,3
2022-05-01 07:00:00,11,2022-05-01 18:00:00,379.45,53.7,3
2022-05-01 07:00:00,12,2022-05-01 19:00:00,379.42,49.8,3
2022-05-02 06:00:00,7,2022-05-02 13:00:00,379.41,48.7,3
2022-05-02 06:00:00,8,2022-05-02 14:00:00,379.46,54.3,3
2022-05-02 06:00:00,9,2022-05-02 15:00:00,379.44,52.8,3
2022-05-02 06:00:00,10,2022-05-02 16:00:00,379.43,51.1,3
2022-05-02 06:00:00,11,2022-05-02 17:00:00,379.41,49.4,3
2022-05-02 06:00:00,12,2022-05-02 18:00:00,379.41,49.5,3
2022-05-03 07:00:00,7,2022-05-03 14:00:00,379.44,52.5,3
2022-05-03 07:00:00,8,2022-05-03 15:00:00,379.43,51.4,3
2022-05-03 07:00:00,9,2022-05-03 16:00:00,379.42,49.7,3
2022-05-03 07:00:00,10,2022-05-03 17:00:00,379.42,49.7,3
2022-05-03 07:00:00,11,2022-05-03 18:00:00,379.42,49.6,3
2022-05-03 07:00:00,12,2022-05-03 19:00:00,379.39,47.1,3
2022-05-04 07:00:00,7,2022-05-04 14:00:00,379.42,50.6,3
2022-05-04 07:00:00,8,2022-05-04 15:00:00,379.43,51.0,3
2022-05-04 07:00:00,9,2022-05-04 16:00:00,379.42,50.2,3
2022-05-04 07:00:00,10,2022-05-04 17:00:00,379.42,50.1,3
2022-05-04 07:00:00,11,2022-05-04 18:00:00,379.41,49.2,3
2022-05-04 07:00:00,12,2022-05-04 19:00:00,379.4,47.8,3
2022-05-05 07:00:00,7,2022-05-05 14:00:00,379.63,74.7,3
2022-05-05 07:00:00,8,2022-05-05 15:00:00,379.64,75.8,3
2022-05-05 07:00:00,9,2022-05-05 16:00:00,379.64,75.1,3
2022-05-05 07:00:00,10,2022-05-05 17:00:00,379.61,72.2,3
2022-05-05 07:00:00,11,2022-05-05 18:00:00,379.6,71.2,3
2022-05-05 07:00:00,12,2022-05-05 19:00:00,379.61,71.6,3
2022-05-06 07:00:00,7,2022-05-06 14:00:00,379.55,65.2,3
2022-05-06 07:00:00,8,2022-05-06 15:00:00,379.54,63.5,3
2022-05-06 07:00:00,9,2022-05-06 16:00:00,379.53,63.1,3
2022-05-06 07:00:00,10,2022-05-06 17:00:00,379.53,62.9,3
2022-05-06 07:00:00,11,2022-05-06 18:00:00,379.52,61.5,3
2022-05-06 07:00:00,12,2022-05-06 19:00:00,379.5,59.4,3
2022-05-07 06:00:00,7,2022-05-07 13:00:00,379.5,59.5,3
2022-05-07 06:00:00,8,2022-05-07 14:00:00,379.5,59.1,3
2022-05-07 06:00:00,9,2022-05-07 15:00:00,379.5,59.3,3
2022-05-07 06:00:00,10,2022-05-07 16:00:00,379.5,58.8,3
2022-05-07 06:00:00,11,2022-05-07 17:00:00,379.49,57.5,3
2022-05-07 06:00:00,12,2022-05-07 18:00:00,379.46,55.0,3
2022-05-08 07:00:00,7,2022-05-08 14:00:00,379.53,62.5,3
2022-05-08 07:00:00,8,2022-05-08 15:00:00,379.52,61.6,3
2022-05-08 07:00:00,9,2022-05-08 16:00:00,379.52,61.3,3
2022-05-08 07:00:00,10,2022-05-08 17:00:00,379.49,58.5,3
2022-05-08 07:00:00,11,2022-05-08 18:00:00,379.47,55.7,3
2022-05-08 07:00:00,12,2022-05-08 19:00:00,379.47,55.6,3
2022-05-09 07:00:00,7,2022-05-09 14:00:00,379.58,68.8,3
2022-05-09 07:00:00,8,2022-05-09 15:00:00,379.57,67.3,3
2022-05-09 07:00:00,9,2022-05-09 16:00:00,379.57,66.7,3
2022-05-09 07:00:00,10,2022-05-09 17:00:00,379.53,62.9,3
2022-05-09 07:00:00,11,2022-05-09 18:00:00,379.5,59.3,3
2022-05-09 07:00:00,12,2022-05-09 19:00:00,379.5,59.1,3
2022-05-10 07:00:00,7,2022-05-10 14:00:00,379.58,68.9,3
2022-05-10 07:00:00,8,2022-05-10 15:00:00,379.57,67.5,3
2022-05-10 07:00:00,9,2022-05-10 16:00:00,379.55,65.3,3
2022-05-10 07:00:00,10,2022-05-10 17:00:00,379.51,60.2,3
2022-05-10 07:00:00,11,2022-05-10 18:00:00,379.51,60.0,3
2022-05-10 07:00:00,12,2022-05-10 19:00:00,379.5,59.6,3
2022-05-11 17:00:00,7,2022-05-12 00:00:00,379.56,65.9,3
2022-05-11 17:00:00,8,2022-05-12 01:00:00,379.57,67.7,3
2022-05-11 17:00:00,9,2022-05-12 02:00:00,379.6,70.4,3
2022-05-11 17:00:00,10,2022-05-12 03:00:00,379.59,69.8,3
2022-05-11 17:00:00,11,2022-05-12 04:00:00,379.58,68.8,3
2022-05-11 17:00:00,12,2022-05-12 05:00:00,379.59,69.3,3
2022-05-12 06:00:00,7,2022-05-12 13:00:00,379.68,80.2,3
2022-05-12 06:00:00,8,2022-05-12 14:00:00,379.65,76.6,3
2022-05-12 06:00:00,9,2022-05-12 15:00:00,379.61,72.4,3
2022-05-12 06:00:00,10,2022-05-12 16:00:00,379.58,68.9,3
2022-05-12 06:00:00,11,2022-05-12 17:00:00,379.59,69.3,3
2022-05-12 06:00:00,12,2022-05-12 18:00:00,379.58,68.7,3
2022-05-12 23:00:00,7,2022-05-13 06:00:00,379.71,84.3,3
2022-05-12 23:00:00,8,2022-05-13 07:00:00,379.72,85.4,3
2022-05-12 23:00:00,9,2022-05-13 08:00:00,379.67,79.0,3
2022-05-12 23:00:00,10,2022-05-13 09:00:00,379.67,79.0,3
2022-05-12 23:00:00,11,2022-05-13 10:00:00,379.68,79.9,3
2022-05-12 23:00:00,12,2022-05-13 11:00:00,379.68,80.8,3
2022-05-13 07:00:00,7,2022-05-13 14:00:00,379.66,78.0,3
2022-05-13 07:00:00,8,2022-05-13 15:00:00,379.66,77.6,3
2022-05-13 07:00:00,9,2022-05-13 16:00:00,379.63,73.8,3
2022-05-13 07:00:00,10,2022-05-13 17:00:00,379.61,71.7,3
2022-05-13 07:00:00,11,2022-05-13 18:00:00,379.61,71.8,3
2022-05-13 07:00:00,12,2022-05-13 19:00:00,379.62,73.8,3
2022-05-14 08:00:00,7,2022-05-14 15:00:00,379.65,76.3,3
2022-05-14 08:00:00,8,2022-05-14 16:00:00,379.66,78.2,3
2022-05-14 08:00:00,9,2022-05-14 17:00:00,379.67,79.2,3
2022-05-14 08:00:00,10,2022-05-14 18:00:00,379.66,78.2,3
2022-05-14 08:00:00,11,2022-05-14 19:00:00,379.66,77.5,3
2022-05-14 08:00:00,12,2022-05-14 20:00:00,379.65,77.1,3
2022-05-15 08:00:00,7,2022-05-15 15:00:00,379.65,77.1,3
2022-05-15 08:00:00,8,2022-05-15 16:00:00,379.64,76.0,3
2022-05-15 08:00:00,9,2022-05-15 17:00:00,379.69,82.3,3
2022-05-15 08:00:00,10,2022-05-15 18:00:00,379.7,83.3,3
2022-05-15 08:00:00,11,2022-05-15 19:00:00,379.7,82.6,3
2022-05-15 08:00:00,12,2022-05-15 20:00:00,379.69,82.1,3
2022-05-16 07:00:00,7,2022-05-16 14:00:00,379.7,82.4,3
2022-05-16 07:00:00,8,2022-05-16 15:00:00,379.67,79.0,3
2022-05-16 07:00:00,9,2022-05-16 16:00:00,379.65,77.0,3
2022-05-16 07:00:00,10,2022-05-16 17:00:00,379.7,83.4,3
2022-05-16 07:00:00,11,2022-05-16 18:00:00,379.71,84.5,3
2022-05-16 07:00:00,12,2022-05-16 19:00:00,379.71,83.8,3
2022-05-17 07:00:00,7,2022-05-17 14:00:00,379.64,75.8,3
2022-05-17 07:00:00,8,2022-05-17 15:00:00,379.62,73.7,3
2022-05-17 07:00:00,9,2022-05-17 16:00:00,379.61,71.9,3
2022-05-17 07:00:00,10,2022-05-17 17:00:00,379.65,76.6,3
2022-05-17 07:00:00,11,2022-05-17 18:00:00,379.68,80.0,3
2022-05-17 07:00:00,12,2022-05-17 19:00:00,379.67,78.9,3
2022-05-18 07:00:00,7,2022-05-18 14:00:00,379.63,74.7,3
2022-05-18 07:00:00,8,2022-05-18 15:00:00,379.62,73.2,3
2022-05-18 07:00:00,9,2022-05-18 16:00:00,379.71,84.1,3
2022-05-18 07:00:00,10,2022-05-18 17:00:00,379.7,83.3,3
2022-05-18 07:00:00,11,2022-05-18 18:00:00,379.7,82.6,3
2022-05-18 07:00:00,12,2022-05-18 19:00:00,379.69,81.4,3
2022-05-19 07:00:00,7,2022-05-19 14:00:00,379.7,82.9,3
2022-05-19 07:00:00,8,2022-05-19 15:00:00,379.69,82.2,3
2022-05-19 07:00:00,9,2022-05-19 16:00:00,379.81,96.1,3
2022-05-19 07:00:00,10,2022-05-19 17:00:00,379.8,95.9,3
2022-05-19 07:00:00,11,2022-05-19 18:00:00,379.8,95.6,3
2022-05-19 07:00:00,12,2022-05-19 19:00:00,379.8,95.5,3
2022-05-20 06:00:00,7,2022-05-20 13:00:00,379.7,83.0,3
2022-05-20 06:00:00,8,2022-05-20 14:00:00,379.7,82.3,3
2022-05-20 06:00:00,9,2022-05-20 15:00:00,379.69,81.6,3
2022-05-20 06:00:00,10,2022-05-20 16:00:00,379.8,95.8,3
2022-05-20 06:00:00,11,2022-05-20 17:00:00,379.79,94.1,3
2022-05-20 06:00:00,12,2022-05-20 18:00:00,379.78,92.7,3
2022-05-21 06:00:00,7,2022-05-21 13:00:00,379.72,85.1,3
2022-05-21 06:00:00,8,2022-05-21 14:00:00,379.68,80.0,3
2022-05-21 06:00:00,9,2022-05-21 15:00:00,379.72,85.4,3
2022-05-21 06:00:00,10,2022-05-21 16:00:00,379.8,95.5,3
2022-05-21 06:00:00,11,2022-05-21 17:00:00,379.79,94.3,3
2022-05-21 06:00:00,12,2022-05-21 18:00:00,379.78,93.1,3
2022-05-22 06:00:00,7,2022-05-22 13:00:00,379.67,79.6,3
2022-05-22 06:00:00,8,2022-05-22 14:00:00,379.66,78.4,3
2022-05-22 06:00:00,9,2022-05-22 15:00:00,379.69,82.1,3
2022-05-22 06:00:00,10,2022-05-22 16:00:00,379.78,93.1,3
2022-05-22 06:00:00,11,2022-05-22 17:00:00,379.77,91.4,3
2022-05-22 06:00:00,12,2022-05-22 18:00:00,379.76,90.1,3
2022-05-23 06:00:00,7,2022-05-23 13:00:00,379.65,77.2,3
2022-05-23 06:00:00,8,2022-05-23 14:00:00,379.64,75.4,3
2022-05-23 06:00:00,9,2022-05-23 15:00:00,379.66,78.6,3
2022-05-23 06:00:00,10,2022-05-23 16:00:00,379.77,92.1,3
2022-05-23 06:00:00,11,2022-05-23 17:00:00,379.76,90.5,3
2022-05-23 06:00:00,12,2022-05-23 18:00:00,379.75,89.3,3
2022-05-24 07:00:00,7,2022-05-24 14:00:00,380.0,122.0,3
2022-05-24 07:00:00,8,2022-05-24 15:00:00,380.1,135.2,3
2022-05-24 07:00:00,9,2022-05-24 16:00:00,380.08,133.4,3
2022-05-24 07:00:00,10,2022-05-24 17:00:00,380.06,130.4,3
2022-05-24 07:00:00,11,2022-05-24 18:00:00,380.04,127.5,3
2022-05-24 07:00:00,12,2022-05-24 19:00:00,380.02,124.6,3
2022-05-25 07:00:00,7,2022-05-25 14:00:00,379.65,77.0,3
2022-05-25 07:00:00,8,2022-05-25 15:00:00,379.65,76.6,3
2022-05-25 07:00:00,9,2022-05-25 16:00:00,379.75,89.3,3
2022-05-25 07:00:00,10,2022-05-25 17:00:00,379.73,87.0,3
2022-05-25 07:00:00,11,2022-05-25 18:00:00,379.72,84.9,3
2022-05-25 07:00:00,12,2022-05-25 19:00:00,379.7,83.2,3
2022-05-26 07:00:00,7,2022-05-26 14:00:00,379.47,56.3,3
2022-05-26 07:00:00,8,2022-05-26 15:00:00,379.46,54.7,3
2022-05-26 07:00:00,9,2022-05-26 16:00:00,379.47,55.4,3
2022-05-26 07:00:00,10,2022-05-26 17:00:00,379.51,60.7,3
2022-05-26 07:00:00,11,2022-05-26 18:00:00,379.55,64.8,3
2022-05-26 07:00:00,12,2022-05-26 19:00:00,379.54,63.8,3
2022-05-27 07:00:00,7,2022-05-27 14:00:00,379.46,54.7,3
2022-05-27 07:00:00,8,2022-05-27 15:00:00,379.46,54.1,3
2022-05-27 07:00:00,9,2022-05-27 16:00:00,379.48,56.6,3
2022-05-27 07:00:00,10,2022-05-27 17:00:00,379.57,67.3,3
2022-05-27 07:00:00,11,2022-05-27 18:00:00,379.57,67.9,3
2022-05-27 07:00:00,12,2022-05-27 19:00:00,379.57,66.9,3
2022-05-28 08:00:00,7,2022-05-28 15:00:00,379.51,60.3,3
2022-05-28 08:00:00,8,2022-05-28 16:00:00,379.51,60.3,3
2022-05-28 08:00:00,9,2022-05-28 17:00:00,379.59,70.2,3
2022-05-28 08:00:00,10,2022-05-28 18:00:00,379.6,70.5,3
2022-05-28 08:00:00,11,2022-05-28 19:00:00,379.58,69.0,3
2022-05-28 08:00:00,12,2022-05-28 20:00:00,379.57,67.5,3
2022-05-29 07:00:00,7,2022-05-29 14:00:00,379.45,53.9,3
2022-05-29 07:00:00,8,2022-05-29 15:00:00,379.45,53.0,3
2022-05-29 07:00:00,9,2022-05-29 16:00:00,379.46,54.2,3
2022-05-29 07:00:00,10,2022-05-29 17:00:00,379.49,57.6,3
2022-05-29 07:00:00,11,2022-05-29 18:00:00,379.51,59.8,3
2022-05-29 07:00:00,12,2022-05-29 19:00:00,379.5,58.8,3
2022-05-30 07:00:00,7,2022-05-30 14:00:00,379.33,40.5,3
2022-05-30 07:00:00,8,2022-05-30 15:00:00,379.37,44.4,3
2022-05-30 07:00:00,9,2022-05-30 16:00:00,379.37,44.2,3
2022-05-30 07:00:00,10,2022-05-30 17:00:00,379.37,44.8,3
2022-05-30 07:00:00,11,2022-05-30 18:00:00,379.4,47.5,3
2022-05-30 07:00:00,12,2022-05-30 19:00:00,379.39,46.7,3
2022-05-31 07:00:00,7,2022-05-31 14:00:00,379.27,34.3,3
2022-05-31 07:00:00,8,2022-05-31 15:00:00,379.33,40.8,3
2022-05-31 07:00:00,9,2022-05-31 16:00:00,379.34,41.5,3
2022-05-31 07:00:00,10,2022-05-31 17:00:00,379.34,41.7,3
2022-05-31 07:00:00,11,2022-05-31 18:00:00,379.37,44.9,3
2022-05-31 07:00:00,12,2022-05-31 19:00:00,379.37,44.8,3
2022-06-01 07:00:00,7,2022-06-01 14:00:00,379.67,78.8,3
2022-06-01 07:00:00,8,2022-06-01 15:00:00,379.66,77.8,3
2022-06-01 07:00:00,9,2022-06-01 16:00:00,379.68,80.3,3
2022-06-01 07:00:00,10,2022-06-01 17:00:00,379.68,80.6,3
2022-06-01 07:00:00,11,2022-06-01 18:00:00,379.66,78.3,3
2022-06-01 07:00:00,12,2022-06-01 19:00:00,379.64,76.0,3
2022-06-02 07:00:00,7,2022-06-02 14:00:00,379.67,79.2,3
2022-06-02 07:00:00,8,2022-06-02 15:00:00,379.74,87.5,3
2022-06-02 07:00:00,9,2022-06-02 16:00:00,379.83,99.5,3
2022-06-02 07:00:00,10,2022-06-02 17:00:00,379.82,98.1,3
2022-06-02 07:00:00,11,2022-06-02 18:00:00,379.8,95.8,3
2022-06-02 07:00:00,12,2022-06-02 19:00:00,379.79,93.6,3
2022-06-03 06:00:00,7,2022-06-03 13:00:00,379.61,72.5,3
2022-06-03 06:00:00,8,2022-06-03 14:00:00,379.64,75.7,3
2022-06-03 06:00:00,9,2022-06-03 15:00:00,379.64,75.8,3
2022-06-03 06:00:00,10,2022-06-03 16:00:00,379.69,81.5,3
2022-06-03 06:00:00,11,2022-06-03 17:00:00,379.69,81.5,3
2022-06-03 06:00:00,12,2022-06-03 18:00:00,379.68,80.8,3
2022-06-04 07:00:00,7,2022-06-04 14:00:00,379.59,69.4,3
2022-06-04 07:00:00,8,2022-06-04 15:00:00,379.59,69.8,3
2022-06-04 07:00:00,9,2022-06-04 16:00:00,379.59,69.8,3
2022-06-04 07:00:00,10,2022-06-04 17:00:00,379.65,76.4,3
2022-06-04 07:00:00,11,2022-06-04 18:00:00,379.65,77.2,3
2022-06-04 07:00:00,12,2022-06-04 19:00:00,379.65,76.3,3
2022-06-05 07:00:00,7,2022-06-05 14:00:00,379.66,77.7,3
2022-06-05 07:00:00,8,2022-06-05 15:00:00,379.66,78.5,3
2022-06-05 07:00:00,9,2022-06-05 16:00:00,379.73,87.0,3
2022-06-05 07:00:00,10,2022-06-05 17:00:00,379.72,85.7,3
2022-06-05 07:00:00,11,2022-06-05 18:00:00,379.72,85.9,3
2022-06-05 07:00:00,12,2022-06-05 19:00:00,379.76,90.8,3
2022-06-06 07:00:00,7,2022-06-06 14:00:00,379.59,69.5,3
2022-06-06 07:00:00,8,2022-06-06 15:00:00,379.63,74.7,3
2022-06-06 07:00:00,9,2022-06-06 16:00:00,379.76,90.7,3
2022-06-06 07:00:00,10,2022-06-06 17:00:00,379.74,88.4,3
2022-06-06 07:00:00,11,2022-06-06 18:00:00,379.73,86.2,3
2022-06-06 07:00:00,12,2022-06-06 19:00:00,379.71,84.1,3
2022-06-07 06:00:00,7,2022-06-07 13:00:00,379.57,66.9,3
2022-06-07 06:00:00,8,2022-06-07 14:00:00,379.6,71.4,3
2022-06-07 06:00:00,9,2022-06-07 15:00:00,379.71,84.1,3
2022-06-07 06:00:00,10,2022-06-07 16:00:00,379.84,100.8,3
2022-06-07 06:00:00,11,2022-06-07 17:00:00,379.86,102.6,3
2022-06-07 06:00:00,12,2022-06-07 18:00:00,379.85,102.1,3
2022-06-08 06:00:00,7,2022-06-08 13:00:00,379.54,63.3,3
2022-06-08 06:00:00,8,2022-06-08 14:00:00,379.54,63.3,3
2022-06-08 06:00:00,9,2022-06-08 15:00:00,379.54,63.8,3
2022-06-08 06:00:00,10,2022-06-08 16:00:00,379.64,75.7,3
2022-06-08 06:00:00,11,2022-06-08 17:00:00,379.65,76.5,3
2022-06-08 06:00:00,12,2022-06-08 18:00:00,379.64,76.0,3
2022-06-09 06:00:00,7,2022-06-09 13:00:00,379.67,79.5,3
2022-06-09 06:00:00,8,2022-06-09 14:00:00,379.67,79.3,3
2022-06-09 06:00:00,9,2022-06-09 15:00:00,379.69,81.3,3
2022-06-09 06:00:00,10,2022-06-09 16:00:00,379.67,79.2,3
2022-06-09 06:00:00,11,2022-06-09 17:00:00,379.7,83.3,3
2022-06-09 06:00:00,12,2022-06-09 18:00:00,379.69,81.2,3
2022-06-09 09:00:00,7,2022-06-09 16:00:00,379.67,79.2,3
2022-06-09 09:00:00,8,2022-06-09 17:00:00,379.7,83.3,3
2022-06-09 09:00:00,9,2022-06-09 18:00:00,379.69,81.2,3
2022-06-09 09:00:00,10,2022-06-09 19:00:00,379.66,78.1,3
2022-06-09 09:00:00,11,2022-06-09 20:00:00,379.64,75.4,3
2022-06-09 09:00:00,12,2022-06-09 21:00:00,379.62,72.6,3
2022-06-10 07:00:00,7,2022-06-10 14:00:00,379.45,53.2,3
2022-06-10 07:00:00,8,2022-06-10 15:00:00,379.44,52.6,3
2022-06-10 07:00:00,9,2022-06-10 16:00:00,379.47,56.1,3
2022-06-10 07:00:00,10,2022-06-10 17:00:00,379.49,58.0,3
2022-06-10 07:00:00,11,2022-06-10 18:00:00,379.49,57.8,3
2022-06-10 07:00:00,12,2022-06-10 19:00:00,379.5,58.9,3
2022-06-11 08:00:00,7,2022-06-11 15:00:00,379.4,48.2,3
2022-06-11 08:00:00,8,2022-06-11 16:00:00,379.39,47.1,3
2022-06-11 08:00:00,9,2022-06-11 17:00:00,379.4,48.2,3
2022-06-11 08:00:00,10,2022-06-11 18:00:00,379.43,51.5,3
2022-06-11 08:00:00,11,2022-06-11 19:00:00,379.45,53.8,3
2022-06-11 08:00:00,12,2022-06-11 20:00:00,379.45,53.1,3
2022-06-12 07:00:00,7,2022-06-12 14:00:00,379.35,42.6,3
2022-06-12 07:00:00,8,2022-06-12 15:00:00,379.37,45.2,3
2022-06-12 07:00:00,9,2022-06-12 16:00:00,379.38,45.3,3
2022-06-12 07:00:00,10,2022-06-12 17:00:00,379.43,50.7,3
2022-06-12 07:00:00,11,2022-06-12 18:00:00,379.46,54.4,3
2022-06-12 07:00:00,12,2022-06-12 19:00:00,379.45,54.0,3
2022-06-13 07:00:00,7,2022-06-13 14:00:00,379.34,41.6,3
2022-06-13 07:00:00,8,2022-06-13 15:00:00,379.37,44.3,3
2022-06-13 07:00:00,9,2022-06-13 16:00:00,379.38,45.7,3
2022-06-13 07:00:00,10,2022-06-13 17:00:00,379.46,55.0,3
2022-06-13 07:00:00,11,2022-06-13 18:00:00,379.48,57.2,3
2022-06-13 07:00:00,12,2022-06-13 19:00:00,379.47,55.9,3
2022-06-14 06:00:00,7,2022-06-14 13:00:00,379.43,51.8,3
2022-06-14 06:00:00,8,2022-06-14 14:00:00,379.43,51.7,3
2022-06-14 06:00:00,9,2022-06-14 15:00:00,379.46,54.4,3
2022-06-14 06:00:00,10,2022-06-14 16:00:00,379.45,54.1,3
2022-06-14 06:00:00,11,2022-06-14 17:00:00,379.47,55.3,3
2022-06-14 06:00:00,12,2022-06-14 18:00:00,379.49,57.8,3
2022-06-15 06:00:00,7,2022-06-15 13:00:00,379.38,46.2,3
2022-06-15 06:00:00,8,2022-06-15 14:00:00,379.4,48.2,3
2022-06-15 06:00:00,9,2022-06-15 15:00:00,379.43,51.5,3
2022-06-15 06:00:00,10,2022-06-15 16:00:00,379.43,51.7,3
2022-06-15 06:00:00,11,2022-06-15 17:00:00,379.49,58.4,3
2022-06-15 06:00:00,12,2022-06-15 18:00:00,379.52,61.0,3
2022-06-16 06:00:00,7,2022-06-16 13:00:00,379.43,50.8,3
2022-06-16 06:00:00,8,2022-06-16 14:00:00,379.41,48.9,3
2022-06-16 06:00:00,9,2022-06-16 15:00:00,379.44,52.2,3
2022-06-16 06:00:00,10,2022-06-16 16:00:00,379.45,53.8,3
2022-06-16 06:00:00,11,2022-06-16 17:00:00,379.48,57.5,3
2022-06-16 06:00:00,12,2022-06-16 18:00:00,379.49,58.5,3
2022-06-17 07:00:00,7,2022-06-17 14:00:00,379.52,61.3,3
2022-06-17 07:00:00,8,2022-06-17 15:00:00,379.55,65.2,3
2022-06-17 07:00:00,9,2022-06-17 16:00:00,379.62,73.7,3
2022-06-17 07:00:00,10,2022-06-17 17:00:00,379.62,72.8,3
2022-06-17 07:00:00,11,2022-06-17 18:00:00,379.6,70.4,3
2022-06-17 07:00:00,12,2022-06-17 19:00:00,379.59,69.2,3
2022-06-18 07:00:00,7,2022-06-18 14:00:00,379.48,56.5,3
2022-06-18 07:00:00,8,2022-06-18 15:00:00,379.52,62.0,3
2022-06-18 07:00:00,9,2022-06-18 16:00:00,379.63,74.8,3
2022-06-18 07:00:00,10,2022-06-18 17:00:00,379.61,72.4,3
2022-06-18 07:00:00,11,2022-06-18 18:00:00,379.6,70.4,3
2022-06-18 07:00:00,12,2022-06-18 19:00:00,379.58,68.3,3
2022-06-19 06:00:00,7,2022-06-19 13:00:00,379.52,61.7,3
2022-06-19 06:00:00,8,2022-06-19 14:00:00,379.52,60.9,3
2022-06-19 06:00:00,9,2022-06-19 15:00:00,379.56,65.8,3
2022-06-19 06:00:00,10,2022-06-19 16:00:00,379.66,77.8,3
2022-06-19 06:00:00,11,2022-06-19 17:00:00,379.64,75.5,3
2022-06-19 06:00:00,12,2022-06-19 18:00:00,379.62,73.0,3
2022-06-19 07:00:00,7,2022-06-19 14:00:00,379.52,60.9,3
2022-06-19 07:00:00,8,2022-06-19 15:00:00,379.56,65.8,3
2022-06-19 07:00:00,9,2022-06-19 16:00:00,379.66,77.8,3
2022-06-19 07:00:00,10,2022-06-19 17:00:00,379.64,75.5,3
2022-06-19 07:00:00,11,2022-06-19 18:00:00,379.62,73.0,3
2022-06-19 07:00:00,12,2022-06-19 19:00:00,379.6,70.8,3
2022-06-20 07:00:00,7,2022-06-20 14:00:00,379.51,59.9,3
2022-06-20 07:00:00,8,2022-06-20 15:00:00,379.53,63.2,3
2022-06-20 07:00:00,9,2022-06-20 16:00:00,379.61,72.1,3
2022-06-20 07:00:00,10,2022-06-20 17:00:00,379.59,69.8,3
2022-06-20 07:00:00,11,2022-06-20 18:00:00,379.58,68.1,3
2022-06-20 07:00:00,12,2022-06-20 19:00:00,379.56,66.3,3
2022-06-21 08:00:00,7,2022-06-21 15:00:00,379.54,64.1,3
2022-06-21 08:00:00,8,2022-06-21 16:00:00,379.66,77.8,3
2022-06-21 08:00:00,9,2022-06-21 17:00:00,379.64,75.5,3
2022-06-21 08:00:00,10,2022-06-21 18:00:00,379.62,72.6,3
2022-06-21 08:00:00,11,2022-06-21 19:00:00,379.6,70.7,3
2022-06-21 08:00:00,12,2022-06-21 20:00:00,379.59,69.4,3
2022-06-22 06:00:00,7,2022-06-22 13:00:00,379.48,56.8,3
2022-06-22 06:00:00,8,2022-06-22 14:00:00,379.45,53.5,3
2022-06-22 06:00:00,9,2022-06-22 15:00:00,379.47,55.5,3
2022-06-22 06:00:00,10,2022-06-22 16:00:00,379.58,68.4,3
2022-06-22 06:00:00,11,2022-06-22 17:00:00,379.57,67.3,3
2022-06-22 06:00:00,12,2022-06-22 18:00:00,379.56,66.7,3
2022-06-23 07:00:00,7,2022-06-23 14:00:00,379.71,83.9,3
2022-06-23 07:00:00,8,2022-06-23 15:00:00,379.65,76.8,3
2022-06-23 07:00:00,9,2022-06-23 16:00:00,379.66,77.9,3
2022-06-23 07:00:00,10,2022-06-23 17:00:00,379.63,74.9,3
2022-06-23 07:00:00,11,2022-06-23 18:00:00,379.61,72.3,3
2022-06-23 07:00:00,12,2022-06-23 19:00:00,379.59,70.0,3
2022-06-24 07:00:00,7,2022-06-24 14:00:00,379.67,78.6,3
2022-06-24 07:00:00,8,2022-06-24 15:00:00,379.69,81.4,3
2022-06-24 07:00:00,9,2022-06-24 16:00:00,379.76,89.8,3
2022-06-24 07:00:00,10,2022-06-24 17:00:00,379.75,89.6,3
2022-06-24 07:00:00,11,2022-06-24 18:00:00,379.75,88.8,3
2022-06-24 07:00:00,12,2022-06-24 19:00:00,379.75,89.1,3
2022-06-25 07:00:00,7,2022-06-25 14:00:00,379.51,60.7,3
2022-06-25 07:00:00,8,2022-06-25 15:00:00,379.53,62.8,3
2022-06-25 07:00:00,9,2022-06-25 16:00:00,379.55,64.5,3
2022-06-25 07:00:00,10,2022-06-25 17:00:00,379.6,71.3,3
2022-06-25 07:00:00,11,2022-06-25 18:00:00,379.6,70.9,3
2022-06-25 07:00:00,12,2022-06-25 19:00:00,379.59,69.4,3
2022-06-26 07:00:00,7,2022-06-26 14:00:00,379.42,50.0,3
2022-06-26 07:00:00,8,2022-06-26 15:00:00,379.46,55.2,3
2022-06-26 07:00:00,9,2022-06-26 16:00:00,379.48,56.6,3
2022-06-26 07:00:00,10,2022-06-26 17:00:00,379.55,65.4,3
2022-06-26 07:00:00,11,2022-06-26 18:00:00,379.56,65.6,3
2022-06-26 07:00:00,12,2022-06-26 19:00:00,379.54,64.1,3
2022-06-27 06:00:00,7,2022-06-27 13:00:00,379.53,63.1,3
2022-06-27 06:00:00,8,2022-06-27 14:00:00,379.54,63.5,3
2022-06-27 06:00:00,9,2022-06-27 15:00:00,379.54,63.5,3
2022-06-27 06:00:00,10,2022-06-27 16:00:00,379.53,62.4,3
2022-06-27 06:00:00,11,2022-06-27 17:00:00,379.55,64.5,3
2022-06-27 06:00:00,12,2022-06-27 18:00:00,379.55,64.6,3
2022-06-27 14:00:00,7,2022-06-27 21:00:00,379.53,62.5,3
2022-06-27 14:00:00,8,2022-06-27 22:00:00,379.48,56.5,3
2022-06-27 14:00:00,9,2022-06-27 23:00:00,379.46,55.2,3
2022-06-27 14:00:00,10,2022-06-28 00:00:00,379.48,56.6,3
2022-06-27 14:00:00,11,2022-06-28 01:00:00,379.55,65.1,3
2022-06-27 14:00:00,12,2022-06-28 02:00:00,379.58,68.1,3
2022-06-28 07:00:00,7,2022-06-28 14:00:00,379.51,60.7,3
2022-06-28 07:00:00,8,2022-06-28 15:00:00,379.57,67.0,3
2022-06-28 07:00:00,9,2022-06-28 16:00:00,379.64,76.0,3
2022-06-28 07:00:00,10,2022-06-28 17:00:00,379.65,76.9,3
2022-06-28 07:00:00,11,2022-06-28 18:00:00,379.64,76.1,3
2022-06-28 07:00:00,12,2022-06-28 19:00:00,379.64,75.1,3
2022-06-28 15:00:00,7,2022-06-28 22:00:00,379.38,45.7,3
2022-06-28 15:00:00,8,2022-06-28 23:00:00,379.49,58.0,3
2022-06-28 15:00:00,9,2022-06-29 00:00:00,379.62,72.9,3
2022-06-28 15:00:00,10,2022-06-29 01:00:00,379.69,81.2,3
2022-06-28 15:00:00,11,2022-06-29 02:00:00,379.76,90.4,3
2022-06-28 15:00:00,12,2022-06-29 03:00:00,379.8,95.6,3
2022-06-29 07:00:00,7,2022-06-29 14:00:00,379.39,46.6,3
2022-06-29 07:00:00,8,2022-06-29 15:00:00,379.46,54.2,3
2022-06-29 07:00:00,9,2022-06-29 16:00:00,379.46,55.1,3
2022-06-29 07:00:00,10,2022-06-29 17:00:00,379.49,57.6,3
2022-06-29 07:00:00,11,2022-06-29 18:00:00,379.49,58.4,3
2022-06-29 07:00:00,12,2022-06-29 19:00:00,379.48,57.4,3
2022-06-29 11:00:00,7,2022-06-29 18:00:00,379.49,58.4,3
2022-06-29 11:00:00,8,2022-06-29 19:00:00,379.48,57.4,3
2022-06-29 11:00:00,9,2022-06-29 20:00:00,379.48,56.6,3
2022-06-29 11:00:00,10,2022-06-29 21:00:00,379.47,56.3,3
2022-06-29 11:00:00,11,2022-06-29 22:00:00,379.47,56.3,3
2022-06-29 11:00:00,12,2022-06-29 23:00:00,379.48,57.2,3
2022-06-30 07:00:00,7,2022-06-30 14:00:00,379.44,51.9,3
2022-06-30 07:00:00,8,2022-06-30 15:00:00,379.49,58.5,3
2022-06-30 07:00:00,9,2022-06-30 16:00:00,379.57,67.8,3
2022-06-30 07:00:00,10,2022-06-30 17:00:00,379.57,66.9,3
2022-06-30 07:00:00,11,2022-06-30 18:00:00,379.56,66.6,3
2022-06-30 07:00:00,12,2022-06-30 19:00:00,379.56,66.7,3
2022-07-01 07:00:00,7,2022-07-01 14:00:00,379.63,74.1,3
2022-07-01 07:00:00,8,2022-07-01 15:00:00,379.7,82.4,3
2022-07-01 07:00:00,9,2022-07-01 16:00:00,379.75,89.3,3
2022-07-01 07:00:00,10,2022-07-01 17:00:00,379.74,88.1,3
2022-07-01 07:00:00,11,2022-07-01 18:00:00,379.72,85.7,3
2022-07-01 07:00:00,12,2022-07-01 19:00:00,379.7,82.4,3
2022-07-02 07:00:00,7,2022-07-02 14:00:00,379.41,48.8,3
2022-07-02 07:00:00,8,2022-07-02 15:00:00,379.47,55.7,3
2022-07-02 07:00:00,9,2022-07-02 16:00:00,379.5,59.0,3
2022-07-02 07:00:00,10,2022-07-02 17:00:00,379.52,61.3,3
2022-07-02 07:00:00,11,2022-07-02 18:00:00,379.52,61.8,3
2022-07-02 07:00:00,12,2022-07-02 19:00:00,379.51,60.4,3
2022-07-03 07:00:00,7,2022-07-03 14:00:00,379.41,48.6,3
2022-07-03 07:00:00,8,2022-07-03 15:00:00,379.52,62.1,3
2022-07-03 07:00:00,9,2022-07-03 16:00:00,379.66,78.2,3
2022-07-03 07:00:00,10,2022-07-03 17:00:00,379.64,75.2,3
2022-07-03 07:00:00,11,2022-07-03 18:00:00,379.62,72.8,3
2022-07-03 07:00:00,12,2022-07-03 19:00:00,379.6,70.9,3
2022-07-04 07:00:00,7,2022-07-04 14:00:00,379.53,63.0,3
2022-07-04 07:00:00,8,2022-07-04 15:00:00,379.63,74.4,3
2022-07-04 07:00:00,9,2022-07-04 16:00:00,379.72,85.8,3
2022-07-04 07:00:00,10,2022-07-04 17:00:00,379.71,84.1,3
2022-07-04 07:00:00,11,2022-07-04 18:00:00,379.69,82.1,3
2022-07-04 07:00:00,12,2022-07-04 19:00:00,379.68,80.1,3
2022-07-05 08:00:00,7,2022-07-05 15:00:00,379.64,76.1,3
2022-07-05 08:00:00,8,2022-07-05 16:00:00,379.68,80.6,3
2022-07-05 08:00:00,9,2022-07-05 17:00:00,379.66,78.0,3
2022-07-05 08:00:00,10,2022-07-05 18:00:00,379.64,75.1,3
2022-07-05 08:00:00,11,2022-07-05 19:00:00,379.62,72.9,3
2022-07-05 08:00:00,12,2022-07-05 20:00:00,379.61,71.6,3
2022-07-06 07:00:00,7,2022-07-06 14:00:00,379.42,50.6,3
2022-07-06 07:00:00,8,2022-07-06 15:00:00,379.48,57.2,3
2022-07-06 07:00:00,9,2022-07-06 16:00:00,379.5,59.6,3
2022-07-06 07:00:00,10,2022-07-06 17:00:00,379.53,62.5,3
2022-07-06 07:00:00,11,2022-07-06 18:00:00,379.53,62.7,3
2022-07-06 07:00:00,12,2022-07-06 19:00:00,379.51,60.9,3
2022-07-07 07:00:00,7,2022-07-07 14:00:00,379.41,49.1,3
2022-07-07 07:00:00,8,2022-07-07 15:00:00,379.45,53.9,3
2022-07-07 07:00:00,9,2022-07-07 16:00:00,379.45,53.1,3
2022-07-07 07:00:00,10,2022-07-07 17:00:00,379.49,58.6,3
2022-07-07 07:00:00,11,2022-07-07 18:00:00,379.51,60.9,3
2022-07-07 07:00:00,12,2022-07-07 19:00:00,379.5,58.8,3
2022-07-08 07:00:00,7,2022-07-08 14:00:00,379.41,49.5,3
2022-07-08 07:00:00,8,2022-07-08 15:00:00,379.41,48.5,3
2022-07-08 07:00:00,9,2022-07-08 16:00:00,379.41,48.9,3
2022-07-08 07:00:00,10,2022-07-08 17:00:00,379.39,46.9,3
2022-07-08 07:00:00,11,2022-07-08 18:00:00,379.39,46.8,3
2022-07-08 07:00:00,12,2022-07-08 19:00:00,379.42,50.0,3
2022-07-09 08:00:00,7,2022-07-09 15:00:00,379.42,50.4,3
2022-07-09 08:00:00,8,2022-07-09 16:00:00,379.43,51.8,3
2022-07-09 08:00:00,9,2022-07-09 17:00:00,379.45,53.8,3
2022-07-09 08:00:00,10,2022-07-09 18:00:00,379.45,53.8,3
2022-07-09 08:00:00,11,2022-07-09 19:00:00,379.44,52.3,3
2022-07-09 08:00:00,12,2022-07-09 20:00:00,379.44,52.0,3
2022-07-10 07:00:00,7,2022-07-10 14:00:00,379.37,45.0,3
2022-07-10 07:00:00,8,2022-07-10 15:00:00,379.34,42.0,3
2022-07-10 07:00:00,9,2022-07-10 16:00:00,379.37,44.3,3
2022-07-10 07:00:00,10,2022-07-10 17:00:00,379.39,46.8,3
2022-07-10 07:00:00,11,2022-07-10 18:00:00,379.43,51.3,3
2022-07-10 07:00:00,12,2022-07-10 19:00:00,379.42,50.2,3
2022-07-11 07:00:00,7,2022-07-11 14:00:00,379.44,52.4,3
2022-07-11 07:00:00,8,2022-07-11 15:00:00,379.43,51.6,3
2022-07-11 07:00:00,9,2022-07-11 16:00:00,379.43,51.3,3
2022-07-11 07:00:00,10,2022-07-11 17:00:00,379.46,54.5,3
2022-07-11 07:00:00,11,2022-07-11 18:00:00,379.47,55.3,3
2022-07-11 07:00:00,12,2022-07-11 19:00:00,379.45,53.3,3
2022-07-12 07:00:00,7,2022-07-12 14:00:00,379.48,56.6,3
2022-07-12 07:00:00,8,2022-07-12 15:00:00,379.48,56.9,3
2022-07-12 07:00:00,9,2022-07-12 16:00:00,379.49,57.8,3
2022-07-12 07:00:00,10,2022-07-12 17:00:00,379.52,61.9,3
2022-07-12 07:00:00,11,2022-07-12 18:00:00,379.53,62.1,3
2022-07-12 07:00:00,12,2022-07-12 19:00:00,379.5,59.1,3
2022-07-13 07:00:00,7,2022-07-13 14:00:00,379.43,50.9,3
2022-07-13 07:00:00,8,2022-07-13 15:00:00,379.41,48.9,3
2022-07-13 07:00:00,9,2022-07-13 16:00:00,379.43,51.2,3
2022-07-13 07:00:00,10,2022-07-13 17:00:00,379.48,57.0,3
2022-07-13 07:00:00,11,2022-07-13 18:00:00,379.49,58.4,3
2022-07-13 07:00:00,12,2022-07-13 19:00:00,379.47,55.9,3
2022-07-14 07:00:00,7,2022-07-14 14:00:00,379.51,60.6,3
2022-07-14 07:00:00,8,2022-07-14 15:00:00,379.5,58.7,3
2022-07-14 07:00:00,9,2022-07-14 16:00:00,379.54,63.8,3
2022-07-14 07:00:00,10,2022-07-14 17:00:00,379.55,65.4,3
2022-07-14 07:00:00,11,2022-07-14 18:00:00,379.53,63.2,3
2022-07-14 07:00:00,12,2022-07-14 19:00:00,379.52,61.8,3
2022-07-15 07:00:00,7,2022-07-15 14:00:00,379.54,63.6,3
2022-07-15 07:00:00,8,2022-07-15 15:00:00,379.53,62.4,3
2022-07-15 07:00:00,9,2022-07-15 16:00:00,379.56,66.0,3
2022-07-15 07:00:00,10,2022-07-15 17:00:00,379.56,66.1,3
2022-07-15 07:00:00,11,2022-07-15 18:00:00,379.54,63.9,3
2022-07-15 07:00:00,12,2022-07-15 19:00:00,379.53,62.6,3
2022-07-16 07:00:00,7,2022-07-16 14:00:00,379.44,52.3,3
2022-07-16 07:00:00,8,2022-07-16 15:00:00,379.45,53.5,3
2022-07-16 07:00:00,9,2022-07-16 16:00:00,379.53,62.6,3
2022-07-16 07:00:00,10,2022-07-16 17:00:00,379.54,63.6,3
2022-07-16 07:00:00,11,2022-07-16 18:00:00,379.52,61.7,3
2022-07-16 07:00:00,12,2022-07-16 19:00:00,379.51,60.6,3
2022-07-17 08:00:00,7,2022-07-17 15:00:00,379.49,58.6,3
2022-07-17 08:00:00,8,2022-07-17 16:00:00,379.56,65.7,3
2022-07-17 08:00:00,9,2022-07-17 17:00:00,379.55,65.3,3
2022-07-17 08:00:00,10,2022-07-17 18:00:00,379.53,63.2,3
2022-07-17 08:00:00,11,2022-07-17 19:00:00,379.52,61.2,3
2022-07-17 08:00:00,12,2022-07-17 20:00:00,379.51,60.4,3
2022-07-18 07:00:00,7,2022-07-18 14:00:00,379.53,62.5,3
2022-07-18 07:00:00,8,2022-07-18 15:00:00,379.53,62.3,3
2022-07-18 07:00:00,9,2022-07-18 16:00:00,379.61,71.5,3
2022-07-18 07:00:00,10,2022-07-18 17:00:00,379.6,70.3,3
2022-07-18 07:00:00,11,2022-07-18 18:00:00,379.57,67.5,3
2022-07-18 07:00:00,12,2022-07-18 19:00:00,379.55,64.9,3
2022-07-19 06:00:00,7,2022-07-19 13:00:00,379.56,66.0,3
2022-07-19 06:00:00,8,2022-07-19 14:00:00,379.53,62.6,3
2022-07-19 06:00:00,9,2022-07-19 15:00:00,379.53,62.6,3
2022-07-19 06:00:00,10,2022-07-19 16:00:00,379.62,73.5,3
2022-07-19 06:00:00,11,2022-07-19 17:00:00,379.61,71.9,3
2022-07-19 06:00:00,12,2022-07-19 18:00:00,379.58,68.7,3
2022-07-20 07:00:00,7,2022-07-20 14:00:00,379.62,73.1,3
2022-07-20 07:00:00,8,2022-07-20 15:00:00,379.55,65.0,3
2022-07-20 07:00:00,9,2022-07-20 16:00:00,379.57,66.8,3
2022-07-20 07:00:00,10,2022-07-20 17:00:00,379.56,66.3,3
2022-07-20 07:00:00,11,2022-07-20 18:00:00,379.55,64.6,3
2022-07-20 07:00:00,12,2022-07-20 19:00:00,379.53,62.8,3
2022-07-21 07:00:00,7,2022-07-21 14:00:00,379.57,67.4,3
2022-07-21 07:00:00,8,2022-07-21 15:00:00,379.52,61.3,3
2022-07-21 07:00:00,9,2022-07-21 16:00:00,379.52,61.2,3
2022-07-21 07:00:00,10,2022-07-21 17:00:00,379.51,60.6,3
2022-07-21 07:00:00,11,2022-07-21 18:00:00,379.49,58.5,3
2022-07-21 07:00:00,12,2022-07-21 19:00:00,379.48,56.6,3
2022-07-22 07:00:00,7,2022-07-22 14:00:00,379.52,61.4,3
2022-07-22 07:00:00,8,2022-07-22 15:00:00,379.49,57.9,3
2022-07-22 07:00:00,9,2022-07-22 16:00:00,379.54,64.1,3
2022-07-22 07:00:00,10,2022-07-22 17:00:00,379.56,66.1,3
2022-07-22 07:00:00,11,2022-07-22 18:00:00,379.54,63.6,3
2022-07-22 07:00:00,12,2022-07-22 19:00:00,379.52,62.1,3
2022-07-23 07:00:00,7,2022-07-23 14:00:00,379.6,70.6,3
2022-07-23 07:00:00,8,2022-07-23 15:00:00,379.56,66.3,3
2022-07-23 07:00:00,9,2022-07-23 16:00:00,379.62,72.8,3
2022-07-23 07:00:00,10,2022-07-23 17:00:00,379.61,71.5,3
2022-07-23 07:00:00,11,2022-07-23 18:00:00,379.58,69.0,3
2022-07-23 07:00:00,12,2022-07-23 19:00:00,379.57,66.8,3
2022-07-24 08:00:00,7,2022-07-24 15:00:00,379.5,59.2,3
2022-07-24 08:00:00,8,2022-07-24 16:00:00,379.53,62.1,3
2022-07-24 08:00:00,9,2022-07-24 17:00:00,379.53,62.5,3
2022-07-24 08:00:00,10,2022-07-24 18:00:00,379.52,61.6,3
2022-07-24 08:00:00,11,2022-07-24 19:00:00,379.51,60.2,3
2022-07-24 08:00:00,12,2022-07-24 20:00:00,379.49,58.0,3
2022-07-25 07:00:00,7,2022-07-25 14:00:00,379.56,66.2,3
2022-07-25 07:00:00,8,2022-07-25 15:00:00,379.56,66.3,3
2022-07-25 07:00:00,9,2022-07-25 16:00:00,379.62,73.0,3
2022-07-25 07:00:00,10,2022-07-25 17:00:00,379.6,71.4,3
2022-07-25 07:00:00,11,2022-07-25 18:00:00,379.58,68.6,3
2022-07-25 07:00:00,12,2022-07-25 19:00:00,379.56,66.7,3
2022-07-26 07:00:00,7,2022-07-26 14:00:00,379.48,56.4,3
2022-07-26 07:00:00,8,2022-07-26 15:00:00,379.44,52.8,3
2022-07-26 07:00:00,9,2022-07-26 16:00:00,379.44,52.9,3
2022-07-26 07:00:00,10,2022-07-26 17:00:00,379.48,56.9,3
2022-07-26 07:00:00,11,2022-07-26 18:00:00,379.49,58.5,3
2022-07-26 07:00:00,12,2022-07-26 19:00:00,379.48,56.4,3
2022-07-27 07:00:00,7,2022-07-27 14:00:00,379.44,52.1,3
2022-07-27 07:00:00,8,2022-07-27 15:00:00,379.42,49.8,3
2022-07-27 07:00:00,9,2022-07-27 16:00:00,379.44,52.2,3
2022-07-27 07:00:00,10,2022-07-27 17:00:00,379.44,52.5,3
2022-07-27 07:00:00,11,2022-07-27 18:00:00,379.44,52.5,3
2022-07-27 07:00:00,12,2022-07-27 19:00:00,379.43,51.0,3
2022-07-28 07:00:00,7,2022-07-28 14:00:00,379.41,49.0,3
2022-07-28 07:00:00,8,2022-07-28 15:00:00,379.42,50.0,3
2022-07-28 07:00:00,9,2022-07-28 16:00:00,379.43,51.0,3
2022-07-28 07:00:00,10,2022-07-28 17:00:00,379.46,54.4,3
2022-07-28 07:00:00,11,2022-07-28 18:00:00,379.48,57.0,3
2022-07-28 07:00:00,12,2022-07-28 19:00:00,379.46,54.7,3
2022-07-29 07:00:00,7,2022-07-29 14:00:00,379.39,46.3,3
2022-07-29 07:00:00,8,2022-07-29 15:00:00,379.42,50.4,3
2022-07-29 07:00:00,9,2022-07-29 16:00:00,379.41,49.5,3
2022-07-29 07:00:00,10,2022-07-29 17:00:00,379.41,49.3,3
2022-07-29 07:00:00,11,2022-07-29 18:00:00,379.41,49.3,3
2022-07-29 07:00:00,12,2022-07-29 19:00:00,379.41,49.1,3
2022-07-30 07:00:00,7,2022-07-30 14:00:00,379.41,48.6,3
2022-07-30 07:00:00,8,2022-07-30 15:00:00,379.37,44.8,3
2022-07-30 07:00:00,9,2022-07-30 16:00:00,379.36,43.7,3
2022-07-30 07:00:00,10,2022-07-30 17:00:00,379.34,41.5,3
2022-07-30 07:00:00,11,2022-07-30 18:00:00,379.36,43.5,3
2022-07-30 07:00:00,12,2022-07-30 19:00:00,379.34,41.0,3
2022-07-31 07:00:00,7,2022-07-31 14:00:00,379.37,44.2,3
2022-07-31 07:00:00,8,2022-07-31 15:00:00,379.34,41.8,3
2022-07-31 07:00:00,9,2022-07-31 16:00:00,379.32,39.0,3
2022-07-31 07:00:00,10,2022-07-31 17:00:00,379.34,41.5,3
2022-07-31 07:00:00,11,2022-07-31 18:00:00,379.33,40.3,3
2022-07-31 07:00:00,12,2022-07-31 19:00:00,379.33,40.3,3
2022-08-01 07:00:00,7,2022-08-01 14:00:00,379.39,46.6,3
2022-08-01 07:00:00,8,2022-08-01 15:00:00,379.37,45.2,3
2022-08-01 07:00:00,9,2022-08-01 16:00:00,379.4,48.0,3
2022-08-01 07:00:00,10,2022-08-01 17:00:00,379.39,47.3,3
2022-08-01 07:00:00,11,2022-08-01 18:00:00,379.4,47.6,3
2022-08-01 07:00:00,12,2022-08-01 19:00:00,379.4,47.5,3
2022-08-02 07:00:00,7,2022-08-02 14:00:00,379.38,45.5,3
2022-08-02 07:00:00,8,2022-08-02 15:00:00,379.35,43.0,3
2022-08-02 07:00:00,9,2022-08-02 16:00:00,379.4,47.9,3
2022-08-02 07:00:00,10,2022-08-02 17:00:00,379.41,48.9,3
2022-08-02 07:00:00,11,2022-08-02 18:00:00,379.42,50.2,3
2022-08-02 07:00:00,12,2022-08-02 19:00:00,379.41,48.5,3
2022-08-03 07:00:00,7,2022-08-03 14:00:00,379.47,55.9,3
2022-08-03 07:00:00,8,2022-08-03 15:00:00,379.46,54.9,3
2022-08-03 07:00:00,9,2022-08-03 16:00:00,379.45,53.5,3
2022-08-03 07:00:00,10,2022-08-03 17:00:00,379.46,54.9,3
2022-08-03 07:00:00,11,2022-08-03 18:00:00,379.46,54.9,3
2022-08-03 07:00:00,12,2022-08-03 19:00:00,379.45,53.0,3
2022-08-04 07:00:00,7,2022-08-04 14:00:00,379.54,63.6,3
2022-08-04 07:00:00,8,2022-08-04 15:00:00,379.5,58.9,3
2022-08-04 07:00:00,9,2022-08-04 16:00:00,379.46,54.8,3
2022-08-04 07:00:00,10,2022-08-04 17:00:00,379.47,56.1,3
2022-08-04 07:00:00,11,2022-08-04 18:00:00,379.47,56.3,3
2022-08-04 07:00:00,12,2022-08-04 19:00:00,379.46,54.2,3
2022-08-05 07:00:00,7,2022-08-05 14:00:00,379.49,57.6,3
2022-08-05 07:00:00,8,2022-08-05 15:00:00,379.48,57.3,3
2022-08-05 07:00:00,9,2022-08-05 16:00:00,379.47,55.5,3
2022-08-05 07:00:00,10,2022-08-05 17:00:00,379.45,53.0,3
2022-08-05 07:00:00,11,2022-08-05 18:00:00,379.43,51.7,3
2022-08-05 07:00:00,12,2022-08-05 19:00:00,379.43,50.8,3
2022-08-05 17:00:00,7,2022-08-06 00:00:00,379.44,52.3,3
2022-08-05 17:00:00,8,2022-08-06 01:00:00,379.45,53.9,3
2022-08-05 17:00:00,9,2022-08-06 02:00:00,379.45,53.5,3
2022-08-05 17:00:00,10,2022-08-06 03:00:00,379.49,58.3,3
2022-08-05 17:00:00,11,2022-08-06 04:00:00,379.54,64.2,3
2022-08-05 17:00:00,12,2022-08-06 05:00:00,379.57,67.7,3
2022-08-06 07:00:00,7,2022-08-06 14:00:00,379.66,78.2,3
2022-08-06 07:00:00,8,2022-08-06 15:00:00,379.65,76.4,3
2022-08-06 07:00:00,9,2022-08-06 16:00:00,379.58,68.0,3
2022-08-06 07:00:00,10,2022-08-06 17:00:00,379.55,65.2,3
2022-08-06 07:00:00,11,2022-08-06 18:00:00,379.54,63.7,3
2022-08-06 07:00:00,12,2022-08-06 19:00:00,379.52,61.2,3
2022-08-07 08:00:00,7,2022-08-07 15:00:00,379.41,49.3,3
2022-08-07 08:00:00,8,2022-08-07 16:00:00,379.4,48.0,3
2022-08-07 08:00:00,9,2022-08-07 17:00:00,379.44,52.8,3
2022-08-07 08:00:00,10,2022-08-07 18:00:00,379.47,55.6,3
2022-08-07 08:00:00,11,2022-08-07 19:00:00,379.45,53.5,3
2022-08-07 08:00:00,12,2022-08-07 20:00:00,379.43,51.8,3
2022-08-08 07:00:00,7,2022-08-08 14:00:00,379.43,50.9,3
2022-08-08 07:00:00,8,2022-08-08 15:00:00,379.39,47.2,3
2022-08-08 07:00:00,9,2022-08-08 16:00:00,379.37,44.3,3
2022-08-08 07:00:00,10,2022-08-08 17:00:00,379.36,44.1,3
2022-08-08 07:00:00,11,2022-08-08 18:00:00,379.37,44.8,3
2022-08-08 07:00:00,12,2022-08-08 19:00:00,379.37,44.6,3
2022-08-09 06:00:00,7,2022-08-09 13:00:00,379.42,50.4,3
2022-08-09 06:00:00,8,2022-08-09 14:00:00,379.36,43.4,3
2022-08-09 06:00:00,9,2022-08-09 15:00:00,379.31,38.9,3
2022-08-09 06:00:00,10,2022-08-09 16:00:00,379.35,42.9,3
2022-08-09 06:00:00,11,2022-08-09 17:00:00,379.36,43.2,3
2022-08-09 06:00:00,12,2022-08-09 18:00:00,379.36,44.0,3
2022-08-10 06:00:00,7,2022-08-10 13:00:00,379.47,55.8,3
2022-08-10 06:00:00,8,2022-08-10 14:00:00,379.46,55.2,3
2022-08-10 06:00:00,9,2022-08-10 15:00:00,379.44,52.5,3
2022-08-10 06:00:00,10,2022-08-10 16:00:00,379.42,50.1,3
2022-08-10 06:00:00,11,2022-08-10 17:00:00,379.43,51.0,3
2022-08-10 06:00:00,12,2022-08-10 18:00:00,379.43,51.5,3
2022-08-11 06:00:00,7,2022-08-11 13:00:00,379.49,57.8,3
2022-08-11 06:00:00,8,2022-08-11 14:00:00,379.42,50.3,3
2022-08-11 06:00:00,9,2022-08-11 15:00:00,379.38,46.1,3
2022-08-11 06:00:00,10,2022-08-11 16:00:00,379.4,47.5,3
2022-08-11 06:00:00,11,2022-08-11 17:00:00,379.4,47.6,3
2022-08-11 06:00:00,12,2022-08-11 18:00:00,379.4,48.1,3
2022-08-12 07:00:00,7,2022-08-12 14:00:00,379.38,45.3,3
2022-08-12 07:00:00,8,2022-08-12 15:00:00,379.34,41.6,3
2022-08-12 07:00:00,9,2022-08-12 16:00:00,379.36,43.3,3
2022-08-12 07:00:00,10,2022-08-12 17:00:00,379.37,45.2,3
2022-08-12 07:00:00,11,2022-08-12 18:00:00,379.37,44.3,3
2022-08-12 07:00:00,12,2022-08-12 19:00:00,379.38,46.2,3
2022-08-13 07:00:00,7,2022-08-13 14:00:00,379.43,51.0,3
2022-08-13 07:00:00,8,2022-08-13 15:00:00,379.37,45.0,3
2022-08-13 07:00:00,9,2022-08-13 16:00:00,379.4,47.5,3
2022-08-13 07:00:00,10,2022-08-13 17:00:00,379.39,46.8,3
2022-08-13 07:00:00,11,2022-08-13 18:00:00,379.38,46.2,3
2022-08-13 07:00:00,12,2022-08-13 19:00:00,379.37,45.0,3
2022-08-14 07:00:00,7,2022-08-14 14:00:00,379.35,42.6,3
2022-08-14 07:00:00,8,2022-08-14 15:00:00,379.33,40.5,3
2022-08-14 07:00:00,9,2022-08-14 16:00:00,379.35,42.4,3
2022-08-14 07:00:00,10,2022-08-14 17:00:00,379.37,45.2,3
2022-08-14 07:00:00,11,2022-08-14 18:00:00,379.38,46.0,3
2022-08-14 07:00:00,12,2022-08-14 19:00:00,379.41,48.9,3
2022-08-15 07:00:00,7,2022-08-15 14:00:00,379.31,38.6,3
2022-08-15 07:00:00,8,2022-08-15 15:00:00,379.32,39.0,3
2022-08-15 07:00:00,9,2022-08-15 16:00:00,379.34,41.3,3
2022-08-15 07:00:00,10,2022-08-15 17:00:00,379.32,39.4,3
2022-08-15 07:00:00,11,2022-08-15 18:00:00,379.31,38.7,3
2022-08-15 07:00:00,12,2022-08-15 19:00:00,379.31,38.3,3
2022-08-16 07:00:00,7,2022-08-16 14:00:00,379.34,41.4,3
2022-08-16 07:00:00,8,2022-08-16 15:00:00,379.31,38.8,3
2022-08-16 07:00:00,9,2022-08-16 16:00:00,379.29,36.5,3
2022-08-16 07:00:00,10,2022-08-16 17:00:00,379.27,34.5,3
2022-08-16 07:00:00,11,2022-08-16 18:00:00,379.28,36.0,3
2022-08-16 07:00:00,12,2022-08-16 19:00:00,379.27,34.8,3
2022-08-17 07:00:00,7,2022-08-17 14:00:00,379.36,43.6,3
2022-08-17 07:00:00,8,2022-08-17 15:00:00,379.37,44.7,3
2022-08-17 07:00:00,9,2022-08-17 16:00:00,379.38,45.7,3
2022-08-17 07:00:00,10,2022-08-17 17:00:00,379.37,44.6,3
2022-08-17 07:00:00,11,2022-08-17 18:00:00,379.36,43.8,3
2022-08-17 07:00:00,12,2022-08-17 19:00:00,379.36,43.7,3
2022-08-17 14:00:00,7,2022-08-17 21:00:00,379.36,43.8,3
2022-08-17 14:00:00,8,2022-08-17 22:00:00,379.35,42.6,3
2022-08-17 14:00:00,9,2022-08-17 23:00:00,379.4,48.1,3
2022-08-17 14:00:00,10,2022-08-18 00:00:00,379.42,50.0,3
2022-08-17 14:00:00,11,2022-08-18 01:00:00,379.41,49.2,3
2022-08-17 14:00:00,12,2022-08-18 02:00:00,379.41,48.6,3
2022-08-17 21:00:00,7,2022-08-18 04:00:00,379.51,60.0,3
2022-08-17 21:00:00,8,2022-08-18 05:00:00,379.5,59.0,3
2022-08-17 21:00:00,9,2022-08-18 06:00:00,379.49,57.7,3
2022-08-17 21:00:00,10,2022-08-18 07:00:00,379.45,53.5,3
2022-08-17 21:00:00,11,2022-08-18 08:00:00,379.45,53.7,3
2022-08-17 21:00:00,12,2022-08-18 09:00:00,379.45,53.8,3
2022-08-18 00:00:00,7,2022-08-18 07:00:00,379.59,69.8,3
2022-08-18 00:00:00,8,2022-08-18 08:00:00,379.58,68.5,3
2022-08-18 00:00:00,9,2022-08-18 09:00:00,379.74,87.2,3
2022-08-18 00:00:00,10,2022-08-18 10:00:00,379.74,87.3,3
2022-08-18 00:00:00,11,2022-08-18 11:00:00,379.68,80.3,3
2022-08-18 00:00:00,12,2022-08-18 12:00:00,379.65,76.3,3
2022-08-18 07:00:00,7,2022-08-18 14:00:00,379.73,86.2,3
2022-08-18 07:00:00,8,2022-08-18 15:00:00,379.71,84.3,3
2022-08-18 07:00:00,9,2022-08-18 16:00:00,379.64,75.8,3
2022-08-18 07:00:00,10,2022-08-18 17:00:00,379.61,72.3,3
2022-08-18 07:00:00,11,2022-08-18 18:00:00,379.59,69.3,3
2022-08-18 07:00:00,12,2022-08-18 19:00:00,379.57,67.3,3
2022-08-18 10:00:00,7,2022-08-18 17:00:00,379.61,72.3,3
2022-08-18 10:00:00,8,2022-08-18 18:00:00,379.59,69.3,3
2022-08-18 10:00:00,9,2022-08-18 19:00:00,379.57,67.3,3
2022-08-18 10:00:00,10,2022-08-18 20:00:00,379.56,66.0,3
2022-08-18 10:00:00,11,2022-08-18 21:00:00,379.54,64.0,3
2022-08-18 10:00:00,12,2022-08-18 22:00:00,379.53,62.2,3
2022-08-18 12:00:00,7,2022-08-18 19:00:00,379.61,71.6,3
2022-08-18 12:00:00,8,2022-08-18 20:00:00,379.56,65.9,3
2022-08-18 12:00:00,9,2022-08-18 21:00:00,379.53,62.5,3
2022-08-18 12:00:00,10,2022-08-18 22:00:00,379.52,61.9,3
2022-08-18 12:00:00,11,2022-08-18 23:00:00,379.52,61.6,3
2022-08-18 12:00:00,12,2022-08-19 00:00:00,379.53,62.5,3
2022-08-18 16:00:00,7,2022-08-18 23:00:00,379.49,58.4,3
2022-08-18 16:00:00,8,2022-08-19 00:00:00,379.49,57.8,3
2022-08-18 16:00:00,9,2022-08-19 01:00:00,379.54,63.9,3
2022-08-18 16:00:00,10,2022-08-19 02:00:00,379.55,64.9,3
2022-08-18 16:00:00,11,2022-08-19 03:00:00,379.58,68.3,3
2022-08-18 16:00:00,12,2022-08-19 04:00:00,379.53,62.3,3
2022-08-18 21:00:00,7,2022-08-19 04:00:00,379.58,68.2,3
2022-08-18 21:00:00,8,2022-08-19 05:00:00,379.53,62.9,3
2022-08-18 21:00:00,9,2022-08-19 06:00:00,379.53,62.3,3
2022-08-18 21:00:00,10,2022-08-19 07:00:00,379.57,67.0,3
2022-08-18 21:00:00,11,2022-08-19 08:00:00,379.54,64.0,3
2022-08-18 21:00:00,12,2022-08-19 09:00:00,379.55,64.8,3
2022-08-19 00:00:00,7,2022-08-19 07:00:00,379.57,67.3,3
2022-08-19 00:00:00,8,2022-08-19 08:00:00,379.6,70.5,3
2022-08-19 00:00:00,9,2022-08-19 09:00:00,379.51,60.1,3
2022-08-19 00:00:00,10,2022-08-19 10:00:00,379.48,57.2,3
2022-08-19 00:00:00,11,2022-08-19 11:00:00,379.49,57.6,3
2022-08-19 00:00:00,12,2022-08-19 12:00:00,379.5,59.0,3
2022-08-19 06:00:00,7,2022-08-19 13:00:00,379.41,48.5,3
2022-08-19 06:00:00,8,2022-08-19 14:00:00,379.41,48.7,3
2022-08-19 06:00:00,9,2022-08-19 15:00:00,379.4,48.3,3
2022-08-19 06:00:00,10,2022-08-19 16:00:00,379.38,45.8,3
2022-08-19 06:00:00,11,2022-08-19 17:00:00,379.38,45.2,3
2022-08-19 06:00:00,12,2022-08-19 18:00:00,379.38,45.9,3
2022-08-19 07:00:00,7,2022-08-19 14:00:00,379.41,48.7,3
2022-08-19 07:00:00,8,2022-08-19 15:00:00,379.4,48.3,3
2022-08-19 07:00:00,9,2022-08-19 16:00:00,379.38,45.8,3
2022-08-19 07:00:00,10,2022-08-19 17:00:00,379.38,45.2,3
2022-08-19 07:00:00,11,2022-08-19 18:00:00,379.38,45.9,3
2022-08-19 07:00:00,12,2022-08-19 19:00:00,379.4,48.1,3
2022-08-19 11:00:00,7,2022-08-19 18:00:00,379.74,87.8,3
2022-08-19 11:00:00,8,2022-08-19 19:00:00,379.74,87.8,3
2022-08-19 11:00:00,9,2022-08-19 20:00:00,379.59,69.5,3
2022-08-19 11:00:00,10,2022-08-19 21:00:00,379.58,68.7,3
2022-08-19 11:00:00,11,2022-08-19 22:00:00,379.63,75.0,3
2022-08-19 11:00:00,12,2022-08-19 23:00:00,379.64,75.7,3
2022-08-19 14:00:00,7,2022-08-19 21:00:00,379.75,89.4,3
2022-08-19 14:00:00,8,2022-08-19 22:00:00,379.58,68.9,3
2022-08-19 14:00:00,9,2022-08-19 23:00:00,379.58,68.8,3
2022-08-19 14:00:00,10,2022-08-20 00:00:00,379.63,74.2,3
2022-08-19 14:00:00,11,2022-08-20 01:00:00,379.62,73.6,3
2022-08-19 14:00:00,12,2022-08-20 02:00:00,379.62,72.8,3
2022-08-19 15:00:00,7,2022-08-19 22:00:00,379.58,68.9,3
2022-08-19 15:00:00,8,2022-08-19 23:00:00,379.58,68.8,3
2022-08-19 15:00:00,9,2022-08-20 00:00:00,379.63,74.2,3
2022-08-19 15:00:00,10,2022-08-20 01:00:00,379.62,73.6,3
2022-08-19 15:00:00,11,2022-08-20 02:00:00,379.62,72.8,3
2022-08-19 15:00:00,12,2022-08-20 03:00:00,379.61,71.8,3
2022-08-19 16:00:00,7,2022-08-19 23:00:00,379.75,88.6,3
2022-08-19 16:00:00,8,2022-08-20 00:00:00,379.75,89.5,3
2022-08-19 16:00:00,9,2022-08-20 01:00:00,379.58,67.9,3
2022-08-19 16:00:00,10,2022-08-20 02:00:00,379.56,66.4,3
2022-08-19 16:00:00,11,2022-08-20 03:00:00,379.55,64.9,3
2022-08-19 16:00:00,12,2022-08-20 04:00:00,379.59,69.6,3
2022-08-19 18:00:00,7,2022-08-20 01:00:00,379.58,67.9,3
2022-08-19 18:00:00,8,2022-08-20 02:00:00,379.56,66.4,3
2022-08-19 18:00:00,9,2022-08-20 03:00:00,379.55,64.9,3
2022-08-19 18:00:00,10,2022-08-20 04:00:00,379.59,69.6,3
2022-08-19 18:00:00,11,2022-08-20 05:00:00,379.58,69.1,3
2022-08-19 18:00:00,12,2022-08-20 06:00:00,379.57,67.7,3
2022-08-19 20:00:00,7,2022-08-20 03:00:00,379.59,69.4,3
2022-08-19 20:00:00,8,2022-08-20 04:00:00,379.52,61.9,3
2022-08-19 20:00:00,9,2022-08-20 05:00:00,379.57,66.9,3
2022-08-19 20:00:00,10,2022-08-20 06:00:00,379.55,64.8,3
2022-08-19 20:00:00,11,2022-08-20 07:00:00,379.52,61.6,3
2022-08-19 20:00:00,12,2022-08-20 08:00:00,379.53,63.2,3
2022-08-19 22:00:00,7,2022-08-20 05:00:00,379.51,60.6,3
2022-08-19 22:00:00,8,2022-08-20 06:00:00,379.5,59.7,3
2022-08-19 22:00:00,9,2022-08-20 07:00:00,379.54,64.3,3
2022-08-19 22:00:00,10,2022-08-20 08:00:00,379.51,59.8,3
2022-08-19 22:00:00,11,2022-08-20 09:00:00,379.46,54.5,3
2022-08-19 22:00:00,12,2022-08-20 10:00:00,379.5,58.9,3
2022-08-20 06:00:00,7,2022-08-20 13:00:00,379.41,48.7,3
2022-08-20 06:00:00,8,2022-08-20 14:00:00,379.38,46.0,3
2022-08-20 06:00:00,9,2022-08-20 15:00:00,379.38,46.0,3
2022-08-20 06:00:00,10,2022-08-20 16:00:00,379.38,45.9,3
2022-08-20 06:00:00,11,2022-08-20 17:00:00,379.39,46.9,3
2022-08-20 06:00:00,12,2022-08-20 18:00:00,379.39,47.1,3
2022-08-21 07:00:00,7,2022-08-21 14:00:00,379.32,39.9,3
2022-08-21 07:00:00,8,2022-08-21 15:00:00,379.31,38.3,3
2022-08-21 07:00:00,9,2022-08-21 16:00:00,379.32,39.1,3
2022-08-21 07:00:00,10,2022-08-21 17:00:00,379.34,42.0,3
2022-08-21 07:00:00,11,2022-08-21 18:00:00,379.37,44.3,3
2022-08-21 07:00:00,12,2022-08-21 19:00:00,379.39,46.5,3
2022-08-22 06:00:00,7,2022-08-22 13:00:00,379.35,42.8,3
2022-08-22 06:00:00,8,2022-08-22 14:00:00,379.34,41.9,3
2022-08-22 06:00:00,9,2022-08-22 15:00:00,379.34,41.4,3
2022-08-22 06:00:00,10,2022-08-22 16:00:00,379.33,40.6,3
2022-08-22 06:00:00,11,2022-08-22 17:00:00,379.33,40.6,3
2022-08-22 06:00:00,12,2022-08-22 18:00:00,379.34,41.0,3
2022-08-23 07:00:00,7,2022-08-23 14:00:00,379.35,43.0,3
2022-08-23 07:00:00,8,2022-08-23 15:00:00,379.34,41.0,3
2022-08-23 07:00:00,9,2022-08-23 16:00:00,379.33,40.8,3
2022-08-23 07:00:00,10,2022-08-23 17:00:00,379.33,41.0,3
2022-08-23 07:00:00,11,2022-08-23 18:00:00,379.32,39.1,3
2022-08-23 07:00:00,12,2022-08-23 19:00:00,379.31,38.1,3
2022-08-24 07:00:00,7,2022-08-24 14:00:00,379.38,45.9,3
2022-08-24 07:00:00,8,2022-08-24 15:00:00,379.37,45.0,3
2022-08-24 07:00:00,9,2022-08-24 16:00:00,379.35,42.2,3
2022-08-24 07:00:00,10,2022-08-24 17:00:00,379.31,38.7,3
2022-08-24 07:00:00,11,2022-08-24 18:00:00,379.32,39.9,3
2022-08-24 07:00:00,12,2022-08-24 19:00:00,379.32,39.5,3
2022-08-25 06:00:00,7,2022-08-25 13:00:00,379.41,49.2,3
2022-08-25 06:00:00,8,2022-08-25 14:00:00,379.4,48.5,3
2022-08-25 06:00:00,9,2022-08-25 15:00:00,379.38,45.7,3
2022-08-25 06:00:00,10,2022-08-25 16:00:00,379.36,44.0,3
2022-08-25 06:00:00,11,2022-08-25 17:00:00,379.34,41.0,3
2022-08-25 06:00:00,12,2022-08-25 18:00:00,379.34,41.7,3
2022-08-26 07:00:00,7,2022-08-26 14:00:00,379.47,55.4,3
2022-08-26 07:00:00,8,2022-08-26 15:00:00,379.42,50.3,3
2022-08-26 07:00:00,9,2022-08-26 16:00:00,379.4,47.4,3
2022-08-26 07:00:00,10,2022-08-26 17:00:00,379.38,45.9,3
2022-08-26 07:00:00,11,2022-08-26 18:00:00,379.37,44.6,3
2022-08-26 07:00:00,12,2022-08-26 19:00:00,379.36,43.7,3
2022-08-26 21:00:00,7,2022-08-27 04:00:00,379.41,48.9,3
2022-08-26 21:00:00,8,2022-08-27 05:00:00,379.42,50.5,3
2022-08-26 21:00:00,9,2022-08-27 06:00:00,379.37,44.7,3
2022-08-26 21:00:00,10,2022-08-27 07:00:00,379.32,39.9,3
2022-08-26 21:00:00,11,2022-08-27 08:00:00,379.34,41.6,3
2022-08-26 21:00:00,12,2022-08-27 09:00:00,379.36,43.2,3
2022-08-27 07:00:00,7,2022-08-27 14:00:00,379.33,40.4,3
2022-08-27 07:00:00,8,2022-08-27 15:00:00,379.32,39.5,3
2022-08-27 07:00:00,9,2022-08-27 16:00:00,379.29,36.3,3
2022-08-27 07:00:00,10,2022-08-27 17:00:00,379.29,36.7,3
2022-08-27 07:00:00,11,2022-08-27 18:00:00,379.29,36.8,3
2022-08-27 07:00:00,12,2022-08-27 19:00:00,379.28,35.8,3
2022-08-28 07:00:00,7,2022-08-28 14:00:00,379.36,43.1,3
2022-08-28 07:00:00,8,2022-08-28 15:00:00,379.34,41.4,3
2022-08-28 07:00:00,9,2022-08-28 16:00:00,379.32,39.5,3
2022-08-28 07:00:00,10,2022-08-28 17:00:00,379.3,37.9,3
2022-08-28 07:00:00,11,2022-08-28 18:00:00,379.31,38.5,3
2022-08-28 07:00:00,12,2022-08-28 19:00:00,379.31,38.4,3
2022-08-29 08:00:00,7,2022-08-29 15:00:00,379.36,43.7,3
2022-08-29 08:00:00,8,2022-08-29 16:00:00,379.34,41.8,3
2022-08-29 08:00:00,9,2022-08-29 17:00:00,379.31,38.5,3
2022-08-29 08:00:00,10,2022-08-29 18:00:00,379.31,38.3,3
2022-08-29 08:00:00,11,2022-08-29 19:00:00,379.31,38.4,3
2022-08-29 08:00:00,12,2022-08-29 20:00:00,379.31,38.3,3
2022-08-30 07:00:00,7,2022-08-30 14:00:00,379.47,55.2,3
2022-08-30 07:00:00,8,2022-08-30 15:00:00,379.42,50.2,3
2022-08-30 07:00:00,9,2022-08-30 16:00:00,379.38,46.0,3
2022-08-30 07:00:00,10,2022-08-30 17:00:00,379.38,45.3,3
2022-08-30 07:00:00,11,2022-08-30 18:00:00,379.35,42.0,3
2022-08-30 07:00:00,12,2022-08-30 19:00:00,379.32,39.4,3
2022-08-31 07:00:00,7,2022-08-31 14:00:00,379.49,58.5,3
2022-08-31 07:00:00,8,2022-08-31 15:00:00,379.46,54.2,3
2022-08-31 07:00:00,9,2022-08-31 16:00:00,379.44,52.7,3
2022-08-31 07:00:00,10,2022-08-31 17:00:00,379.43,51.5,3
2022-08-31 07:00:00,11,2022-08-31 18:00:00,379.42,50.2,3
2022-08-31 07:00:00,12,2022-08-31 19:00:00,379.41,49.1,3
2022-09-01 07:00:00,7,2022-09-01 14:00:00,379.35,42.9,3
2022-09-01 07:00:00,8,2022-09-01 15:00:00,379.34,41.1,3
2022-09-01 07:00:00,9,2022-09-01 16:00:00,379.32,39.0,3
2022-09-01 07:00:00,10,2022-09-01 17:00:00,379.3,37.3,3
2022-09-01 07:00:00,11,2022-09-01 18:00:00,379.31,38.2,3
2022-09-01 07:00:00,12,2022-09-01 19:00:00,379.31,38.0,3
2022-09-02 07:00:00,7,2022-09-02 14:00:00,379.33,40.9,3
2022-09-02 07:00:00,8,2022-09-02 15:00:00,379.32,39.5,3
2022-09-02 07:00:00,9,2022-09-02 16:00:00,379.3,37.0,3
2022-09-02 07:00:00,10,2022-09-02 17:00:00,379.27,35.0,3
2022-09-02 07:00:00,11,2022-09-02 18:00:00,379.29,36.6,3
2022-09-02 07:00:00,12,2022-09-02 19:00:00,379.29,36.2,3
2022-09-03 07:00:00,7,2022-09-03 14:00:00,379.51,60.8,3
2022-09-03 07:00:00,8,2022-09-03 15:00:00,379.44,52.8,3
2022-09-03 07:00:00,9,2022-09-03 16:00:00,379.39,46.7,3
2022-09-03 07:00:00,10,2022-09-03 17:00:00,379.38,46.1,3
2022-09-03 07:00:00,11,2022-09-03 18:00:00,379.39,46.9,3
2022-09-03 07:00:00,12,2022-09-03 19:00:00,379.38,45.5,3
2022-09-04 07:00:00,7,2022-09-04 14:00:00,379.35,42.6,3
2022-09-04 07:00:00,8,2022-09-04 15:00:00,379.34,41.9,3
2022-09-04 07:00:00,9,2022-09-04 16:00:00,379.34,41.1,3
2022-09-04 07:00:00,10,2022-09-04 17:00:00,379.33,41.0,3
2022-09-04 07:00:00,11,2022-09-04 18:00:00,379.33,40.4,3
2022-09-04 07:00:00,12,2022-09-04 19:00:00,379.32,39.9,3
2022-09-05 06:00:00,7,2022-09-05 13:00:00,379.31,38.4,3
2022-09-05 06:00:00,8,2022-09-05 14:00:00,379.28,36.0,3
2022-09-05 06:00:00,9,2022-09-05 15:00:00,379.28,35.1,3
2022-09-05 06:00:00,10,2022-09-05 16:00:00,379.28,35.8,3
2022-09-05 06:00:00,11,2022-09-05 17:00:00,379.29,36.6,3
2022-09-05 06:00:00,12,2022-09-05 18:00:00,379.26,33.5,3
2022-09-06 06:00:00,7,2022-09-06 13:00:00,379.37,44.6,3
2022-09-06 06:00:00,8,2022-09-06 14:00:00,379.34,41.5,3
2022-09-06 06:00:00,9,2022-09-06 15:00:00,379.34,41.0,3
2022-09-06 06:00:00,10,2022-09-06 16:00:00,379.33,40.9,3
2022-09-06 06:00:00,11,2022-09-06 17:00:00,379.32,39.4,3
2022-09-06 06:00:00,12,2022-09-06 18:00:00,379.29,36.6,3
2022-09-06 14:00:00,7,2022-09-06 21:00:00,379.25,32.3,3
2022-09-06 14:00:00,8,2022-09-06 22:00:00,379.26,33.7,3
2022-09-06 14:00:00,9,2022-09-06 23:00:00,379.28,35.6,3
2022-09-06 14:00:00,10,2022-09-07 00:00:00,379.29,36.3,3
2022-09-06 14:00:00,11,2022-09-07 01:00:00,379.29,36.0,3
2022-09-06 14:00:00,12,2022-09-07 02:00:00,379.31,38.4,3
2022-09-06 17:00:00,7,2022-09-07 00:00:00,379.28,35.5,3
2022-09-06 17:00:00,8,2022-09-07 01:00:00,379.28,35.2,3
2022-09-06 17:00:00,9,2022-09-07 02:00:00,379.33,40.5,3
2022-09-06 17:00:00,10,2022-09-07 03:00:00,379.39,46.8,3
2022-09-06 17:00:00,11,2022-09-07 04:00:00,379.37,44.2,3
2022-09-06 17:00:00,12,2022-09-07 05:00:00,379.45,53.3,3
2022-09-07 06:00:00,7,2022-09-07 13:00:00,379.4,47.9,3
2022-09-07 06:00:00,8,2022-09-07 14:00:00,379.39,47.0,3
2022-09-07 06:00:00,9,2022-09-07 15:00:00,379.41,49.3,3
2022-09-07 06:00:00,10,2022-09-07 16:00:00,379.42,50.2,3
2022-09-07 06:00:00,11,2022-09-07 17:00:00,379.4,48.1,3
2022-09-07 06:00:00,12,2022-09-07 18:00:00,379.4,47.9,3
2022-09-07 14:00:00,7,2022-09-07 21:00:00,379.33,40.6,3
2022-09-07 14:00:00,8,2022-09-07 22:00:00,379.34,41.7,3
2022-09-07 14:00:00,9,2022-09-07 23:00:00,379.34,41.1,3
2022-09-07 14:00:00,10,2022-09-08 00:00:00,379.33,40.7,3
2022-09-07 14:00:00,11,2022-09-08 01:00:00,379.38,45.8,3
2022-09-07 14:00:00,12,2022-09-08 02:00:00,379.41,49.5,3
2022-09-07 18:00:00,7,2022-09-08 01:00:00,379.35,42.2,3
2022-09-07 18:00:00,8,2022-09-08 02:00:00,379.4,48.1,3
2022-09-07 18:00:00,9,2022-09-08 03:00:00,379.43,51.8,3
2022-09-07 18:00:00,10,2022-09-08 04:00:00,379.42,50.6,3
2022-09-07 18:00:00,11,2022-09-08 05:00:00,379.47,55.4,3
2022-09-07 18:00:00,12,2022-09-08 06:00:00,379.51,59.9,3
2022-09-07 23:00:00,7,2022-09-08 06:00:00,379.48,56.7,3
2022-09-07 23:00:00,8,2022-09-08 07:00:00,379.49,58.6,3
2022-09-07 23:00:00,9,2022-09-08 08:00:00,379.47,56.2,3
2022-09-07 23:00:00,10,2022-09-08 09:00:00,379.44,51.9,3
2022-09-07 23:00:00,11,2022-09-08 10:00:00,379.43,51.7,3
2022-09-07 23:00:00,12,2022-09-08 11:00:00,379.42,50.1,3
2022-09-08 06:00:00,7,2022-09-08 13:00:00,379.68,80.8,3
2022-09-08 06:00:00,8,2022-09-08 14:00:00,379.71,84.3,3
2022-09-08 06:00:00,9,2022-09-08 15:00:00,379.7,83.3,3
2022-09-08 06:00:00,10,2022-09-08 16:00:00,379.72,85.6,3
2022-09-08 06:00:00,11,2022-09-08 17:00:00,379.69,81.9,3
2022-09-08 06:00:00,12,2022-09-08 18:00:00,379.67,79.5,3
2022-09-09 07:00:00,7,2022-09-09 14:00:00,379.35,42.1,3
2022-09-09 07:00:00,8,2022-09-09 15:00:00,379.34,41.0,3
2022-09-09 07:00:00,9,2022-09-09 16:00:00,379.34,41.6,3
2022-09-09 07:00:00,10,2022-09-09 17:00:00,379.34,41.8,3
2022-09-09 07:00:00,11,2022-09-09 18:00:00,379.35,42.2,3
2022-09-09 07:00:00,12,2022-09-09 19:00:00,379.34,41.4,3
2022-09-10 07:00:00,7,2022-09-10 14:00:00,379.3,37.4,3
2022-09-10 07:00:00,8,2022-09-10 15:00:00,379.29,36.2,3
2022-09-10 07:00:00,9,2022-09-10 16:00:00,379.32,38.9,3
2022-09-10 07:00:00,10,2022-09-10 17:00:00,379.3,37.9,3
2022-09-10 07:00:00,11,2022-09-10 18:00:00,379.31,38.1,3
2022-09-10 07:00:00,12,2022-09-10 19:00:00,379.33,40.6,3
2022-09-11 07:00:00,7,2022-09-11 14:00:00,379.28,35.8,3
2022-09-11 07:00:00,8,2022-09-11 15:00:00,379.28,35.5,3
2022-09-11 07:00:00,9,2022-09-11 16:00:00,379.28,35.8,3
2022-09-11 07:00:00,10,2022-09-11 17:00:00,379.28,35.6,3
2022-09-11 07:00:00,11,2022-09-11 18:00:00,379.26,33.4,3
2022-09-11 07:00:00,12,2022-09-11 19:00:00,379.27,34.7,3
2022-09-12 07:00:00,7,2022-09-12 14:00:00,379.27,34.6,3
2022-09-12 07:00:00,8,2022-09-12 15:00:00,379.27,34.1,3
2022-09-12 07:00:00,9,2022-09-12 16:00:00,379.26,33.8,3
2022-09-12 07:00:00,10,2022-09-12 17:00:00,379.25,32.5,3
2022-09-12 07:00:00,11,2022-09-12 18:00:00,379.25,33.0,3
2022-09-12 07:00:00,12,2022-09-12 19:00:00,379.26,34.0,3
2022-09-13 07:00:00,7,2022-09-13 14:00:00,379.28,35.3,3
2022-09-13 07:00:00,8,2022-09-13 15:00:00,379.28,35.8,3
2022-09-13 07:00:00,9,2022-09-13 16:00:00,379.28,35.8,3
2022-09-13 07:00:00,10,2022-09-13 17:00:00,379.25,32.6,3
2022-09-13 07:00:00,11,2022-09-13 18:00:00,379.27,34.8,3
2022-09-13 07:00:00,12,2022-09-13 19:00:00,379.28,35.7,3
2022-09-14 07:00:00,7,2022-09-14 14:00:00,379.4,47.7,3
2022-09-14 07:00:00,8,2022-09-14 15:00:00,379.39,47.3,3
2022-09-14 07:00:00,9,2022-09-14 16:00:00,379.39,47.0,3
2022-09-14 07:00:00,10,2022-09-14 17:00:00,379.4,47.4,3
2022-09-14 07:00:00,11,2022-09-14 18:00:00,379.41,48.5,3
2022-09-14 07:00:00,12,2022-09-14 19:00:00,379.41,48.5,3
2022-09-15 07:00:00,7,2022-09-15 14:00:00,379.59,69.8,3
2022-09-15 07:00:00,8,2022-09-15 15:00:00,379.57,67.4,3
2022-09-15 07:00:00,9,2022-09-15 16:00:00,379.55,64.9,3
2022-09-15 07:00:00,10,2022-09-15 17:00:00,379.54,63.3,3
2022-09-15 07:00:00,11,2022-09-15 18:00:00,379.53,62.6,3
2022-09-15 07:00:00,12,2022-09-15 19:00:00,379.52,62.0,3
2022-09-15 13:00:00,7,2022-09-15 20:00:00,379.45,53.5,3
2022-09-15 13:00:00,8,2022-09-15 21:00:00,379.44,51.9,3
2022-09-15 13:00:00,9,2022-09-15 22:00:00,379.43,51.1,3
2022-09-15 13:00:00,10,2022-09-15 23:00:00,379.43,51.6,3
2022-09-15 13:00:00,11,2022-09-16 00:00:00,379.44,52.0,3
2022-09-15 13:00:00,12,2022-09-16 01:00:00,379.41,49.3,3
2022-09-16 07:00:00,7,2022-09-16 14:00:00,379.54,64.1,3
2022-09-16 07:00:00,8,2022-09-16 15:00:00,379.52,61.8,3
2022-09-16 07:00:00,9,2022-09-16 16:00:00,379.48,57.5,3
2022-09-16 07:00:00,10,2022-09-16 17:00:00,379.48,56.4,3
2022-09-16 07:00:00,11,2022-09-16 18:00:00,379.47,56.0,3
2022-09-16 07:00:00,12,2022-09-16 19:00:00,379.46,54.7,3
2022-09-16 13:00:00,7,2022-09-16 20:00:00,379.37,44.7,3
2022-09-16 13:00:00,8,2022-09-16 21:00:00,379.36,44.1,3
2022-09-16 13:00:00,9,2022-09-16 22:00:00,379.36,44.0,3
2022-09-16 13:00:00,10,2022-09-16 23:00:00,379.4,47.4,3
2022-09-16 13:00:00,11,2022-09-17 00:00:00,379.37,44.4,3
2022-09-16 13:00:00,12,2022-09-17 01:00:00,379.36,43.4,3
2022-09-16 16:00:00,7,2022-09-16 23:00:00,379.35,42.3,3
2022-09-16 16:00:00,8,2022-09-17 00:00:00,379.32,39.8,3
2022-09-16 16:00:00,9,2022-09-17 01:00:00,379.31,38.7,3
2022-09-16 16:00:00,10,2022-09-17 02:00:00,379.35,42.7,3
2022-09-16 16:00:00,11,2022-09-17 03:00:00,379.37,45.0,3
2022-09-16 16:00:00,12,2022-09-17 04:00:00,379.38,45.9,3
2022-09-16 18:00:00,7,2022-09-17 01:00:00,379.31,38.7,3
2022-09-16 18:00:00,8,2022-09-17 02:00:00,379.35,42.7,3
2022-09-16 18:00:00,9,2022-09-17 03:00:00,379.37,45.0,3
2022-09-16 18:00:00,10,2022-09-17 04:00:00,379.38,45.9,3
2022-09-16 18:00:00,11,2022-09-17 05:00:00,379.38,46.3,3
2022-09-16 18:00:00,12,2022-09-17 06:00:00,379.4,47.7,3
2022-09-17 07:00:00,7,2022-09-17 14:00:00,379.29,36.7,3
2022-09-17 07:00:00,8,2022-09-17 15:00:00,379.32,39.5,3
2022-09-17 07:00:00,9,2022-09-17 16:00:00,379.33,40.2,3
2022-09-17 07:00:00,10,2022-09-17 17:00:00,379.33,40.6,3
2022-09-17 07:00:00,11,2022-09-17 18:00:00,379.32,39.2,3
2022-09-17 07:00:00,12,2022-09-17 19:00:00,379.27,34.8,3
2022-09-17 13:00:00,7,2022-09-17 20:00:00,379.26,33.4,3
2022-09-17 13:00:00,8,2022-09-17 21:00:00,379.25,32.9,3
2022-09-17 13:00:00,9,2022-09-17 22:00:00,379.23,30.7,3
2022-09-17 13:00:00,10,2022-09-17 23:00:00,379.23,30.8,3
2022-09-17 13:00:00,11,2022-09-18 00:00:00,379.23,31.0,3
2022-09-17 13:00:00,12,2022-09-18 01:00:00,379.25,33.1,3
2022-09-18 07:00:00,7,2022-09-18 14:00:00,379.19,27.5,3
2022-09-18 07:00:00,8,2022-09-18 15:00:00,379.18,27.4,3
2022-09-18 07:00:00,9,2022-09-18 16:00:00,379.18,27.5,3
2022-09-18 07:00:00,10,2022-09-18 17:00:00,379.2,28.5,3
2022-09-18 07:00:00,11,2022-09-18 18:00:00,379.18,27.2,3
2022-09-18 07:00:00,12,2022-09-18 19:00:00,379.18,27.3,3
2022-09-19 07:00:00,7,2022-09-19 14:00:00,379.17,26.3,3
2022-09-19 07:00:00,8,2022-09-19 15:00:00,379.15,25.0,3
2022-09-19 07:00:00,9,2022-09-19 16:00:00,379.13,23.5,3
2022-09-19 07:00:00,10,2022-09-19 17:00:00,379.14,24.2,3
2022-09-19 07:00:00,11,2022-09-19 18:00:00,379.18,26.8,3
2022-09-19 07:00:00,12,2022-09-19 19:00:00,379.16,25.6,3
2022-09-20 14:00:00,7,2022-09-20 21:00:00,379.09,21.1,3
2022-09-20 14:00:00,8,2022-09-20 22:00:00,379.1,21.5,3
2022-09-20 14:00:00,9,2022-09-20 23:00:00,379.06,18.7,3
2022-09-20 14:00:00,10,2022-09-21 00:00:00,379.05,18.5,3
2022-09-20 14:00:00,11,2022-09-21 01:00:00,379.06,18.7,3
2022-09-20 14:00:00,12,2022-09-21 02:00:00,379.1,21.2,3
2022-09-21 08:00:00,7,2022-09-21 15:00:00,379.12,22.8,3
2022-09-21 08:00:00,8,2022-09-21 16:00:00,379.09,20.7,3
2022-09-21 08:00:00,9,2022-09-21 17:00:00,379.1,21.6,3
2022-09-21 08:00:00,10,2022-09-21 18:00:00,379.11,22.4,3
2022-09-21 08:00:00,11,2022-09-21 19:00:00,379.1,21.4,3
2022-09-21 08:00:00,12,2022-09-21 20:00:00,379.09,21.1,3
2022-09-22 07:00:00,7,2022-09-22 14:00:00,379.15,25.0,3
2022-09-22 07:00:00,8,2022-09-22 15:00:00,379.12,22.5,3
2022-09-22 07:00:00,9,2022-09-22 16:00:00,379.09,20.9,3
2022-09-22 07:00:00,10,2022-09-22 17:00:00,379.1,21.5,3
2022-09-22 07:00:00,11,2022-09-22 18:00:00,379.12,22.5,3
2022-09-22 07:00:00,12,2022-09-22 19:00:00,379.13,23.7,3
2022-09-23 07:00:00,7,2022-09-23 14:00:00,379.11,21.9,3
2022-09-23 07:00:00,8,2022-09-23 15:00:00,379.14,23.9,3
2022-09-23 07:00:00,9,2022-09-23 16:00:00,379.14,24.4,3
2022-09-23 07:00:00,10,2022-09-23 17:00:00,379.13,23.3,3
2022-09-23 07:00:00,11,2022-09-23 18:00:00,379.1,21.8,3
2022-09-23 07:00:00,12,2022-09-23 19:00:00,379.09,20.6,3
2022-09-24 07:00:00,7,2022-09-24 14:00:00,379.18,27.0,3
2022-09-24 07:00:00,8,2022-09-24 15:00:00,379.19,27.8,3
2022-09-24 07:00:00,9,2022-09-24 16:00:00,379.18,26.8,3
2022-09-24 07:00:00,10,2022-09-24 17:00:00,379.16,25.3,3
2022-09-24 07:00:00,11,2022-09-24 18:00:00,379.14,24.5,3
2022-09-24 07:00:00,12,2022-09-24 19:00:00,379.13,23.5,3
2022-09-25 07:00:00,7,2022-09-25 14:00:00,379.17,26.7,3
2022-09-25 07:00:00,8,2022-09-25 15:00:00,379.16,25.8,3
2022-09-25 07:00:00,9,2022-09-25 16:00:00,379.15,25.2,3
2022-09-25 07:00:00,10,2022-09-25 17:00:00,379.17,26.5,3
2022-09-25 07:00:00,11,2022-09-25 18:00:00,379.2,28.8,3
2022-09-25 07:00:00,12,2022-09-25 19:00:00,379.2,28.9,3
2022-09-26 07:00:00,7,2022-09-26 14:00:00,379.26,33.4,3
2022-09-26 07:00:00,8,2022-09-26 15:00:00,379.21,29.8,3
2022-09-26 07:00:00,9,2022-09-26 16:00:00,379.24,31.6,3
2022-09-26 07:00:00,10,2022-09-26 17:00:00,379.21,29.4,3
2022-09-26 07:00:00,11,2022-09-26 18:00:00,379.21,29.1,3
2022-09-26 07:00:00,12,2022-09-26 19:00:00,379.22,30.1,3
2022-09-26 12:00:00,7,2022-09-26 19:00:00,379.17,26.4,3
2022-09-26 12:00:00,8,2022-09-26 20:00:00,379.17,26.2,3
2022-09-26 12:00:00,9,2022-09-26 21:00:00,379.16,25.6,3
2022-09-26 12:00:00,10,2022-09-26 22:00:00,379.15,24.9,3
2022-09-26 12:00:00,11,2022-09-26 23:00:00,379.2,28.6,3
2022-09-26 12:00:00,12,2022-09-27 00:00:00,379.21,29.4,3
2022-09-27 07:00:00,7,2022-09-27 14:00:00,379.21,29.5,3
2022-09-27 07:00:00,8,2022-09-27 15:00:00,379.26,33.3,3
2022-09-27 07:00:00,9,2022-09-27 16:00:00,379.23,30.8,3
2022-09-27 07:00:00,10,2022-09-27 17:00:00,379.21,29.8,3
2022-09-27 07:00:00,11,2022-09-27 18:00:00,379.21,29.6,3
2022-09-27 07:00:00,12,2022-09-27 19:00:00,379.21,29.2,3
2022-09-27 14:00:00,7,2022-09-27 21:00:00,379.12,22.5,3
2022-09-27 14:00:00,8,2022-09-27 22:00:00,379.11,22.5,3
2022-09-27 14:00:00,9,2022-09-27 23:00:00,379.19,28.2,3
2022-09-27 14:00:00,10,2022-09-28 00:00:00,379.25,33.0,3
2022-09-27 14:00:00,11,2022-09-28 01:00:00,379.25,33.0,3
2022-09-27 14:00:00,12,2022-09-28 02:00:00,379.26,33.4,3
2022-09-28 07:00:00,7,2022-09-28 14:00:00,379.28,35.2,3
2022-09-28 07:00:00,8,2022-09-28 15:00:00,379.34,41.3,3
2022-09-28 07:00:00,9,2022-09-28 16:00:00,379.37,44.5,3
2022-09-28 07:00:00,10,2022-09-28 17:00:00,379.44,52.9,3
2022-09-28 07:00:00,11,2022-09-28 18:00:00,379.51,60.3,3
2022-09-28 07:00:00,12,2022-09-28 19:00:00,379.51,60.8,3
2022-09-28 11:00:00,7,2022-09-28 18:00:00,379.75,89.6,3
2022-09-28 11:00:00,8,2022-09-28 19:00:00,379.74,88.1,3
2022-09-28 11:00:00,9,2022-09-28 20:00:00,379.76,90.8,3
2022-09-28 11:00:00,10,2022-09-28 21:00:00,379.75,89.5,3
2022-09-28 11:00:00,11,2022-09-28 22:00:00,379.88,105.5,3
2022-09-28 11:00:00,12,2022-09-28 23:00:00,379.91,110.1,3
2022-09-28 15:00:00,7,2022-09-28 22:00:00,380.12,138.9,3
2022-09-28 15:00:00,8,2022-09-28 23:00:00,380.07,131.4,3
2022-09-28 15:00:00,9,2022-09-29 00:00:00,380.07,131.8,3
2022-09-28 15:00:00,10,2022-09-29 01:00:00,380.09,133.8,3
2022-09-28 15:00:00,11,2022-09-29 02:00:00,380.07,131.2,3
2022-09-28 15:00:00,12,2022-09-29 03:00:00,380.04,126.9,3
2022-09-28 17:00:00,7,2022-09-29 00:00:00,380.21,151.5,3
2022-09-28 17:00:00,8,2022-09-29 01:00:00,380.12,137.9,3
2022-09-28 17:00:00,9,2022-09-29 02:00:00,380.1,135.3,3
2022-09-28 17:00:00,10,2022-09-29 03:00:00,380.08,133.0,3
2022-09-28 17:00:00,11,2022-09-29 04:00:00,380.07,131.4,3
2022-09-28 17:00:00,12,2022-09-29 05:00:00,380.05,128.6,3
2022-09-28 18:00:00,7,2022-09-29 01:00:00,380.12,137.9,3
2022-09-28 18:00:00,8,2022-09-29 02:00:00,380.1,135.3,3
2022-09-28 18:00:00,9,2022-09-29 03:00:00,380.08,133.0,3
2022-09-28 18:00:00,10,2022-09-29 04:00:00,380.07,131.4,3
2022-09-28 18:00:00,11,2022-09-29 05:00:00,380.05,128.6,3
2022-09-28 18:00:00,12,2022-09-29 06:00:00,380.02,124.4,3
2022-09-28 21:00:00,7,2022-09-29 04:00:00,380.39,178.2,3
2022-09-28 21:00:00,8,2022-09-29 05:00:00,380.33,169.0,3
2022-09-28 21:00:00,9,2022-09-29 06:00:00,380.26,158.7,3
2022-09-28 21:00:00,10,2022-09-29 07:00:00,380.23,153.8,3
2022-09-28 21:00:00,11,2022-09-29 08:00:00,380.17,145.2,3
2022-09-28 21:00:00,12,2022-09-29 09:00:00,380.13,139.2,3
2022-09-29 07:00:00,7,2022-09-29 14:00:00,380.12,138.5,3
2022-09-29 07:00:00,8,2022-09-29 15:00:00,380.1,136.2,3
2022-09-29 07:00:00,9,2022-09-29 16:00:00,380.07,131.1,3
2022-09-29 07:00:00,10,2022-09-29 17:00:00,380.07,131.0,3
2022-09-29 07:00:00,11,2022-09-29 18:00:00,380.05,128.8,3
2022-09-29 07:00:00,12,2022-09-29 19:00:00,380.03,125.2,3
2022-09-29 11:00:00,7,2022-09-29 18:00:00,380.13,139.7,3
2022-09-29 11:00:00,8,2022-09-29 19:00:00,380.09,134.4,3
2022-09-29 11:00:00,9,2022-09-29 20:00:00,380.06,130.0,3
2022-09-29 11:00:00,10,2022-09-29 21:00:00,379.99,119.8,3
2022-09-29 11:00:00,11,2022-09-29 22:00:00,379.96,116.0,3
2022-09-29 11:00:00,12,2022-09-29 23:00:00,379.92,111.2,3
2022-09-29 16:00:00,7,2022-09-29 23:00:00,379.94,113.4,3
2022-09-29 16:00:00,8,2022-09-30 00:00:00,379.91,110.2,3
2022-09-29 16:00:00,9,2022-09-30 01:00:00,379.88,105.2,3
2022-09-29 16:00:00,10,2022-09-30 02:00:00,379.85,102.1,3
2022-09-29 16:00:00,11,2022-09-30 03:00:00,379.83,98.6,3
2022-09-29 16:00:00,12,2022-09-30 04:00:00,379.8,95.4,3
2022-09-30 07:00:00,7,2022-09-30 14:00:00,379.65,76.9,3
2022-09-30 07:00:00,8,2022-09-30 15:00:00,379.64,75.6,3
2022-09-30 07:00:00,9,2022-09-30 16:00:00,379.62,72.9,3
2022-09-30 07:00:00,10,2022-09-30 17:00:00,379.61,71.6,3
2022-09-30 07:00:00,11,2022-09-30 18:00:00,379.6,70.4,3
2022-09-30 07:00:00,12,2022-09-30 19:00:00,379.58,68.8,3
2022-10-01 06:00:00,7,2022-10-01 13:00:00,379.39,46.8,3
2022-10-01 06:00:00,8,2022-10-01 14:00:00,379.41,49.1,3
2022-10-01 06:00:00,9,2022-10-01 15:00:00,379.41,48.6,3
2022-10-01 06:00:00,10,2022-10-01 16:00:00,379.41,48.8,3
2022-10-01 06:00:00,11,2022-10-01 17:00:00,379.41,49.1,3
2022-10-01 06:00:00,12,2022-10-01 18:00:00,379.41,49.0,3
2022-10-01 17:00:00,7,2022-10-02 00:00:00,379.46,54.4,3
2022-10-01 17:00:00,8,2022-10-02 01:00:00,379.48,57.2,3
2022-10-01 17:00:00,9,2022-10-02 02:00:00,379.52,61.1,3
2022-10-01 17:00:00,10,2022-10-02 03:00:00,379.53,63.1,3
2022-10-01 17:00:00,11,2022-10-02 04:00:00,379.54,63.7,3
2022-10-01 17:00:00,12,2022-10-02 05:00:00,379.61,71.7,3
2022-10-01 23:00:00,7,2022-10-02 06:00:00,380.24,156.0,3
2022-10-01 23:00:00,8,2022-10-02 07:00:00,380.2,149.9,3
2022-10-01 23:00:00,9,2022-10-02 08:00:00,380.17,146.2,3
2022-10-01 23:00:00,10,2022-10-02 09:00:00,380.17,146.2,3
2022-10-01 23:00:00,11,2022-10-02 10:00:00,380.14,141.1,3
2022-10-01 23:00:00,12,2022-10-02 11:00:00,380.11,137.2,3
2022-10-02 06:00:00,7,2022-10-02 13:00:00,381.01,287.7,3
2022-10-02 06:00:00,8,2022-10-02 14:00:00,380.87,260.9,3
2022-10-02 06:00:00,9,2022-10-02 15:00:00,380.76,240.0,3
2022-10-02 06:00:00,10,2022-10-02 16:00:00,380.66,223.8,3
2022-10-02 06:00:00,11,2022-10-02 17:00:00,380.57,207.6,3
2022-10-02 06:00:00,12,2022-10-02 18:00:00,380.49,194.9,3
2022-10-02 09:00:00,7,2022-10-02 16:00:00,380.66,223.8,3
2022-10-02 09:00:00,8,2022-10-02 17:00:00,380.57,207.6,3
2022-10-02 09:00:00,9,2022-10-02 18:00:00,380.49,194.9,3
2022-10-02 09:00:00,10,2022-10-02 19:00:00,380.44,186.5,3
2022-10-02 09:00:00,11,2022-10-02 20:00:00,380.37,175.5,3
2022-10-02 09:00:00,12,2022-10-02 21:00:00,380.31,166.3,3
2022-10-02 18:00:00,7,2022-10-03 01:00:00,380.38,177.1,3
2022-10-02 18:00:00,8,2022-10-03 02:00:00,380.29,163.2,3
2022-10-02 18:00:00,9,2022-10-03 03:00:00,380.25,158.0,3
2022-10-02 18:00:00,10,2022-10-03 04:00:00,380.21,152.1,3
2022-10-02 18:00:00,11,2022-10-03 05:00:00,380.17,145.2,3
2022-10-02 18:00:00,12,2022-10-03 06:00:00,380.13,140.4,3
2022-10-02 20:00:00,7,2022-10-03 03:00:00,380.28,162.5,3
2022-10-02 20:00:00,8,2022-10-03 04:00:00,380.24,155.1,3
2022-10-02 20:00:00,9,2022-10-03 05:00:00,380.21,151.5,3
2022-10-02 20:00:00,10,2022-10-03 06:00:00,380.17,146.0,3
2022-10-02 20:00:00,11,2022-10-03 07:00:00,380.11,136.9,3
2022-10-02 20:00:00,12,2022-10-03 08:00:00,380.08,133.2,3
2022-10-03 07:00:00,7,2022-10-03 14:00:00,379.95,114.6,3
2022-10-03 07:00:00,8,2022-10-03 15:00:00,379.93,112.9,3
2022-10-03 07:00:00,9,2022-10-03 16:00:00,379.91,110.2,3
2022-10-03 07:00:00,10,2022-10-03 17:00:00,379.9,107.9,3
2022-10-03 07:00:00,11,2022-10-03 18:00:00,379.88,105.7,3
2022-10-03 07:00:00,12,2022-10-03 19:00:00,379.86,103.4,3
2022-10-04 07:00:00,7,2022-10-04 14:00:00,379.63,74.0,3
2022-10-04 07:00:00,8,2022-10-04 15:00:00,379.64,75.6,3
2022-10-04 07:00:00,9,2022-10-04 16:00:00,379.62,73.0,3
2022-10-04 07:00:00,10,2022-10-04 17:00:00,379.6,70.9,3
2022-10-04 07:00:00,11,2022-10-04 18:00:00,379.61,71.6,3
2022-10-04 07:00:00,12,2022-10-04 19:00:00,379.63,74.2,3
2022-10-05 07:00:00,7,2022-10-05 14:00:00,379.46,54.3,3
2022-10-05 07:00:00,8,2022-10-05 15:00:00,379.46,54.4,3
2022-10-05 07:00:00,9,2022-10-05 16:00:00,379.45,53.6,3
2022-10-05 07:00:00,10,2022-10-05 17:00:00,379.44,52.2,3
2022-10-05 07:00:00,11,2022-10-05 18:00:00,379.44,52.0,3
2022-10-05 07:00:00,12,2022-10-05 19:00:00,379.45,53.9,3
2022-10-06 07:00:00,7,2022-10-06 14:00:00,379.4,47.8,3
2022-10-06 07:00:00,8,2022-10-06 15:00:00,379.39,46.9,3
2022-10-06 07:00:00,9,2022-10-06 16:00:00,379.39,47.2,3
2022-10-06 07:00:00,10,2022-10-06 17:00:00,379.39,46.8,3
2022-10-06 07:00:00,11,2022-10-06 18:00:00,379.38,45.7,3
2022-10-06 07:00:00,12,2022-10-06 19:00:00,379.38,46.3,3
2022-10-07 07:00:00,7,2022-10-07 14:00:00,379.3,37.7,3
2022-10-07 07:00:00,8,2022-10-07 15:00:00,379.34,41.5,3
2022-10-07 07:00:00,9,2022-10-07 16:00:00,379.36,43.8,3
2022-10-07 07:00:00,10,2022-10-07 17:00:00,379.35,43.0,3
2022-10-07 07:00:00,11,2022-10-07 18:00:00,379.35,42.3,3
2022-10-07 07:00:00,12,2022-10-07 19:00:00,379.34,41.9,3
2022-10-08 07:00:00,7,2022-10-08 14:00:00,379.26,33.7,3
2022-10-08 07:00:00,8,2022-10-08 15:00:00,379.29,36.9,3
2022-10-08 07:00:00,9,2022-10-08 16:00:00,379.31,38.9,3
2022-10-08 07:00:00,10,2022-10-08 17:00:00,379.33,40.5,3
2022-10-08 07:00:00,11,2022-10-08 18:00:00,379.34,41.3,3
2022-10-08 07:00:00,12,2022-10-08 19:00:00,379.35,42.0,3
2022-10-09 07:00:00,7,2022-10-09 14:00:00,379.23,31.2,3
2022-10-09 07:00:00,8,2022-10-09 15:00:00,379.27,34.3,3
2022-10-09 07:00:00,9,2022-10-09 16:00:00,379.29,36.4,3
2022-10-09 07:00:00,10,2022-10-09 17:00:00,379.31,38.8,3
2022-10-09 07:00:00,11,2022-10-09 18:00:00,379.32,39.4,3
2022-10-09 07:00:00,12,2022-10-09 19:00:00,379.32,39.2,3
2022-10-10 07:00:00,7,2022-10-10 14:00:00,379.19,28.1,3
2022-10-10 07:00:00,8,2022-10-10 15:00:00,379.22,29.9,3
2022-10-10 07:00:00,9,2022-10-10 16:00:00,379.24,31.9,3
2022-10-10 07:00:00,10,2022-10-10 17:00:00,379.27,34.2,3
2022-10-10 07:00:00,11,2022-10-10 18:00:00,379.27,34.7,3
2022-10-10 07:00:00,12,2022-10-10 19:00:00,379.26,33.8,3
2022-10-11 07:00:00,7,2022-10-11 14:00:00,379.15,25.1,3
2022-10-11 07:00:00,8,2022-10-11 15:00:00,379.19,27.6,3
2022-10-11 07:00:00,9,2022-10-11 16:00:00,379.23,30.7,3
2022-10-11 07:00:00,10,2022-10-11 17:00:00,379.24,31.9,3
2022-10-11 07:00:00,11,2022-10-11 18:00:00,379.25,33.0,3
2022-10-11 07:00:00,12,2022-10-11 19:00:00,379.22,30.1,3
2022-10-12 06:00:00,7,2022-10-12 13:00:00,379.19,27.8,3
2022-10-12 06:00:00,8,2022-10-12 14:00:00,379.18,27.3,3
2022-10-12 06:00:00,9,2022-10-12 15:00:00,379.15,24.7,3
2022-10-12 06:00:00,10,2022-10-12 16:00:00,379.17,26.4,3
2022-10-12 06:00:00,11,2022-10-12 17:00:00,379.18,26.8,3
2022-10-12 06:00:00,12,2022-10-12 18:00:00,379.23,30.9,3
2022-10-13 07:00:00,7,2022-10-13 14:00:00,379.18,27.0,3
2022-10-13 07:00:00,8,2022-10-13 15:00:00,379.14,24.0,3
2022-10-13 07:00:00,9,2022-10-13 16:00:00,379.15,25.1,3
2022-10-13 07:00:00,10,2022-10-13 17:00:00,379.19,28.0,3
2022-10-13 07:00:00,11,2022-10-13 18:00:00,379.21,29.7,3
2022-10-13 07:00:00,12,2022-10-13 19:00:00,379.21,29.6,3
2022-10-14 07:00:00,7,2022-10-14 14:00:00,379.16,25.4,3
2022-10-14 07:00:00,8,2022-10-14 15:00:00,379.16,25.9,3
2022-10-14 07:00:00,9,2022-10-14 16:00:00,379.2,28.9,3
2022-10-14 07:00:00,10,2022-10-14 17:00:00,379.2,28.5,3
2022-10-14 07:00:00,11,2022-10-14 18:00:00,379.21,29.6,3
2022-10-14 07:00:00,12,2022-10-14 19:00:00,379.22,30.3,3
2022-10-14 22:00:00,7,2022-10-15 05:00:00,379.13,23.6,3
2022-10-14 22:00:00,8,2022-10-15 06:00:00,379.12,22.7,3
2022-10-14 22:00:00,9,2022-10-15 07:00:00,379.1,21.4,3
2022-10-14 22:00:00,10,2022-10-15 08:00:00,379.17,26.5,3
2022-10-14 22:00:00,11,2022-10-15 09:00:00,379.22,30.1,3
2022-10-14 22:00:00,12,2022-10-15 10:00:00,379.25,33.2,3
2022-10-15 06:00:00,7,2022-10-15 13:00:00,379.32,39.5,3
2022-10-15 06:00:00,8,2022-10-15 14:00:00,379.3,37.9,3
2022-10-15 06:00:00,9,2022-10-15 15:00:00,379.33,40.9,3
2022-10-15 06:00:00,10,2022-10-15 16:00:00,379.33,40.9,3
2022-10-15 06:00:00,11,2022-10-15 17:00:00,379.34,41.6,3
2022-10-15 06:00:00,12,2022-10-15 18:00:00,379.34,41.6,3
2022-10-15 07:00:00,7,2022-10-15 14:00:00,379.25,32.7,3
2022-10-15 07:00:00,8,2022-10-15 15:00:00,379.23,31.0,3
2022-10-15 07:00:00,9,2022-10-15 16:00:00,379.22,30.5,3
2022-10-15 07:00:00,10,2022-10-15 17:00:00,379.23,31.5,3
2022-10-15 07:00:00,11,2022-10-15 18:00:00,379.26,33.8,3
2022-10-15 07:00:00,12,2022-10-15 19:00:00,379.28,35.3,3
2022-10-16 07:00:00,7,2022-10-16 14:00:00,379.18,27.0,3
2022-10-16 07:00:00,8,2022-10-16 15:00:00,379.19,27.7,3
2022-10-16 07:00:00,9,2022-10-16 16:00:00,379.19,28.2,3
2022-10-16 07:00:00,10,2022-10-16 17:00:00,379.21,29.5,3
2022-10-16 07:00:00,11,2022-10-16 18:00:00,379.22,29.9,3
2022-10-16 07:00:00,12,2022-10-16 19:00:00,379.22,30.0,3
2022-10-17 07:00:00,7,2022-10-17 14:00:00,379.15,24.8,3
2022-10-17 07:00:00,8,2022-10-17 15:00:00,379.15,25.2,3
2022-10-17 07:00:00,9,2022-10-17 16:00:00,379.19,28.0,3
2022-10-17 07:00:00,10,2022-10-17 17:00:00,379.19,27.7,3
2022-10-17 07:00:00,11,2022-10-17 18:00:00,379.21,29.8,3
2022-10-17 07:00:00,12,2022-10-17 19:00:00,379.2,28.6,3
2022-10-17 16:00:00,7,2022-10-17 23:00:00,379.15,24.6,3
2022-10-17 16:00:00,8,2022-10-18 00:00:00,379.16,25.3,3
2022-10-17 16:00:00,9,2022-10-18 01:00:00,379.2,28.4,3
2022-10-17 16:00:00,10,2022-10-18 02:00:00,379.11,22.5,3
2022-10-17 16:00:00,11,2022-10-18 03:00:00,379.15,24.7,3
2022-10-17 16:00:00,12,2022-10-18 04:00:00,379.15,24.6,3
2022-10-18 06:00:00,7,2022-10-18 13:00:00,379.21,29.4,3
2022-10-18 06:00:00,8,2022-10-18 14:00:00,379.15,24.9,3
2022-10-18 06:00:00,9,2022-10-18 15:00:00,379.11,22.4,3
2022-10-18 06:00:00,10,2022-10-18 16:00:00,379.14,24.2,3
2022-10-18 06:00:00,11,2022-10-18 17:00:00,379.18,27.1,3
2022-10-18 06:00:00,12,2022-10-18 18:00:00,379.23,31.3,3
2022-10-18 07:00:00,7,2022-10-18 14:00:00,379.15,24.9,3
2022-10-18 07:00:00,8,2022-10-18 15:00:00,379.11,22.4,3
2022-10-18 07:00:00,9,2022-10-18 16:00:00,379.14,24.2,3
2022-10-18 07:00:00,10,2022-10-18 17:00:00,379.18,27.1,3
2022-10-18 07:00:00,11,2022-10-18 18:00:00,379.23,31.3,3
2022-10-18 07:00:00,12,2022-10-18 19:00:00,379.2,28.6,3
2022-10-18 09:00:00,7,2022-10-18 16:00:00,379.14,24.2,3
2022-10-18 09:00:00,8,2022-10-18 17:00:00,379.18,27.1,3
2022-10-18 09:00:00,9,2022-10-18 18:00:00,379.23,31.3,3
2022-10-18 09:00:00,10,2022-10-18 19:00:00,379.2,28.6,3
2022-10-18 09:00:00,11,2022-10-18 20:00:00,379.22,29.8,3
2022-10-18 09:00:00,12,2022-10-18 21:00:00,379.23,30.6,3
2022-10-19 07:00:00,7,2022-10-19 14:00:00,379.18,27.1,3
2022-10-19 07:00:00,8,2022-10-19 15:00:00,379.16,25.4,3
2022-10-19 07:00:00,9,2022-10-19 16:00:00,379.16,25.7,3
2022-10-19 07:00:00,10,2022-10-19 17:00:00,379.2,28.8,3
2022-10-19 07:00:00,11,2022-10-19 18:00:00,379.22,30.2,3
2022-10-19 07:00:00,12,2022-10-19 19:00:00,379.19,27.8,3
2022-10-20 06:00:00,7,2022-10-20 13:00:00,379.22,30.4,3
2022-10-20 06:00:00,8,2022-10-20 14:00:00,379.21,29.3,3
2022-10-20 06:00:00,9,2022-10-20 15:00:00,379.2,28.3,3
2022-10-20 06:00:00,10,2022-10-20 16:00:00,379.2,28.6,3
2022-10-20 06:00:00,11,2022-10-20 17:00:00,379.22,30.4,3
2022-10-20 06:00:00,12,2022-10-20 18:00:00,379.25,32.5,3
2022-10-20 07:00:00,7,2022-10-20 14:00:00,379.16,25.9,3
2022-10-20 07:00:00,8,2022-10-20 15:00:00,379.15,24.7,3
2022-10-20 07:00:00,9,2022-10-20 16:00:00,379.14,24.1,3
2022-10-20 07:00:00,10,2022-10-20 17:00:00,379.14,24.3,3
2022-10-20 07:00:00,11,2022-10-20 18:00:00,379.19,28.2,3
2022-10-20 07:00:00,12,2022-10-20 19:00:00,379.18,26.8,3
2022-10-20 08:00:00,7,2022-10-20 15:00:00,379.15,24.7,3
2022-10-20 08:00:00,8,2022-10-20 16:00:00,379.14,24.1,3
2022-10-20 08:00:00,9,2022-10-20 17:00:00,379.14,24.3,3
2022-10-20 08:00:00,10,2022-10-20 18:00:00,379.19,28.2,3
2022-10-20 08:00:00,11,2022-10-20 19:00:00,379.18,26.8,3
2022-10-20 08:00:00,12,2022-10-20 20:00:00,379.21,29.1,3
2022-10-21 07:00:00,7,2022-10-21 14:00:00,379.44,52.5,3
2022-10-21 07:00:00,8,2022-10-21 15:00:00,379.48,56.5,3
2022-10-21 07:00:00,9,2022-10-21 16:00:00,379.51,60.3,3
2022-10-21 07:00:00,10,2022-10-21 17:00:00,379.53,62.3,3
2022-10-21 07:00:00,11,2022-10-21 18:00:00,379.53,63.1,3
2022-10-21 07:00:00,12,2022-10-21 19:00:00,379.62,73.1,3
2022-10-22 07:00:00,7,2022-10-22 14:00:00,380.44,186.5,3
2022-10-22 07:00:00,8,2022-10-22 15:00:00,380.37,175.5,3
2022-10-22 07:00:00,9,2022-10-22 16:00:00,380.29,163.8,3
2022-10-22 07:00:00,10,2022-10-22 17:00:00,380.24,156.5,3
2022-10-22 07:00:00,11,2022-10-22 18:00:00,380.19,148.2,3
2022-10-22 07:00:00,12,2022-10-22 19:00:00,380.15,142.9,3
2022-10-23 07:00:00,7,2022-10-23 14:00:00,379.68,79.9,3
2022-10-23 07:00:00,8,2022-10-23 15:00:00,379.68,80.6,3
2022-10-23 07:00:00,9,2022-10-23 16:00:00,379.7,83.2,3
2022-10-23 07:00:00,10,2022-10-23 17:00:00,379.71,84.0,3
2022-10-23 07:00:00,11,2022-10-23 18:00:00,379.7,82.5,3
2022-10-23 07:00:00,12,2022-10-23 19:00:00,379.69,81.2,3
2022-10-24 07:00:00,7,2022-10-24 14:00:00,379.86,103.6,3
2022-10-24 07:00:00,8,2022-10-24 15:00:00,379.87,104.0,3
2022-10-24 07:00:00,9,2022-10-24 16:00:00,379.86,102.7,3
2022-10-24 07:00:00,10,2022-10-24 17:00:00,379.89,107.3,3
2022-10-24 07:00:00,11,2022-10-24 18:00:00,379.9,107.7,3
2022-10-24 07:00:00,12,2022-10-24 19:00:00,379.9,107.9,3
2022-10-25 07:00:00,7,2022-10-25 14:00:00,380.39,179.2,3
2022-10-25 07:00:00,8,2022-10-25 15:00:00,380.39,178.3,3
2022-10-25 07:00:00,9,2022-10-25 16:00:00,380.34,171.6,3
2022-10-25 07:00:00,10,2022-10-25 17:00:00,380.31,165.9,3
2022-10-25 07:00:00,11,2022-10-25 18:00:00,380.28,161.2,3
2022-10-25 07:00:00,12,2022-10-25 19:00:00,380.24,156.4,3
2022-10-26 07:00:00,7,2022-10-26 14:00:00,379.85,101.3,3
2022-10-26 07:00:00,8,2022-10-26 15:00:00,379.85,102.3,3
2022-10-26 07:00:00,9,2022-10-26 16:00:00,379.84,100.6,3
2022-10-26 07:00:00,10,2022-10-26 17:00:00,379.88,105.4,3
2022-10-26 07:00:00,11,2022-10-26 18:00:00,379.88,105.6,3
2022-10-26 07:00:00,12,2022-10-26 19:00:00,379.87,104.1,3
2022-10-27 07:00:00,7,2022-10-27 14:00:00,379.58,68.2,3
2022-10-27 07:00:00,8,2022-10-27 15:00:00,379.61,72.3,3
2022-10-27 07:00:00,9,2022-10-27 16:00:00,379.62,73.2,3
2022-10-27 07:00:00,10,2022-10-27 17:00:00,379.64,75.2,3
2022-10-27 07:00:00,11,2022-10-27 18:00:00,379.68,80.5,3
2022-10-27 07:00:00,12,2022-10-27 19:00:00,379.67,79.8,3
2022-10-28 07:00:00,7,2022-10-28 14:00:00,379.46,54.5,3
2022-10-28 07:00:00,8,2022-10-28 15:00:00,379.46,55.0,3
2022-10-28 07:00:00,9,2022-10-28 16:00:00,379.49,57.8,3
2022-10-28 07:00:00,10,2022-10-28 17:00:00,379.51,59.8,3
2022-10-28 07:00:00,11,2022-10-28 18:00:00,379.5,59.8,3
2022-10-28 07:00:00,12,2022-10-28 19:00:00,379.57,66.8,3
2022-10-29 08:00:00,7,2022-10-29 15:00:00,379.4,47.5,3
2022-10-29 08:00:00,8,2022-10-29 16:00:00,379.39,47.2,3
2022-10-29 08:00:00,9,2022-10-29 17:00:00,379.41,48.5,3
2022-10-29 08:00:00,10,2022-10-29 18:00:00,379.43,51.3,3
2022-10-29 08:00:00,11,2022-10-29 19:00:00,379.43,51.7,3
2022-10-29 08:00:00,12,2022-10-29 20:00:00,379.49,58.2,3
2022-10-30 07:00:00,7,2022-10-30 14:00:00,379.34,42.0,3
2022-10-30 07:00:00,8,2022-10-30 15:00:00,379.35,42.0,3
2022-10-30 07:00:00,9,2022-10-30 16:00:00,379.36,43.5,3
2022-10-30 07:00:00,10,2022-10-30 17:00:00,379.36,43.8,3
2022-10-30 07:00:00,11,2022-10-30 18:00:00,379.38,46.1,3
2022-10-30 07:00:00,12,2022-10-30 19:00:00,379.38,45.6,3
2022-10-31 07:00:00,7,2022-10-31 14:00:00,379.29,36.3,3
2022-10-31 07:00:00,8,2022-10-31 15:00:00,379.29,36.5,3
2022-10-31 07:00:00,9,2022-10-31 16:00:00,379.3,37.2,3
2022-10-31 07:00:00,10,2022-10-31 17:00:00,379.31,38.5,3
2022-10-31 07:00:00,11,2022-10-31 18:00:00,379.32,39.1,3
2022-10-31 07:00:00,12,2022-10-31 19:00:00,379.34,41.1,3
2022-11-01 08:00:00,7,2022-11-01 15:00:00,379.35,42.9,3
2022-11-01 08:00:00,8,2022-11-01 16:00:00,379.33,40.7,3
2022-11-01 08:00:00,9,2022-11-01 17:00:00,379.34,41.1,3
2022-11-01 08:00:00,10,2022-11-01 18:00:00,379.37,44.5,3
2022-11-01 08:00:00,11,2022-11-01 19:00:00,379.39,47.3,3
2022-11-01 08:00:00,12,2022-11-01 20:00:00,379.43,51.8,3
2022-11-02 07:00:00,7,2022-11-02 14:00:00,379.33,40.6,3
2022-11-02 07:00:00,8,2022-11-02 15:00:00,379.36,43.4,3
2022-11-02 07:00:00,9,2022-11-02 16:00:00,379.32,39.0,3
2022-11-02 07:00:00,10,2022-11-02 17:00:00,379.32,39.3,3
2022-11-02 07:00:00,11,2022-11-02 18:00:00,379.34,41.7,3
2022-11-02 07:00:00,12,2022-11-02 19:00:00,379.37,45.2,3
2022-11-03 07:00:00,7,2022-11-03 14:00:00,379.23,31.4,3
2022-11-03 07:00:00,8,2022-11-03 15:00:00,379.26,33.8,3
2022-11-03 07:00:00,9,2022-11-03 16:00:00,379.26,33.7,3
2022-11-03 07:00:00,10,2022-11-03 17:00:00,379.26,33.7,3
2022-11-03 07:00:00,11,2022-11-03 18:00:00,379.25,32.4,3
2022-11-03 07:00:00,12,2022-11-03 19:00:00,379.25,33.1,3
2022-11-03 21:00:00,7,2022-11-04 04:00:00,379.48,57.5,3
2022-11-03 21:00:00,8,2022-11-04 05:00:00,379.65,76.3,3
2022-11-03 21:00:00,9,2022-11-04 06:00:00,379.75,89.1,3
2022-11-03 21:00:00,10,2022-11-04 07:00:00,379.77,92.0,3
2022-11-03 21:00:00,11,2022-11-04 08:00:00,379.77,92.2,3
2022-11-03 21:00:00,12,2022-11-04 09:00:00,379.73,86.3,3
2022-11-04 07:00:00,7,2022-11-04 14:00:00,379.91,109.4,3
2022-11-04 07:00:00,8,2022-11-04 15:00:00,379.86,103.3,3
2022-11-04 07:00:00,9,2022-11-04 16:00:00,379.84,100.2,3
2022-11-04 07:00:00,10,2022-11-04 17:00:00,379.84,101.0,3
2022-11-04 07:00:00,11,2022-11-04 18:00:00,379.84,100.9,3
2022-11-04 07:00:00,12,2022-11-04 19:00:00,379.84,99.9,3
2022-11-05 00:00:00,7,2022-11-05 07:00:00,379.53,62.6,3
2022-11-05 00:00:00,8,2022-11-05 08:00:00,379.48,56.8,3
2022-11-05 00:00:00,9,2022-11-05 09:00:00,379.52,61.2,3
2022-11-05 00:00:00,10,2022-11-05 10:00:00,379.53,62.5,3
2022-11-05 00:00:00,11,2022-11-05 11:00:00,379.53,62.3,3
2022-11-05 00:00:00,12,2022-11-05 12:00:00,379.55,64.7,3
2022-11-05 07:00:00,7,2022-11-05 14:00:00,379.49,57.9,3
2022-11-05 07:00:00,8,2022-11-05 15:00:00,379.48,57.4,3
2022-11-05 07:00:00,9,2022-11-05 16:00:00,379.47,56.0,3
2022-11-05 07:00:00,10,2022-11-05 17:00:00,379.44,52.6,3
2022-11-05 07:00:00,11,2022-11-05 18:00:00,379.49,57.7,3
2022-11-05 07:00:00,12,2022-11-05 19:00:00,379.53,62.4,3
2022-11-06 07:00:00,7,2022-11-06 14:00:00,379.44,52.9,3
2022-11-06 07:00:00,8,2022-11-06 15:00:00,379.4,48.2,3
2022-11-06 07:00:00,9,2022-11-06 16:00:00,379.4,47.8,3
2022-11-06 07:00:00,10,2022-11-06 17:00:00,379.4,47.8,3
2022-11-06 07:00:00,11,2022-11-06 18:00:00,379.41,49.1,3
2022-11-06 07:00:00,12,2022-11-06 19:00:00,379.46,55.2,3
2022-11-07 08:00:00,7,2022-11-07 15:00:00,379.36,43.3,3
2022-11-07 08:00:00,8,2022-11-07 16:00:00,379.35,42.8,3
2022-11-07 08:00:00,9,2022-11-07 17:00:00,379.35,42.5,3
2022-11-07 08:00:00,10,2022-11-07 18:00:00,379.35,42.4,3
2022-11-07 08:00:00,11,2022-11-07 19:00:00,379.37,44.2,3
2022-11-07 08:00:00,12,2022-11-07 20:00:00,379.42,50.1,3
2022-11-08 06:00:00,7,2022-11-08 13:00:00,379.23,30.7,3
2022-11-08 06:00:00,8,2022-11-08 14:00:00,379.32,39.0,3
2022-11-08 06:00:00,9,2022-11-08 15:00:00,379.35,42.4,3
2022-11-08 06:00:00,10,2022-11-08 16:00:00,379.31,38.2,3
2022-11-08 06:00:00,11,2022-11-08 17:00:00,379.3,37.6,3
2022-11-08 06:00:00,12,2022-11-08 18:00:00,379.3,37.5,3
2022-11-09 06:00:00,7,2022-11-09 13:00:00,379.3,37.9,3
2022-11-09 06:00:00,8,2022-11-09 14:00:00,379.41,48.6,3
2022-11-09 06:00:00,9,2022-11-09 15:00:00,379.44,52.5,3
2022-11-09 06:00:00,10,2022-11-09 16:00:00,379.46,54.1,3
2022-11-09 06:00:00,11,2022-11-09 17:00:00,379.48,56.7,3
2022-11-09 06:00:00,12,2022-11-09 18:00:00,379.54,63.9,3
2022-11-09 14:00:00,7,2022-11-09 21:00:00,379.75,89.1,3
2022-11-09 14:00:00,8,2022-11-09 22:00:00,379.82,98.3,3
2022-11-09 14:00:00,9,2022-11-09 23:00:00,379.88,105.6,3
2022-11-09 14:00:00,10,2022-11-10 00:00:00,379.95,115.2,3
2022-11-09 14:00:00,11,2022-11-10 01:00:00,379.99,120.7,3
2022-11-09 14:00:00,12,2022-11-10 02:00:00,380.02,123.8,3
2022-11-09 22:00:00,7,2022-11-10 05:00:00,379.76,90.4,3
2022-11-09 22:00:00,8,2022-11-10 06:00:00,379.74,87.5,3
2022-11-09 22:00:00,9,2022-11-10 07:00:00,379.69,81.4,3
2022-11-09 22:00:00,10,2022-11-10 08:00:00,379.66,77.4,3
2022-11-09 22:00:00,11,2022-11-10 09:00:00,379.68,80.8,3
2022-11-09 22:00:00,12,2022-11-10 10:00:00,379.72,84.8,3
2022-11-10 06:00:00,7,2022-11-10 13:00:00,379.65,76.4,3
2022-11-10 06:00:00,8,2022-11-10 14:00:00,379.62,73.5,3
2022-11-10 06:00:00,9,2022-11-10 15:00:00,379.61,71.5,3
2022-11-10 06:00:00,10,2022-11-10 16:00:00,379.59,69.7,3
2022-11-10 06:00:00,11,2022-11-10 17:00:00,379.58,69.0,3
2022-11-10 06:00:00,12,2022-11-10 18:00:00,379.59,69.5,3
2022-11-10 07:00:00,7,2022-11-10 14:00:00,379.62,73.5,3
2022-11-10 07:00:00,8,2022-11-10 15:00:00,379.61,71.5,3
2022-11-10 07:00:00,9,2022-11-10 16:00:00,379.59,69.7,3
2022-11-10 07:00:00,10,2022-11-10 17:00:00,379.58,69.0,3
2022-11-10 07:00:00,11,2022-11-10 18:00:00,379.59,69.5,3
2022-11-10 07:00:00,12,2022-11-10 19:00:00,379.58,68.2,3
2022-11-10 16:00:00,7,2022-11-10 23:00:00,379.45,53.1,3
2022-11-10 16:00:00,8,2022-11-11 00:00:00,379.5,59.0,3
2022-11-10 16:00:00,9,2022-11-11 01:00:00,379.5,59.0,3
2022-11-10 16:00:00,10,2022-11-11 02:00:00,379.48,57.0,3
2022-11-10 16:00:00,11,2022-11-11 03:00:00,379.45,54.0,3
2022-11-10 16:00:00,12,2022-11-11 04:00:00,379.45,53.9,3
2022-11-11 07:00:00,7,2022-11-11 14:00:00,379.44,52.7,3
2022-11-11 07:00:00,8,2022-11-11 15:00:00,379.43,51.8,3
2022-11-11 07:00:00,9,2022-11-11 16:00:00,379.42,50.6,3
2022-11-11 07:00:00,10,2022-11-11 17:00:00,379.4,47.5,3
2022-11-11 07:00:00,11,2022-11-11 18:00:00,379.42,50.3,3
2022-11-11 07:00:00,12,2022-11-11 19:00:00,379.47,56.0,3
2022-11-12 07:00:00,7,2022-11-12 14:00:00,379.4,47.5,3
2022-11-12 07:00:00,8,2022-11-12 15:00:00,379.35,42.7,3
2022-11-12 07:00:00,9,2022-11-12 16:00:00,379.35,42.2,3
2022-11-12 07:00:00,10,2022-11-12 17:00:00,379.34,42.0,3
2022-11-12 07:00:00,11,2022-11-12 18:00:00,379.34,41.7,3
2022-11-12 07:00:00,12,2022-11-12 19:00:00,379.36,43.3,3
2022-11-13 08:00:00,7,2022-11-13 15:00:00,379.34,41.7,3
2022-11-13 08:00:00,8,2022-11-13 16:00:00,379.31,38.3,3
2022-11-13 08:00:00,9,2022-11-13 17:00:00,379.31,38.0,3
2022-11-13 08:00:00,10,2022-11-13 18:00:00,379.3,37.8,3
2022-11-13 08:00:00,11,2022-11-13 19:00:00,379.29,36.8,3
2022-11-13 08:00:00,12,2022-11-13 20:00:00,379.35,42.4,3
2022-11-15 07:00:00,7,2022-11-15 14:00:00,379.28,35.3,3
2022-11-15 07:00:00,8,2022-11-15 15:00:00,379.32,39.3,3
2022-11-15 07:00:00,9,2022-11-15 16:00:00,379.31,38.4,3
2022-11-15 07:00:00,10,2022-11-15 17:00:00,379.3,37.4,3
2022-11-15 07:00:00,11,2022-11-15 18:00:00,379.3,37.2,3
2022-11-15 07:00:00,12,2022-11-15 19:00:00,379.28,36.0,3
2022-11-16 06:00:00,7,2022-11-16 13:00:00,379.72,85.5,3
2022-11-16 06:00:00,8,2022-11-16 14:00:00,379.7,82.4,3
2022-11-16 06:00:00,9,2022-11-16 15:00:00,379.64,75.6,3
2022-11-16 06:00:00,10,2022-11-16 16:00:00,379.67,79.8,3
2022-11-16 06:00:00,11,2022-11-16 17:00:00,379.69,82.2,3
2022-11-16 06:00:00,12,2022-11-16 18:00:00,379.66,77.4,3
2022-11-16 11:00:00,7,2022-11-16 18:00:00,379.6,70.8,3
2022-11-16 11:00:00,8,2022-11-16 19:00:00,379.61,72.2,3
2022-11-16 11:00:00,9,2022-11-16 20:00:00,379.6,71.1,3
2022-11-16 11:00:00,10,2022-11-16 21:00:00,379.58,68.5,3
2022-11-16 11:00:00,11,2022-11-16 22:00:00,379.55,64.7,3
2022-11-16 11:00:00,12,2022-11-16 23:00:00,379.52,62.1,3
2022-11-17 06:00:00,7,2022-11-17 13:00:00,379.45,53.7,3
2022-11-17 06:00:00,8,2022-11-17 14:00:00,379.47,55.8,3
2022-11-17 06:00:00,9,2022-11-17 15:00:00,379.47,56.1,3
2022-11-17 06:00:00,10,2022-11-17 16:00:00,379.47,56.0,3
2022-11-17 06:00:00,11,2022-11-17 17:00:00,379.46,54.3,3
2022-11-17 06:00:00,12,2022-11-17 18:00:00,379.46,54.2,3
2022-11-18 07:00:00,7,2022-11-18 14:00:00,379.85,101.3,3
2022-11-18 07:00:00,8,2022-11-18 15:00:00,379.92,110.4,3
2022-11-18 07:00:00,9,2022-11-18 16:00:00,379.9,108.6,3
2022-11-18 07:00:00,10,2022-11-18 17:00:00,379.88,106.1,3
2022-11-18 07:00:00,11,2022-11-18 18:00:00,379.85,102.4,3
2022-11-18 07:00:00,12,2022-11-18 19:00:00,379.83,98.9,3
2022-11-19 07:00:00,7,2022-11-19 14:00:00,379.56,65.8,3
2022-11-19 07:00:00,8,2022-11-19 15:00:00,379.54,63.5,3
2022-11-19 07:00:00,9,2022-11-19 16:00:00,379.52,61.3,3
2022-11-19 07:00:00,10,2022-11-19 17:00:00,379.53,62.5,3
2022-11-19 07:00:00,11,2022-11-19 18:00:00,379.55,64.9,3
2022-11-19 07:00:00,12,2022-11-19 19:00:00,379.57,67.4,3
2022-11-20 07:00:00,7,2022-11-20 14:00:00,379.46,54.2,3
2022-11-20 07:00:00,8,2022-11-20 15:00:00,379.45,53.3,3
2022-11-20 07:00:00,9,2022-11-20 16:00:00,379.45,53.1,3
2022-11-20 07:00:00,10,2022-11-20 17:00:00,379.44,52.2,3
2022-11-20 07:00:00,11,2022-11-20 18:00:00,379.42,49.8,3
2022-11-20 07:00:00,12,2022-11-20 19:00:00,379.43,51.8,3
2022-11-21 07:00:00,7,2022-11-21 14:00:00,379.41,49.0,3
2022-11-21 07:00:00,8,2022-11-21 15:00:00,379.39,47.2,3
2022-11-21 07:00:00,9,2022-11-21 16:00:00,379.38,46.0,3
2022-11-21 07:00:00,10,2022-11-21 17:00:00,379.36,43.8,3
2022-11-21 07:00:00,11,2022-11-21 18:00:00,379.37,44.9,3
2022-11-21 07:00:00,12,2022-11-21 19:00:00,379.41,49.5,3
2022-11-22 07:00:00,7,2022-11-22 14:00:00,379.54,63.3,3
2022-11-22 07:00:00,8,2022-11-22 15:00:00,379.51,60.0,3
2022-11-22 07:00:00,9,2022-11-22 16:00:00,379.48,56.8,3
2022-11-22 07:00:00,10,2022-11-22 17:00:00,379.49,58.6,3
2022-11-22 07:00:00,11,2022-11-22 18:00:00,379.53,62.8,3
2022-11-22 07:00:00,12,2022-11-22 19:00:00,379.54,63.3,3
2022-11-23 23:00:00,7,2022-11-24 06:00:00,379.49,57.8,3
2022-11-23 23:00:00,8,2022-11-24 07:00:00,379.55,65.4,3
2022-11-23 23:00:00,9,2022-11-24 08:00:00,379.54,63.6,3
2022-11-23 23:00:00,10,2022-11-24 09:00:00,379.52,62.0,3
2022-11-23 23:00:00,11,2022-11-24 10:00:00,379.5,58.7,3
2022-11-23 23:00:00,12,2022-11-24 11:00:00,379.49,58.4,3
2022-11-24 07:00:00,7,2022-11-24 14:00:00,379.53,62.3,3
2022-11-24 07:00:00,8,2022-11-24 15:00:00,379.5,59.8,3
2022-11-24 07:00:00,9,2022-11-24 16:00:00,379.49,57.9,3
2022-11-24 07:00:00,10,2022-11-24 17:00:00,379.5,59.8,3
2022-11-24 07:00:00,11,2022-11-24 18:00:00,379.49,58.2,3
2022-11-24 07:00:00,12,2022-11-24 19:00:00,379.49,57.7,3
2022-11-25 06:00:00,7,2022-11-25 13:00:00,379.43,51.0,3
2022-11-25 06:00:00,8,2022-11-25 14:00:00,379.44,52.1,3
2022-11-25 06:00:00,9,2022-11-25 15:00:00,379.43,51.4,3
2022-11-25 06:00:00,10,2022-11-25 16:00:00,379.43,51.4,3
2022-11-25 06:00:00,11,2022-11-25 17:00:00,379.41,48.7,3
2022-11-25 06:00:00,12,2022-11-25 18:00:00,379.41,48.7,3
2022-11-26 07:00:00,7,2022-11-26 14:00:00,379.41,49.2,3
2022-11-26 07:00:00,8,2022-11-26 15:00:00,379.4,48.1,3
2022-11-26 07:00:00,9,2022-11-26 16:00:00,379.37,44.7,3
2022-11-26 07:00:00,10,2022-11-26 17:00:00,379.36,44.1,3
2022-11-26 07:00:00,11,2022-11-26 18:00:00,379.36,43.2,3
2022-11-26 07:00:00,12,2022-11-26 19:00:00,379.38,45.5,3
2022-11-27 07:00:00,7,2022-11-27 14:00:00,379.37,45.2,3
2022-11-27 07:00:00,8,2022-11-27 15:00:00,379.37,44.5,3
2022-11-27 07:00:00,9,2022-11-27 16:00:00,379.36,43.8,3
2022-11-27 07:00:00,10,2022-11-27 17:00:00,379.36,43.4,3
2022-11-27 07:00:00,11,2022-11-27 18:00:00,379.34,41.8,3
2022-11-27 07:00:00,12,2022-11-27 19:00:00,379.34,41.6,3
2022-11-27 23:00:00,7,2022-11-28 06:00:00,379.25,33.2,3
2022-11-27 23:00:00,8,2022-11-28 07:00:00,379.25,32.9,3
2022-11-27 23:00:00,9,2022-11-28 08:00:00,379.26,33.6,3
2022-11-27 23:00:00,10,2022-11-28 09:00:00,379.3,37.1,3
2022-11-27 23:00:00,11,2022-11-28 10:00:00,379.32,39.9,3
2022-11-27 23:00:00,12,2022-11-28 11:00:00,379.3,37.8,3
2022-11-28 07:00:00,7,2022-11-28 14:00:00,379.31,38.6,3
2022-11-28 07:00:00,8,2022-11-28 15:00:00,379.34,41.0,3
2022-11-28 07:00:00,9,2022-11-28 16:00:00,379.34,41.0,3
2022-11-28 07:00:00,10,2022-11-28 17:00:00,379.33,40.8,3
2022-11-28 07:00:00,11,2022-11-28 18:00:00,379.32,39.2,3
2022-11-28 07:00:00,12,2022-11-28 19:00:00,379.31,38.8,3
2022-11-28 15:00:00,7,2022-11-28 22:00:00,379.31,38.3,3
2022-11-28 15:00:00,8,2022-11-28 23:00:00,379.3,37.7,3
2022-11-28 15:00:00,9,2022-11-29 00:00:00,379.3,37.4,3
2022-11-28 15:00:00,10,2022-11-29 01:00:00,379.31,38.2,3
2022-11-28 15:00:00,11,2022-11-29 02:00:00,379.34,41.5,3
2022-11-28 15:00:00,12,2022-11-29 03:00:00,379.37,44.4,3
2022-11-29 07:00:00,7,2022-11-29 14:00:00,379.36,43.4,3
2022-11-29 07:00:00,8,2022-11-29 15:00:00,379.38,45.4,3
2022-11-29 07:00:00,9,2022-11-29 16:00:00,379.37,44.9,3
2022-11-29 07:00:00,10,2022-11-29 17:00:00,379.37,44.4,3
2022-11-29 07:00:00,11,2022-11-29 18:00:00,379.35,42.9,3
2022-11-29 07:00:00,12,2022-11-29 19:00:00,379.35,42.4,3
2022-11-29 08:00:00,7,2022-11-29 15:00:00,379.38,45.4,3
2022-11-29 08:00:00,8,2022-11-29 16:00:00,379.37,44.9,3
2022-11-29 08:00:00,9,2022-11-29 17:00:00,379.37,44.4,3
2022-11-29 08:00:00,10,2022-11-29 18:00:00,379.35,42.9,3
2022-11-29 08:00:00,11,2022-11-29 19:00:00,379.35,42.4,3
2022-11-29 08:00:00,12,2022-11-29 20:00:00,379.37,44.3,3
2022-11-29 09:00:00,7,2022-11-29 16:00:00,379.37,44.9,3
2022-11-29 09:00:00,8,2022-11-29 17:00:00,379.37,44.4,3
2022-11-29 09:00:00,9,2022-11-29 18:00:00,379.35,42.9,3
2022-11-29 09:00:00,10,2022-11-29 19:00:00,379.35,42.4,3
2022-11-29 09:00:00,11,2022-11-29 20:00:00,379.37,44.3,3
2022-11-29 09:00:00,12,2022-11-29 21:00:00,379.4,47.6,3
2022-11-30 07:00:00,7,2022-11-30 14:00:00,379.26,34.1,3
2022-11-30 07:00:00,8,2022-11-30 15:00:00,379.3,37.8,3
2022-11-30 07:00:00,9,2022-11-30 16:00:00,379.3,37.7,3
2022-11-30 07:00:00,10,2022-11-30 17:00:00,379.3,37.6,3
2022-11-30 07:00:00,11,2022-11-30 18:00:00,379.3,37.1,3
2022-11-30 07:00:00,12,2022-11-30 19:00:00,379.29,36.6,3
2022-12-01 07:00:00,7,2022-12-01 14:00:00,379.25,33.2,3
2022-12-01 07:00:00,8,2022-12-01 15:00:00,379.27,34.9,3
2022-12-01 07:00:00,9,2022-12-01 16:00:00,379.3,37.1,3
2022-12-01 07:00:00,10,2022-12-01 17:00:00,379.3,37.2,3
2022-12-01 07:00:00,11,2022-12-01 18:00:00,379.31,38.0,3
2022-12-01 07:00:00,12,2022-12-01 19:00:00,379.31,38.2,3
2022-12-02 07:00:00,7,2022-12-02 14:00:00,379.25,32.4,3
2022-12-02 07:00:00,8,2022-12-02 15:00:00,379.26,33.5,3
2022-12-02 07:00:00,9,2022-12-02 16:00:00,379.28,35.5,3
2022-12-02 07:00:00,10,2022-12-02 17:00:00,379.28,35.2,3
2022-12-02 07:00:00,11,2022-12-02 18:00:00,379.28,35.0,3
2022-12-02 07:00:00,12,2022-12-02 19:00:00,379.28,35.8,3
2022-12-03 07:00:00,7,2022-12-03 14:00:00,379.22,30.4,3
2022-12-03 07:00:00,8,2022-12-03 15:00:00,379.24,32.0,3
2022-12-03 07:00:00,9,2022-12-03 16:00:00,379.26,33.9,3
2022-12-03 07:00:00,10,2022-12-03 17:00:00,379.26,33.9,3
2022-12-03 07:00:00,11,2022-12-03 18:00:00,379.26,34.0,3
2022-12-03 07:00:00,12,2022-12-03 19:00:00,379.27,34.5,3
2022-12-04 07:00:00,7,2022-12-04 14:00:00,379.21,29.5,3
2022-12-04 07:00:00,8,2022-12-04 15:00:00,379.23,30.8,3
2022-12-04 07:00:00,9,2022-12-04 16:00:00,379.25,32.5,3
2022-12-04 07:00:00,10,2022-12-04 17:00:00,379.25,32.6,3
2022-12-04 07:00:00,11,2022-12-04 18:00:00,379.25,32.6,3
2022-12-04 07:00:00,12,2022-12-04 19:00:00,379.25,33.0,3
2022-12-05 07:00:00,7,2022-12-05 14:00:00,379.21,29.6,3
2022-12-05 07:00:00,8,2022-12-05 15:00:00,379.22,30.5,3
2022-12-05 07:00:00,9,2022-12-05 16:00:00,379.24,32.1,3
2022-12-05 07:00:00,10,2022-12-05 17:00:00,379.24,31.8,3
2022-12-05 07:00:00,11,2022-12-05 18:00:00,379.24,31.7,3
2022-12-05 07:00:00,12,2022-12-05 19:00:00,379.24,32.1,3
2022-12-06 07:00:00,7,2022-12-06 14:00:00,379.19,27.8,3
2022-12-06 07:00:00,8,2022-12-06 15:00:00,379.19,27.5,3
2022-12-06 07:00:00,9,2022-12-06 16:00:00,379.22,30.4,3
2022-12-06 07:00:00,10,2022-12-06 17:00:00,379.22,30.2,3
2022-12-06 07:00:00,11,2022-12-06 18:00:00,379.22,30.0,3
2022-12-06 07:00:00,12,2022-12-06 19:00:00,379.23,31.5,3
2022-12-07 07:00:00,7,2022-12-07 14:00:00,379.18,27.2,3
2022-12-07 07:00:00,8,2022-12-07 15:00:00,379.17,26.7,3
2022-12-07 07:00:00,9,2022-12-07 16:00:00,379.2,28.3,3
2022-12-07 07:00:00,10,2022-12-07 17:00:00,379.21,29.1,3
2022-12-07 07:00:00,11,2022-12-07 18:00:00,379.2,28.6,3
2022-12-07 07:00:00,12,2022-12-07 19:00:00,379.2,28.7,3
2022-12-08 09:00:00,7,2022-12-08 16:00:00,379.18,27.1,3
2022-12-08 09:00:00,8,2022-12-08 17:00:00,379.19,27.9,3
2022-12-08 09:00:00,9,2022-12-08 18:00:00,379.19,27.6,3
2022-12-08 09:00:00,10,2022-12-08 19:00:00,379.19,27.8,3
2022-12-08 09:00:00,11,2022-12-08 20:00:00,379.19,27.8,3
2022-12-08 09:00:00,12,2022-12-08 21:00:00,379.2,28.4,3
2022-12-09 07:00:00,7,2022-12-09 14:00:00,379.28,35.2,3
2022-12-09 07:00:00,8,2022-12-09 15:00:00,379.29,36.3,3
2022-12-09 07:00:00,9,2022-12-09 16:00:00,379.3,37.8,3
2022-12-09 07:00:00,10,2022-12-09 17:00:00,379.32,39.0,3
2022-12-09 07:00:00,11,2022-12-09 18:00:00,379.33,40.9,3
2022-12-09 07:00:00,12,2022-12-09 19:00:00,379.35,43.0,3
2022-12-10 07:00:00,7,2022-12-10 14:00:00,379.23,31.2,3
2022-12-10 07:00:00,8,2022-12-10 15:00:00,379.26,33.6,3
2022-12-10 07:00:00,9,2022-12-10 16:00:00,379.27,34.8,3
2022-12-10 07:00:00,10,2022-12-10 17:00:00,379.28,35.3,3
2022-12-10 07:00:00,11,2022-12-10 18:00:00,379.3,37.8,3
2022-12-10 07:00:00,12,2022-12-10 19:00:00,379.3,37.4,3
2022-12-11 07:00:00,7,2022-12-11 14:00:00,379.19,27.6,3
2022-12-11 07:00:00,8,2022-12-11 15:00:00,379.18,27.1,3
2022-12-11 07:00:00,9,2022-12-11 16:00:00,379.21,29.2,3
2022-12-11 07:00:00,10,2022-12-11 17:00:00,379.21,29.0,3
2022-12-11 07:00:00,11,2022-12-11 18:00:00,379.2,28.8,3
2022-12-11 07:00:00,12,2022-12-11 19:00:00,379.2,28.8,3
2022-12-12 07:00:00,7,2022-12-12 14:00:00,379.18,27.0,3
2022-12-12 07:00:00,8,2022-12-12 15:00:00,379.17,26.1,3
2022-12-12 07:00:00,9,2022-12-12 16:00:00,379.17,26.2,3
2022-12-12 07:00:00,10,2022-12-12 17:00:00,379.19,27.9,3
2022-12-12 07:00:00,11,2022-12-12 18:00:00,379.19,27.8,3
2022-12-12 07:00:00,12,2022-12-12 19:00:00,379.19,27.7,3
2022-12-13 08:00:00,7,2022-12-13 15:00:00,379.16,25.9,3
2022-12-13 08:00:00,8,2022-12-13 16:00:00,379.16,25.9,3
2022-12-13 08:00:00,9,2022-12-13 17:00:00,379.19,28.1,3
2022-12-13 08:00:00,10,2022-12-13 18:00:00,379.19,28.2,3
2022-12-13 08:00:00,11,2022-12-13 19:00:00,379.2,28.6,3
2022-12-13 08:00:00,12,2022-12-13 20:00:00,379.2,28.9,3
2022-12-14 07:00:00,7,2022-12-14 14:00:00,379.28,35.7,3
2022-12-14 07:00:00,8,2022-12-14 15:00:00,379.31,38.5,3
2022-12-14 07:00:00,9,2022-12-14 16:00:00,379.36,43.8,3
2022-12-14 07:00:00,10,2022-12-14 17:00:00,379.4,47.8,3
2022-12-14 07:00:00,11,2022-12-14 18:00:00,379.41,49.4,3
2022-12-14 07:00:00,12,2022-12-14 19:00:00,379.42,50.7,3
2022-12-15 07:00:00,7,2022-12-15 14:00:00,379.47,55.3,3
2022-12-15 07:00:00,8,2022-12-15 15:00:00,379.47,56.0,3
2022-12-15 07:00:00,9,2022-12-15 16:00:00,379.49,58.2,3
2022-12-15 07:00:00,10,2022-12-15 17:00:00,379.49,58.4,3
2022-12-15 07:00:00,11,2022-12-15 18:00:00,379.5,59.0,3
2022-12-15 07:00:00,12,2022-12-15 19:00:00,379.51,60.7,3
2022-12-16 07:00:00,7,2022-12-16 14:00:00,379.89,107.1,3
2022-12-16 07:00:00,8,2022-12-16 15:00:00,379.86,102.8,3
2022-12-16 07:00:00,9,2022-12-16 16:00:00,379.83,99.5,3
2022-12-16 07:00:00,10,2022-12-16 17:00:00,379.83,98.6,3
2022-12-16 07:00:00,11,2022-12-16 18:00:00,379.8,95.4,3
2022-12-16 07:00:00,12,2022-12-16 19:00:00,379.8,95.0,3
2022-12-17 07:00:00,7,2022-12-17 14:00:00,379.62,73.2,3
2022-12-17 07:00:00,8,2022-12-17 15:00:00,379.61,71.4,3
2022-12-17 07:00:00,9,2022-12-17 16:00:00,379.59,69.7,3
2022-12-17 07:00:00,10,2022-12-17 17:00:00,379.58,68.5,3
2022-12-17 07:00:00,11,2022-12-17 18:00:00,379.58,67.9,3
2022-12-17 07:00:00,12,2022-12-17 19:00:00,379.58,68.1,3
2022-12-18 08:00:00,7,2022-12-18 15:00:00,379.47,55.5,3
2022-12-18 08:00:00,8,2022-12-18 16:00:00,379.45,54.0,3
2022-12-18 08:00:00,9,2022-12-18 17:00:00,379.45,53.3,3
2022-12-18 08:00:00,10,2022-12-18 18:00:00,379.45,53.0,3
2022-12-18 08:00:00,11,2022-12-18 19:00:00,379.44,52.7,3
2022-12-18 08:00:00,12,2022-12-18 20:00:00,379.44,52.6,3
2022-12-19 07:00:00,7,2022-12-19 14:00:00,379.39,47.1,3
2022-12-19 07:00:00,8,2022-12-19 15:00:00,379.42,49.9,3
2022-12-19 07:00:00,9,2022-12-19 16:00:00,379.41,49.6,3
2022-12-19 07:00:00,10,2022-12-19 17:00:00,379.41,49.3,3
2022-12-19 07:00:00,11,2022-12-19 18:00:00,379.41,49.3,3
2022-12-19 07:00:00,12,2022-12-19 19:00:00,379.42,49.8,3
2022-12-20 09:00:00,7,2022-12-20 16:00:00,379.47,55.6,3
2022-12-20 09:00:00,8,2022-12-20 17:00:00,379.47,55.5,3
2022-12-20 09:00:00,9,2022-12-20 18:00:00,379.47,55.8,3
2022-12-20 09:00:00,10,2022-12-20 19:00:00,379.48,56.5,3
2022-12-20 09:00:00,11,2022-12-20 20:00:00,379.48,57.4,3
2022-12-20 09:00:00,12,2022-12-20 21:00:00,379.51,59.9,3
2022-12-21 06:00:00,7,2022-12-21 13:00:00,379.63,74.1,3
2022-12-21 06:00:00,8,2022-12-21 14:00:00,379.67,79.6,3
2022-12-21 06:00:00,9,2022-12-21 15:00:00,379.71,83.5,3
2022-12-21 06:00:00,10,2022-12-21 16:00:00,379.73,86.5,3
2022-12-21 06:00:00,11,2022-12-21 17:00:00,379.74,88.2,3
2022-12-21 06:00:00,12,2022-12-21 18:00:00,379.76,90.3,3
2022-12-22 07:00:00,7,2022-12-22 14:00:00,379.76,90.5,3
2022-12-22 07:00:00,8,2022-12-22 15:00:00,379.76,90.1,3
2022-12-22 07:00:00,9,2022-12-22 16:00:00,379.74,88.4,3
2022-12-22 07:00:00,10,2022-12-22 17:00:00,379.73,86.6,3
2022-12-22 07:00:00,11,2022-12-22 18:00:00,379.72,84.7,3
2022-12-22 07:00:00,12,2022-12-22 19:00:00,379.72,85.6,3
2022-12-23 07:00:00,7,2022-12-23 14:00:00,380.52,199.9,3
2022-12-23 07:00:00,8,2022-12-23 15:00:00,380.62,216.7,3
2022-12-23 07:00:00,9,2022-12-23 16:00:00,380.7,230.1,3
2022-12-23 07:00:00,10,2022-12-23 17:00:00,380.74,236.8,3
2022-12-23 07:00:00,11,2022-12-23 18:00:00,380.75,238.5,3
2022-12-23 07:00:00,12,2022-12-23 19:00:00,380.78,244.7,3
2022-12-23 11:00:00,7,2022-12-23 18:00:00,381.29,343.6,3
2022-12-23 11:00:00,8,2022-12-23 19:00:00,381.27,340.6,3
2022-12-23 11:00:00,9,2022-12-23 20:00:00,381.28,341.6,3
2022-12-23 11:00:00,10,2022-12-23 21:00:00,381.29,343.8,3
2022-12-23 11:00:00,11,2022-12-23 22:00:00,381.31,347.8,3
2022-12-23 11:00:00,12,2022-12-23 23:00:00,381.32,350.6,3
2022-12-23 15:00:00,7,2022-12-23 22:00:00,382.07,531.0,3
2022-12-23 15:00:00,8,2022-12-23 23:00:00,382.02,516.9,3
2022-12-23 15:00:00,9,2022-12-24 00:00:00,381.99,509.1,3
2022-12-23 15:00:00,10,2022-12-24 01:00:00,381.97,504.9,3
2022-12-23 15:00:00,11,2022-12-24 02:00:00,381.94,497.9,3
2022-12-23 15:00:00,12,2022-12-24 03:00:00,381.93,493.2,3
2022-12-23 18:00:00,7,2022-12-24 01:00:00,381.97,504.9,3
2022-12-23 18:00:00,8,2022-12-24 02:00:00,381.94,497.9,3
2022-12-23 18:00:00,9,2022-12-24 03:00:00,381.93,493.2,3
2022-12-23 18:00:00,10,2022-12-24 04:00:00,381.9,485.7,3
2022-12-23 18:00:00,11,2022-12-24 05:00:00,381.85,475.1,3
2022-12-23 18:00:00,12,2022-12-24 06:00:00,381.81,463.1,3
2022-12-24 05:00:00,7,2022-12-24 12:00:00,381.51,391.5,3
2022-12-24 05:00:00,8,2022-12-24 13:00:00,381.4,368.2,3
2022-12-24 05:00:00,9,2022-12-24 14:00:00,381.31,347.3,3
2022-12-24 05:00:00,10,2022-12-24 15:00:00,381.21,327.9,3
2022-12-24 05:00:00,11,2022-12-24 16:00:00,381.12,308.6,3
2022-12-24 05:00:00,12,2022-12-24 17:00:00,381.04,292.4,3
2022-12-24 06:00:00,7,2022-12-24 13:00:00,381.4,368.2,3
2022-12-24 06:00:00,8,2022-12-24 14:00:00,381.31,347.3,3
2022-12-24 06:00:00,9,2022-12-24 15:00:00,381.21,327.9,3
2022-12-24 06:00:00,10,2022-12-24 16:00:00,381.12,308.6,3
2022-12-24 06:00:00,11,2022-12-24 17:00:00,381.04,292.4,3
2022-12-24 06:00:00,12,2022-12-24 18:00:00,380.95,275.3,3
2022-12-24 11:00:00,7,2022-12-24 18:00:00,381.27,339.2,3
2022-12-24 11:00:00,8,2022-12-24 19:00:00,381.18,321.1,3
2022-12-24 11:00:00,9,2022-12-24 20:00:00,381.12,308.6,3
2022-12-24 11:00:00,10,2022-12-24 21:00:00,381.06,297.0,3
2022-12-24 11:00:00,11,2022-12-24 22:00:00,381.02,288.6,3
2022-12-24 11:00:00,12,2022-12-24 23:00:00,380.96,278.0,3
2022-12-24 15:00:00,7,2022-12-24 22:00:00,380.83,253.6,3
2022-12-24 15:00:00,8,2022-12-24 23:00:00,380.78,243.4,3
2022-12-24 15:00:00,9,2022-12-25 00:00:00,380.73,234.5,3
2022-12-24 15:00:00,10,2022-12-25 01:00:00,380.68,226.9,3
2022-12-24 15:00:00,11,2022-12-25 02:00:00,380.63,218.5,3
2022-12-24 15:00:00,12,2022-12-25 03:00:00,380.62,215.8,3
2022-12-25 07:00:00,7,2022-12-25 14:00:00,380.32,168.1,3
2022-12-25 07:00:00,8,2022-12-25 15:00:00,380.3,165.0,3
2022-12-25 07:00:00,9,2022-12-25 16:00:00,380.28,161.8,3
2022-12-25 07:00:00,10,2022-12-25 17:00:00,380.27,161.0,3
2022-12-25 07:00:00,11,2022-12-25 18:00:00,380.28,161.4,3
2022-12-25 07:00:00,12,2022-12-25 19:00:00,380.26,159.4,3
2022-12-25 12:00:00,7,2022-12-25 19:00:00,380.24,155.2,3
2022-12-25 12:00:00,8,2022-12-25 20:00:00,380.21,151.5,3
2022-12-25 12:00:00,9,2022-12-25 21:00:00,380.19,148.8,3
2022-12-25 12:00:00,10,2022-12-25 22:00:00,380.16,144.5,3
2022-12-25 12:00:00,11,2022-12-25 23:00:00,380.16,143.9,3
2022-12-25 12:00:00,12,2022-12-26 00:00:00,380.17,146.3,3
2022-12-26 07:00:00,7,2022-12-26 14:00:00,380.09,133.7,3
2022-12-26 07:00:00,8,2022-12-26 15:00:00,380.1,135.4,3
2022-12-26 07:00:00,9,2022-12-26 16:00:00,380.09,133.9,3
2022-12-26 07:00:00,10,2022-12-26 17:00:00,380.07,131.9,3
2022-12-26 07:00:00,11,2022-12-26 18:00:00,380.06,130.7,3
2022-12-26 07:00:00,12,2022-12-26 19:00:00,380.07,131.7,3
2022-12-27 08:00:00,7,2022-12-27 15:00:00,380.1,135.2,3
2022-12-27 08:00:00,8,2022-12-27 16:00:00,380.07,132.0,3
2022-12-27 08:00:00,9,2022-12-27 17:00:00,380.06,129.5,3
2022-12-27 08:00:00,10,2022-12-27 18:00:00,380.04,126.6,3
2022-12-27 08:00:00,11,2022-12-27 19:00:00,380.02,125.1,3
2022-12-27 08:00:00,12,2022-12-27 20:00:00,380.01,123.0,3
2022-12-28 07:00:00,7,2022-12-28 14:00:00,379.88,105.3,3
2022-12-28 07:00:00,8,2022-12-28 15:00:00,379.87,103.8,3
2022-12-28 07:00:00,9,2022-12-28 16:00:00,379.85,101.5,3
2022-12-28 07:00:00,10,2022-12-28 17:00:00,379.85,102.3,3
2022-12-28 07:00:00,11,2022-12-28 18:00:00,379.85,102.1,3
2022-12-28 07:00:00,12,2022-12-28 19:00:00,379.84,100.9,3
2022-12-29 14:00:00,7,2022-12-29 21:00:00,379.78,92.9,3
2022-12-29 14:00:00,8,2022-12-29 22:00:00,379.76,90.7,3
2022-12-29 14:00:00,9,2022-12-29 23:00:00,379.77,91.3,3
2022-12-29 14:00:00,10,2022-12-30 00:00:00,379.79,94.2,3
2022-12-29 14:00:00,11,2022-12-30 01:00:00,379.86,102.7,3
2022-12-29 14:00:00,12,2022-12-30 02:00:00,379.94,113.8,3
2022-12-30 08:00:00,7,2022-12-30 15:00:00,379.97,117.9,3
2022-12-30 08:00:00,8,2022-12-30 16:00:00,379.97,117.1,3
2022-12-30 08:00:00,9,2022-12-30 17:00:00,379.94,114.0,3
2022-12-30 08:00:00,10,2022-12-30 18:00:00,379.93,112.7,3
2022-12-30 08:00:00,11,2022-12-30 19:00:00,379.92,111.2,3
2022-12-30 08:00:00,12,2022-12-30 20:00:00,379.92,111.5,3
2022-12-31 07:00:00,7,2022-12-31 14:00:00,380.24,155.8,3
2022-12-31 07:00:00,8,2022-12-31 15:00:00,380.2,149.5,3
2022-12-31 07:00:00,9,2022-12-31 16:00:00,380.16,144.9,3
2022-12-31 07:00:00,10,2022-12-31 17:00:00,380.14,141.6,3
2022-12-31 07:00:00,11,2022-12-31 18:00:00,380.12,138.7,3
2022-12-31 07:00:00,12,2022-12-31 19:00:00,380.12,139.0,3
2023-01-01 07:00:00,7,2023-01-01 14:00:00,380.05,129.0,3
2023-01-01 07:00:00,8,2023-01-01 15:00:00,380.04,127.7,3
2023-01-01 07:00:00,9,2023-01-01 16:00:00,380.03,126.0,3
2023-01-01 07:00:00,10,2023-01-01 17:00:00,380.02,124.2,3
2023-01-01 07:00:00,11,2023-01-01 18:00:00,380.01,123.3,3
2023-01-01 07:00:00,12,2023-01-01 19:00:00,380.01,122.6,3
2023-01-02 07:00:00,7,2023-01-02 14:00:00,379.88,106.2,3
2023-01-02 07:00:00,8,2023-01-02 15:00:00,379.87,104.2,3
2023-01-02 07:00:00,9,2023-01-02 16:00:00,379.87,103.9,3
2023-01-02 07:00:00,10,2023-01-02 17:00:00,379.87,104.0,3
2023-01-02 07:00:00,11,2023-01-02 18:00:00,379.85,102.3,3
2023-01-02 07:00:00,12,2023-01-02 19:00:00,379.84,100.9,3
2023-01-03 07:00:00,7,2023-01-03 14:00:00,379.9,108.2,3
2023-01-03 07:00:00,8,2023-01-03 15:00:00,379.89,107.3,3
2023-01-03 07:00:00,9,2023-01-03 16:00:00,379.87,104.0,3
2023-01-03 07:00:00,10,2023-01-03 17:00:00,379.88,105.1,3
2023-01-03 07:00:00,11,2023-01-03 18:00:00,379.87,104.4,3
2023-01-03 07:00:00,12,2023-01-03 19:00:00,379.86,103.1,3
2023-01-04 07:00:00,7,2023-01-04 14:00:00,379.75,89.3,3
2023-01-04 07:00:00,8,2023-01-04 15:00:00,379.77,91.9,3
2023-01-04 07:00:00,9,2023-01-04 16:00:00,379.76,90.1,3
2023-01-04 07:00:00,10,2023-01-04 17:00:00,379.75,88.8,3
2023-01-04 07:00:00,11,2023-01-04 18:00:00,379.76,90.0,3
2023-01-04 07:00:00,12,2023-01-04 19:00:00,379.75,89.4,3
2023-01-05 07:00:00,7,2023-01-05 14:00:00,379.74,87.8,3
2023-01-05 07:00:00,8,2023-01-05 15:00:00,379.76,90.8,3
2023-01-05 07:00:00,9,2023-01-05 16:00:00,379.77,91.3,3
2023-01-05 07:00:00,10,2023-01-05 17:00:00,379.78,92.3,3
2023-01-05 07:00:00,11,2023-01-05 18:00:00,379.78,92.4,3
2023-01-05 07:00:00,12,2023-01-05 19:00:00,379.77,91.1,3
2023-01-06 07:00:00,7,2023-01-06 14:00:00,379.66,77.6,3
2023-01-06 07:00:00,8,2023-01-06 15:00:00,379.66,78.0,3
2023-01-06 07:00:00,9,2023-01-06 16:00:00,379.65,76.7,3
2023-01-06 07:00:00,10,2023-01-06 17:00:00,379.64,75.7,3
2023-01-06 07:00:00,11,2023-01-06 18:00:00,379.64,75.9,3
2023-01-06 07:00:00,12,2023-01-06 19:00:00,379.64,75.8,3
2023-01-07 07:00:00,7,2023-01-07 14:00:00,379.61,71.6,3
2023-01-07 07:00:00,8,2023-01-07 15:00:00,379.62,73.7,3
2023-01-07 07:00:00,9,2023-01-07 16:00:00,379.61,71.7,3
2023-01-07 07:00:00,10,2023-01-07 17:00:00,379.59,69.8,3
2023-01-07 07:00:00,11,2023-01-07 18:00:00,379.59,70.2,3
2023-01-07 07:00:00,12,2023-01-07 19:00:00,379.6,71.3,3
2023-01-08 07:00:00,7,2023-01-08 14:00:00,379.58,68.8,3
2023-01-08 07:00:00,8,2023-01-08 15:00:00,379.6,70.3,3
2023-01-08 07:00:00,9,2023-01-08 16:00:00,379.63,74.5,3
2023-01-08 07:00:00,10,2023-01-08 17:00:00,379.64,76.0,3
2023-01-08 07:00:00,11,2023-01-08 18:00:00,379.65,76.5,3
2023-01-08 07:00:00,12,2023-01-08 19:00:00,379.64,76.0,3
2023-01-09 07:00:00,7,2023-01-09 14:00:00,380.01,122.8,3
2023-01-09 07:00:00,8,2023-01-09 15:00:00,379.97,117.2,3
2023-01-09 07:00:00,9,2023-01-09 16:00:00,379.94,113.6,3
2023-01-09 07:00:00,10,2023-01-09 17:00:00,379.92,111.3,3
2023-01-09 07:00:00,11,2023-01-09 18:00:00,379.9,108.2,3
2023-01-09 07:00:00,12,2023-01-09 19:00:00,379.88,105.6,3
2023-01-10 06:00:00,7,2023-01-10 13:00:00,379.9,108.1,3
2023-01-10 06:00:00,8,2023-01-10 14:00:00,379.88,105.8,3
2023-01-10 06:00:00,9,2023-01-10 15:00:00,379.87,103.8,3
2023-01-10 06:00:00,10,2023-01-10 16:00:00,379.86,103.0,3
2023-01-10 06:00:00,11,2023-01-10 17:00:00,379.85,102.4,3
2023-01-10 06:00:00,12,2023-01-10 18:00:00,379.86,102.5,3
2023-01-11 08:00:00,7,2023-01-11 15:00:00,379.73,86.4,3
2023-01-11 08:00:00,8,2023-01-11 16:00:00,379.75,88.8,3
2023-01-11 08:00:00,9,2023-01-11 17:00:00,379.78,93.0,3
2023-01-11 08:00:00,10,2023-01-11 18:00:00,379.85,102.0,3
2023-01-11 08:00:00,11,2023-01-11 19:00:00,379.92,111.5,3
2023-01-11 08:00:00,12,2023-01-11 20:00:00,379.97,118.0,3
2023-01-12 08:00:00,7,2023-01-12 15:00:00,379.84,100.3,3
2023-01-12 08:00:00,8,2023-01-12 16:00:00,379.82,98.0,3
2023-01-12 08:00:00,9,2023-01-12 17:00:00,379.82,98.2,3
2023-01-12 08:00:00,10,2023-01-12 18:00:00,379.82,98.5,3
2023-01-12 08:00:00,11,2023-01-12 19:00:00,379.83,98.7,3
2023-01-12 08:00:00,12,2023-01-12 20:00:00,379.82,97.7,3
2023-01-13 07:00:00,7,2023-01-13 14:00:00,379.84,100.7,3
2023-01-13 07:00:00,8,2023-01-13 15:00:00,379.88,105.6,3
2023-01-13 07:00:00,9,2023-01-13 16:00:00,379.9,108.5,3
2023-01-13 07:00:00,10,2023-01-13 17:00:00,379.91,109.9,3
2023-01-13 07:00:00,11,2023-01-13 18:00:00,379.91,109.9,3
2023-01-13 07:00:00,12,2023-01-13 19:00:00,379.91,109.4,3
2023-01-14 07:00:00,7,2023-01-14 14:00:00,379.68,80.1,3
2023-01-14 07:00:00,8,2023-01-14 15:00:00,379.67,78.9,3
2023-01-14 07:00:00,9,2023-01-14 16:00:00,379.66,77.8,3
2023-01-14 07:00:00,10,2023-01-14 17:00:00,379.65,77.0,3
2023-01-14 07:00:00,11,2023-01-14 18:00:00,379.65,76.8,3
2023-01-14 07:00:00,12,2023-01-14 19:00:00,379.66,78.0,3
2023-01-15 07:00:00,7,2023-01-15 14:00:00,379.82,98.5,3
2023-01-15 07:00:00,8,2023-01-15 15:00:00,379.88,105.9,3
2023-01-15 07:00:00,9,2023-01-15 16:00:00,379.93,111.9,3
2023-01-15 07:00:00,10,2023-01-15 17:00:00,379.92,111.5,3
2023-01-15 07:00:00,11,2023-01-15 18:00:00,379.91,109.1,3
2023-01-15 07:00:00,12,2023-01-15 19:00:00,379.92,111.3,3
2023-01-16 06:00:00,7,2023-01-16 13:00:00,379.89,107.0,3
2023-01-16 06:00:00,8,2023-01-16 14:00:00,379.91,109.3,3
2023-01-16 06:00:00,9,2023-01-16 15:00:00,379.91,109.4,3
2023-01-16 06:00:00,10,2023-01-16 16:00:00,379.91,109.4,3
2023-01-16 06:00:00,11,2023-01-16 17:00:00,379.89,106.8,3
2023-01-16 06:00:00,12,2023-01-16 18:00:00,379.87,104.6,3
2023-01-17 06:00:00,7,2023-01-17 13:00:00,379.7,82.5,3
2023-01-17 06:00:00,8,2023-01-17 14:00:00,379.69,81.8,3
2023-01-17 06:00:00,9,2023-01-17 15:00:00,379.71,84.0,3
2023-01-17 06:00:00,10,2023-01-17 16:00:00,379.73,86.3,3
2023-01-17 06:00:00,11,2023-01-17 17:00:00,379.73,87.0,3
2023-01-17 06:00:00,12,2023-01-17 18:00:00,379.74,87.2,3
2023-01-18 07:00:00,7,2023-01-18 14:00:00,379.71,83.9,3
2023-01-18 07:00:00,8,2023-01-18 15:00:00,379.7,83.4,3
2023-01-18 07:00:00,9,2023-01-18 16:00:00,379.7,82.4,3
2023-01-18 07:00:00,10,2023-01-18 17:00:00,379.7,82.8,3
2023-01-18 07:00:00,11,2023-01-18 18:00:00,379.72,85.2,3
2023-01-18 07:00:00,12,2023-01-18 19:00:00,379.72,84.8,3
2023-01-18 14:00:00,7,2023-01-18 21:00:00,379.69,81.3,3
2023-01-18 14:00:00,8,2023-01-18 22:00:00,379.67,78.9,3
2023-01-18 14:00:00,9,2023-01-18 23:00:00,379.65,77.3,3
2023-01-18 14:00:00,10,2023-01-19 00:00:00,379.66,77.5,3
2023-01-18 14:00:00,11,2023-01-19 01:00:00,379.64,75.5,3
2023-01-18 14:00:00,12,2023-01-19 02:00:00,379.63,74.7,3
2023-01-19 07:00:00,7,2023-01-19 14:00:00,379.62,73.4,3
2023-01-19 07:00:00,8,2023-01-19 15:00:00,379.62,72.8,3
2023-01-19 07:00:00,9,2023-01-19 16:00:00,379.61,71.6,3
2023-01-19 07:00:00,10,2023-01-19 17:00:00,379.6,70.4,3
2023-01-19 07:00:00,11,2023-01-19 18:00:00,379.59,69.6,3
2023-01-19 07:00:00,12,2023-01-19 19:00:00,379.59,69.3,3
2023-01-20 07:00:00,7,2023-01-20 14:00:00,379.56,65.7,3
2023-01-20 07:00:00,8,2023-01-20 15:00:00,379.55,65.0,3
2023-01-20 07:00:00,9,2023-01-20 16:00:00,379.54,63.5,3
2023-01-20 07:00:00,10,2023-01-20 17:00:00,379.53,62.9,3
2023-01-20 07:00:00,11,2023-01-20 18:00:00,379.54,64.0,3
2023-01-20 07:00:00,12,2023-01-20 19:00:00,379.53,62.7,3
2023-01-21 07:00:00,7,2023-01-21 14:00:00,379.5,59.6,3
2023-01-21 07:00:00,8,2023-01-21 15:00:00,379.5,59.3,3
2023-01-21 07:00:00,9,2023-01-21 16:00:00,379.49,57.9,3
2023-01-21 07:00:00,10,2023-01-21 17:00:00,379.48,56.7,3
2023-01-21 07:00:00,11,2023-01-21 18:00:00,379.48,56.5,3
2023-01-21 07:00:00,12,2023-01-21 19:00:00,379.49,57.7,3
2023-01-22 07:00:00,7,2023-01-22 14:00:00,379.45,53.9,3
2023-01-22 07:00:00,8,2023-01-22 15:00:00,379.46,54.6,3
2023-01-22 07:00:00,9,2023-01-22 16:00:00,379.44,52.9,3
2023-01-22 07:00:00,10,2023-01-22 17:00:00,379.44,52.6,3
2023-01-22 07:00:00,11,2023-01-22 18:00:00,379.44,52.3,3
2023-01-22 07:00:00,12,2023-01-22 19:00:00,379.44,52.6,3
2023-01-23 07:00:00,7,2023-01-23 14:00:00,379.4,47.8,3
2023-01-23 07:00:00,8,2023-01-23 15:00:00,379.4,48.2,3
2023-01-23 07:00:00,9,2023-01-23 16:00:00,379.4,48.1,3
2023-01-23 07:00:00,10,2023-01-23 17:00:00,379.4,48.2,3
2023-01-23 07:00:00,11,2023-01-23 18:00:00,379.4,48.1,3
2023-01-23 07:00:00,12,2023-01-23 19:00:00,379.4,47.9,3
2023-01-24 09:00:00,7,2023-01-24 16:00:00,379.34,41.8,3
2023-01-24 09:00:00,8,2023-01-24 17:00:00,379.34,41.5,3
2023-01-24 09:00:00,9,2023-01-24 18:00:00,379.34,41.5,3
2023-01-24 09:00:00,10,2023-01-24 19:00:00,379.34,41.3,3
2023-01-24 09:00:00,11,2023-01-24 20:00:00,379.34,41.5,3
2023-01-24 09:00:00,12,2023-01-24 21:00:00,379.34,41.7,3
2023-01-24 13:00:00,7,2023-01-24 20:00:00,379.28,35.1,3
2023-01-24 13:00:00,8,2023-01-24 21:00:00,379.28,35.1,3
2023-01-24 13:00:00,9,2023-01-24 22:00:00,379.3,37.4,3
2023-01-24 13:00:00,10,2023-01-24 23:00:00,379.35,42.2,3
2023-01-24 13:00:00,11,2023-01-25 00:00:00,379.34,41.1,3
2023-01-24 13:00:00,12,2023-01-25 01:00:00,379.33,40.7,3
2023-01-25 07:00:00,7,2023-01-25 14:00:00,379.35,42.2,3
2023-01-25 07:00:00,8,2023-01-25 15:00:00,379.38,46.1,3
2023-01-25 07:00:00,9,2023-01-25 16:00:00,379.38,46.2,3
2023-01-25 07:00:00,10,2023-01-25 17:00:00,379.38,46.0,3
2023-01-25 07:00:00,11,2023-01-25 18:00:00,379.38,45.6,3
2023-01-25 07:00:00,12,2023-01-25 19:00:00,379.37,45.0,3
2023-01-26 07:00:00,7,2023-01-26 14:00:00,379.34,41.6,3
2023-01-26 07:00:00,8,2023-01-26 15:00:00,379.37,45.1,3
2023-01-26 07:00:00,9,2023-01-26 16:00:00,379.37,44.5,3
2023-01-26 07:00:00,10,2023-01-26 17:00:00,379.36,44.1,3
2023-01-26 07:00:00,11,2023-01-26 18:00:00,379.37,44.2,3
2023-01-26 07:00:00,12,2023-01-26 19:00:00,379.36,44.0,3
2023-01-27 07:00:00,7,2023-01-27 14:00:00,379.31,38.5,3
2023-01-27 07:00:00,8,2023-01-27 15:00:00,379.33,40.8,3
2023-01-27 07:00:00,9,2023-01-27 16:00:00,379.33,40.7,3
2023-01-27 07:00:00,10,2023-01-27 17:00:00,379.33,40.5,3
2023-01-27 07:00:00,11,2023-01-27 18:00:00,379.33,40.2,3
2023-01-27 07:00:00,12,2023-01-27 19:00:00,379.32,39.8,3
2023-01-28 07:00:00,7,2023-01-28 14:00:00,379.28,35.2,3
2023-01-28 07:00:00,8,2023-01-28 15:00:00,379.32,39.2,3
2023-01-28 07:00:00,9,2023-01-28 16:00:00,379.32,39.3,3
2023-01-28 07:00:00,10,2023-01-28 17:00:00,379.32,39.3,3
2023-01-28 07:00:00,11,2023-01-28 18:00:00,379.32,39.5,3
2023-01-28 07:00:00,12,2023-01-28 19:00:00,379.32,39.5,3
2023-01-29 07:00:00,7,2023-01-29 14:00:00,379.25,32.5,3
2023-01-29 07:00:00,8,2023-01-29 15:00:00,379.28,35.6,3
2023-01-29 07:00:00,9,2023-01-29 16:00:00,379.29,36.8,3
2023-01-29 07:00:00,10,2023-01-29 17:00:00,379.3,37.6,3
2023-01-29 07:00:00,11,2023-01-29 18:00:00,379.3,37.3,3
2023-01-29 07:00:00,12,2023-01-29 19:00:00,379.29,36.7,3
2023-01-30 06:00:00,7,2023-01-30 13:00:00,379.23,31.5,3
2023-01-30 06:00:00,8,2023-01-30 14:00:00,379.23,30.7,3
2023-01-30 06:00:00,9,2023-01-30 15:00:00,379.26,33.5,3
2023-01-30 06:00:00,10,2023-01-30 16:00:00,379.28,35.7,3
2023-01-30 06:00:00,11,2023-01-30 17:00:00,379.28,35.5,3
2023-01-30 06:00:00,12,2023-01-30 18:00:00,379.28,35.2,3
2023-01-31 07:00:00,7,2023-01-31 14:00:00,379.25,32.9,3
2023-01-31 07:00:00,8,2023-01-31 15:00:00,379.27,34.5,3
2023-01-31 07:00:00,9,2023-01-31 16:00:00,379.27,34.2,3
2023-01-31 07:00:00,10,2023-01-31 17:00:00,379.26,33.6,3
2023-01-31 07:00:00,11,2023-01-31 18:00:00,379.26,33.4,3
2023-01-31 07:00:00,12,2023-01-31 19:00:00,379.26,33.7,3
2023-02-01 08:00:00,7,2023-02-01 15:00:00,379.25,32.7,3
2023-02-01 08:00:00,8,2023-02-01 16:00:00,379.27,34.5,3
2023-02-01 08:00:00,9,2023-02-01 17:00:00,379.27,34.5,3
2023-02-01 08:00:00,10,2023-02-01 18:00:00,379.28,35.2,3
2023-02-01 08:00:00,11,2023-02-01 19:00:00,379.28,35.5,3
2023-02-01 08:00:00,12,2023-02-01 20:00:00,379.29,36.2,3
2023-02-01 14:00:00,7,2023-02-01 21:00:00,379.23,31.0,3
2023-02-01 14:00:00,8,2023-02-01 22:00:00,379.22,30.3,3
2023-02-01 14:00:00,9,2023-02-01 23:00:00,379.24,32.0,3
2023-02-01 14:00:00,10,2023-02-02 00:00:00,379.28,35.5,3
2023-02-01 14:00:00,11,2023-02-02 01:00:00,379.28,35.7,3
2023-02-01 14:00:00,12,2023-02-02 02:00:00,379.29,36.8,3
2023-02-02 08:00:00,7,2023-02-02 15:00:00,379.25,32.7,3
2023-02-02 08:00:00,8,2023-02-02 16:00:00,379.28,35.6,3
2023-02-02 08:00:00,9,2023-02-02 17:00:00,379.28,35.5,3
2023-02-02 08:00:00,10,2023-02-02 18:00:00,379.28,35.7,3
2023-02-02 08:00:00,11,2023-02-02 19:00:00,379.3,37.1,3
2023-02-02 08:00:00,12,2023-02-02 20:00:00,379.3,37.7,3
2023-02-03 07:00:00,7,2023-02-03 14:00:00,379.2,28.5,3
2023-02-03 07:00:00,8,2023-02-03 15:00:00,379.22,30.4,3
2023-02-03 07:00:00,9,2023-02-03 16:00:00,379.25,33.2,3
2023-02-03 07:00:00,10,2023-02-03 17:00:00,379.27,34.5,3
2023-02-03 07:00:00,11,2023-02-03 18:00:00,379.28,35.5,3
2023-02-03 07:00:00,12,2023-02-03 19:00:00,379.3,37.0,3
2023-02-04 07:00:00,7,2023-02-04 14:00:00,379.31,38.5,3
2023-02-04 07:00:00,8,2023-02-04 15:00:00,379.35,42.4,3
2023-02-04 07:00:00,9,2023-02-04 16:00:00,379.33,40.7,3
2023-02-04 07:00:00,10,2023-02-04 17:00:00,379.34,41.6,3
2023-02-04 07:00:00,11,2023-02-04 18:00:00,379.35,42.5,3
2023-02-04 07:00:00,12,2023-02-04 19:00:00,379.35,42.1,3
2023-02-05 07:00:00,7,2023-02-05 14:00:00,379.22,30.4,3
2023-02-05 07:00:00,8,2023-02-05 15:00:00,379.27,35.0,3
2023-02-05 07:00:00,9,2023-02-05 16:00:00,379.28,35.9,3
2023-02-05 07:00:00,10,2023-02-05 17:00:00,379.29,36.7,3
2023-02-05 07:00:00,11,2023-02-05 18:00:00,379.29,36.5,3
2023-02-05 07:00:00,12,2023-02-05 19:00:00,379.3,37.0,3
2023-02-06 07:00:00,7,2023-02-06 14:00:00,379.21,29.7,3
2023-02-06 07:00:00,8,2023-02-06 15:00:00,379.27,34.5,3
2023-02-06 07:00:00,9,2023-02-06 16:00:00,379.27,34.8,3
2023-02-06 07:00:00,10,2023-02-06 17:00:00,379.27,34.8,3
2023-02-06 07:00:00,11,2023-02-06 18:00:00,379.27,34.6,3
2023-02-06 07:00:00,12,2023-02-06 19:00:00,379.27,34.6,3
2023-02-07 07:00:00,7,2023-02-07 14:00:00,379.2,28.6,3
2023-02-07 07:00:00,8,2023-02-07 15:00:00,379.22,30.3,3
2023-02-07 07:00:00,9,2023-02-07 16:00:00,379.25,33.0,3
2023-02-07 07:00:00,10,2023-02-07 17:00:00,379.25,33.0,3
2023-02-07 07:00:00,11,2023-02-07 18:00:00,379.25,33.2,3
2023-02-07 07:00:00,12,2023-02-07 19:00:00,379.25,33.1,3
2023-02-08 07:00:00,7,2023-02-08 14:00:00,379.18,26.9,3
2023-02-08 07:00:00,8,2023-02-08 15:00:00,379.21,29.1,3
2023-02-08 07:00:00,9,2023-02-08 16:00:00,379.24,31.7,3
2023-02-08 07:00:00,10,2023-02-08 17:00:00,379.24,32.3,3
2023-02-08 07:00:00,11,2023-02-08 18:00:00,379.25,32.5,3
2023-02-08 07:00:00,12,2023-02-08 19:00:00,379.25,32.6,3
2023-02-08 08:00:00,7,2023-02-08 15:00:00,379.21,29.1,3
2023-02-08 08:00:00,8,2023-02-08 16:00:00,379.24,31.7,3
2023-02-08 08:00:00,9,2023-02-08 17:00:00,379.24,32.3,3
2023-02-08 08:00:00,10,2023-02-08 18:00:00,379.25,32.5,3
2023-02-08 08:00:00,11,2023-02-08 19:00:00,379.25,32.6,3
2023-02-08 08:00:00,12,2023-02-08 20:00:00,379.24,32.2,3
2023-02-09 07:00:00,7,2023-02-09 14:00:00,379.17,26.6,3
2023-02-09 07:00:00,8,2023-02-09 15:00:00,379.19,28.2,3
2023-02-09 07:00:00,9,2023-02-09 16:00:00,379.23,30.8,3
2023-02-09 07:00:00,10,2023-02-09 17:00:00,379.23,31.3,3
2023-02-09 07:00:00,11,2023-02-09 18:00:00,379.23,31.0,3
2023-02-09 07:00:00,12,2023-02-09 19:00:00,379.23,30.9,3
2023-02-10 08:00:00,7,2023-02-10 15:00:00,379.18,26.8,3
2023-02-10 08:00:00,8,2023-02-10 16:00:00,379.2,28.7,3
2023-02-10 08:00:00,9,2023-02-10 17:00:00,379.21,29.5,3
2023-02-10 08:00:00,10,2023-02-10 18:00:00,379.21,29.5,3
2023-02-10 08:00:00,11,2023-02-10 19:00:00,379.21,29.1,3
2023-02-10 08:00:00,12,2023-02-10 20:00:00,379.21,29.5,3
2023-02-11 07:00:00,7,2023-02-11 14:00:00,379.15,24.9,3
2023-02-11 07:00:00,8,2023-02-11 15:00:00,379.15,25.3,3
2023-02-11 07:00:00,9,2023-02-11 16:00:00,379.2,29.0,3
2023-02-11 07:00:00,10,2023-02-11 17:00:00,379.21,29.8,3
2023-02-11 07:00:00,11,2023-02-11 18:00:00,379.21,29.5,3
2023-02-11 07:00:00,12,2023-02-11 19:00:00,379.21,29.6,3
2023-02-12 07:00:00,7,2023-02-12 14:00:00,379.14,24.5,3
2023-02-12 07:00:00,8,2023-02-12 15:00:00,379.15,24.8,3
2023-02-12 07:00:00,9,2023-02-12 16:00:00,379.2,28.2,3
2023-02-12 07:00:00,10,2023-02-12 17:00:00,379.21,29.5,3
2023-02-12 07:00:00,11,2023-02-12 18:00:00,379.22,30.1,3
2023-02-12 07:00:00,12,2023-02-12 19:00:00,379.22,30.4,3
2023-02-13 07:00:00,7,2023-02-13 14:00:00,379.15,24.6,3
2023-02-13 07:00:00,8,2023-02-13 15:00:00,379.18,26.9,3
2023-02-13 07:00:00,9,2023-02-13 16:00:00,379.21,29.6,3
2023-02-13 07:00:00,10,2023-02-13 17:00:00,379.23,31.2,3
2023-02-13 07:00:00,11,2023-02-13 18:00:00,379.25,32.7,3
2023-02-13 07:00:00,12,2023-02-13 19:00:00,379.26,33.8,3
2023-02-14 07:00:00,7,2023-02-14 14:00:00,379.15,25.2,3
2023-02-14 07:00:00,8,2023-02-14 15:00:00,379.2,28.3,3
2023-02-14 07:00:00,9,2023-02-14 16:00:00,379.24,31.9,3
2023-02-14 07:00:00,10,2023-02-14 17:00:00,379.26,33.8,3
2023-02-14 07:00:00,11,2023-02-14 18:00:00,379.27,34.4,3
2023-02-14 07:00:00,12,2023-02-14 19:00:00,379.27,34.9,3
2023-02-15 07:00:00,7,2023-02-15 14:00:00,379.19,27.5,3
2023-02-15 07:00:00,8,2023-02-15 15:00:00,379.26,33.8,3
2023-02-15 07:00:00,9,2023-02-15 16:00:00,379.27,35.0,3
2023-02-15 07:00:00,10,2023-02-15 17:00:00,379.29,36.8,3
2023-02-15 07:00:00,11,2023-02-15 18:00:00,379.31,38.0,3
2023-02-15 07:00:00,12,2023-02-15 19:00:00,379.31,38.7,3
2023-02-16 07:00:00,7,2023-02-16 14:00:00,379.22,29.9,3
2023-02-16 07:00:00,8,2023-02-16 15:00:00,379.27,35.0,3
2023-02-16 07:00:00,9,2023-02-16 16:00:00,379.29,36.0,3
2023-02-16 07:00:00,10,2023-02-16 17:00:00,379.3,37.0,3
2023-02-16 07:00:00,11,2023-02-16 18:00:00,379.3,37.5,3
2023-02-16 07:00:00,12,2023-02-16 19:00:00,379.31,38.1,3
2023-02-17 07:00:00,7,2023-02-17 14:00:00,379.2,28.7,3
2023-02-17 07:00:00,8,2023-02-17 15:00:00,379.28,35.0,3
2023-02-17 07:00:00,9,2023-02-17 16:00:00,379.28,35.9,3
2023-02-17 07:00:00,10,2023-02-17 17:00:00,379.29,36.5,3
2023-02-17 07:00:00,11,2023-02-17 18:00:00,379.31,37.9,3
2023-02-17 07:00:00,12,2023-02-17 19:00:00,379.31,38.1,3
2023-02-18 07:00:00,7,2023-02-18 14:00:00,379.28,35.5,3
2023-02-18 07:00:00,8,2023-02-18 15:00:00,379.3,37.7,3
2023-02-18 07:00:00,9,2023-02-18 16:00:00,379.31,38.7,3
2023-02-18 07:00:00,10,2023-02-18 17:00:00,379.32,39.3,3
2023-02-18 07:00:00,11,2023-02-18 18:00:00,379.32,39.6,3
2023-02-18 07:00:00,12,2023-02-18 19:00:00,379.33,40.0,3
2023-02-19 07:00:00,7,2023-02-19 14:00:00,379.31,38.4,3
2023-02-19 07:00:00,8,2023-02-19 15:00:00,379.32,39.3,3
2023-02-19 07:00:00,9,2023-02-19 16:00:00,379.33,40.3,3
2023-02-19 07:00:00,10,2023-02-19 17:00:00,379.33,40.7,3
2023-02-19 07:00:00,11,2023-02-19 18:00:00,379.33,40.6,3
2023-02-19 07:00:00,12,2023-02-19 19:00:00,379.34,41.3,3
2023-02-20 07:00:00,7,2023-02-20 14:00:00,379.29,36.7,3
2023-02-20 07:00:00,8,2023-02-20 15:00:00,379.31,38.7,3
2023-02-20 07:00:00,9,2023-02-20 16:00:00,379.31,38.9,3
2023-02-20 07:00:00,10,2023-02-20 17:00:00,379.33,40.2,3
2023-02-20 07:00:00,11,2023-02-20 18:00:00,379.33,40.5,3
2023-02-20 07:00:00,12,2023-02-20 19:00:00,379.32,39.4,3
2023-02-21 07:00:00,7,2023-02-21 14:00:00,379.29,36.8,3
2023-02-21 07:00:00,8,2023-02-21 15:00:00,379.32,39.8,3
2023-02-21 07:00:00,9,2023-02-21 16:00:00,379.33,40.0,3
2023-02-21 07:00:00,10,2023-02-21 17:00:00,379.33,40.2,3
2023-02-21 07:00:00,11,2023-02-21 18:00:00,379.33,40.2,3
2023-02-21 07:00:00,12,2023-02-21 19:00:00,379.33,40.9,3
2023-02-22 07:00:00,7,2023-02-22 14:00:00,379.3,37.8,3
2023-02-22 07:00:00,8,2023-02-22 15:00:00,379.32,39.4,3
2023-02-22 07:00:00,9,2023-02-22 16:00:00,379.34,41.1,3
2023-02-22 07:00:00,10,2023-02-22 17:00:00,379.33,40.5,3
2023-02-22 07:00:00,11,2023-02-22 18:00:00,379.33,40.4,3
2023-02-22 07:00:00,12,2023-02-22 19:00:00,379.34,41.1,3
2023-02-22 15:00:00,7,2023-02-22 22:00:00,379.27,34.6,3
2023-02-22 15:00:00,8,2023-02-22 23:00:00,379.23,31.0,3
2023-02-22 15:00:00,9,2023-02-23 00:00:00,379.29,36.4,3
2023-02-22 15:00:00,10,2023-02-23 01:00:00,379.35,42.2,3
2023-02-22 15:00:00,11,2023-02-23 02:00:00,379.36,43.5,3
2023-02-22 15:00:00,12,2023-02-23 03:00:00,379.35,42.9,3
2023-02-23 08:00:00,7,2023-02-23 15:00:00,379.32,39.1,3
2023-02-23 08:00:00,8,2023-02-23 16:00:00,379.32,39.4,3
2023-02-23 08:00:00,9,2023-02-23 17:00:00,379.32,39.4,3
2023-02-23 08:00:00,10,2023-02-23 18:00:00,379.33,40.0,3
2023-02-23 08:00:00,11,2023-02-23 19:00:00,379.33,40.2,3
2023-02-23 08:00:00,12,2023-02-23 20:00:00,379.32,39.6,3
2023-02-24 07:00:00,7,2023-02-24 14:00:00,379.28,35.5,3
2023-02-24 07:00:00,8,2023-02-24 15:00:00,379.29,36.7,3
2023-02-24 07:00:00,9,2023-02-24 16:00:00,379.29,36.7,3
2023-02-24 07:00:00,10,2023-02-24 17:00:00,379.29,36.5,3
2023-02-24 07:00:00,11,2023-02-24 18:00:00,379.29,36.2,3
2023-02-24 07:00:00,12,2023-02-24 19:00:00,379.29,36.3,3
2023-02-25 07:00:00,7,2023-02-25 14:00:00,379.26,33.7,3
2023-02-25 07:00:00,8,2023-02-25 15:00:00,379.28,35.5,3
2023-02-25 07:00:00,9,2023-02-25 16:00:00,379.29,36.2,3
2023-02-25 07:00:00,10,2023-02-25 17:00:00,379.28,35.7,3
2023-02-25 07:00:00,11,2023-02-25 18:00:00,379.28,35.4,3
2023-02-25 07:00:00,12,2023-02-25 19:00:00,379.27,34.6,3
2023-02-26 08:00:00,7,2023-02-26 15:00:00,379.25,32.4,3
2023-02-26 08:00:00,8,2023-02-26 16:00:00,379.26,33.2,3
2023-02-26 08:00:00,9,2023-02-26 17:00:00,379.25,33.2,3
2023-02-26 08:00:00,10,2023-02-26 18:00:00,379.25,33.1,3
2023-02-26 08:00:00,11,2023-02-26 19:00:00,379.24,32.3,3
2023-02-26 08:00:00,12,2023-02-26 20:00:00,379.24,31.8,3
2023-02-27 07:00:00,7,2023-02-27 14:00:00,379.16,25.3,3
2023-02-27 07:00:00,8,2023-02-27 15:00:00,379.18,26.8,3
2023-02-27 07:00:00,9,2023-02-27 16:00:00,379.21,29.7,3
2023-02-27 07:00:00,10,2023-02-27 17:00:00,379.21,29.7,3
2023-02-27 07:00:00,11,2023-02-27 18:00:00,379.22,30.5,3
2023-02-27 07:00:00,12,2023-02-27 19:00:00,379.23,30.7,3
2023-02-28 07:00:00,7,2023-02-28 14:00:00,379.13,23.8,3
2023-02-28 07:00:00,8,2023-02-28 15:00:00,379.16,26.0,3
2023-02-28 07:00:00,9,2023-02-28 16:00:00,379.2,28.5,3
2023-02-28 07:00:00,10,2023-02-28 17:00:00,379.19,28.0,3
2023-02-28 07:00:00,11,2023-02-28 18:00:00,379.19,28.1,3
2023-02-28 07:00:00,12,2023-02-28 19:00:00,379.2,28.6,3
2023-03-01 07:00:00,7,2023-03-01 14:00:00,379.12,22.9,3
2023-03-01 07:00:00,8,2023-03-01 15:00:00,379.12,23.0,3
2023-03-01 07:00:00,9,2023-03-01 16:00:00,379.18,26.8,3
2023-03-01 07:00:00,10,2023-03-01 17:00:00,379.18,27.4,3
2023-03-01 07:00:00,11,2023-03-01 18:00:00,379.18,27.4,3
2023-03-01 07:00:00,12,2023-03-01 19:00:00,379.18,27.4,3
2023-03-02 07:00:00,7,2023-03-02 14:00:00,379.12,23.0,3
2023-03-02 07:00:00,8,2023-03-02 15:00:00,379.12,23.2,3
2023-03-02 07:00:00,9,2023-03-02 16:00:00,379.16,25.7,3
2023-03-02 07:00:00,10,2023-03-02 17:00:00,379.18,26.8,3
2023-03-02 07:00:00,11,2023-03-02 18:00:00,379.17,26.6,3
2023-03-02 07:00:00,12,2023-03-02 19:00:00,379.17,26.4,3
2023-03-03 07:00:00,7,2023-03-03 14:00:00,379.12,23.0,3
2023-03-03 07:00:00,8,2023-03-03 15:00:00,379.12,22.8,3
2023-03-03 07:00:00,9,2023-03-03 16:00:00,379.13,23.3,3
2023-03-03 07:00:00,10,2023-03-03 17:00:00,379.16,25.7,3
2023-03-03 07:00:00,11,2023-03-03 18:00:00,379.17,26.1,3
2023-03-03 07:00:00,12,2023-03-03 19:00:00,379.16,25.9,3
2023-03-04 07:00:00,7,2023-03-04 14:00:00,379.11,22.4,3
2023-03-04 07:00:00,8,2023-03-04 15:00:00,379.11,22.5,3
2023-03-04 07:00:00,9,2023-03-04 16:00:00,379.12,23.2,3
2023-03-04 07:00:00,10,2023-03-04 17:00:00,379.15,25.2,3
2023-03-04 07:00:00,11,2023-03-04 18:00:00,379.16,25.4,3
2023-03-04 07:00:00,12,2023-03-04 19:00:00,379.16,25.4,3
2023-03-05 07:00:00,7,2023-03-05 14:00:00,379.12,22.5,3
2023-03-05 07:00:00,8,2023-03-05 15:00:00,379.11,22.4,3
2023-03-05 07:00:00,9,2023-03-05 16:00:00,379.12,22.7,3
2023-03-05 07:00:00,10,2023-03-05 17:00:00,379.15,24.8,3
2023-03-05 07:00:00,11,2023-03-05 18:00:00,379.15,24.8,3
2023-03-05 07:00:00,12,2023-03-05 19:00:00,379.15,25.0,3
2023-03-06 07:00:00,7,2023-03-06 14:00:00,379.11,22.4,3
2023-03-06 07:00:00,8,2023-03-06 15:00:00,379.11,22.2,3
2023-03-06 07:00:00,9,2023-03-06 16:00:00,379.11,22.4,3
2023-03-06 07:00:00,10,2023-03-06 17:00:00,379.14,24.3,3
2023-03-06 07:00:00,11,2023-03-06 18:00:00,379.15,24.7,3
2023-03-06 07:00:00,12,2023-03-06 19:00:00,379.15,24.8,3
2023-03-07 07:00:00,7,2023-03-07 14:00:00,379.13,23.3,3
2023-03-07 07:00:00,8,2023-03-07 15:00:00,379.12,22.8,3
2023-03-07 07:00:00,9,2023-03-07 16:00:00,379.12,22.9,3
2023-03-07 07:00:00,10,2023-03-07 17:00:00,379.14,24.0,3
2023-03-07 07:00:00,11,2023-03-07 18:00:00,379.14,24.4,3
2023-03-07 07:00:00,12,2023-03-07 19:00:00,379.14,24.4,3
2023-03-08 07:00:00,7,2023-03-08 14:00:00,379.16,25.8,3
2023-03-08 07:00:00,8,2023-03-08 15:00:00,379.17,26.0,3
2023-03-08 07:00:00,9,2023-03-08 16:00:00,379.18,27.3,3
2023-03-08 07:00:00,10,2023-03-08 17:00:00,379.21,29.4,3
2023-03-08 07:00:00,11,2023-03-08 18:00:00,379.22,30.4,3
2023-03-08 07:00:00,12,2023-03-08 19:00:00,379.23,31.0,3
2023-03-08 16:00:00,7,2023-03-08 23:00:00,379.21,29.4,3
2023-03-08 16:00:00,8,2023-03-09 00:00:00,379.2,29.0,3
2023-03-08 16:00:00,9,2023-03-09 01:00:00,379.3,37.1,3
2023-03-08 16:00:00,10,2023-03-09 02:00:00,379.33,40.5,3
2023-03-08 16:00:00,11,2023-03-09 03:00:00,379.34,41.0,3
2023-03-08 16:00:00,12,2023-03-09 04:00:00,379.36,43.6,3
2023-03-09 06:00:00,7,2023-03-09 13:00:00,379.94,114.0,3
2023-03-09 06:00:00,8,2023-03-09 14:00:00,379.98,119.6,3
2023-03-09 06:00:00,9,2023-03-09 15:00:00,379.94,113.0,3
2023-03-09 06:00:00,10,2023-03-09 16:00:00,379.83,99.3,3
2023-03-09 06:00:00,11,2023-03-09 17:00:00,379.81,96.7,3
2023-03-09 06:00:00,12,2023-03-09 18:00:00,379.75,89.3,3
2023-03-09 07:00:00,7,2023-03-09 14:00:00,379.98,119.6,3
2023-03-09 07:00:00,8,2023-03-09 15:00:00,379.94,113.0,3
2023-03-09 07:00:00,9,2023-03-09 16:00:00,379.83,99.3,3
2023-03-09 07:00:00,10,2023-03-09 17:00:00,379.81,96.7,3
2023-03-09 07:00:00,11,2023-03-09 18:00:00,379.75,89.3,3
2023-03-09 07:00:00,12,2023-03-09 19:00:00,379.71,83.9,3
2023-03-09 14:00:00,7,2023-03-09 21:00:00,379.62,73.6,3
2023-03-09 14:00:00,8,2023-03-09 22:00:00,379.59,70.1,3
2023-03-09 14:00:00,9,2023-03-09 23:00:00,379.57,66.8,3
2023-03-09 14:00:00,10,2023-03-10 00:00:00,379.55,65.0,3
2023-03-09 14:00:00,11,2023-03-10 01:00:00,379.53,62.8,3
2023-03-09 14:00:00,12,2023-03-10 02:00:00,379.52,61.1,3
2023-03-10 07:00:00,7,2023-03-10 14:00:00,379.81,96.8,3
2023-03-10 07:00:00,8,2023-03-10 15:00:00,379.82,98.1,3
2023-03-10 07:00:00,9,2023-03-10 16:00:00,379.82,98.3,3
2023-03-10 07:00:00,10,2023-03-10 17:00:00,379.8,95.9,3
2023-03-10 07:00:00,11,2023-03-10 18:00:00,379.78,92.4,3
2023-03-10 07:00:00,12,2023-03-10 19:00:00,379.8,95.6,3
2023-03-10 13:00:00,7,2023-03-10 20:00:00,379.83,99.0,3
2023-03-10 13:00:00,8,2023-03-10 21:00:00,379.78,93.2,3
2023-03-10 13:00:00,9,2023-03-10 22:00:00,379.84,100.7,3
2023-03-10 13:00:00,10,2023-03-10 23:00:00,379.83,99.1,3
2023-03-10 13:00:00,11,2023-03-11 00:00:00,379.8,94.8,3
2023-03-10 13:00:00,12,2023-03-11 01:00:00,379.74,87.6,3
2023-03-11 06:00:00,7,2023-03-11 13:00:00,379.84,100.2,3
2023-03-11 06:00:00,8,2023-03-11 14:00:00,379.85,101.6,3
2023-03-11 06:00:00,9,2023-03-11 15:00:00,379.87,104.2,3
2023-03-11 06:00:00,10,2023-03-11 16:00:00,379.89,106.8,3
2023-03-11 06:00:00,11,2023-03-11 17:00:00,379.91,109.3,3
2023-03-11 06:00:00,12,2023-03-11 18:00:00,379.91,110.2,3
2023-03-12 07:00:00,7,2023-03-12 14:00:00,380.35,171.9,3
2023-03-12 07:00:00,8,2023-03-12 15:00:00,380.31,166.6,3
2023-03-12 07:00:00,9,2023-03-12 16:00:00,380.29,163.6,3
2023-03-12 07:00:00,10,2023-03-12 17:00:00,380.27,160.9,3
2023-03-12 07:00:00,11,2023-03-12 18:00:00,380.24,156.5,3
2023-03-12 07:00:00,12,2023-03-12 19:00:00,380.21,151.8,3
2023-03-13 07:00:00,7,2023-03-13 14:00:00,380.01,123.0,3
2023-03-13 07:00:00,8,2023-03-13 15:00:00,380.0,121.7,3
2023-03-13 07:00:00,9,2023-03-13 16:00:00,380.0,121.3,3
2023-03-13 07:00:00,10,2023-03-13 17:00:00,379.99,120.1,3
2023-03-13 07:00:00,11,2023-03-13 18:00:00,379.98,118.9,3
2023-03-13 07:00:00,12,2023-03-13 19:00:00,379.97,117.6,3
2023-03-14 07:00:00,7,2023-03-14 14:00:00,380.85,257.4,3
2023-03-14 07:00:00,8,2023-03-14 15:00:00,380.81,249.0,3
2023-03-14 07:00:00,9,2023-03-14 16:00:00,380.78,243.9,3
2023-03-14 07:00:00,10,2023-03-14 17:00:00,380.77,241.5,3
2023-03-14 07:00:00,11,2023-03-14 18:00:00,380.75,239.6,3
2023-03-14 07:00:00,12,2023-03-14 19:00:00,380.72,232.7,3
2023-03-15 07:00:00,7,2023-03-15 14:00:00,380.2,150.2,3
2023-03-15 07:00:00,8,2023-03-15 15:00:00,380.19,148.2,3
2023-03-15 07:00:00,9,2023-03-15 16:00:00,380.14,142.0,3
2023-03-15 07:00:00,10,2023-03-15 17:00:00,380.12,138.5,3
2023-03-15 07:00:00,11,2023-03-15 18:00:00,380.1,135.6,3
2023-03-15 07:00:00,12,2023-03-15 19:00:00,380.08,132.7,3
2023-03-15 13:00:00,7,2023-03-15 20:00:00,380.12,138.1,3
2023-03-15 13:00:00,8,2023-03-15 21:00:00,380.1,136.1,3
2023-03-15 13:00:00,9,2023-03-15 22:00:00,380.09,133.8,3
2023-03-15 13:00:00,10,2023-03-15 23:00:00,380.06,130.6,3
2023-03-15 13:00:00,11,2023-03-16 00:00:00,380.06,130.0,3
2023-03-15 13:00:00,12,2023-03-16 01:00:00,380.02,125.0,3
2023-03-16 07:00:00,7,2023-03-16 14:00:00,379.89,107.5,3
2023-03-16 07:00:00,8,2023-03-16 15:00:00,379.89,107.0,3
2023-03-16 07:00:00,9,2023-03-16 16:00:00,379.88,105.2,3
2023-03-16 07:00:00,10,2023-03-16 17:00:00,379.86,103.3,3
2023-03-16 07:00:00,11,2023-03-16 18:00:00,379.85,102.1,3
2023-03-16 07:00:00,12,2023-03-16 19:00:00,379.85,101.2,3
2023-03-17 07:00:00,7,2023-03-17 14:00:00,379.81,96.8,3
2023-03-17 07:00:00,8,2023-03-17 15:00:00,379.8,95.4,3
2023-03-17 07:00:00,9,2023-03-17 16:00:00,379.8,94.9,3
2023-03-17 07:00:00,10,2023-03-17 17:00:00,379.8,95.3,3
2023-03-17 07:00:00,11,2023-03-17 18:00:00,379.79,94.5,3
2023-03-17 07:00:00,12,2023-03-17 19:00:00,379.79,93.9,3
2023-03-18 07:00:00,7,2023-03-18 14:00:00,379.75,88.6,3
2023-03-18 07:00:00,8,2023-03-18 15:00:00,379.73,86.8,3
2023-03-18 07:00:00,9,2023-03-18 16:00:00,379.72,85.5,3
2023-03-18 07:00:00,10,2023-03-18 17:00:00,379.71,84.7,3
2023-03-18 07:00:00,11,2023-03-18 18:00:00,379.71,83.7,3
2023-03-18 07:00:00,12,2023-03-18 19:00:00,379.7,83.0,3
2023-03-19 08:00:00,7,2023-03-19 15:00:00,379.67,79.7,3
2023-03-19 08:00:00,8,2023-03-19 16:00:00,379.67,79.0,3
2023-03-19 08:00:00,9,2023-03-19 17:00:00,379.67,78.7,3
2023-03-19 08:00:00,10,2023-03-19 18:00:00,379.66,77.6,3
2023-03-19 08:00:00,11,2023-03-19 19:00:00,379.65,77.3,3
2023-03-19 08:00:00,12,2023-03-19 20:00:00,379.66,78.4,3
2023-03-20 07:00:00,7,2023-03-20 14:00:00,379.73,87.1,3
2023-03-20 07:00:00,8,2023-03-20 15:00:00,379.72,85.3,3
2023-03-20 07:00:00,9,2023-03-20 16:00:00,379.71,83.6,3
2023-03-20 07:00:00,10,2023-03-20 17:00:00,379.69,82.0,3
2023-03-20 07:00:00,11,2023-03-20 18:00:00,379.68,80.2,3
2023-03-20 07:00:00,12,2023-03-20 19:00:00,379.67,79.6,3
2023-03-21 07:00:00,7,2023-03-21 14:00:00,379.64,76.2,3
2023-03-21 07:00:00,8,2023-03-21 15:00:00,379.63,74.4,3
2023-03-21 07:00:00,9,2023-03-21 16:00:00,379.62,73.7,3
2023-03-21 07:00:00,10,2023-03-21 17:00:00,379.61,72.5,3
2023-03-21 07:00:00,11,2023-03-21 18:00:00,379.6,71.1,3
2023-03-21 07:00:00,12,2023-03-21 19:00:00,379.6,71.4,3
2023-03-22 07:00:00,7,2023-03-22 14:00:00,379.56,65.9,3
2023-03-22 07:00:00,8,2023-03-22 15:00:00,379.54,64.1,3
2023-03-22 07:00:00,9,2023-03-22 16:00:00,379.52,61.3,3
2023-03-22 07:00:00,10,2023-03-22 17:00:00,379.52,61.2,3
2023-03-22 07:00:00,11,2023-03-22 18:00:00,379.53,62.4,3
2023-03-22 07:00:00,12,2023-03-22 19:00:00,379.53,62.8,3
2023-03-23 07:00:00,7,2023-03-23 14:00:00,379.58,68.1,3
2023-03-23 07:00:00,8,2023-03-23 15:00:00,379.57,67.1,3
2023-03-23 07:00:00,9,2023-03-23 16:00:00,379.56,66.0,3
2023-03-23 07:00:00,10,2023-03-23 17:00:00,379.55,65.3,3
2023-03-23 07:00:00,11,2023-03-23 18:00:00,379.55,65.1,3
2023-03-23 07:00:00,12,2023-03-23 19:00:00,379.55,65.3,3
2023-03-24 08:00:00,7,2023-03-24 15:00:00,379.77,91.8,3
2023-03-24 08:00:00,8,2023-03-24 16:00:00,379.78,92.6,3
2023-03-24 08:00:00,9,2023-03-24 17:00:00,379.83,99.2,3
2023-03-24 08:00:00,10,2023-03-24 18:00:00,379.84,100.7,3
2023-03-24 08:00:00,11,2023-03-24 19:00:00,379.85,101.8,3
2023-03-24 08:00:00,12,2023-03-24 20:00:00,379.87,104.0,3
2023-03-25 07:00:00,7,2023-03-25 14:00:00,380.12,137.7,3
2023-03-25 07:00:00,8,2023-03-25 15:00:00,380.09,134.8,3
2023-03-25 07:00:00,9,2023-03-25 16:00:00,380.06,129.6,3
2023-03-25 07:00:00,10,2023-03-25 17:00:00,380.04,127.7,3
2023-03-25 07:00:00,11,2023-03-25 18:00:00,380.03,125.5,3
2023-03-25 07:00:00,12,2023-03-25 19:00:00,380.02,124.4,3
2023-03-26 08:00:00,7,2023-03-26 15:00:00,379.83,98.8,3
2023-03-26 08:00:00,8,2023-03-26 16:00:00,379.85,101.4,3
2023-03-26 08:00:00,9,2023-03-26 17:00:00,379.87,103.8,3
2023-03-26 08:00:00,10,2023-03-26 18:00:00,379.9,107.8,3
2023-03-26 08:00:00,11,2023-03-26 19:00:00,379.93,112.6,3
2023-03-26 08:00:00,12,2023-03-26 20:00:00,379.97,117.2,3
2023-03-27 07:00:00,7,2023-03-27 14:00:00,379.85,102.1,3
2023-03-27 07:00:00,8,2023-03-27 15:00:00,379.85,101.8,3
2023-03-27 07:00:00,9,2023-03-27 16:00:00,379.87,104.1,3
2023-03-27 07:00:00,10,2023-03-27 17:00:00,379.85,101.6,3
2023-03-27 07:00:00,11,2023-03-27 18:00:00,379.82,98.5,3
2023-03-27 07:00:00,12,2023-03-27 19:00:00,379.81,96.4,3
2023-03-28 07:00:00,7,2023-03-28 14:00:00,379.71,83.8,3
2023-03-28 07:00:00,8,2023-03-28 15:00:00,379.7,83.3,3
2023-03-28 07:00:00,9,2023-03-28 16:00:00,379.7,82.6,3
2023-03-28 07:00:00,10,2023-03-28 17:00:00,379.69,81.8,3
2023-03-28 07:00:00,11,2023-03-28 18:00:00,379.68,80.8,3
2023-03-28 07:00:00,12,2023-03-28 19:00:00,379.68,80.8,3
2023-03-29 07:00:00,7,2023-03-29 14:00:00,379.7,82.9,3
2023-03-29 07:00:00,8,2023-03-29 15:00:00,379.71,84.5,3
2023-03-29 07:00:00,9,2023-03-29 16:00:00,379.73,86.0,3
2023-03-29 07:00:00,10,2023-03-29 17:00:00,379.73,86.4,3
2023-03-29 07:00:00,11,2023-03-29 18:00:00,379.73,86.6,3
2023-03-29 07:00:00,12,2023-03-29 19:00:00,379.75,88.9,3
2023-03-30 07:00:00,7,2023-03-30 14:00:00,379.65,77.0,3
2023-03-30 07:00:00,8,2023-03-30 15:00:00,379.65,76.2,3
2023-03-30 07:00:00,9,2023-03-30 16:00:00,379.63,74.6,3
2023-03-30 07:00:00,10,2023-03-30 17:00:00,379.63,74.2,3
2023-03-30 07:00:00,11,2023-03-30 18:00:00,379.65,76.9,3
2023-03-30 07:00:00,12,2023-03-30 19:00:00,379.66,77.8,3
2023-03-31 07:00:00,7,2023-03-31 14:00:00,379.94,113.9,3
2023-03-31 07:00:00,8,2023-03-31 15:00:00,379.99,120.4,3
2023-03-31 07:00:00,9,2023-03-31 16:00:00,380.0,121.8,3
2023-03-31 07:00:00,10,2023-03-31 17:00:00,379.98,118.8,3
2023-03-31 07:00:00,11,2023-03-31 18:00:00,379.94,114.2,3
2023-03-31 07:00:00,12,2023-03-31 19:00:00,379.98,119.4,3
2023-04-01 07:00:00,7,2023-04-01 14:00:00,380.09,133.9,3
2023-04-01 07:00:00,8,2023-04-01 15:00:00,380.08,133.3,3
2023-04-01 07:00:00,9,2023-04-01 16:00:00,380.08,132.4,3
2023-04-01 07:00:00,10,2023-04-01 17:00:00,380.07,131.8,3
2023-04-01 07:00:00,11,2023-04-01 18:00:00,380.08,132.3,3
2023-04-01 07:00:00,12,2023-04-01 19:00:00,380.06,130.5,3
2023-04-02 07:00:00,7,2023-04-02 14:00:00,379.92,110.5,3
2023-04-02 07:00:00,8,2023-04-02 15:00:00,379.89,106.9,3
2023-04-02 07:00:00,9,2023-04-02 16:00:00,379.89,106.5,3
2023-04-02 07:00:00,10,2023-04-02 17:00:00,379.88,106.1,3
2023-04-02 07:00:00,11,2023-04-02 18:00:00,379.88,105.3,3
2023-04-02 07:00:00,12,2023-04-02 19:00:00,379.87,104.8,3
2023-04-03 07:00:00,7,2023-04-03 14:00:00,379.83,98.9,3
2023-04-03 07:00:00,8,2023-04-03 15:00:00,379.83,98.7,3
2023-04-03 07:00:00,9,2023-04-03 16:00:00,379.82,97.6,3
2023-04-03 07:00:00,10,2023-04-03 17:00:00,379.81,96.0,3
2023-04-03 07:00:00,11,2023-04-03 18:00:00,379.8,95.1,3
2023-04-03 07:00:00,12,2023-04-03 19:00:00,379.79,94.0,3
2023-04-03 13:00:00,7,2023-04-03 20:00:00,379.83,98.9,3
2023-04-03 13:00:00,8,2023-04-03 21:00:00,379.82,97.7,3
2023-04-03 13:00:00,9,2023-04-03 22:00:00,379.85,102.3,3
2023-04-03 13:00:00,10,2023-04-03 23:00:00,379.86,103.5,3
2023-04-03 13:00:00,11,2023-04-04 00:00:00,379.83,99.6,3
2023-04-03 13:00:00,12,2023-04-04 01:00:00,379.81,97.2,3
2023-04-04 07:00:00,7,2023-04-04 14:00:00,379.73,86.4,3
2023-04-04 07:00:00,8,2023-04-04 15:00:00,379.73,86.2,3
2023-04-04 07:00:00,9,2023-04-04 16:00:00,379.72,85.7,3
2023-04-04 07:00:00,10,2023-04-04 17:00:00,379.72,85.7,3
2023-04-04 07:00:00,11,2023-04-04 18:00:00,379.72,84.8,3
2023-04-04 07:00:00,12,2023-04-04 19:00:00,379.7,82.8,3
2023-04-05 08:00:00,7,2023-04-05 15:00:00,379.62,72.8,3
2023-04-05 08:00:00,8,2023-04-05 16:00:00,379.62,72.8,3
2023-04-05 08:00:00,9,2023-04-05 17:00:00,379.61,72.2,3
2023-04-05 08:00:00,10,2023-04-05 18:00:00,379.61,71.5,3
2023-04-05 08:00:00,11,2023-04-05 19:00:00,379.59,70.2,3
2023-04-05 08:00:00,12,2023-04-05 20:00:00,379.59,69.6,3
2023-04-06 07:00:00,7,2023-04-06 14:00:00,379.6,71.0,3
2023-04-06 07:00:00,8,2023-04-06 15:00:00,379.59,70.1,3
2023-04-06 07:00:00,9,2023-04-06 16:00:00,379.58,68.5,3
2023-04-06 07:00:00,10,2023-04-06 17:00:00,379.55,65.1,3
2023-04-06 07:00:00,11,2023-04-06 18:00:00,379.55,65.1,3
2023-04-06 07:00:00,12,2023-04-06 19:00:00,379.55,65.4,3
2023-04-07 07:00:00,7,2023-04-07 14:00:00,379.53,62.8,3
2023-04-07 07:00:00,8,2023-04-07 15:00:00,379.53,63.2,3
2023-04-07 07:00:00,9,2023-04-07 16:00:00,379.53,62.1,3
2023-04-07 07:00:00,10,2023-04-07 17:00:00,379.5,59.1,3
2023-04-07 07:00:00,11,2023-04-07 18:00:00,379.51,59.9,3
2023-04-07 07:00:00,12,2023-04-07 19:00:00,379.52,62.0,3
2023-04-08 07:00:00,7,2023-04-08 14:00:00,379.52,61.9,3
2023-04-08 07:00:00,8,2023-04-08 15:00:00,379.49,58.6,3
2023-04-08 07:00:00,9,2023-04-08 16:00:00,379.47,56.0,3
2023-04-08 07:00:00,10,2023-04-08 17:00:00,379.49,57.5,3
2023-04-08 07:00:00,11,2023-04-08 18:00:00,379.49,57.9,3
2023-04-08 07:00:00,12,2023-04-08 19:00:00,379.47,55.3,3
2023-04-09 07:00:00,7,2023-04-09 14:00:00,379.48,56.5,3
2023-04-09 07:00:00,8,2023-04-09 15:00:00,379.46,54.3,3
2023-04-09 07:00:00,9,2023-04-09 16:00:00,379.44,52.9,3
2023-04-09 07:00:00,10,2023-04-09 17:00:00,379.44,52.6,3
2023-04-09 07:00:00,11,2023-04-09 18:00:00,379.45,53.1,3
2023-04-09 07:00:00,12,2023-04-09 19:00:00,379.42,50.4,3
2023-04-10 07:00:00,7,2023-04-10 14:00:00,379.46,54.4,3
2023-04-10 07:00:00,8,2023-04-10 15:00:00,379.45,53.6,3
2023-04-10 07:00:00,9,2023-04-10 16:00:00,379.44,52.5,3
2023-04-10 07:00:00,10,2023-04-10 17:00:00,379.43,51.7,3
2023-04-10 07:00:00,11,2023-04-10 18:00:00,379.44,52.7,3
2023-04-10 07:00:00,12,2023-04-10 19:00:00,379.43,51.0,3
2023-04-11 07:00:00,7,2023-04-11 14:00:00,379.54,64.1,3
2023-04-11 07:00:00,8,2023-04-11 15:00:00,379.57,67.2,3
2023-04-11 07:00:00,9,2023-04-11 16:00:00,379.65,77.4,3
2023-04-11 07:00:00,10,2023-04-11 17:00:00,379.7,83.0,3
2023-04-11 07:00:00,11,2023-04-11 18:00:00,379.72,85.8,3
2023-04-11 07:00:00,12,2023-04-11 19:00:00,379.7,82.8,3
2023-04-12 07:00:00,7,2023-04-12 14:00:00,379.58,68.5,3
2023-04-12 07:00:00,8,2023-04-12 15:00:00,379.6,70.5,3
2023-04-12 07:00:00,9,2023-04-12 16:00:00,379.58,69.1,3
2023-04-12 07:00:00,10,2023-04-12 17:00:00,379.58,67.9,3
2023-04-12 07:00:00,11,2023-04-12 18:00:00,379.55,64.7,3
2023-04-12 07:00:00,12,2023-04-12 19:00:00,379.56,65.8,3
2023-04-13 07:00:00,7,2023-04-13 14:00:00,379.82,98.3,3
2023-04-13 07:00:00,8,2023-04-13 15:00:00,379.79,94.1,3
2023-04-13 07:00:00,9,2023-04-13 16:00:00,379.78,93.0,3
2023-04-13 07:00:00,10,2023-04-13 17:00:00,379.73,87.1,3
2023-04-13 07:00:00,11,2023-04-13 18:00:00,379.71,84.7,3
2023-04-13 07:00:00,12,2023-04-13 19:00:00,379.7,83.0,3
2023-04-14 07:00:00,7,2023-04-14 14:00:00,379.63,74.8,3
2023-04-14 07:00:00,8,2023-04-14 15:00:00,379.62,73.6,3
2023-04-14 07:00:00,9,2023-04-14 16:00:00,379.61,71.8,3
2023-04-14 07:00:00,10,2023-04-14 17:00:00,379.62,73.3,3
2023-04-14 07:00:00,11,2023-04-14 18:00:00,379.61,72.2,3
2023-04-14 07:00:00,12,2023-04-14 19:00:00,379.59,69.3,3
2023-04-15 07:00:00,7,2023-04-15 14:00:00,379.75,89.4,3
2023-04-15 07:00:00,8,2023-04-15 15:00:00,379.79,93.7,3
2023-04-15 07:00:00,9,2023-04-15 16:00:00,379.85,101.4,3
2023-04-15 07:00:00,10,2023-04-15 17:00:00,379.91,109.0,3
2023-04-15 07:00:00,11,2023-04-15 18:00:00,379.95,114.4,3
2023-04-15 07:00:00,12,2023-04-15 19:00:00,379.97,117.6,3
2023-04-16 07:00:00,7,2023-04-16 14:00:00,379.65,76.2,3
2023-04-16 07:00:00,8,2023-04-16 15:00:00,379.62,73.0,3
2023-04-16 07:00:00,9,2023-04-16 16:00:00,379.61,71.6,3
2023-04-16 07:00:00,10,2023-04-16 17:00:00,379.61,71.9,3
2023-04-16 07:00:00,11,2023-04-16 18:00:00,379.6,70.9,3
2023-04-16 07:00:00,12,2023-04-16 19:00:00,379.6,70.9,3
2023-04-17 07:00:00,7,2023-04-17 14:00:00,379.57,67.8,3
2023-04-17 07:00:00,8,2023-04-17 15:00:00,379.56,65.6,3
2023-04-17 07:00:00,9,2023-04-17 16:00:00,379.55,64.8,3
2023-04-17 07:00:00,10,2023-04-17 17:00:00,379.56,65.6,3
2023-04-17 07:00:00,11,2023-04-17 18:00:00,379.55,64.4,3
2023-04-17 07:00:00,12,2023-04-17 19:00:00,379.55,64.5,3
2023-04-18 07:00:00,7,2023-04-18 14:00:00,379.55,65.5,3
2023-04-18 07:00:00,8,2023-04-18 15:00:00,379.55,65.4,3
2023-04-18 07:00:00,9,2023-04-18 16:00:00,379.55,64.8,3
2023-04-18 07:00:00,10,2023-04-18 17:00:00,379.54,64.3,3
2023-04-18 07:00:00,11,2023-04-18 18:00:00,379.54,64.0,3
2023-04-18 07:00:00,12,2023-04-18 19:00:00,379.54,63.5,3
2023-04-19 07:00:00,7,2023-04-19 14:00:00,379.51,60.9,3
2023-04-19 07:00:00,8,2023-04-19 15:00:00,379.52,61.0,3
2023-04-19 07:00:00,9,2023-04-19 16:00:00,379.51,60.1,3
2023-04-19 07:00:00,10,2023-04-19 17:00:00,379.5,59.3,3
2023-04-19 07:00:00,11,2023-04-19 18:00:00,379.5,58.9,3
2023-04-19 07:00:00,12,2023-04-19 19:00:00,379.49,58.2,3
2023-04-20 07:00:00,7,2023-04-20 14:00:00,379.53,62.1,3
2023-04-20 07:00:00,8,2023-04-20 15:00:00,379.54,63.5,3
2023-04-20 07:00:00,9,2023-04-20 16:00:00,379.55,65.3,3
2023-04-20 07:00:00,10,2023-04-20 17:00:00,379.56,66.2,3
2023-04-20 07:00:00,11,2023-04-20 18:00:00,379.58,68.4,3
2023-04-20 07:00:00,12,2023-04-20 19:00:00,379.61,71.8,3
2023-04-21 07:00:00,7,2023-04-21 14:00:00,379.66,77.9,3
2023-04-21 07:00:00,8,2023-04-21 15:00:00,379.65,76.5,3
2023-04-21 07:00:00,9,2023-04-21 16:00:00,379.64,75.4,3
2023-04-21 07:00:00,10,2023-04-21 17:00:00,379.63,74.6,3
2023-04-21 07:00:00,11,2023-04-21 18:00:00,379.62,73.8,3
2023-04-21 07:00:00,12,2023-04-21 19:00:00,379.61,72.3,3
2023-04-22 08:00:00,7,2023-04-22 15:00:00,379.56,66.6,3
2023-04-22 08:00:00,8,2023-04-22 16:00:00,379.56,65.8,3
2023-04-22 08:00:00,9,2023-04-22 17:00:00,379.55,65.2,3
2023-04-22 08:00:00,10,2023-04-22 18:00:00,379.55,64.8,3
2023-04-22 08:00:00,11,2023-04-22 19:00:00,379.54,64.2,3
2023-04-22 08:00:00,12,2023-04-22 20:00:00,379.54,63.5,3
2023-04-23 07:00:00,7,2023-04-23 14:00:00,379.62,73.2,3
2023-04-23 07:00:00,8,2023-04-23 15:00:00,379.63,74.9,3
2023-04-23 07:00:00,9,2023-04-23 16:00:00,379.63,74.4,3
2023-04-23 07:00:00,10,2023-04-23 17:00:00,379.62,72.9,3
2023-04-23 07:00:00,11,2023-04-23 18:00:00,379.61,71.5,3
2023-04-23 07:00:00,12,2023-04-23 19:00:00,379.59,70.2,3
2023-04-24 08:00:00,7,2023-04-24 15:00:00,380.16,144.2,3
2023-04-24 08:00:00,8,2023-04-24 16:00:00,380.11,137.0,3
2023-04-24 08:00:00,9,2023-04-24 17:00:00,380.06,129.8,3
2023-04-24 08:00:00,10,2023-04-24 18:00:00,380.01,123.1,3
2023-04-24 08:00:00,11,2023-04-24 19:00:00,379.97,118.1,3
2023-04-24 08:00:00,12,2023-04-24 20:00:00,379.96,115.9,3
2023-04-25 07:00:00,7,2023-04-25 14:00:00,379.89,107.1,3
2023-04-25 07:00:00,8,2023-04-25 15:00:00,379.9,108.1,3
2023-04-25 07:00:00,9,2023-04-25 16:00:00,379.91,109.1,3
2023-04-25 07:00:00,10,2023-04-25 17:00:00,379.9,107.9,3
2023-04-25 07:00:00,11,2023-04-25 18:00:00,379.89,106.6,3
2023-04-25 07:00:00,12,2023-04-25 19:00:00,379.87,104.7,3
2023-04-26 07:00:00,7,2023-04-26 14:00:00,379.71,84.7,3
2023-04-26 07:00:00,8,2023-04-26 15:00:00,379.71,83.8,3
2023-04-26 07:00:00,9,2023-04-26 16:00:00,379.7,82.8,3
2023-04-26 07:00:00,10,2023-04-26 17:00:00,379.69,82.0,3
2023-04-26 07:00:00,11,2023-04-26 18:00:00,379.68,80.9,3
2023-04-26 07:00:00,12,2023-04-26 19:00:00,379.67,79.7,3
2023-04-26 15:00:00,7,2023-04-26 22:00:00,379.69,81.2,3
2023-04-26 15:00:00,8,2023-04-26 23:00:00,379.68,80.6,3
2023-04-26 15:00:00,9,2023-04-27 00:00:00,379.68,80.6,3
2023-04-26 15:00:00,10,2023-04-27 01:00:00,379.68,80.8,3
2023-04-26 15:00:00,11,2023-04-27 02:00:00,379.68,80.4,3
2023-04-26 15:00:00,12,2023-04-27 03:00:00,379.68,80.0,3
2023-04-27 07:00:00,7,2023-04-27 14:00:00,379.62,72.6,3
2023-04-27 07:00:00,8,2023-04-27 15:00:00,379.61,71.9,3
2023-04-27 07:00:00,9,2023-04-27 16:00:00,379.6,71.3,3
2023-04-27 07:00:00,10,2023-04-27 17:00:00,379.6,70.7,3
2023-04-27 07:00:00,11,2023-04-27 18:00:00,379.59,69.9,3
2023-04-27 07:00:00,12,2023-04-27 19:00:00,379.58,69.0,3
2023-04-28 07:00:00,7,2023-04-28 14:00:00,379.6,71.3,3
2023-04-28 07:00:00,8,2023-04-28 15:00:00,379.61,71.6,3
2023-04-28 07:00:00,9,2023-04-28 16:00:00,379.61,71.6,3
2023-04-28 07:00:00,10,2023-04-28 17:00:00,379.61,72.2,3
2023-04-28 07:00:00,11,2023-04-28 18:00:00,379.61,72.4,3
2023-04-28 07:00:00,12,2023-04-28 19:00:00,379.61,72.5,3
2023-04-29 07:00:00,7,2023-04-29 14:00:00,380.46,189.7,3
2023-04-29 07:00:00,8,2023-04-29 15:00:00,380.41,182.2,3
2023-04-29 07:00:00,9,2023-04-29 16:00:00,380.34,171.6,3
2023-04-29 07:00:00,10,2023-04-29 17:00:00,380.32,167.6,3
2023-04-29 07:00:00,11,2023-04-29 18:00:00,380.32,167.9,3
2023-04-29 07:00:00,12,2023-04-29 19:00:00,380.28,161.6,3
2023-04-30 07:00:00,7,2023-04-30 14:00:00,380.03,126.3,3
2023-04-30 07:00:00,8,2023-04-30 15:00:00,380.02,124.3,3
2023-04-30 07:00:00,9,2023-04-30 16:00:00,380.01,123.0,3
2023-04-30 07:00:00,10,2023-04-30 17:00:00,380.0,121.9,3
2023-04-30 07:00:00,11,2023-04-30 18:00:00,379.99,120.7,3
2023-04-30 07:00:00,12,2023-04-30 19:00:00,380.02,123.9,3
2023-05-01 07:00:00,7,2023-05-01 14:00:00,380.03,126.4,3
2023-05-01 07:00:00,8,2023-05-01 15:00:00,380.01,123.3,3
2023-05-01 07:00:00,9,2023-05-01 16:00:00,380.04,127.7,3
2023-05-01 07:00:00,10,2023-05-01 17:00:00,380.08,132.7,3
2023-05-01 07:00:00,11,2023-05-01 18:00:00,380.14,141.8,3
2023-05-01 07:00:00,12,2023-05-01 19:00:00,380.23,154.5,3
2023-05-02 07:00:00,7,2023-05-02 14:00:00,379.94,113.8,3
2023-05-02 07:00:00,8,2023-05-02 15:00:00,379.93,111.9,3
2023-05-02 07:00:00,9,2023-05-02 16:00:00,379.91,109.9,3
2023-05-02 07:00:00,10,2023-05-02 17:00:00,379.9,108.6,3
2023-05-02 07:00:00,11,2023-05-02 18:00:00,379.89,107.4,3
2023-05-02 07:00:00,12,2023-05-02 19:00:00,379.88,106.2,3
2023-05-03 08:00:00,7,2023-05-03 15:00:00,379.88,105.0,3
2023-05-03 08:00:00,8,2023-05-03 16:00:00,379.86,102.6,3
2023-05-03 08:00:00,9,2023-05-03 17:00:00,379.85,101.3,3
2023-05-03 08:00:00,10,2023-05-03 18:00:00,379.84,100.2,3
2023-05-03 08:00:00,11,2023-05-03 19:00:00,379.83,99.0,3
2023-05-03 08:00:00,12,2023-05-03 20:00:00,379.82,98.3,3
2023-05-04 07:00:00,7,2023-05-04 14:00:00,379.93,111.9,3
2023-05-04 07:00:00,8,2023-05-04 15:00:00,379.87,104.7,3
2023-05-04 07:00:00,9,2023-05-04 16:00:00,379.85,101.7,3
2023-05-04 07:00:00,10,2023-05-04 17:00:00,379.84,100.9,3
2023-05-04 07:00:00,11,2023-05-04 18:00:00,379.84,100.3,3
2023-05-04 07:00:00,12,2023-05-04 19:00:00,379.83,99.6,3
2023-05-05 07:00:00,7,2023-05-05 14:00:00,379.91,109.3,3
2023-05-05 07:00:00,8,2023-05-05 15:00:00,379.89,106.5,3
2023-05-05 07:00:00,9,2023-05-05 16:00:00,379.88,105.4,3
2023-05-05 07:00:00,10,2023-05-05 17:00:00,379.88,105.1,3
2023-05-05 07:00:00,11,2023-05-05 18:00:00,379.87,104.5,3
2023-05-05 07:00:00,12,2023-05-05 19:00:00,379.87,103.7,3
2023-05-06 07:00:00,7,2023-05-06 14:00:00,379.94,113.1,3
2023-05-06 07:00:00,8,2023-05-06 15:00:00,379.92,110.7,3
2023-05-06 07:00:00,9,2023-05-06 16:00:00,379.91,109.9,3
2023-05-06 07:00:00,10,2023-05-06 17:00:00,379.91,109.2,3
2023-05-06 07:00:00,11,2023-05-06 18:00:00,379.9,108.7,3
2023-05-06 07:00:00,12,2023-05-06 19:00:00,379.9,107.7,3
2023-05-07 08:00:00,7,2023-05-07 15:00:00,380.01,122.8,3
2023-05-07 08:00:00,8,2023-05-07 16:00:00,380.01,122.6,3
2023-05-07 08:00:00,9,2023-05-07 17:00:00,380.01,122.6,3
2023-05-07 08:00:00,10,2023-05-07 18:00:00,380.01,123.5,3
2023-05-07 08:00:00,11,2023-05-07 19:00:00,380.04,126.6,3
2023-05-07 08:00:00,12,2023-05-07 20:00:00,380.06,129.4,3
2023-05-07 20:00:00,7,2023-05-08 03:00:00,380.23,154.3,3
2023-05-07 20:00:00,8,2023-05-08 04:00:00,380.21,150.7,3
2023-05-07 20:00:00,9,2023-05-08 05:00:00,380.12,139.0,3
2023-05-07 20:00:00,10,2023-05-08 06:00:00,380.11,136.4,3
2023-05-07 20:00:00,11,2023-05-08 07:00:00,380.08,132.6,3
2023-05-07 20:00:00,12,2023-05-08 08:00:00,380.09,134.5,3
2023-05-08 07:00:00,7,2023-05-08 14:00:00,380.11,136.3,3
2023-05-08 07:00:00,8,2023-05-08 15:00:00,380.09,134.5,3
2023-05-08 07:00:00,9,2023-05-08 16:00:00,380.08,132.5,3
2023-05-08 07:00:00,10,2023-05-08 17:00:00,380.08,132.2,3
2023-05-08 07:00:00,11,2023-05-08 18:00:00,380.08,132.1,3
2023-05-08 07:00:00,12,2023-05-08 19:00:00,380.06,130.6,3
2023-05-09 07:00:00,7,2023-05-09 14:00:00,380.01,122.9,3
2023-05-09 07:00:00,8,2023-05-09 15:00:00,380.0,121.6,3
2023-05-09 07:00:00,9,2023-05-09 16:00:00,380.0,121.0,3
2023-05-09 07:00:00,10,2023-05-09 17:00:00,380.0,122.1,3
2023-05-09 07:00:00,11,2023-05-09 18:00:00,380.02,124.0,3
2023-05-09 07:00:00,12,2023-05-09 19:00:00,380.02,124.9,3
2023-05-09 12:00:00,7,2023-05-09 19:00:00,380.05,127.9,3
2023-05-09 12:00:00,8,2023-05-09 20:00:00,380.06,129.5,3
2023-05-09 12:00:00,9,2023-05-09 21:00:00,380.04,126.7,3
2023-05-09 12:00:00,10,2023-05-09 22:00:00,380.1,135.7,3
2023-05-09 12:00:00,11,2023-05-09 23:00:00,380.18,147.2,3
2023-05-09 12:00:00,12,2023-05-10 00:00:00,380.44,186.8,3
2023-05-09 17:00:00,7,2023-05-10 00:00:00,380.45,188.7,3
2023-05-09 17:00:00,8,2023-05-10 01:00:00,380.71,231.7,3
2023-05-09 17:00:00,9,2023-05-10 02:00:00,380.82,251.8,3
2023-05-09 17:00:00,10,2023-05-10 03:00:00,380.97,278.7,3
2023-05-09 17:00:00,11,2023-05-10 04:00:00,381.1,304.9,3
2023-05-09 17:00:00,12,2023-05-10 05:00:00,381.21,326.3,3
2023-05-09 20:00:00,7,2023-05-10 03:00:00,381.02,289.6,3
2023-05-09 20:00:00,8,2023-05-10 04:00:00,381.09,303.6,3
2023-05-09 20:00:00,9,2023-05-10 05:00:00,381.16,317.5,3
2023-05-09 20:00:00,10,2023-05-10 06:00:00,381.17,318.8,3
2023-05-09 20:00:00,11,2023-05-10 07:00:00,381.12,309.3,3
2023-05-09 20:00:00,12,2023-05-10 08:00:00,381.05,295.1,3
2023-05-09 21:00:00,7,2023-05-10 04:00:00,381.09,303.6,3
2023-05-09 21:00:00,8,2023-05-10 05:00:00,381.16,317.5,3
2023-05-09 21:00:00,9,2023-05-10 06:00:00,381.17,318.8,3
2023-05-09 21:00:00,10,2023-05-10 07:00:00,381.12,309.3,3
2023-05-09 21:00:00,11,2023-05-10 08:00:00,381.05,295.1,3
2023-05-09 21:00:00,12,2023-05-10 09:00:00,380.98,281.0,3
2023-05-10 05:00:00,7,2023-05-10 12:00:00,380.8,246.9,3
2023-05-10 05:00:00,8,2023-05-10 13:00:00,380.74,236.2,3
2023-05-10 05:00:00,9,2023-05-10 14:00:00,380.68,226.5,3
2023-05-10 05:00:00,10,2023-05-10 15:00:00,380.64,219.3,3
2023-05-10 05:00:00,11,2023-05-10 16:00:00,380.6,212.4,3
2023-05-10 05:00:00,12,2023-05-10 17:00:00,380.56,206.9,3
2023-05-10 06:00:00,7,2023-05-10 13:00:00,380.74,236.2,3
2023-05-10 06:00:00,8,2023-05-10 14:00:00,380.68,226.5,3
2023-05-10 06:00:00,9,2023-05-10 15:00:00,380.64,219.3,3
2023-05-10 06:00:00,10,2023-05-10 16:00:00,380.6,212.4,3
2023-05-10 06:00:00,11,2023-05-10 17:00:00,380.56,206.9,3
2023-05-10 06:00:00,12,2023-05-10 18:00:00,380.5,196.9,3
2023-05-10 07:00:00,7,2023-05-10 14:00:00,380.8,248.6,3
2023-05-10 07:00:00,8,2023-05-10 15:00:00,380.77,242.2,3
2023-05-10 07:00:00,9,2023-05-10 16:00:00,380.71,231.7,3
2023-05-10 07:00:00,10,2023-05-10 17:00:00,380.67,225.0,3
2023-05-10 07:00:00,11,2023-05-10 18:00:00,380.62,215.4,3
2023-05-10 07:00:00,12,2023-05-10 19:00:00,380.56,205.8,3
2023-05-10 10:00:00,7,2023-05-10 17:00:00,380.67,225.0,3
2023-05-10 10:00:00,8,2023-05-10 18:00:00,380.62,215.4,3
2023-05-10 10:00:00,9,2023-05-10 19:00:00,380.56,205.8,3
2023-05-10 10:00:00,10,2023-05-10 20:00:00,380.49,195.4,3
2023-05-10 10:00:00,11,2023-05-10 21:00:00,380.46,189.1,3
2023-05-10 10:00:00,12,2023-05-10 22:00:00,380.4,180.9,3
2023-05-10 11:00:00,7,2023-05-10 18:00:00,380.4,179.6,3
2023-05-10 11:00:00,8,2023-05-10 19:00:00,380.33,170.1,3
2023-05-10 11:00:00,9,2023-05-10 20:00:00,380.25,157.8,3
2023-05-10 11:00:00,10,2023-05-10 21:00:00,380.21,152.1,3
2023-05-10 11:00:00,11,2023-05-10 22:00:00,380.22,152.2,3
2023-05-10 11:00:00,12,2023-05-10 23:00:00,380.18,146.8,3
2023-05-10 13:00:00,7,2023-05-10 20:00:00,380.44,186.2,3
2023-05-10 13:00:00,8,2023-05-10 21:00:00,380.38,176.4,3
2023-05-10 13:00:00,9,2023-05-10 22:00:00,380.29,163.2,3
2023-05-10 13:00:00,10,2023-05-10 23:00:00,380.26,159.1,3
2023-05-10 13:00:00,11,2023-05-11 00:00:00,380.27,160.8,3
2023-05-10 13:00:00,12,2023-05-11 01:00:00,380.25,157.8,3
2023-05-10 14:00:00,7,2023-05-10 21:00:00,380.38,176.4,3
2023-05-10 14:00:00,8,2023-05-10 22:00:00,380.29,163.2,3
2023-05-10 14:00:00,9,2023-05-10 23:00:00,380.26,159.1,3
2023-05-10 14:00:00,10,2023-05-11 00:00:00,380.27,160.8,3
2023-05-10 14:00:00,11,2023-05-11 01:00:00,380.25,157.8,3
2023-05-10 14:00:00,12,2023-05-11 02:00:00,380.23,154.4,3
2023-05-10 17:00:00,7,2023-05-11 00:00:00,380.34,171.0,3
2023-05-10 17:00:00,8,2023-05-11 01:00:00,380.25,156.6,3
2023-05-10 17:00:00,9,2023-05-11 02:00:00,380.22,152.7,3
2023-05-10 17:00:00,10,2023-05-11 03:00:00,380.24,156.2,3
2023-05-10 17:00:00,11,2023-05-11 04:00:00,380.23,153.7,3
2023-05-10 17:00:00,12,2023-05-11 05:00:00,380.21,151.1,3
2023-05-10 21:00:00,7,2023-05-11 04:00:00,380.37,175.0,3
2023-05-10 21:00:00,8,2023-05-11 05:00:00,380.29,164.0,3
2023-05-10 21:00:00,9,2023-05-11 06:00:00,380.28,161.2,3
2023-05-10 21:00:00,10,2023-05-11 07:00:00,380.26,158.5,3
2023-05-10 21:00:00,11,2023-05-11 08:00:00,380.27,160.7,3
2023-05-10 21:00:00,12,2023-05-11 09:00:00,380.26,158.8,3
2023-05-11 06:00:00,7,2023-05-11 13:00:00,380.18,146.9,3
2023-05-11 06:00:00,8,2023-05-11 14:00:00,380.13,139.4,3
2023-05-11 06:00:00,9,2023-05-11 15:00:00,380.12,138.9,3
2023-05-11 06:00:00,10,2023-05-11 16:00:00,380.12,137.8,3
2023-05-11 06:00:00,11,2023-05-11 17:00:00,380.12,138.8,3
2023-05-11 06:00:00,12,2023-05-11 18:00:00,380.12,137.7,3
2023-05-11 08:00:00,7,2023-05-11 15:00:00,380.12,138.9,3
2023-05-11 08:00:00,8,2023-05-11 16:00:00,380.12,137.8,3
2023-05-11 08:00:00,9,2023-05-11 17:00:00,380.12,138.8,3
2023-05-11 08:00:00,10,2023-05-11 18:00:00,380.12,137.7,3
2023-05-11 08:00:00,11,2023-05-11 19:00:00,380.1,135.4,3
2023-05-11 08:00:00,12,2023-05-11 20:00:00,380.08,133.1,3
2023-05-11 14:00:00,7,2023-05-11 21:00:00,380.14,141.7,3
2023-05-11 14:00:00,8,2023-05-11 22:00:00,380.15,142.7,3
2023-05-11 14:00:00,9,2023-05-11 23:00:00,380.12,138.6,3
2023-05-11 14:00:00,10,2023-05-12 00:00:00,380.14,140.6,3
2023-05-11 14:00:00,11,2023-05-12 01:00:00,380.13,140.4,3
2023-05-11 14:00:00,12,2023-05-12 02:00:00,380.15,142.9,3
2023-05-11 15:00:00,7,2023-05-11 22:00:00,380.15,142.7,3
2023-05-11 15:00:00,8,2023-05-11 23:00:00,380.12,138.6,3
2023-05-11 15:00:00,9,2023-05-12 00:00:00,380.14,140.6,3
2023-05-11 15:00:00,10,2023-05-12 01:00:00,380.13,140.4,3
2023-05-11 15:00:00,11,2023-05-12 02:00:00,380.15,142.9,3
2023-05-11 15:00:00,12,2023-05-12 03:00:00,380.16,143.9,3
2023-05-11 16:00:00,7,2023-05-11 23:00:00,380.16,143.7,3
2023-05-11 16:00:00,8,2023-05-12 00:00:00,380.18,146.4,3
2023-05-11 16:00:00,9,2023-05-12 01:00:00,380.19,148.2,3
2023-05-11 16:00:00,10,2023-05-12 02:00:00,380.17,146.2,3
2023-05-11 16:00:00,11,2023-05-12 03:00:00,380.15,143.4,3
2023-05-11 16:00:00,12,2023-05-12 04:00:00,380.14,141.3,3
2023-05-11 19:00:00,7,2023-05-12 02:00:00,380.17,146.2,3
2023-05-11 19:00:00,8,2023-05-12 03:00:00,380.15,143.4,3
2023-05-11 19:00:00,9,2023-05-12 04:00:00,380.14,141.3,3
2023-05-11 19:00:00,10,2023-05-12 05:00:00,380.13,139.9,3
2023-05-11 19:00:00,11,2023-05-12 06:00:00,380.13,139.2,3
2023-05-11 19:00:00,12,2023-05-12 07:00:00,380.11,136.5,3
2023-05-12 07:00:00,7,2023-05-12 14:00:00,379.97,117.1,3
2023-05-12 07:00:00,8,2023-05-12 15:00:00,379.94,112.9,3
2023-05-12 07:00:00,9,2023-05-12 16:00:00,379.93,112.2,3
2023-05-12 07:00:00,10,2023-05-12 17:00:00,379.92,111.0,3
2023-05-12 07:00:00,11,2023-05-12 18:00:00,379.91,110.0,3
2023-05-12 07:00:00,12,2023-05-12 19:00:00,379.92,110.3,3
2023-05-12 17:00:00,7,2023-05-13 00:00:00,380.02,123.9,3
2023-05-12 17:00:00,8,2023-05-13 01:00:00,380.02,125.1,3
2023-05-12 17:00:00,9,2023-05-13 02:00:00,380.02,124.7,3
2023-05-12 17:00:00,10,2023-05-13 03:00:00,380.0,121.4,3
2023-05-12 17:00:00,11,2023-05-13 04:00:00,380.01,122.4,3
2023-05-12 17:00:00,12,2023-05-13 05:00:00,380.01,122.6,3
2023-05-13 07:00:00,7,2023-05-13 14:00:00,379.91,110.1,3
2023-05-13 07:00:00,8,2023-05-13 15:00:00,379.88,105.5,3
2023-05-13 07:00:00,9,2023-05-13 16:00:00,379.87,104.4,3
2023-05-13 07:00:00,10,2023-05-13 17:00:00,379.88,105.2,3
2023-05-13 07:00:00,11,2023-05-13 18:00:00,379.89,106.6,3
2023-05-13 07:00:00,12,2023-05-13 19:00:00,379.91,109.1,3
2023-05-13 16:00:00,7,2023-05-13 23:00:00,380.21,151.6,3
2023-05-13 16:00:00,8,2023-05-14 00:00:00,380.2,149.8,3
2023-05-13 16:00:00,9,2023-05-14 01:00:00,380.17,145.3,3
2023-05-13 16:00:00,10,2023-05-14 02:00:00,380.14,141.4,3
2023-05-13 16:00:00,11,2023-05-14 03:00:00,380.1,135.1,3
2023-05-13 16:00:00,12,2023-05-14 04:00:00,380.05,128.0,3
2023-05-14 07:00:00,7,2023-05-14 14:00:00,379.92,111.5,3
2023-05-14 07:00:00,8,2023-05-14 15:00:00,379.93,111.9,3
2023-05-14 07:00:00,9,2023-05-14 16:00:00,379.91,109.6,3
2023-05-14 07:00:00,10,2023-05-14 17:00:00,379.91,109.5,3
2023-05-14 07:00:00,11,2023-05-14 18:00:00,379.91,109.7,3
2023-05-14 07:00:00,12,2023-05-14 19:00:00,379.92,111.0,3
2023-05-14 11:00:00,7,2023-05-14 18:00:00,379.92,110.8,3
2023-05-14 11:00:00,8,2023-05-14 19:00:00,379.93,112.3,3
2023-05-14 11:00:00,9,2023-05-14 20:00:00,379.95,114.9,3
2023-05-14 11:00:00,10,2023-05-14 21:00:00,379.95,115.3,3
2023-05-14 11:00:00,11,2023-05-14 22:00:00,379.94,114.0,3
2023-05-14 11:00:00,12,2023-05-14 23:00:00,379.91,109.2,3
2023-05-15 07:00:00,7,2023-05-15 14:00:00,379.92,111.5,3
2023-05-15 07:00:00,8,2023-05-15 15:00:00,379.87,104.8,3
2023-05-15 07:00:00,9,2023-05-15 16:00:00,379.86,103.3,3
2023-05-15 07:00:00,10,2023-05-15 17:00:00,379.85,102.2,3
2023-05-15 07:00:00,11,2023-05-15 18:00:00,379.84,101.0,3
2023-05-15 07:00:00,12,2023-05-15 19:00:00,379.84,100.2,3
2023-05-16 12:00:00,7,2023-05-16 19:00:00,379.86,102.9,3
2023-05-16 12:00:00,8,2023-05-16 20:00:00,379.86,103.1,3
2023-05-16 12:00:00,9,2023-05-16 21:00:00,379.88,105.3,3
2023-05-16 12:00:00,10,2023-05-16 22:00:00,379.85,101.2,3
2023-05-16 12:00:00,11,2023-05-16 23:00:00,379.83,99.6,3
2023-05-16 12:00:00,12,2023-05-17 00:00:00,379.84,100.6,3
2023-05-16 17:00:00,7,2023-05-17 00:00:00,379.86,103.5,3
2023-05-16 17:00:00,8,2023-05-17 01:00:00,379.87,104.9,3
2023-05-16 17:00:00,9,2023-05-17 02:00:00,379.88,106.3,3
2023-05-16 17:00:00,10,2023-05-17 03:00:00,379.89,106.8,3
2023-05-16 17:00:00,11,2023-05-17 04:00:00,379.89,106.5,3
2023-05-16 17:00:00,12,2023-05-17 05:00:00,379.89,107.1,3
2023-05-16 21:00:00,7,2023-05-17 04:00:00,379.85,101.7,3
2023-05-16 21:00:00,8,2023-05-17 05:00:00,379.86,102.8,3
2023-05-16 21:00:00,9,2023-05-17 06:00:00,379.86,102.7,3
2023-05-16 21:00:00,10,2023-05-17 07:00:00,379.85,102.0,3
2023-05-16 21:00:00,11,2023-05-17 08:00:00,379.83,99.4,3
2023-05-16 21:00:00,12,2023-05-17 09:00:00,379.82,97.6,3
2023-05-17 07:00:00,7,2023-05-17 14:00:00,379.82,98.5,3
2023-05-17 07:00:00,8,2023-05-17 15:00:00,379.8,95.0,3
2023-05-17 07:00:00,9,2023-05-17 16:00:00,379.78,93.0,3
2023-05-17 07:00:00,10,2023-05-17 17:00:00,379.78,92.5,3
2023-05-17 07:00:00,11,2023-05-17 18:00:00,379.77,91.6,3
2023-05-17 07:00:00,12,2023-05-17 19:00:00,379.76,90.8,3
2023-05-17 17:00:00,7,2023-05-18 00:00:00,379.75,88.8,3
2023-05-17 17:00:00,8,2023-05-18 01:00:00,379.74,88.3,3
2023-05-17 17:00:00,9,2023-05-18 02:00:00,379.75,88.8,3
2023-05-17 17:00:00,10,2023-05-18 03:00:00,379.75,88.5,3
2023-05-17 17:00:00,11,2023-05-18 04:00:00,379.74,88.2,3
2023-05-17 17:00:00,12,2023-05-18 05:00:00,379.74,87.9,3
2023-05-18 07:00:00,7,2023-05-18 14:00:00,379.72,84.9,3
2023-05-18 07:00:00,8,2023-05-18 15:00:00,379.71,84.7,3
2023-05-18 07:00:00,9,2023-05-18 16:00:00,379.71,84.2,3
2023-05-18 07:00:00,10,2023-05-18 17:00:00,379.71,83.9,3
2023-05-18 07:00:00,11,2023-05-18 18:00:00,379.71,83.7,3
2023-05-18 07:00:00,12,2023-05-18 19:00:00,379.7,83.2,3
2023-05-19 07:00:00,7,2023-05-19 14:00:00,379.72,85.1,3
2023-05-19 07:00:00,8,2023-05-19 15:00:00,379.74,87.9,3
2023-05-19 07:00:00,9,2023-05-19 16:00:00,379.72,85.1,3
2023-05-19 07:00:00,10,2023-05-19 17:00:00,379.7,83.3,3
2023-05-19 07:00:00,11,2023-05-19 18:00:00,379.7,82.9,3
2023-05-19 07:00:00,12,2023-05-19 19:00:00,379.71,83.6,3
2023-05-19 09:00:00,7,2023-05-19 16:00:00,379.72,85.1,3
2023-05-19 09:00:00,8,2023-05-19 17:00:00,379.7,83.3,3
2023-05-19 09:00:00,9,2023-05-19 18:00:00,379.7,82.9,3
2023-05-19 09:00:00,10,2023-05-19 19:00:00,379.71,83.6,3
2023-05-19 09:00:00,11,2023-05-19 20:00:00,379.71,84.2,3
2023-05-19 09:00:00,12,2023-05-19 21:00:00,379.72,84.9,3
2023-05-19 22:00:00,7,2023-05-20 05:00:00,379.73,86.2,3
2023-05-19 22:00:00,8,2023-05-20 06:00:00,379.73,87.2,3
2023-05-19 22:00:00,9,2023-05-20 07:00:00,379.71,83.8,3
2023-05-19 22:00:00,10,2023-05-20 08:00:00,379.72,85.9,3
2023-05-19 22:00:00,11,2023-05-20 09:00:00,379.73,86.4,3
2023-05-19 22:00:00,12,2023-05-20 10:00:00,379.69,82.0,3
2023-05-20 07:00:00,7,2023-05-20 14:00:00,379.77,91.3,3
2023-05-20 07:00:00,8,2023-05-20 15:00:00,379.76,90.2,3
2023-05-20 07:00:00,9,2023-05-20 16:00:00,379.73,86.0,3
2023-05-20 07:00:00,10,2023-05-20 17:00:00,379.71,84.2,3
2023-05-20 07:00:00,11,2023-05-20 18:00:00,379.71,84.3,3
2023-05-20 07:00:00,12,2023-05-20 19:00:00,379.71,84.6,3
2023-05-20 10:00:00,7,2023-05-20 17:00:00,379.71,84.2,3
2023-05-20 10:00:00,8,2023-05-20 18:00:00,379.71,84.3,3
2023-05-20 10:00:00,9,2023-05-20 19:00:00,379.71,84.6,3
2023-05-20 10:00:00,10,2023-05-20 20:00:00,379.71,84.5,3
2023-05-20 10:00:00,11,2023-05-20 21:00:00,379.72,85.0,3
2023-05-20 10:00:00,12,2023-05-20 22:00:00,379.72,85.8,3
2023-05-20 22:00:00,7,2023-05-21 05:00:00,379.73,87.1,3
2023-05-20 22:00:00,8,2023-05-21 06:00:00,379.77,91.6,3
2023-05-20 22:00:00,9,2023-05-21 07:00:00,379.76,90.8,3
2023-05-20 22:00:00,10,2023-05-21 08:00:00,379.76,89.7,3
2023-05-20 22:00:00,11,2023-05-21 09:00:00,379.75,89.5,3
2023-05-20 22:00:00,12,2023-05-21 10:00:00,379.73,86.3,3
2023-05-21 07:00:00,7,2023-05-21 14:00:00,379.79,94.3,3
2023-05-21 07:00:00,8,2023-05-21 15:00:00,379.78,93.3,3
2023-05-21 07:00:00,9,2023-05-21 16:00:00,379.74,88.1,3
2023-05-21 07:00:00,10,2023-05-21 17:00:00,379.74,87.8,3
2023-05-21 07:00:00,11,2023-05-21 18:00:00,379.74,87.5,3
2023-05-21 07:00:00,12,2023-05-21 19:00:00,379.74,87.9,3
2023-05-21 14:00:00,7,2023-05-21 21:00:00,379.67,78.8,3
2023-05-21 14:00:00,8,2023-05-21 22:00:00,379.68,79.8,3
2023-05-21 14:00:00,9,2023-05-21 23:00:00,379.69,81.1,3
2023-05-21 14:00:00,10,2023-05-22 00:00:00,379.69,81.7,3
2023-05-21 14:00:00,11,2023-05-22 01:00:00,379.68,80.1,3
2023-05-21 14:00:00,12,2023-05-22 02:00:00,379.68,80.2,3
2023-05-21 21:00:00,7,2023-05-22 04:00:00,379.83,99.8,3
2023-05-21 21:00:00,8,2023-05-22 05:00:00,379.85,101.5,3
2023-05-21 21:00:00,9,2023-05-22 06:00:00,379.86,102.9,3
2023-05-21 21:00:00,10,2023-05-22 07:00:00,379.79,94.4,3
2023-05-21 21:00:00,11,2023-05-22 08:00:00,379.78,93.2,3
2023-05-21 21:00:00,12,2023-05-22 09:00:00,379.78,92.8,3
2023-05-22 07:00:00,7,2023-05-22 14:00:00,379.88,106.0,3
2023-05-22 07:00:00,8,2023-05-22 15:00:00,379.83,98.6,3
2023-05-22 07:00:00,9,2023-05-22 16:00:00,379.8,95.3,3
2023-05-22 07:00:00,10,2023-05-22 17:00:00,379.79,94.2,3
2023-05-22 07:00:00,11,2023-05-22 18:00:00,379.79,94.0,3
2023-05-22 07:00:00,12,2023-05-22 19:00:00,379.79,94.0,3
2023-05-22 10:00:00,7,2023-05-22 17:00:00,379.79,94.2,3
2023-05-22 10:00:00,8,2023-05-22 18:00:00,379.79,94.0,3
2023-05-22 10:00:00,9,2023-05-22 19:00:00,379.79,94.0,3
2023-05-22 10:00:00,10,2023-05-22 20:00:00,379.8,95.2,3
2023-05-22 10:00:00,11,2023-05-22 21:00:00,379.81,96.3,3
2023-05-22 10:00:00,12,2023-05-22 22:00:00,379.82,97.3,3
2023-05-23 08:00:00,7,2023-05-23 15:00:00,379.86,103.0,3
2023-05-23 08:00:00,8,2023-05-23 16:00:00,379.85,102.0,3
2023-05-23 08:00:00,9,2023-05-23 17:00:00,379.85,101.4,3
2023-05-23 08:00:00,10,2023-05-23 18:00:00,379.84,101.1,3
2023-05-23 08:00:00,11,2023-05-23 19:00:00,379.86,102.9,3
2023-05-23 08:00:00,12,2023-05-23 20:00:00,379.86,102.8,3
2023-05-24 07:00:00,7,2023-05-24 14:00:00,379.96,116.7,3
2023-05-24 07:00:00,8,2023-05-24 15:00:00,379.95,114.9,3
2023-05-24 07:00:00,9,2023-05-24 16:00:00,379.96,116.0,3
2023-05-24 07:00:00,10,2023-05-24 17:00:00,379.97,117.1,3
2023-05-24 07:00:00,11,2023-05-24 18:00:00,379.97,117.0,3
2023-05-24 07:00:00,12,2023-05-24 19:00:00,379.97,117.3,3
2023-05-24 15:00:00,7,2023-05-24 22:00:00,379.9,108.6,3
2023-05-24 15:00:00,8,2023-05-24 23:00:00,379.87,104.6,3
2023-05-24 15:00:00,9,2023-05-25 00:00:00,379.88,105.5,3
2023-05-24 15:00:00,10,2023-05-25 01:00:00,379.91,110.0,3
2023-05-24 15:00:00,11,2023-05-25 02:00:00,379.94,114.1,3
2023-05-24 15:00:00,12,2023-05-25 03:00:00,379.95,114.5,3
2023-05-25 07:00:00,7,2023-05-25 14:00:00,379.96,116.2,3
2023-05-25 07:00:00,8,2023-05-25 15:00:00,379.95,115.3,3
2023-05-25 07:00:00,9,2023-05-25 16:00:00,379.95,115.4,3
2023-05-25 07:00:00,10,2023-05-25 17:00:00,379.97,117.7,3
2023-05-25 07:00:00,11,2023-05-25 18:00:00,379.98,119.4,3
2023-05-25 07:00:00,12,2023-05-25 19:00:00,379.98,118.4,3
2023-05-26 07:00:00,7,2023-05-26 14:00:00,379.88,105.3,3
2023-05-26 07:00:00,8,2023-05-26 15:00:00,379.86,103.0,3
2023-05-26 07:00:00,9,2023-05-26 16:00:00,379.85,102.1,3
2023-05-26 07:00:00,10,2023-05-26 17:00:00,379.85,102.1,3
2023-05-26 07:00:00,11,2023-05-26 18:00:00,379.86,103.5,3
2023-05-26 07:00:00,12,2023-05-26 19:00:00,379.86,102.6,3
2023-05-27 08:00:00,7,2023-05-27 15:00:00,379.89,106.4,3
2023-05-27 08:00:00,8,2023-05-27 16:00:00,379.87,104.7,3
2023-05-27 08:00:00,9,2023-05-27 17:00:00,379.88,106.1,3
2023-05-27 08:00:00,10,2023-05-27 18:00:00,379.9,107.7,3
2023-05-27 08:00:00,11,2023-05-27 19:00:00,379.89,106.8,3
2023-05-27 08:00:00,12,2023-05-27 20:00:00,379.89,106.5,3
2023-05-28 07:00:00,7,2023-05-28 14:00:00,379.94,113.1,3
2023-05-28 07:00:00,8,2023-05-28 15:00:00,379.93,111.8,3
2023-05-28 07:00:00,9,2023-05-28 16:00:00,379.92,110.6,3
2023-05-28 07:00:00,10,2023-05-28 17:00:00,379.95,115.2,3
2023-05-28 07:00:00,11,2023-05-28 18:00:00,379.96,116.1,3
2023-05-28 07:00:00,12,2023-05-28 19:00:00,379.95,115.4,3
2023-05-29 07:00:00,7,2023-05-29 14:00:00,379.92,110.5,3
2023-05-29 07:00:00,8,2023-05-29 15:00:00,379.91,109.1,3
2023-05-29 07:00:00,9,2023-05-29 16:00:00,379.89,107.4,3
2023-05-29 07:00:00,10,2023-05-29 17:00:00,379.92,111.4,3
2023-05-29 07:00:00,11,2023-05-29 18:00:00,379.93,111.8,3
2023-05-29 07:00:00,12,2023-05-29 19:00:00,379.92,110.5,3
2023-05-30 07:00:00,7,2023-05-30 14:00:00,379.93,111.6,3
2023-05-30 07:00:00,8,2023-05-30 15:00:00,379.91,109.9,3
2023-05-30 07:00:00,9,2023-05-30 16:00:00,379.95,114.6,3
2023-05-30 07:00:00,10,2023-05-30 17:00:00,379.95,114.7,3
2023-05-30 07:00:00,11,2023-05-30 18:00:00,379.94,113.6,3
2023-05-30 07:00:00,12,2023-05-30 19:00:00,379.94,113.1,3
2023-05-31 07:00:00,7,2023-05-31 14:00:00,379.9,108.8,3
2023-05-31 07:00:00,8,2023-05-31 15:00:00,379.89,106.7,3
2023-05-31 07:00:00,9,2023-05-31 16:00:00,379.93,112.8,3
2023-05-31 07:00:00,10,2023-05-31 17:00:00,379.94,113.6,3
2023-05-31 07:00:00,11,2023-05-31 18:00:00,379.94,113.6,3
2023-05-31 07:00:00,12,2023-05-31 19:00:00,379.94,113.3,3
2023-06-01 07:00:00,7,2023-06-01 14:00:00,379.83,99.5,3
2023-06-01 07:00:00,8,2023-06-01 15:00:00,379.82,97.5,3
2023-06-01 07:00:00,9,2023-06-01 16:00:00,379.81,96.2,3
2023-06-01 07:00:00,10,2023-06-01 17:00:00,379.82,97.8,3
2023-06-01 07:00:00,11,2023-06-01 18:00:00,379.83,98.8,3
2023-06-01 07:00:00,12,2023-06-01 19:00:00,379.82,98.0,3
2023-06-02 07:00:00,7,2023-06-02 14:00:00,379.87,104.2,3
2023-06-02 07:00:00,8,2023-06-02 15:00:00,379.86,102.6,3
2023-06-02 07:00:00,9,2023-06-02 16:00:00,379.84,101.0,3
2023-06-02 07:00:00,10,2023-06-02 17:00:00,379.88,105.6,3
2023-06-02 07:00:00,11,2023-06-02 18:00:00,379.89,106.6,3
2023-06-02 07:00:00,12,2023-06-02 19:00:00,379.88,105.9,3
2023-06-03 07:00:00,7,2023-06-03 14:00:00,379.91,109.2,3
2023-06-03 07:00:00,8,2023-06-03 15:00:00,379.89,107.2,3
2023-06-03 07:00:00,9,2023-06-03 16:00:00,379.96,116.5,3
2023-06-03 07:00:00,10,2023-06-03 17:00:00,379.95,115.0,3
2023-06-03 07:00:00,11,2023-06-03 18:00:00,379.94,113.9,3
2023-06-03 07:00:00,12,2023-06-03 19:00:00,379.94,113.6,3
2023-06-04 08:00:00,7,2023-06-04 15:00:00,380.02,124.9,3
2023-06-04 08:00:00,8,2023-06-04 16:00:00,380.08,132.6,3
2023-06-04 08:00:00,9,2023-06-04 17:00:00,380.07,131.8,3
2023-06-04 08:00:00,10,2023-06-04 18:00:00,380.07,131.6,3
2023-06-04 08:00:00,11,2023-06-04 19:00:00,380.07,132.0,3
2023-06-04 08:00:00,12,2023-06-04 20:00:00,380.09,133.8,3
2023-06-05 08:00:00,7,2023-06-05 15:00:00,380.03,125.4,3
2023-06-05 08:00:00,8,2023-06-05 16:00:00,380.06,129.3,3
2023-06-05 08:00:00,9,2023-06-05 17:00:00,380.05,129.1,3
2023-06-05 08:00:00,10,2023-06-05 18:00:00,380.04,127.2,3
2023-06-05 08:00:00,11,2023-06-05 19:00:00,380.03,125.7,3
2023-06-05 08:00:00,12,2023-06-05 20:00:00,380.02,124.5,3
2023-06-05 14:00:00,7,2023-06-05 21:00:00,379.85,101.9,3
2023-06-05 14:00:00,8,2023-06-05 22:00:00,379.87,104.6,3
2023-06-05 14:00:00,9,2023-06-05 23:00:00,379.9,108.8,3
2023-06-05 14:00:00,10,2023-06-06 00:00:00,379.97,117.1,3
2023-06-05 14:00:00,11,2023-06-06 01:00:00,379.99,120.4,3
2023-06-05 14:00:00,12,2023-06-06 02:00:00,380.0,121.6,3
2023-06-06 07:00:00,7,2023-06-06 14:00:00,379.84,100.9,3
2023-06-06 07:00:00,8,2023-06-06 15:00:00,379.83,99.0,3
2023-06-06 07:00:00,9,2023-06-06 16:00:00,379.87,103.9,3
2023-06-06 07:00:00,10,2023-06-06 17:00:00,379.87,103.9,3
2023-06-06 07:00:00,11,2023-06-06 18:00:00,379.86,102.8,3
2023-06-06 07:00:00,12,2023-06-06 19:00:00,379.84,101.0,3
2023-06-07 07:00:00,7,2023-06-07 14:00:00,379.84,100.1,3
2023-06-07 07:00:00,8,2023-06-07 15:00:00,379.83,98.6,3
2023-06-07 07:00:00,9,2023-06-07 16:00:00,379.86,103.6,3
2023-06-07 07:00:00,10,2023-06-07 17:00:00,379.87,104.0,3
2023-06-07 07:00:00,11,2023-06-07 18:00:00,379.86,103.1,3
2023-06-07 07:00:00,12,2023-06-07 19:00:00,379.85,101.9,3
2023-06-08 07:00:00,7,2023-06-08 14:00:00,379.89,106.5,3
2023-06-08 07:00:00,8,2023-06-08 15:00:00,379.88,105.7,3
2023-06-08 07:00:00,9,2023-06-08 16:00:00,379.92,110.6,3
2023-06-08 07:00:00,10,2023-06-08 17:00:00,379.9,108.9,3
2023-06-08 07:00:00,11,2023-06-08 18:00:00,379.89,107.4,3
2023-06-08 07:00:00,12,2023-06-08 19:00:00,379.89,106.7,3
2023-06-09 07:00:00,7,2023-06-09 14:00:00,379.92,110.8,3
2023-06-09 07:00:00,8,2023-06-09 15:00:00,379.91,109.3,3
2023-06-09 07:00:00,9,2023-06-09 16:00:00,379.97,118.0,3
2023-06-09 07:00:00,10,2023-06-09 17:00:00,379.96,116.2,3
2023-06-09 07:00:00,11,2023-06-09 18:00:00,379.95,114.6,3
2023-06-09 07:00:00,12,2023-06-09 19:00:00,379.94,113.4,3
2023-06-10 07:00:00,7,2023-06-10 14:00:00,380.06,129.7,3
2023-06-10 07:00:00,8,2023-06-10 15:00:00,380.1,135.0,3
2023-06-10 07:00:00,9,2023-06-10 16:00:00,380.17,145.9,3
2023-06-10 07:00:00,10,2023-06-10 17:00:00,380.15,143.2,3
2023-06-10 07:00:00,11,2023-06-10 18:00:00,380.12,138.7,3
2023-06-10 07:00:00,12,2023-06-10 19:00:00,380.09,134.0,3
2023-06-11 07:00:00,7,2023-06-11 14:00:00,379.95,115.4,3
2023-06-11 07:00:00,8,2023-06-11 15:00:00,379.95,115.0,3
2023-06-11 07:00:00,9,2023-06-11 16:00:00,380.03,126.2,3
2023-06-11 07:00:00,10,2023-06-11 17:00:00,380.02,124.2,3
2023-06-11 07:00:00,11,2023-06-11 18:00:00,380.0,122.4,3
2023-06-11 07:00:00,12,2023-06-11 19:00:00,379.99,120.6,3
2023-06-12 07:00:00,7,2023-06-12 14:00:00,380.09,134.6,3
2023-06-12 07:00:00,8,2023-06-12 15:00:00,380.13,140.0,3
2023-06-12 07:00:00,9,2023-06-12 16:00:00,380.11,137.5,3
2023-06-12 07:00:00,10,2023-06-12 17:00:00,380.1,135.9,3
2023-06-12 07:00:00,11,2023-06-12 18:00:00,380.09,134.0,3
2023-06-12 07:00:00,12,2023-06-12 19:00:00,380.08,132.3,3
2023-06-13 07:00:00,7,2023-06-13 14:00:00,380.0,122.2,3
2023-06-13 07:00:00,8,2023-06-13 15:00:00,380.0,121.9,3
2023-06-13 07:00:00,9,2023-06-13 16:00:00,380.09,134.8,3
2023-06-13 07:00:00,10,2023-06-13 17:00:00,380.09,133.9,3
2023-06-13 07:00:00,11,2023-06-13 18:00:00,380.08,132.6,3
2023-06-13 07:00:00,12,2023-06-13 19:00:00,380.07,131.8,3
2023-06-14 07:00:00,7,2023-06-14 14:00:00,379.88,105.8,3
2023-06-14 07:00:00,8,2023-06-14 15:00:00,379.88,105.4,3
2023-06-14 07:00:00,9,2023-06-14 16:00:00,379.95,114.7,3
2023-06-14 07:00:00,10,2023-06-14 17:00:00,379.94,113.3,3
2023-06-14 07:00:00,11,2023-06-14 18:00:00,379.93,112.1,3
2023-06-14 07:00:00,12,2023-06-14 19:00:00,379.92,110.9,3
2023-06-15 07:00:00,7,2023-06-15 14:00:00,379.89,106.5,3
2023-06-15 07:00:00,8,2023-06-15 15:00:00,379.88,105.6,3
2023-06-15 07:00:00,9,2023-06-15 16:00:00,379.96,115.8,3
2023-06-15 07:00:00,10,2023-06-15 17:00:00,379.94,113.3,3
2023-06-15 07:00:00,11,2023-06-15 18:00:00,379.92,111.3,3
2023-06-15 07:00:00,12,2023-06-15 19:00:00,379.91,109.6,3
2023-06-15 08:00:00,7,2023-06-15 15:00:00,379.88,105.6,3
2023-06-15 08:00:00,8,2023-06-15 16:00:00,379.96,115.8,3
2023-06-15 08:00:00,9,2023-06-15 17:00:00,379.94,113.3,3
2023-06-15 08:00:00,10,2023-06-15 18:00:00,379.92,111.3,3
2023-06-15 08:00:00,11,2023-06-15 19:00:00,379.91,109.6,3
2023-06-15 08:00:00,12,2023-06-15 20:00:00,379.9,107.9,3
2023-06-15 21:00:00,7,2023-06-16 04:00:00,379.74,88.0,3
2023-06-15 21:00:00,8,2023-06-16 05:00:00,379.74,88.2,3
2023-06-15 21:00:00,9,2023-06-16 06:00:00,379.78,92.8,3
2023-06-15 21:00:00,10,2023-06-16 07:00:00,379.89,107.1,3
2023-06-15 21:00:00,11,2023-06-16 08:00:00,379.88,106.3,3
2023-06-15 21:00:00,12,2023-06-16 09:00:00,379.87,104.7,3
2023-06-16 07:00:00,7,2023-06-16 14:00:00,379.78,92.2,3
2023-06-16 07:00:00,8,2023-06-16 15:00:00,379.76,90.9,3
2023-06-16 07:00:00,9,2023-06-16 16:00:00,379.82,98.3,3
2023-06-16 07:00:00,10,2023-06-16 17:00:00,379.82,98.3,3
2023-06-16 07:00:00,11,2023-06-16 18:00:00,379.82,97.3,3
2023-06-16 07:00:00,12,2023-06-16 19:00:00,379.8,95.8,3
2023-06-17 08:00:00,7,2023-06-17 15:00:00,379.73,87.1,3
2023-06-17 08:00:00,8,2023-06-17 16:00:00,379.72,85.9,3
2023-06-17 08:00:00,9,2023-06-17 17:00:00,379.77,91.6,3
2023-06-17 08:00:00,10,2023-06-17 18:00:00,379.77,91.4,3
2023-06-17 08:00:00,11,2023-06-17 19:00:00,379.76,89.9,3
2023-06-17 08:00:00,12,2023-06-17 20:00:00,379.75,88.5,3
2023-06-18 07:00:00,7,2023-06-18 14:00:00,379.75,89.1,3
2023-06-18 07:00:00,8,2023-06-18 15:00:00,379.75,88.7,3
2023-06-18 07:00:00,9,2023-06-18 16:00:00,379.74,87.5,3
2023-06-18 07:00:00,10,2023-06-18 17:00:00,379.79,94.7,3
2023-06-18 07:00:00,11,2023-06-18 18:00:00,379.79,94.7,3
2023-06-18 07:00:00,12,2023-06-18 19:00:00,379.78,93.2,3
2023-06-19 08:00:00,7,2023-06-19 15:00:00,379.72,85.9,3
2023-06-19 08:00:00,8,2023-06-19 16:00:00,379.8,95.9,3
2023-06-19 08:00:00,9,2023-06-19 17:00:00,379.81,97.0,3
2023-06-19 08:00:00,10,2023-06-19 18:00:00,379.8,95.8,3
2023-06-19 08:00:00,11,2023-06-19 19:00:00,379.8,94.9,3
2023-06-19 08:00:00,12,2023-06-19 20:00:00,379.79,94.2,3
2023-06-20 07:00:00,7,2023-06-20 14:00:00,379.87,103.9,3
2023-06-20 07:00:00,8,2023-06-20 15:00:00,379.9,108.9,3
2023-06-20 07:00:00,9,2023-06-20 16:00:00,379.97,117.4,3
2023-06-20 07:00:00,10,2023-06-20 17:00:00,379.95,115.6,3
2023-06-20 07:00:00,11,2023-06-20 18:00:00,379.94,113.9,3
2023-06-20 07:00:00,12,2023-06-20 19:00:00,379.93,112.8,3
2023-06-21 07:00:00,7,2023-06-21 14:00:00,379.85,102.3,3
2023-06-21 07:00:00,8,2023-06-21 15:00:00,379.88,106.1,3
2023-06-21 07:00:00,9,2023-06-21 16:00:00,379.9,108.8,3
2023-06-21 07:00:00,10,2023-06-21 17:00:00,379.89,107.5,3
2023-06-21 07:00:00,11,2023-06-21 18:00:00,379.88,106.3,3
2023-06-21 07:00:00,12,2023-06-21 19:00:00,379.87,104.8,3
2023-06-22 09:00:00,7,2023-06-22 16:00:00,379.95,115.3,3
2023-06-22 09:00:00,8,2023-06-22 17:00:00,379.95,115.1,3
2023-06-22 09:00:00,9,2023-06-22 18:00:00,379.95,114.6,3
2023-06-22 09:00:00,10,2023-06-22 19:00:00,379.95,114.6,3
2023-06-22 09:00:00,11,2023-06-22 20:00:00,379.96,115.9,3
2023-06-22 09:00:00,12,2023-06-22 21:00:00,379.98,119.6,3
2023-06-22 17:00:00,7,2023-06-23 00:00:00,380.02,124.0,3
2023-06-22 17:00:00,8,2023-06-23 01:00:00,380.23,154.6,3
2023-06-22 17:00:00,9,2023-06-23 02:00:00,380.55,204.6,3
2023-06-22 17:00:00,10,2023-06-23 03:00:00,380.6,213.3,3
2023-06-22 17:00:00,11,2023-06-23 04:00:00,380.6,213.0,3
2023-06-22 17:00:00,12,2023-06-23 05:00:00,380.56,205.8,3
2023-06-23 07:00:00,7,2023-06-23 14:00:00,380.16,143.8,3
2023-06-23 07:00:00,8,2023-06-23 15:00:00,380.16,144.2,3
2023-06-23 07:00:00,9,2023-06-23 16:00:00,380.12,138.9,3
2023-06-23 07:00:00,10,2023-06-23 17:00:00,380.09,134.7,3
2023-06-23 07:00:00,11,2023-06-23 18:00:00,380.06,130.2,3
2023-06-23 07:00:00,12,2023-06-23 19:00:00,380.04,126.7,3
2023-06-24 06:00:00,7,2023-06-24 13:00:00,379.85,102.0,3
2023-06-24 06:00:00,8,2023-06-24 14:00:00,379.85,101.3,3
2023-06-24 06:00:00,9,2023-06-24 15:00:00,379.86,102.7,3
2023-06-24 06:00:00,10,2023-06-24 16:00:00,379.88,105.2,3
2023-06-24 06:00:00,11,2023-06-24 17:00:00,379.86,103.2,3
2023-06-24 06:00:00,12,2023-06-24 18:00:00,379.85,101.3,3
2023-06-25 07:00:00,7,2023-06-25 14:00:00,379.86,102.8,3
2023-06-25 07:00:00,8,2023-06-25 15:00:00,379.87,104.5,3
2023-06-25 07:00:00,9,2023-06-25 16:00:00,379.92,111.4,3
2023-06-25 07:00:00,10,2023-06-25 17:00:00,379.91,109.2,3
2023-06-25 07:00:00,11,2023-06-25 18:00:00,379.89,107.1,3
2023-06-25 07:00:00,12,2023-06-25 19:00:00,379.88,105.3,3
2023-06-26 07:00:00,7,2023-06-26 14:00:00,379.93,112.9,3
2023-06-26 07:00:00,8,2023-06-26 15:00:00,379.98,119.6,3
2023-06-26 07:00:00,9,2023-06-26 16:00:00,379.97,118.0,3
2023-06-26 07:00:00,10,2023-06-26 17:00:00,379.96,116.6,3
2023-06-26 07:00:00,11,2023-06-26 18:00:00,379.95,114.5,3
2023-06-26 07:00:00,12,2023-06-26 19:00:00,379.93,112.7,3
2023-06-27 06:00:00,7,2023-06-27 13:00:00,379.8,95.8,3
2023-06-27 06:00:00,8,2023-06-27 14:00:00,379.81,96.8,3
2023-06-27 06:00:00,9,2023-06-27 15:00:00,379.86,102.4,3
2023-06-27 06:00:00,10,2023-06-27 16:00:00,379.91,110.0,3
2023-06-27 06:00:00,11,2023-06-27 17:00:00,379.9,108.2,3
2023-06-27 06:00:00,12,2023-06-27 18:00:00,379.88,105.7,3
2023-06-28 07:00:00,7,2023-06-28 14:00:00,379.71,84.4,3
2023-06-28 07:00:00,8,2023-06-28 15:00:00,379.73,86.4,3
2023-06-28 07:00:00,9,2023-06-28 16:00:00,379.82,98.2,3
2023-06-28 07:00:00,10,2023-06-28 17:00:00,379.81,96.5,3
2023-06-28 07:00:00,11,2023-06-28 18:00:00,379.79,94.6,3
2023-06-28 07:00:00,12,2023-06-28 19:00:00,379.78,93.0,3
2023-06-29 07:00:00,7,2023-06-29 14:00:00,379.79,93.8,3
2023-06-29 07:00:00,8,2023-06-29 15:00:00,379.82,98.0,3
2023-06-29 07:00:00,9,2023-06-29 16:00:00,379.89,106.7,3
2023-06-29 07:00:00,10,2023-06-29 17:00:00,379.87,104.9,3
2023-06-29 07:00:00,11,2023-06-29 18:00:00,379.86,103.1,3
2023-06-29 07:00:00,12,2023-06-29 19:00:00,379.85,101.5,3
2023-06-29 19:00:00,7,2023-06-30 02:00:00,379.75,89.2,3
2023-06-29 19:00:00,8,2023-06-30 03:00:00,379.84,100.3,3
2023-06-29 19:00:00,9,2023-06-30 04:00:00,379.85,101.8,3
2023-06-29 19:00:00,10,2023-06-30 05:00:00,379.86,103.3,3
2023-06-29 19:00:00,11,2023-06-30 06:00:00,379.87,104.1,3
2023-06-29 19:00:00,12,2023-06-30 07:00:00,379.87,104.2,3
2023-06-30 07:00:00,7,2023-06-30 14:00:00,380.01,123.7,3
2023-06-30 07:00:00,8,2023-06-30 15:00:00,380.05,128.0,3
2023-06-30 07:00:00,9,2023-06-30 16:00:00,380.04,127.4,3
2023-06-30 07:00:00,10,2023-06-30 17:00:00,380.02,123.8,3
2023-06-30 07:00:00,11,2023-06-30 18:00:00,379.99,120.5,3
2023-06-30 07:00:00,12,2023-06-30 19:00:00,379.97,118.1,3
2023-07-01 07:00:00,7,2023-07-01 14:00:00,379.91,109.8,3
2023-07-01 07:00:00,8,2023-07-01 15:00:00,379.92,111.4,3
2023-07-01 07:00:00,9,2023-07-01 16:00:00,379.98,118.8,3
2023-07-01 07:00:00,10,2023-07-01 17:00:00,379.95,115.6,3
2023-07-01 07:00:00,11,2023-07-01 18:00:00,379.94,113.0,3
2023-07-01 07:00:00,12,2023-07-01 19:00:00,379.92,110.6,3
2023-07-01 14:00:00,7,2023-07-01 21:00:00,379.76,90.3,3
2023-07-01 14:00:00,8,2023-07-01 22:00:00,379.76,90.1,3
2023-07-01 14:00:00,9,2023-07-01 23:00:00,379.75,88.6,3
2023-07-01 14:00:00,10,2023-07-02 00:00:00,379.81,96.5,3
2023-07-01 14:00:00,11,2023-07-02 01:00:00,379.82,97.4,3
2023-07-01 14:00:00,12,2023-07-02 02:00:00,379.82,97.9,3
2023-07-02 07:00:00,7,2023-07-02 14:00:00,379.75,88.7,3
2023-07-02 07:00:00,8,2023-07-02 15:00:00,379.75,88.8,3
2023-07-02 07:00:00,9,2023-07-02 16:00:00,379.82,97.9,3
2023-07-02 07:00:00,10,2023-07-02 17:00:00,379.81,96.5,3
2023-07-02 07:00:00,11,2023-07-02 18:00:00,379.8,95.0,3
2023-07-02 07:00:00,12,2023-07-02 19:00:00,379.78,93.0,3
2023-07-03 07:00:00,7,2023-07-03 14:00:00,379.7,83.1,3
2023-07-03 07:00:00,8,2023-07-03 15:00:00,379.69,81.3,3
2023-07-03 07:00:00,9,2023-07-03 16:00:00,379.73,87.1,3
2023-07-03 07:00:00,10,2023-07-03 17:00:00,379.73,86.2,3
2023-07-03 07:00:00,11,2023-07-03 18:00:00,379.71,84.4,3
2023-07-03 07:00:00,12,2023-07-03 19:00:00,379.7,83.0,3
2023-07-04 07:00:00,7,2023-07-04 14:00:00,379.68,80.8,3
2023-07-04 07:00:00,8,2023-07-04 15:00:00,379.69,81.6,3
2023-07-04 07:00:00,9,2023-07-04 16:00:00,379.75,88.7,3
2023-07-04 07:00:00,10,2023-07-04 17:00:00,379.74,88.3,3
2023-07-04 07:00:00,11,2023-07-04 18:00:00,379.73,86.1,3
2023-07-04 07:00:00,12,2023-07-04 19:00:00,379.71,84.3,3
2023-07-05 08:00:00,7,2023-07-05 15:00:00,379.65,77.2,3
2023-07-05 08:00:00,8,2023-07-05 16:00:00,379.72,85.8,3
2023-07-05 08:00:00,9,2023-07-05 17:00:00,379.73,86.1,3
2023-07-05 08:00:00,10,2023-07-05 18:00:00,379.72,85.3,3
2023-07-05 08:00:00,11,2023-07-05 19:00:00,379.72,84.8,3
2023-07-05 08:00:00,12,2023-07-05 20:00:00,379.71,84.1,3
2023-07-06 07:00:00,7,2023-07-06 14:00:00,379.6,70.4,3
2023-07-06 07:00:00,8,2023-07-06 15:00:00,379.62,73.7,3
2023-07-06 07:00:00,9,2023-07-06 16:00:00,379.61,72.0,3
2023-07-06 07:00:00,10,2023-07-06 17:00:00,379.65,76.6,3
2023-07-06 07:00:00,11,2023-07-06 18:00:00,379.64,75.7,3
2023-07-06 07:00:00,12,2023-07-06 19:00:00,379.63,74.0,3
2023-07-07 07:00:00,7,2023-07-07 14:00:00,379.56,66.2,3
2023-07-07 07:00:00,8,2023-07-07 15:00:00,379.59,69.9,3
2023-07-07 07:00:00,9,2023-07-07 16:00:00,379.58,68.3,3
2023-07-07 07:00:00,10,2023-07-07 17:00:00,379.61,71.5,3
2023-07-07 07:00:00,11,2023-07-07 18:00:00,379.61,72.3,3
2023-07-07 07:00:00,12,2023-07-07 19:00:00,379.6,70.7,3
2023-07-08 08:00:00,7,2023-07-08 15:00:00,379.57,67.5,3
2023-07-08 08:00:00,8,2023-07-08 16:00:00,379.64,75.0,3
2023-07-08 08:00:00,9,2023-07-08 17:00:00,379.63,74.7,3
2023-07-08 08:00:00,10,2023-07-08 18:00:00,379.63,74.1,3
2023-07-08 08:00:00,11,2023-07-08 19:00:00,379.62,73.3,3
2023-07-08 08:00:00,12,2023-07-08 20:00:00,379.62,72.8,3
2023-07-09 08:00:00,7,2023-07-09 15:00:00,379.66,78.2,3
2023-07-09 08:00:00,8,2023-07-09 16:00:00,379.71,84.0,3
2023-07-09 08:00:00,9,2023-07-09 17:00:00,379.69,81.8,3
2023-07-09 08:00:00,10,2023-07-09 18:00:00,379.67,79.8,3
2023-07-09 08:00:00,11,2023-07-09 19:00:00,379.66,78.0,3
2023-07-09 08:00:00,12,2023-07-09 20:00:00,379.65,76.6,3
2023-07-10 07:00:00,7,2023-07-10 14:00:00,379.65,76.9,3
2023-07-10 07:00:00,8,2023-07-10 15:00:00,379.67,78.8,3
2023-07-10 07:00:00,9,2023-07-10 16:00:00,379.74,87.3,3
2023-07-10 07:00:00,10,2023-07-10 17:00:00,379.72,85.2,3
2023-07-10 07:00:00,11,2023-07-10 18:00:00,379.7,82.9,3
2023-07-10 07:00:00,12,2023-07-10 19:00:00,379.68,80.7,3
2023-07-11 07:00:00,7,2023-07-11 14:00:00,379.76,90.0,3
2023-07-11 07:00:00,8,2023-07-11 15:00:00,379.84,100.2,3
2023-07-11 07:00:00,9,2023-07-11 16:00:00,379.83,99.5,3
2023-07-11 07:00:00,10,2023-07-11 17:00:00,379.82,97.9,3
2023-07-11 07:00:00,11,2023-07-11 18:00:00,379.8,95.3,3
2023-07-11 07:00:00,12,2023-07-11 19:00:00,379.79,93.5,3
2023-07-12 07:00:00,7,2023-07-12 14:00:00,379.87,104.4,3
2023-07-12 07:00:00,8,2023-07-12 15:00:00,379.96,115.8,3
2023-07-12 07:00:00,9,2023-07-12 16:00:00,379.96,115.7,3
2023-07-12 07:00:00,10,2023-07-12 17:00:00,379.96,115.9,3
2023-07-12 07:00:00,11,2023-07-12 18:00:00,379.96,115.7,3
2023-07-12 07:00:00,12,2023-07-12 19:00:00,379.95,115.2,3
2023-07-12 14:00:00,7,2023-07-12 21:00:00,379.94,113.7,3
2023-07-12 14:00:00,8,2023-07-12 22:00:00,379.98,119.5,3
2023-07-12 14:00:00,9,2023-07-12 23:00:00,380.0,121.6,3
2023-07-12 14:00:00,10,2023-07-13 00:00:00,380.0,122.2,3
2023-07-12 14:00:00,11,2023-07-13 01:00:00,380.0,122.2,3
2023-07-12 14:00:00,12,2023-07-13 02:00:00,380.01,123.6,3
2023-07-12 15:00:00,7,2023-07-12 22:00:00,379.98,119.5,3
2023-07-12 15:00:00,8,2023-07-12 23:00:00,380.0,121.6,3
2023-07-12 15:00:00,9,2023-07-13 00:00:00,380.0,122.2,3
2023-07-12 15:00:00,10,2023-07-13 01:00:00,380.0,122.2,3
2023-07-12 15:00:00,11,2023-07-13 02:00:00,380.01,123.6,3
2023-07-12 15:00:00,12,2023-07-13 03:00:00,380.03,125.2,3
2023-07-12 19:00:00,7,2023-07-13 02:00:00,380.02,124.1,3
2023-07-12 19:00:00,8,2023-07-13 03:00:00,380.03,125.7,3
2023-07-12 19:00:00,9,2023-07-13 04:00:00,380.03,125.7,3
2023-07-12 19:00:00,10,2023-07-13 05:00:00,380.06,129.9,3
2023-07-12 19:00:00,11,2023-07-13 06:00:00,380.09,133.9,3
2023-07-12 19:00:00,12,2023-07-13 07:00:00,380.08,133.4,3
2023-07-13 07:00:00,7,2023-07-13 14:00:00,379.88,106.1,3
2023-07-13 07:00:00,8,2023-07-13 15:00:00,379.85,102.3,3
2023-07-13 07:00:00,9,2023-07-13 16:00:00,379.83,99.2,3
2023-07-13 07:00:00,10,2023-07-13 17:00:00,379.81,96.6,3
2023-07-13 07:00:00,11,2023-07-13 18:00:00,379.79,93.9,3
2023-07-13 07:00:00,12,2023-07-13 19:00:00,379.78,92.2,3
2023-07-14 07:00:00,7,2023-07-14 14:00:00,379.59,69.8,3
2023-07-14 07:00:00,8,2023-07-14 15:00:00,379.62,73.5,3
2023-07-14 07:00:00,9,2023-07-14 16:00:00,379.72,85.5,3
2023-07-14 07:00:00,10,2023-07-14 17:00:00,379.71,83.7,3
2023-07-14 07:00:00,11,2023-07-14 18:00:00,379.69,81.4,3
2023-07-14 07:00:00,12,2023-07-14 19:00:00,379.68,79.8,3
2023-07-15 07:00:00,7,2023-07-15 14:00:00,379.69,82.2,3
2023-07-15 07:00:00,8,2023-07-15 15:00:00,379.79,94.7,3
2023-07-15 07:00:00,9,2023-07-15 16:00:00,379.79,94.5,3
2023-07-15 07:00:00,10,2023-07-15 17:00:00,379.78,92.5,3
2023-07-15 07:00:00,11,2023-07-15 18:00:00,379.76,90.2,3
2023-07-15 07:00:00,12,2023-07-15 19:00:00,379.74,88.0,3
2023-07-16 07:00:00,7,2023-07-16 14:00:00,379.61,71.8,3
2023-07-16 07:00:00,8,2023-07-16 15:00:00,379.61,72.3,3
2023-07-16 07:00:00,9,2023-07-16 16:00:00,379.7,83.2,3
2023-07-16 07:00:00,10,2023-07-16 17:00:00,379.69,81.4,3
2023-07-16 07:00:00,11,2023-07-16 18:00:00,379.67,79.1,3
2023-07-16 07:00:00,12,2023-07-16 19:00:00,379.65,77.1,3
2023-07-17 07:00:00,7,2023-07-17 14:00:00,379.73,87.0,3
2023-07-17 07:00:00,8,2023-07-17 15:00:00,379.72,84.8,3
2023-07-17 07:00:00,9,2023-07-17 16:00:00,379.69,82.2,3
2023-07-17 07:00:00,10,2023-07-17 17:00:00,379.67,79.7,3
2023-07-17 07:00:00,11,2023-07-17 18:00:00,379.66,77.5,3
2023-07-17 07:00:00,12,2023-07-17 19:00:00,379.64,75.7,3
2023-07-17 15:00:00,7,2023-07-17 22:00:00,379.51,59.8,3
2023-07-17 15:00:00,8,2023-07-17 23:00:00,379.69,81.5,3
2023-07-17 15:00:00,9,2023-07-18 00:00:00,379.79,93.6,3
2023-07-17 15:00:00,10,2023-07-18 01:00:00,379.82,97.9,3
2023-07-17 15:00:00,11,2023-07-18 02:00:00,379.86,102.7,3
2023-07-17 15:00:00,12,2023-07-18 03:00:00,379.89,107.0,3
2023-07-18 07:00:00,7,2023-07-18 14:00:00,379.66,78.2,3
2023-07-18 07:00:00,8,2023-07-18 15:00:00,379.75,88.6,3
2023-07-18 07:00:00,9,2023-07-18 16:00:00,379.75,89.6,3
2023-07-18 07:00:00,10,2023-07-18 17:00:00,379.74,88.4,3
2023-07-18 07:00:00,11,2023-07-18 18:00:00,379.73,86.4,3
2023-07-18 07:00:00,12,2023-07-18 19:00:00,379.71,84.1,3
2023-07-19 07:00:00,7,2023-07-19 14:00:00,379.74,87.8,3
2023-07-19 07:00:00,8,2023-07-19 15:00:00,379.75,89.4,3
2023-07-19 07:00:00,9,2023-07-19 16:00:00,379.75,89.7,3
2023-07-19 07:00:00,10,2023-07-19 17:00:00,379.75,88.4,3
2023-07-19 07:00:00,11,2023-07-19 18:00:00,379.73,87.0,3
2023-07-19 07:00:00,12,2023-07-19 19:00:00,379.72,85.1,3
2023-07-20 07:00:00,7,2023-07-20 14:00:00,379.63,74.0,3
2023-07-20 07:00:00,8,2023-07-20 15:00:00,379.61,71.7,3
2023-07-20 07:00:00,9,2023-07-20 16:00:00,379.7,82.5,3
2023-07-20 07:00:00,10,2023-07-20 17:00:00,379.68,80.7,3
2023-07-20 07:00:00,11,2023-07-20 18:00:00,379.66,77.9,3
2023-07-20 07:00:00,12,2023-07-20 19:00:00,379.64,75.2,3
2023-07-21 07:00:00,7,2023-07-21 14:00:00,379.56,65.9,3
2023-07-21 07:00:00,8,2023-07-21 15:00:00,379.56,66.2,3
2023-07-21 07:00:00,9,2023-07-21 16:00:00,379.69,81.1,3
2023-07-21 07:00:00,10,2023-07-21 17:00:00,379.67,78.7,3
2023-07-21 07:00:00,11,2023-07-21 18:00:00,379.64,75.9,3
2023-07-21 07:00:00,12,2023-07-21 19:00:00,379.62,73.5,3
2023-07-22 07:00:00,7,2023-07-22 14:00:00,379.57,67.3,3
2023-07-22 07:00:00,8,2023-07-22 15:00:00,379.69,81.1,3
2023-07-22 07:00:00,9,2023-07-22 16:00:00,379.66,78.6,3
2023-07-22 07:00:00,10,2023-07-22 17:00:00,379.64,75.7,3
2023-07-22 07:00:00,11,2023-07-22 18:00:00,379.62,73.4,3
2023-07-22 07:00:00,12,2023-07-22 19:00:00,379.6,71.2,3
2023-07-23 07:00:00,7,2023-07-23 14:00:00,379.49,57.9,3
2023-07-23 07:00:00,8,2023-07-23 15:00:00,379.49,58.3,3
2023-07-23 07:00:00,9,2023-07-23 16:00:00,379.55,64.6,3
2023-07-23 07:00:00,10,2023-07-23 17:00:00,379.56,65.9,3
2023-07-23 07:00:00,11,2023-07-23 18:00:00,379.55,64.6,3
2023-07-23 07:00:00,12,2023-07-23 19:00:00,379.54,63.6,3
2023-07-24 07:00:00,7,2023-07-24 14:00:00,379.55,65.6,3
2023-07-24 07:00:00,8,2023-07-24 15:00:00,379.65,77.4,3
2023-07-24 07:00:00,9,2023-07-24 16:00:00,379.65,77.1,3
2023-07-24 07:00:00,10,2023-07-24 17:00:00,379.65,76.7,3
2023-07-24 07:00:00,11,2023-07-24 18:00:00,379.66,77.9,3
2023-07-24 07:00:00,12,2023-07-24 19:00:00,379.68,80.0,3
2023-07-25 07:00:00,7,2023-07-25 14:00:00,380.31,166.8,3
2023-07-25 07:00:00,8,2023-07-25 15:00:00,380.26,158.1,3
2023-07-25 07:00:00,9,2023-07-25 16:00:00,380.21,151.0,3
2023-07-25 07:00:00,10,2023-07-25 17:00:00,380.18,147.6,3
2023-07-25 07:00:00,11,2023-07-25 18:00:00,380.15,143.0,3
2023-07-25 07:00:00,12,2023-07-25 19:00:00,380.13,139.5,3
2023-07-26 07:00:00,7,2023-07-26 14:00:00,379.86,103.0,3
2023-07-26 07:00:00,8,2023-07-26 15:00:00,379.89,107.6,3
2023-07-26 07:00:00,9,2023-07-26 16:00:00,379.87,104.9,3
2023-07-26 07:00:00,10,2023-07-26 17:00:00,379.86,102.5,3
2023-07-26 07:00:00,11,2023-07-26 18:00:00,379.83,99.3,3
2023-07-26 07:00:00,12,2023-07-26 19:00:00,379.81,96.1,3
2023-07-27 07:00:00,7,2023-07-27 14:00:00,379.5,59.2,3
2023-07-27 07:00:00,8,2023-07-27 15:00:00,379.49,58.3,3
2023-07-27 07:00:00,9,2023-07-27 16:00:00,379.5,58.8,3
2023-07-27 07:00:00,10,2023-07-27 17:00:00,379.56,66.7,3
2023-07-27 07:00:00,11,2023-07-27 18:00:00,379.57,67.2,3
2023-07-27 07:00:00,12,2023-07-27 19:00:00,379.56,66.1,3
2023-07-28 07:00:00,7,2023-07-28 14:00:00,379.48,57.1,3
2023-07-28 07:00:00,8,2023-07-28 15:00:00,379.52,61.6,3
2023-07-28 07:00:00,9,2023-07-28 16:00:00,379.59,69.3,3
2023-07-28 07:00:00,10,2023-07-28 17:00:00,379.59,69.8,3
2023-07-28 07:00:00,11,2023-07-28 18:00:00,379.59,69.3,3
2023-07-28 07:00:00,12,2023-07-28 19:00:00,379.57,67.9,3
2023-07-29 08:00:00,7,2023-07-29 15:00:00,379.49,58.4,3
2023-07-29 08:00:00,8,2023-07-29 16:00:00,379.49,57.7,3
2023-07-29 08:00:00,9,2023-07-29 17:00:00,379.52,61.2,3
2023-07-29 08:00:00,10,2023-07-29 18:00:00,379.53,62.6,3
2023-07-29 08:00:00,11,2023-07-29 19:00:00,379.52,61.9,3
2023-07-29 08:00:00,12,2023-07-29 20:00:00,379.52,61.0,3
2023-07-30 04:00:00,7,2023-07-30 11:00:00,380.07,130.7,3
2023-07-30 04:00:00,8,2023-07-30 12:00:00,380.02,125.0,3
2023-07-30 04:00:00,9,2023-07-30 13:00:00,379.98,118.4,3
2023-07-30 04:00:00,10,2023-07-30 14:00:00,379.93,112.4,3
2023-07-30 04:00:00,11,2023-07-30 15:00:00,379.9,107.8,3
2023-07-30 04:00:00,12,2023-07-30 16:00:00,379.87,104.0,3
2023-07-30 05:00:00,7,2023-07-30 12:00:00,380.02,125.0,3
2023-07-30 05:00:00,8,2023-07-30 13:00:00,379.98,118.4,3
2023-07-30 05:00:00,9,2023-07-30 14:00:00,379.93,112.4,3
2023-07-30 05:00:00,10,2023-07-30 15:00:00,379.9,107.8,3
2023-07-30 05:00:00,11,2023-07-30 16:00:00,379.87,104.0,3
2023-07-30 05:00:00,12,2023-07-30 17:00:00,379.84,100.2,3
2023-07-30 08:00:00,7,2023-07-30 15:00:00,379.83,98.7,3
2023-07-30 08:00:00,8,2023-07-30 16:00:00,379.78,93.2,3
2023-07-30 08:00:00,9,2023-07-30 17:00:00,379.76,90.6,3
2023-07-30 08:00:00,10,2023-07-30 18:00:00,379.74,88.2,3
2023-07-30 08:00:00,11,2023-07-30 19:00:00,379.72,85.7,3
2023-07-30 08:00:00,12,2023-07-30 20:00:00,379.71,83.8,3
2023-07-31 07:00:00,7,2023-07-31 14:00:00,379.58,68.1,3
2023-07-31 07:00:00,8,2023-07-31 15:00:00,379.58,68.7,3
2023-07-31 07:00:00,9,2023-07-31 16:00:00,379.63,74.0,3
2023-07-31 07:00:00,10,2023-07-31 17:00:00,379.62,73.5,3
2023-07-31 07:00:00,11,2023-07-31 18:00:00,379.61,72.2,3
2023-07-31 07:00:00,12,2023-07-31 19:00:00,379.6,70.5,3
2023-08-01 07:00:00,7,2023-08-01 14:00:00,379.51,60.8,3
2023-08-01 07:00:00,8,2023-08-01 15:00:00,379.54,63.5,3
2023-08-01 07:00:00,9,2023-08-01 16:00:00,379.61,72.0,3
2023-08-01 07:00:00,10,2023-08-01 17:00:00,379.61,71.7,3
2023-08-01 07:00:00,11,2023-08-01 18:00:00,379.6,70.7,3
2023-08-01 07:00:00,12,2023-08-01 19:00:00,379.59,69.9,3
2023-08-02 07:00:00,7,2023-08-02 14:00:00,379.38,46.1,3
2023-08-02 07:00:00,8,2023-08-02 15:00:00,379.43,50.7,3
2023-08-02 07:00:00,9,2023-08-02 16:00:00,379.45,53.3,3
2023-08-02 07:00:00,10,2023-08-02 17:00:00,379.46,54.4,3
2023-08-02 07:00:00,11,2023-08-02 18:00:00,379.49,57.9,3
2023-08-02 07:00:00,12,2023-08-02 19:00:00,379.48,57.0,3
2023-08-03 07:00:00,7,2023-08-03 14:00:00,379.83,99.0,3
2023-08-03 07:00:00,8,2023-08-03 15:00:00,379.79,94.0,3
2023-08-03 07:00:00,9,2023-08-03 16:00:00,379.78,93.2,3
2023-08-03 07:00:00,10,2023-08-03 17:00:00,379.74,87.7,3
2023-08-03 07:00:00,11,2023-08-03 18:00:00,379.7,83.5,3
2023-08-03 07:00:00,12,2023-08-03 19:00:00,379.68,80.6,3
2023-08-04 07:00:00,7,2023-08-04 14:00:00,379.54,64.0,3
2023-08-04 07:00:00,8,2023-08-04 15:00:00,379.56,65.8,3
2023-08-04 07:00:00,9,2023-08-04 16:00:00,379.6,71.0,3
2023-08-04 07:00:00,10,2023-08-04 17:00:00,379.61,71.6,3
2023-08-04 07:00:00,11,2023-08-04 18:00:00,379.6,71.1,3
2023-08-04 07:00:00,12,2023-08-04 19:00:00,379.59,69.4,3
2023-08-04 10:00:00,7,2023-08-04 17:00:00,379.61,71.6,3
2023-08-04 10:00:00,8,2023-08-04 18:00:00,379.6,71.1,3
2023-08-04 10:00:00,9,2023-08-04 19:00:00,379.59,69.4,3
2023-08-04 10:00:00,10,2023-08-04 20:00:00,379.58,67.9,3
2023-08-04 10:00:00,11,2023-08-04 21:00:00,379.57,66.9,3
2023-08-04 10:00:00,12,2023-08-04 22:00:00,379.56,65.8,3
2023-08-04 17:00:00,7,2023-08-05 00:00:00,379.4,47.9,3
2023-08-04 17:00:00,8,2023-08-05 01:00:00,379.48,57.5,3
2023-08-04 17:00:00,9,2023-08-05 02:00:00,379.59,69.2,3
2023-08-04 17:00:00,10,2023-08-05 03:00:00,379.67,78.6,3
2023-08-04 17:00:00,11,2023-08-05 04:00:00,379.66,78.0,3
2023-08-04 17:00:00,12,2023-08-05 05:00:00,379.65,77.1,3
2023-08-05 07:00:00,7,2023-08-05 14:00:00,379.67,78.7,3
2023-08-05 07:00:00,8,2023-08-05 15:00:00,379.65,76.4,3
2023-08-05 07:00:00,9,2023-08-05 16:00:00,379.7,83.1,3
2023-08-05 07:00:00,10,2023-08-05 17:00:00,379.69,81.2,3
2023-08-05 07:00:00,11,2023-08-05 18:00:00,379.67,79.6,3
2023-08-05 07:00:00,12,2023-08-05 19:00:00,379.65,77.3,3
2023-08-05 11:00:00,7,2023-08-05 18:00:00,379.57,66.8,3
2023-08-05 11:00:00,8,2023-08-05 19:00:00,379.56,65.7,3
2023-08-05 11:00:00,9,2023-08-05 20:00:00,379.52,61.2,3
2023-08-05 11:00:00,10,2023-08-05 21:00:00,379.52,61.7,3
2023-08-05 11:00:00,11,2023-08-05 22:00:00,379.54,64.1,3
2023-08-05 11:00:00,12,2023-08-05 23:00:00,379.57,67.8,3
2023-08-05 14:00:00,7,2023-08-05 21:00:00,379.5,59.7,3
2023-08-05 14:00:00,8,2023-08-05 22:00:00,379.53,63.0,3
2023-08-05 14:00:00,9,2023-08-05 23:00:00,379.53,63.2,3
2023-08-05 14:00:00,10,2023-08-06 00:00:00,379.52,61.8,3
2023-08-05 14:00:00,11,2023-08-06 01:00:00,379.56,66.1,3
2023-08-05 14:00:00,12,2023-08-06 02:00:00,379.58,68.8,3
2023-08-05 21:00:00,7,2023-08-06 04:00:00,379.48,57.0,3
2023-08-05 21:00:00,8,2023-08-06 05:00:00,379.51,59.9,3
2023-08-05 21:00:00,9,2023-08-06 06:00:00,379.54,63.6,3
2023-08-05 21:00:00,10,2023-08-06 07:00:00,379.56,66.3,3
2023-08-05 21:00:00,11,2023-08-06 08:00:00,379.57,67.6,3
2023-08-05 21:00:00,12,2023-08-06 09:00:00,379.58,68.0,3
2023-08-06 07:00:00,7,2023-08-06 14:00:00,379.5,59.8,3
2023-08-06 07:00:00,8,2023-08-06 15:00:00,379.52,61.3,3
2023-08-06 07:00:00,9,2023-08-06 16:00:00,379.54,63.4,3
2023-08-06 07:00:00,10,2023-08-06 17:00:00,379.55,64.6,3
2023-08-06 07:00:00,11,2023-08-06 18:00:00,379.57,67.3,3
2023-08-06 07:00:00,12,2023-08-06 19:00:00,379.59,69.9,3
2023-08-06 14:00:00,7,2023-08-06 21:00:00,379.53,63.0,3
2023-08-06 14:00:00,8,2023-08-06 22:00:00,379.53,62.5,3
2023-08-06 14:00:00,9,2023-08-06 23:00:00,379.53,62.2,3
2023-08-06 14:00:00,10,2023-08-07 00:00:00,379.52,61.4,3
2023-08-06 14:00:00,11,2023-08-07 01:00:00,379.51,60.0,3
2023-08-06 14:00:00,12,2023-08-07 02:00:00,379.52,61.3,3
2023-08-07 07:00:00,7,2023-08-07 14:00:00,379.52,61.9,3
2023-08-07 07:00:00,8,2023-08-07 15:00:00,379.53,62.2,3
2023-08-07 07:00:00,9,2023-08-07 16:00:00,379.51,60.5,3
2023-08-07 07:00:00,10,2023-08-07 17:00:00,379.5,59.2,3
2023-08-07 07:00:00,11,2023-08-07 18:00:00,379.49,58.5,3
2023-08-07 07:00:00,12,2023-08-07 19:00:00,379.51,60.9,3
2023-08-08 07:00:00,7,2023-08-08 14:00:00,379.42,50.0,3
2023-08-08 07:00:00,8,2023-08-08 15:00:00,379.43,51.5,3
2023-08-08 07:00:00,9,2023-08-08 16:00:00,379.43,51.8,3
2023-08-08 07:00:00,10,2023-08-08 17:00:00,379.43,50.9,3
2023-08-08 07:00:00,11,2023-08-08 18:00:00,379.42,49.9,3
2023-08-08 07:00:00,12,2023-08-08 19:00:00,379.41,49.0,3
2023-08-09 07:00:00,7,2023-08-09 14:00:00,379.37,44.7,3
2023-08-09 07:00:00,8,2023-08-09 15:00:00,379.41,48.6,3
2023-08-09 07:00:00,9,2023-08-09 16:00:00,379.4,48.1,3
2023-08-09 07:00:00,10,2023-08-09 17:00:00,379.4,47.9,3
2023-08-09 07:00:00,11,2023-08-09 18:00:00,379.39,47.0,3
2023-08-09 07:00:00,12,2023-08-09 19:00:00,379.38,46.0,3
2023-08-10 07:00:00,7,2023-08-10 14:00:00,379.37,44.4,3
2023-08-10 07:00:00,8,2023-08-10 15:00:00,379.39,46.9,3
2023-08-10 07:00:00,9,2023-08-10 16:00:00,379.4,48.0,3
2023-08-10 07:00:00,10,2023-08-10 17:00:00,379.39,47.3,3
2023-08-10 07:00:00,11,2023-08-10 18:00:00,379.4,48.4,3
2023-08-10 07:00:00,12,2023-08-10 19:00:00,379.45,53.7,3
2023-08-11 07:00:00,7,2023-08-11 14:00:00,379.37,45.0,3
2023-08-11 07:00:00,8,2023-08-11 15:00:00,379.42,49.6,3
2023-08-11 07:00:00,9,2023-08-11 16:00:00,379.45,53.1,3
2023-08-11 07:00:00,10,2023-08-11 17:00:00,379.5,58.9,3
2023-08-11 07:00:00,11,2023-08-11 18:00:00,379.51,60.5,3
2023-08-11 07:00:00,12,2023-08-11 19:00:00,379.5,59.0,3
2023-08-12 08:00:00,7,2023-08-12 15:00:00,379.49,58.3,3
2023-08-12 08:00:00,8,2023-08-12 16:00:00,379.51,60.2,3
2023-08-12 08:00:00,9,2023-08-12 17:00:00,379.53,63.1,3
2023-08-12 08:00:00,10,2023-08-12 18:00:00,379.53,63.0,3
2023-08-12 08:00:00,11,2023-08-12 19:00:00,379.52,61.3,3
2023-08-12 08:00:00,12,2023-08-12 20:00:00,379.51,60.0,3
2023-08-13 08:00:00,7,2023-08-13 15:00:00,379.51,60.5,3
2023-08-13 08:00:00,8,2023-08-13 16:00:00,379.53,62.3,3
2023-08-13 08:00:00,9,2023-08-13 17:00:00,379.53,62.5,3
2023-08-13 08:00:00,10,2023-08-13 18:00:00,379.52,61.4,3
2023-08-13 08:00:00,11,2023-08-13 19:00:00,379.51,59.8,3
2023-08-13 08:00:00,12,2023-08-13 20:00:00,379.5,58.8,3
2023-08-14 07:00:00,7,2023-08-14 14:00:00,379.5,59.2,3
2023-08-14 07:00:00,8,2023-08-14 15:00:00,379.49,58.5,3
2023-08-14 07:00:00,9,2023-08-14 16:00:00,379.49,58.3,3
2023-08-14 07:00:00,10,2023-08-14 17:00:00,379.5,59.5,3
2023-08-14 07:00:00,11,2023-08-14 18:00:00,379.5,59.5,3
2023-08-14 07:00:00,12,2023-08-14 19:00:00,379.49,58.0,3
2023-08-15 07:00:00,7,2023-08-15 14:00:00,379.51,60.8,3
2023-08-15 07:00:00,8,2023-08-15 15:00:00,379.48,56.4,3
2023-08-15 07:00:00,9,2023-08-15 16:00:00,379.49,58.1,3
2023-08-15 07:00:00,10,2023-08-15 17:00:00,379.49,58.4,3
2023-08-15 07:00:00,11,2023-08-15 18:00:00,379.48,56.9,3
2023-08-15 07:00:00,12,2023-08-15 19:00:00,379.47,55.5,3
2023-08-16 07:00:00,7,2023-08-16 14:00:00,379.45,53.8,3
2023-08-16 07:00:00,8,2023-08-16 15:00:00,379.45,53.4,3
2023-08-16 07:00:00,9,2023-08-16 16:00:00,379.45,53.9,3
2023-08-16 07:00:00,10,2023-08-16 17:00:00,379.49,58.5,3
2023-08-16 07:00:00,11,2023-08-16 18:00:00,379.51,59.9,3
2023-08-16 07:00:00,12,2023-08-16 19:00:00,379.49,58.2,3
2023-08-17 07:00:00,7,2023-08-17 14:00:00,379.49,58.0,3
2023-08-17 07:00:00,8,2023-08-17 15:00:00,379.46,54.6,3
2023-08-17 07:00:00,9,2023-08-17 16:00:00,379.45,53.1,3
2023-08-17 07:00:00,10,2023-08-17 17:00:00,379.47,55.9,3
2023-08-17 07:00:00,11,2023-08-17 18:00:00,379.47,55.7,3
2023-08-17 07:00:00,12,2023-08-17 19:00:00,379.46,54.3,3
2023-08-18 07:00:00,7,2023-08-18 14:00:00,379.43,51.1,3
2023-08-18 07:00:00,8,2023-08-18 15:00:00,379.42,50.4,3
2023-08-18 07:00:00,9,2023-08-18 16:00:00,379.41,49.5,3
2023-08-18 07:00:00,10,2023-08-18 17:00:00,379.44,52.5,3
2023-08-18 07:00:00,11,2023-08-18 18:00:00,379.44,52.8,3
2023-08-18 07:00:00,12,2023-08-18 19:00:00,379.43,51.8,3
2023-08-19 07:00:00,7,2023-08-19 14:00:00,379.47,55.4,3
2023-08-19 07:00:00,8,2023-08-19 15:00:00,379.47,55.7,3
2023-08-19 07:00:00,9,2023-08-19 16:00:00,379.42,49.8,3
2023-08-19 07:00:00,10,2023-08-19 17:00:00,379.47,56.1,3
2023-08-19 07:00:00,11,2023-08-19 18:00:00,379.5,58.7,3
2023-08-19 07:00:00,12,2023-08-19 19:00:00,379.48,56.7,3
2023-08-20 06:00:00,7,2023-08-20 13:00:00,379.53,62.7,3
2023-08-20 06:00:00,8,2023-08-20 14:00:00,379.52,61.9,3
2023-08-20 06:00:00,9,2023-08-20 15:00:00,379.51,59.9,3
2023-08-20 06:00:00,10,2023-08-20 16:00:00,379.55,64.8,3
2023-08-20 06:00:00,11,2023-08-20 17:00:00,379.55,65.3,3
2023-08-20 06:00:00,12,2023-08-20 18:00:00,379.54,63.4,3
2023-08-20 07:00:00,7,2023-08-20 14:00:00,379.52,61.9,3
2023-08-20 07:00:00,8,2023-08-20 15:00:00,379.51,59.9,3
2023-08-20 07:00:00,9,2023-08-20 16:00:00,379.55,64.8,3
2023-08-20 07:00:00,10,2023-08-20 17:00:00,379.55,65.3,3
2023-08-20 07:00:00,11,2023-08-20 18:00:00,379.54,63.4,3
2023-08-20 07:00:00,12,2023-08-20 19:00:00,379.53,62.4,3
2023-08-21 06:00:00,7,2023-08-21 13:00:00,379.55,64.8,3
2023-08-21 06:00:00,8,2023-08-21 14:00:00,379.53,62.7,3
2023-08-21 06:00:00,9,2023-08-21 15:00:00,379.52,61.3,3
2023-08-21 06:00:00,10,2023-08-21 16:00:00,379.57,67.5,3
2023-08-21 06:00:00,11,2023-08-21 17:00:00,379.57,67.4,3
2023-08-21 06:00:00,12,2023-08-21 18:00:00,379.55,65.3,3
2023-08-22 07:00:00,7,2023-08-22 14:00:00,379.53,63.2,3
2023-08-22 07:00:00,8,2023-08-22 15:00:00,379.53,62.8,3
2023-08-22 07:00:00,9,2023-08-22 16:00:00,379.6,71.1,3
2023-08-22 07:00:00,10,2023-08-22 17:00:00,379.59,70.0,3
2023-08-22 07:00:00,11,2023-08-22 18:00:00,379.57,67.6,3
2023-08-22 07:00:00,12,2023-08-22 19:00:00,379.55,65.5,3
2023-08-23 07:00:00,7,2023-08-23 14:00:00,379.56,65.7,3
2023-08-23 07:00:00,8,2023-08-23 15:00:00,379.53,62.5,3
2023-08-23 07:00:00,9,2023-08-23 16:00:00,379.58,67.9,3
2023-08-23 07:00:00,10,2023-08-23 17:00:00,379.57,67.9,3
2023-08-23 07:00:00,11,2023-08-23 18:00:00,379.56,65.8,3
2023-08-23 07:00:00,12,2023-08-23 19:00:00,379.54,64.2,3
2023-08-24 07:00:00,7,2023-08-24 14:00:00,379.53,62.2,3
2023-08-24 07:00:00,8,2023-08-24 15:00:00,379.52,61.7,3
2023-08-24 07:00:00,9,2023-08-24 16:00:00,379.59,69.2,3
2023-08-24 07:00:00,10,2023-08-24 17:00:00,379.59,69.4,3
2023-08-24 07:00:00,11,2023-08-24 18:00:00,379.57,67.1,3
2023-08-24 07:00:00,12,2023-08-24 19:00:00,379.55,65.4,3
2023-08-24 10:00:00,7,2023-08-24 17:00:00,379.59,69.4,3
2023-08-24 10:00:00,8,2023-08-24 18:00:00,379.57,67.1,3
2023-08-24 10:00:00,9,2023-08-24 19:00:00,379.55,65.4,3
2023-08-24 10:00:00,10,2023-08-24 20:00:00,379.54,64.2,3
2023-08-24 10:00:00,11,2023-08-24 21:00:00,379.54,63.4,3
2023-08-24 10:00:00,12,2023-08-24 22:00:00,379.54,63.6,3
2023-08-25 07:00:00,7,2023-08-25 14:00:00,379.51,60.1,3
2023-08-25 07:00:00,8,2023-08-25 15:00:00,379.5,59.4,3
2023-08-25 07:00:00,9,2023-08-25 16:00:00,379.53,62.6,3
2023-08-25 07:00:00,10,2023-08-25 17:00:00,379.54,64.3,3
2023-08-25 07:00:00,11,2023-08-25 18:00:00,379.53,62.9,3
2023-08-25 07:00:00,12,2023-08-25 19:00:00,379.53,62.3,3
2023-08-25 09:00:00,7,2023-08-25 16:00:00,379.53,62.6,3
2023-08-25 09:00:00,8,2023-08-25 17:00:00,379.54,64.3,3
2023-08-25 09:00:00,9,2023-08-25 18:00:00,379.53,62.9,3
2023-08-25 09:00:00,10,2023-08-25 19:00:00,379.53,62.3,3
2023-08-25 09:00:00,11,2023-08-25 20:00:00,379.52,61.2,3
2023-08-25 09:00:00,12,2023-08-25 21:00:00,379.51,60.0,3
2023-08-25 11:00:00,7,2023-08-25 18:00:00,379.48,56.8,3
2023-08-25 11:00:00,8,2023-08-25 19:00:00,379.45,53.5,3
2023-08-25 11:00:00,9,2023-08-25 20:00:00,379.44,52.1,3
2023-08-25 11:00:00,10,2023-08-25 21:00:00,379.44,52.4,3
2023-08-25 11:00:00,11,2023-08-25 22:00:00,379.44,52.4,3
2023-08-25 11:00:00,12,2023-08-25 23:00:00,379.48,57.0,3
2023-08-25 12:00:00,7,2023-08-25 19:00:00,379.45,53.5,3
2023-08-25 12:00:00,8,2023-08-25 20:00:00,379.44,52.1,3
2023-08-25 12:00:00,9,2023-08-25 21:00:00,379.44,52.4,3
2023-08-25 12:00:00,10,2023-08-25 22:00:00,379.44,52.4,3
2023-08-25 12:00:00,11,2023-08-25 23:00:00,379.48,57.0,3
2023-08-25 12:00:00,12,2023-08-26 00:00:00,379.53,62.7,3
2023-08-25 14:00:00,7,2023-08-25 21:00:00,379.44,52.2,3
2023-08-25 14:00:00,8,2023-08-25 22:00:00,379.43,50.8,3
2023-08-25 14:00:00,9,2023-08-25 23:00:00,379.44,52.2,3
2023-08-25 14:00:00,10,2023-08-26 00:00:00,379.53,62.4,3
2023-08-25 14:00:00,11,2023-08-26 01:00:00,379.59,70.0,3
2023-08-25 14:00:00,12,2023-08-26 02:00:00,379.62,72.7,3
2023-08-25 16:00:00,7,2023-08-25 23:00:00,379.42,50.3,3
2023-08-25 16:00:00,8,2023-08-26 00:00:00,379.44,52.1,3
2023-08-25 16:00:00,9,2023-08-26 01:00:00,379.46,54.9,3
2023-08-25 16:00:00,10,2023-08-26 02:00:00,379.52,61.1,3
2023-08-25 16:00:00,11,2023-08-26 03:00:00,379.66,77.4,3
2023-08-25 16:00:00,12,2023-08-26 04:00:00,379.69,81.4,3
2023-08-25 20:00:00,7,2023-08-26 03:00:00,379.6,70.3,3
2023-08-25 20:00:00,8,2023-08-26 04:00:00,379.62,73.4,3
2023-08-25 20:00:00,9,2023-08-26 05:00:00,379.61,72.3,3
2023-08-25 20:00:00,10,2023-08-26 06:00:00,379.62,73.3,3
2023-08-25 20:00:00,11,2023-08-26 07:00:00,379.66,78.0,3
2023-08-25 20:00:00,12,2023-08-26 08:00:00,379.67,79.5,3
2023-08-26 06:00:00,7,2023-08-26 13:00:00,379.63,74.8,3
2023-08-26 06:00:00,8,2023-08-26 14:00:00,379.63,74.3,3
2023-08-26 06:00:00,9,2023-08-26 15:00:00,379.59,69.3,3
2023-08-26 06:00:00,10,2023-08-26 16:00:00,379.58,69.0,3
2023-08-26 06:00:00,11,2023-08-26 17:00:00,379.59,69.8,3
2023-08-26 06:00:00,12,2023-08-26 18:00:00,379.59,69.4,3
2023-08-26 09:00:00,7,2023-08-26 16:00:00,379.58,69.0,3
2023-08-26 09:00:00,8,2023-08-26 17:00:00,379.59,69.8,3
2023-08-26 09:00:00,9,2023-08-26 18:00:00,379.59,69.4,3
2023-08-26 09:00:00,10,2023-08-26 19:00:00,379.58,69.0,3
2023-08-26 09:00:00,11,2023-08-26 20:00:00,379.57,67.0,3
2023-08-26 09:00:00,12,2023-08-26 21:00:00,379.55,65.3,3
2023-08-26 12:00:00,7,2023-08-26 19:00:00,379.585,68.55000000000001,3
2023-08-26 12:00:00,8,2023-08-26 20:00:00,379.545,64.25,3
2023-08-26 12:00:00,9,2023-08-26 21:00:00,379.505,60.05,3
2023-08-26 12:00:00,10,2023-08-26 22:00:00,379.48,56.85,3
2023-08-26 12:00:00,11,2023-08-26 23:00:00,379.53499999999997,63.099999999999994,3
2023-08-26 12:00:00,12,2023-08-27 00:00:00,379.645,76.6,3
2023-08-26 13:00:00,7,2023-08-26 20:00:00,379.55,65.0,3
2023-08-26 13:00:00,8,2023-08-26 21:00:00,379.51,60.6,3
2023-08-26 13:00:00,9,2023-08-26 22:00:00,379.47,55.7,3
2023-08-26 13:00:00,10,2023-08-26 23:00:00,379.52,61.6,3
2023-08-26 13:00:00,11,2023-08-27 00:00:00,379.65,77.1,3
2023-08-26 13:00:00,12,2023-08-27 01:00:00,379.73,86.2,3
2023-08-26 20:00:00,7,2023-08-27 03:00:00,379.86,103.2,3
2023-08-26 20:00:00,8,2023-08-27 04:00:00,379.81,96.4,3
2023-08-26 20:00:00,9,2023-08-27 05:00:00,379.83,98.7,3
2023-08-26 20:00:00,10,2023-08-27 06:00:00,379.82,97.3,3
2023-08-26 20:00:00,11,2023-08-27 07:00:00,379.81,96.4,3
2023-08-26 20:00:00,12,2023-08-27 08:00:00,379.79,94.7,3
2023-08-27 06:00:00,7,2023-08-27 13:00:00,380.28,162.1,3
2023-08-27 06:00:00,8,2023-08-27 14:00:00,380.24,156.0,3
2023-08-27 06:00:00,9,2023-08-27 15:00:00,380.17,146.1,3
2023-08-27 06:00:00,10,2023-08-27 16:00:00,380.13,139.6,3
2023-08-27 06:00:00,11,2023-08-27 17:00:00,380.08,132.9,3
2023-08-27 06:00:00,12,2023-08-27 18:00:00,380.03,126.3,3
2023-08-27 07:00:00,7,2023-08-27 14:00:00,380.24,156.0,3
2023-08-27 07:00:00,8,2023-08-27 15:00:00,380.17,146.1,3
2023-08-27 07:00:00,9,2023-08-27 16:00:00,380.13,139.6,3
2023-08-27 07:00:00,10,2023-08-27 17:00:00,380.08,132.9,3
2023-08-27 07:00:00,11,2023-08-27 18:00:00,380.03,126.3,3
2023-08-27 07:00:00,12,2023-08-27 19:00:00,380.0,121.8,3
2023-08-27 12:00:00,7,2023-08-27 19:00:00,379.9,108.8,3
2023-08-27 12:00:00,8,2023-08-27 20:00:00,379.93,111.6,3
2023-08-27 12:00:00,9,2023-08-27 21:00:00,379.97,117.1,3
2023-08-27 12:00:00,10,2023-08-27 22:00:00,379.95,114.7,3
2023-08-27 12:00:00,11,2023-08-27 23:00:00,379.93,112.0,3
2023-08-27 12:00:00,12,2023-08-28 00:00:00,379.91,109.7,3
2023-08-27 14:00:00,7,2023-08-27 21:00:00,379.82,98.4,3
2023-08-27 14:00:00,8,2023-08-27 22:00:00,379.88,105.8,3
2023-08-27 14:00:00,9,2023-08-27 23:00:00,379.92,110.6,3
2023-08-27 14:00:00,10,2023-08-28 00:00:00,379.9,108.2,3
2023-08-27 14:00:00,11,2023-08-28 01:00:00,379.89,106.4,3
2023-08-27 14:00:00,12,2023-08-28 02:00:00,379.88,105.2,3
2023-08-27 15:00:00,7,2023-08-27 22:00:00,379.88,105.8,3
2023-08-27 15:00:00,8,2023-08-27 23:00:00,379.92,110.6,3
2023-08-27 15:00:00,9,2023-08-28 00:00:00,379.9,108.2,3
2023-08-27 15:00:00,10,2023-08-28 01:00:00,379.89,106.4,3
2023-08-27 15:00:00,11,2023-08-28 02:00:00,379.88,105.2,3
2023-08-27 15:00:00,12,2023-08-28 03:00:00,379.87,104.2,3
2023-08-27 17:00:00,7,2023-08-28 00:00:00,379.75,89.5,3
2023-08-27 17:00:00,8,2023-08-28 01:00:00,379.79,94.5,3
2023-08-27 17:00:00,9,2023-08-28 02:00:00,379.85,102.4,3
2023-08-27 17:00:00,10,2023-08-28 03:00:00,379.86,102.7,3
2023-08-27 17:00:00,11,2023-08-28 04:00:00,379.86,102.7,3
2023-08-27 17:00:00,12,2023-08-28 05:00:00,379.86,102.8,3
2023-08-27 20:00:00,7,2023-08-28 03:00:00,379.68,80.2,3
2023-08-27 20:00:00,8,2023-08-28 04:00:00,379.71,83.8,3
2023-08-27 20:00:00,9,2023-08-28 05:00:00,379.81,96.1,3
2023-08-27 20:00:00,10,2023-08-28 06:00:00,379.87,103.8,3
2023-08-27 20:00:00,11,2023-08-28 07:00:00,379.86,103.4,3
2023-08-27 20:00:00,12,2023-08-28 08:00:00,379.84,100.7,3
2023-08-28 06:00:00,7,2023-08-28 13:00:00,379.81,96.9,3
2023-08-28 06:00:00,8,2023-08-28 14:00:00,379.86,102.7,3
2023-08-28 06:00:00,9,2023-08-28 15:00:00,379.9,108.5,3
2023-08-28 06:00:00,10,2023-08-28 16:00:00,380.0,121.2,3
2023-08-28 06:00:00,11,2023-08-28 17:00:00,380.03,125.5,3
2023-08-28 06:00:00,12,2023-08-28 18:00:00,380.04,127.8,3
2023-08-28 07:00:00,7,2023-08-28 14:00:00,379.86,102.7,3
2023-08-28 07:00:00,8,2023-08-28 15:00:00,379.9,108.5,3
2023-08-28 07:00:00,9,2023-08-28 16:00:00,380.0,121.2,3
2023-08-28 07:00:00,10,2023-08-28 17:00:00,380.03,125.5,3
2023-08-28 07:00:00,11,2023-08-28 18:00:00,380.04,127.8,3
2023-08-28 07:00:00,12,2023-08-28 19:00:00,380.06,129.7,3
2023-08-28 11:00:00,7,2023-08-28 18:00:00,380.04,127.8,3
2023-08-28 11:00:00,8,2023-08-28 19:00:00,380.06,129.7,3
2023-08-28 11:00:00,9,2023-08-28 20:00:00,380.07,130.9,3
2023-08-28 11:00:00,10,2023-08-28 21:00:00,380.07,131.1,3
2023-08-28 11:00:00,11,2023-08-28 22:00:00,380.07,131.2,3
2023-08-28 11:00:00,12,2023-08-28 23:00:00,380.07,131.6,3
2023-08-28 13:00:00,7,2023-08-28 20:00:00,380.28,161.5,3
2023-08-28 13:00:00,8,2023-08-28 21:00:00,380.26,158.5,3
2023-08-28 13:00:00,9,2023-08-28 22:00:00,380.27,161.1,3
2023-08-28 13:00:00,10,2023-08-28 23:00:00,380.27,160.1,3
2023-08-28 13:00:00,11,2023-08-29 00:00:00,380.24,155.4,3
2023-08-28 13:00:00,12,2023-08-29 01:00:00,380.2,150.5,3
2023-08-28 14:00:00,7,2023-08-28 21:00:00,380.26,158.5,3
2023-08-28 14:00:00,8,2023-08-28 22:00:00,380.27,161.1,3
2023-08-28 14:00:00,9,2023-08-28 23:00:00,380.27,160.1,3
2023-08-28 14:00:00,10,2023-08-29 00:00:00,380.24,155.4,3
2023-08-28 14:00:00,11,2023-08-29 01:00:00,380.2,150.5,3
2023-08-28 14:00:00,12,2023-08-29 02:00:00,380.17,145.4,3
2023-08-28 21:00:00,7,2023-08-29 04:00:00,379.94,113.8,3
2023-08-28 21:00:00,8,2023-08-29 05:00:00,379.9,108.7,3
2023-08-28 21:00:00,9,2023-08-29 06:00:00,379.9,108.5,3
2023-08-28 21:00:00,10,2023-08-29 07:00:00,379.94,113.2,3
2023-08-28 21:00:00,11,2023-08-29 08:00:00,379.91,110.3,3
2023-08-28 21:00:00,12,2023-08-29 09:00:00,379.89,106.6,3
2023-08-29 07:00:00,7,2023-08-29 14:00:00,379.75,89.4,3
2023-08-29 07:00:00,8,2023-08-29 15:00:00,379.73,87.1,3
2023-08-29 07:00:00,9,2023-08-29 16:00:00,379.71,84.6,3
2023-08-29 07:00:00,10,2023-08-29 17:00:00,379.75,89.3,3
2023-08-29 07:00:00,11,2023-08-29 18:00:00,379.75,89.1,3
2023-08-29 07:00:00,12,2023-08-29 19:00:00,379.73,87.0,3
2023-08-29 13:00:00,7,2023-08-29 20:00:00,379.51,60.8,3
2023-08-29 13:00:00,8,2023-08-29 21:00:00,379.58,67.9,3
2023-08-29 13:00:00,9,2023-08-29 22:00:00,379.6,71.1,3
2023-08-29 13:00:00,10,2023-08-29 23:00:00,379.6,71.2,3
2023-08-29 13:00:00,11,2023-08-30 00:00:00,379.6,70.3,3
2023-08-29 13:00:00,12,2023-08-30 01:00:00,379.62,73.5,3
2023-08-29 17:00:00,7,2023-08-30 00:00:00,379.6,70.4,3
2023-08-29 17:00:00,8,2023-08-30 01:00:00,379.59,69.4,3
2023-08-29 17:00:00,9,2023-08-30 02:00:00,379.58,68.2,3
2023-08-29 17:00:00,10,2023-08-30 03:00:00,379.57,66.9,3
2023-08-29 17:00:00,11,2023-08-30 04:00:00,379.6,70.5,3
2023-08-29 17:00:00,12,2023-08-30 05:00:00,379.61,72.5,3
2023-08-30 07:00:00,7,2023-08-30 14:00:00,379.51,60.7,3
2023-08-30 07:00:00,8,2023-08-30 15:00:00,379.51,59.9,3
2023-08-30 07:00:00,9,2023-08-30 16:00:00,379.5,58.9,3
2023-08-30 07:00:00,10,2023-08-30 17:00:00,379.49,58.1,3
2023-08-30 07:00:00,11,2023-08-30 18:00:00,379.49,58.0,3
2023-08-30 07:00:00,12,2023-08-30 19:00:00,379.52,61.1,3
2023-08-30 13:00:00,7,2023-08-30 20:00:00,379.39,46.8,3
2023-08-30 13:00:00,8,2023-08-30 21:00:00,379.42,50.2,3
2023-08-30 13:00:00,9,2023-08-30 22:00:00,379.47,55.6,3
2023-08-30 13:00:00,10,2023-08-30 23:00:00,379.47,55.8,3
2023-08-30 13:00:00,11,2023-08-31 00:00:00,379.47,55.2,3
2023-08-30 13:00:00,12,2023-08-31 01:00:00,379.46,54.9,3
2023-08-31 07:00:00,7,2023-08-31 14:00:00,379.42,49.8,3
2023-08-31 07:00:00,8,2023-08-31 15:00:00,379.44,52.4,3
2023-08-31 07:00:00,9,2023-08-31 16:00:00,379.44,52.3,3
2023-08-31 07:00:00,10,2023-08-31 17:00:00,379.43,51.6,3
2023-08-31 07:00:00,11,2023-08-31 18:00:00,379.43,50.8,3
2023-08-31 07:00:00,12,2023-08-31 19:00:00,379.42,50.6,3
2023-08-31 13:00:00,7,2023-08-31 20:00:00,379.33,40.0,3
2023-08-31 13:00:00,8,2023-08-31 21:00:00,379.33,40.4,3
2023-08-31 13:00:00,9,2023-08-31 22:00:00,379.39,47.2,3
2023-08-31 13:00:00,10,2023-08-31 23:00:00,379.4,48.4,3
2023-08-31 13:00:00,11,2023-09-01 00:00:00,379.4,48.3,3
2023-08-31 13:00:00,12,2023-09-01 01:00:00,379.4,48.0,3
2023-09-01 07:00:00,7,2023-09-01 14:00:00,379.39,47.1,3
2023-09-01 07:00:00,8,2023-09-01 15:00:00,379.41,48.6,3
2023-09-01 07:00:00,9,2023-09-01 16:00:00,379.41,49.2,3
2023-09-01 07:00:00,10,2023-09-01 17:00:00,379.41,48.6,3
2023-09-01 07:00:00,11,2023-09-01 18:00:00,379.4,47.9,3
2023-09-01 07:00:00,12,2023-09-01 19:00:00,379.43,51.5,3
2023-09-02 07:00:00,7,2023-09-02 14:00:00,379.43,51.7,3
2023-09-02 07:00:00,8,2023-09-02 15:00:00,379.43,50.7,3
2023-09-02 07:00:00,9,2023-09-02 16:00:00,379.43,51.5,3
2023-09-02 07:00:00,10,2023-09-02 17:00:00,379.46,54.4,3
2023-09-02 07:00:00,11,2023-09-02 18:00:00,379.51,60.1,3
2023-09-02 07:00:00,12,2023-09-02 19:00:00,379.5,58.9,3
2023-09-03 07:00:00,7,2023-09-03 14:00:00,379.46,54.1,3
2023-09-03 07:00:00,8,2023-09-03 15:00:00,379.45,53.3,3
2023-09-03 07:00:00,9,2023-09-03 16:00:00,379.45,53.0,3
2023-09-03 07:00:00,10,2023-09-03 17:00:00,379.5,58.7,3
2023-09-03 07:00:00,11,2023-09-03 18:00:00,379.52,61.3,3
2023-09-03 07:00:00,12,2023-09-03 19:00:00,379.51,60.0,3
2023-09-04 07:00:00,7,2023-09-04 14:00:00,379.4,48.0,3
2023-09-04 07:00:00,8,2023-09-04 15:00:00,379.45,53.3,3
2023-09-04 07:00:00,9,2023-09-04 16:00:00,379.44,52.5,3
2023-09-04 07:00:00,10,2023-09-04 17:00:00,379.49,57.8,3
2023-09-04 07:00:00,11,2023-09-04 18:00:00,379.51,60.1,3
2023-09-04 07:00:00,12,2023-09-04 19:00:00,379.5,59.1,3
2023-09-05 07:00:00,7,2023-09-05 14:00:00,379.42,50.5,3
2023-09-05 07:00:00,8,2023-09-05 15:00:00,379.46,54.5,3
2023-09-05 07:00:00,9,2023-09-05 16:00:00,379.45,53.5,3
2023-09-05 07:00:00,10,2023-09-05 17:00:00,379.52,61.2,3
2023-09-05 07:00:00,11,2023-09-05 18:00:00,379.54,63.7,3
2023-09-05 07:00:00,12,2023-09-05 19:00:00,379.52,61.8,3
2023-09-06 08:00:00,7,2023-09-06 15:00:00,379.43,51.3,3
2023-09-06 08:00:00,8,2023-09-06 16:00:00,379.43,51.1,3
2023-09-06 08:00:00,9,2023-09-06 17:00:00,379.47,55.3,3
2023-09-06 08:00:00,10,2023-09-06 18:00:00,379.48,56.8,3
2023-09-06 08:00:00,11,2023-09-06 19:00:00,379.47,55.3,3
2023-09-06 08:00:00,12,2023-09-06 20:00:00,379.46,54.2,3
2023-09-07 07:00:00,7,2023-09-07 14:00:00,379.44,52.5,3
2023-09-07 07:00:00,8,2023-09-07 15:00:00,379.43,51.1,3
2023-09-07 07:00:00,9,2023-09-07 16:00:00,379.43,51.2,3
2023-09-07 07:00:00,10,2023-09-07 17:00:00,379.45,54.1,3
2023-09-07 07:00:00,11,2023-09-07 18:00:00,379.47,55.3,3
2023-09-07 07:00:00,12,2023-09-07 19:00:00,379.45,54.1,3
2023-09-08 07:00:00,7,2023-09-08 14:00:00,379.41,48.7,3
2023-09-08 07:00:00,8,2023-09-08 15:00:00,379.43,51.1,3
2023-09-08 07:00:00,9,2023-09-08 16:00:00,379.44,52.1,3
2023-09-08 07:00:00,10,2023-09-08 17:00:00,379.47,55.9,3
2023-09-08 07:00:00,11,2023-09-08 18:00:00,379.48,57.0,3
2023-09-08 07:00:00,12,2023-09-08 19:00:00,379.47,55.5,3
2023-09-09 07:00:00,7,2023-09-09 14:00:00,379.41,48.6,3
2023-09-09 07:00:00,8,2023-09-09 15:00:00,379.43,50.8,3
2023-09-09 07:00:00,9,2023-09-09 16:00:00,379.42,50.3,3
2023-09-09 07:00:00,10,2023-09-09 17:00:00,379.47,55.9,3
2023-09-09 07:00:00,11,2023-09-09 18:00:00,379.48,56.7,3
2023-09-09 07:00:00,12,2023-09-09 19:00:00,379.47,55.2,3
2023-09-10 07:00:00,7,2023-09-10 14:00:00,379.4,48.4,3
2023-09-10 07:00:00,8,2023-09-10 15:00:00,379.39,47.3,3
2023-09-10 07:00:00,9,2023-09-10 16:00:00,379.41,48.7,3
2023-09-10 07:00:00,10,2023-09-10 17:00:00,379.46,54.7,3
2023-09-10 07:00:00,11,2023-09-10 18:00:00,379.46,55.2,3
2023-09-10 07:00:00,12,2023-09-10 19:00:00,379.45,53.8,3
2023-09-11 07:00:00,7,2023-09-11 14:00:00,379.39,47.0,3
2023-09-11 07:00:00,8,2023-09-11 15:00:00,379.39,46.6,3
2023-09-11 07:00:00,9,2023-09-11 16:00:00,379.41,48.7,3
2023-09-11 07:00:00,10,2023-09-11 17:00:00,379.43,50.8,3
2023-09-11 07:00:00,11,2023-09-11 18:00:00,379.46,54.3,3
2023-09-11 07:00:00,12,2023-09-11 19:00:00,379.45,53.1,3
2023-09-12 07:00:00,7,2023-09-12 14:00:00,379.4,48.1,3
2023-09-12 07:00:00,8,2023-09-12 15:00:00,379.42,49.9,3
2023-09-12 07:00:00,9,2023-09-12 16:00:00,379.41,49.0,3
2023-09-12 07:00:00,10,2023-09-12 17:00:00,379.41,49.0,3
2023-09-12 07:00:00,11,2023-09-12 18:00:00,379.42,49.6,3
2023-09-12 07:00:00,12,2023-09-12 19:00:00,379.45,54.1,3
2023-09-13 07:00:00,7,2023-09-13 14:00:00,379.4,48.1,3
2023-09-13 07:00:00,8,2023-09-13 15:00:00,379.37,44.8,3
2023-09-13 07:00:00,9,2023-09-13 16:00:00,379.37,45.0,3
2023-09-13 07:00:00,10,2023-09-13 17:00:00,379.38,46.2,3
2023-09-13 07:00:00,11,2023-09-13 18:00:00,379.39,46.7,3
2023-09-13 07:00:00,12,2023-09-13 19:00:00,379.4,47.6,3
2023-09-14 07:00:00,7,2023-09-14 14:00:00,379.35,42.8,3
2023-09-14 07:00:00,8,2023-09-14 15:00:00,379.35,42.4,3
2023-09-14 07:00:00,9,2023-09-14 16:00:00,379.34,41.4,3
2023-09-14 07:00:00,10,2023-09-14 17:00:00,379.35,42.5,3
2023-09-14 07:00:00,11,2023-09-14 18:00:00,379.33,40.8,3
2023-09-14 07:00:00,12,2023-09-14 19:00:00,379.32,39.8,3
2023-09-15 07:00:00,7,2023-09-15 14:00:00,379.35,42.0,3
2023-09-15 07:00:00,8,2023-09-15 15:00:00,379.34,41.3,3
2023-09-15 07:00:00,9,2023-09-15 16:00:00,379.33,40.6,3
2023-09-15 07:00:00,10,2023-09-15 17:00:00,379.35,42.9,3
2023-09-15 07:00:00,11,2023-09-15 18:00:00,379.35,42.8,3
2023-09-15 07:00:00,12,2023-09-15 19:00:00,379.34,42.0,3
2023-09-16 07:00:00,7,2023-09-16 14:00:00,379.36,43.2,3
2023-09-16 07:00:00,8,2023-09-16 15:00:00,379.35,42.3,3
2023-09-16 07:00:00,9,2023-09-16 16:00:00,379.35,42.1,3
2023-09-16 07:00:00,10,2023-09-16 17:00:00,379.35,42.4,3
2023-09-16 07:00:00,11,2023-09-16 18:00:00,379.34,41.8,3
2023-09-16 07:00:00,12,2023-09-16 19:00:00,379.33,40.6,3
2023-09-17 07:00:00,7,2023-09-17 14:00:00,379.33,40.8,3
2023-09-17 07:00:00,8,2023-09-17 15:00:00,379.33,40.5,3
2023-09-17 07:00:00,9,2023-09-17 16:00:00,379.33,40.7,3
2023-09-17 07:00:00,10,2023-09-17 17:00:00,379.33,40.7,3
2023-09-17 07:00:00,11,2023-09-17 18:00:00,379.34,41.6,3
2023-09-17 07:00:00,12,2023-09-17 19:00:00,379.33,40.7,3
2023-09-17 20:00:00,7,2023-09-18 03:00:00,379.26,33.2,3
2023-09-17 20:00:00,8,2023-09-18 04:00:00,379.27,34.5,3
2023-09-17 20:00:00,9,2023-09-18 05:00:00,379.35,42.7,3
2023-09-17 20:00:00,10,2023-09-18 06:00:00,379.37,44.6,3
2023-09-17 20:00:00,11,2023-09-18 07:00:00,379.36,44.0,3
2023-09-17 20:00:00,12,2023-09-18 08:00:00,379.36,44.1,3
2023-09-18 07:00:00,7,2023-09-18 14:00:00,379.43,51.0,3
2023-09-18 07:00:00,8,2023-09-18 15:00:00,379.42,49.8,3
2023-09-18 07:00:00,9,2023-09-18 16:00:00,379.4,48.0,3
2023-09-18 07:00:00,10,2023-09-18 17:00:00,379.4,47.4,3
2023-09-18 07:00:00,11,2023-09-18 18:00:00,379.42,50.2,3
2023-09-18 07:00:00,12,2023-09-18 19:00:00,379.43,50.9,3
2023-09-19 07:00:00,7,2023-09-19 14:00:00,380.09,133.8,3
2023-09-19 07:00:00,8,2023-09-19 15:00:00,380.07,131.8,3
2023-09-19 07:00:00,9,2023-09-19 16:00:00,380.03,126.4,3
2023-09-19 07:00:00,10,2023-09-19 17:00:00,380.01,123.5,3
2023-09-19 07:00:00,11,2023-09-19 18:00:00,379.97,118.1,3
2023-09-19 07:00:00,12,2023-09-19 19:00:00,379.94,113.1,3
2023-09-19 10:00:00,7,2023-09-19 17:00:00,380.01,123.5,3
2023-09-19 10:00:00,8,2023-09-19 18:00:00,379.97,118.1,3
2023-09-19 10:00:00,9,2023-09-19 19:00:00,379.94,113.1,3
2023-09-19 10:00:00,10,2023-09-19 20:00:00,379.9,108.7,3
2023-09-19 10:00:00,11,2023-09-19 21:00:00,379.88,105.1,3
2023-09-19 10:00:00,12,2023-09-19 22:00:00,379.85,102.0,3
2023-09-19 15:00:00,7,2023-09-19 22:00:00,379.69,81.5,3
2023-09-19 15:00:00,8,2023-09-19 23:00:00,379.71,83.8,3
2023-09-19 15:00:00,9,2023-09-20 00:00:00,379.8,95.3,3
2023-09-19 15:00:00,10,2023-09-20 01:00:00,379.79,93.7,3
2023-09-19 15:00:00,11,2023-09-20 02:00:00,379.78,92.2,3
2023-09-19 15:00:00,12,2023-09-20 03:00:00,379.77,91.1,3
2023-09-20 07:00:00,7,2023-09-20 14:00:00,379.53,63.1,3
2023-09-20 07:00:00,8,2023-09-20 15:00:00,379.52,61.1,3
2023-09-20 07:00:00,9,2023-09-20 16:00:00,379.52,61.1,3
2023-09-20 07:00:00,10,2023-09-20 17:00:00,379.59,70.1,3
2023-09-20 07:00:00,11,2023-09-20 18:00:00,379.6,70.4,3
2023-09-20 07:00:00,12,2023-09-20 19:00:00,379.58,68.9,3
2023-09-20 14:00:00,7,2023-09-20 21:00:00,379.45,53.4,3
2023-09-20 14:00:00,8,2023-09-20 22:00:00,379.48,56.4,3
2023-09-20 14:00:00,9,2023-09-20 23:00:00,379.47,56.0,3
2023-09-20 14:00:00,10,2023-09-21 00:00:00,379.47,55.3,3
2023-09-20 14:00:00,11,2023-09-21 01:00:00,379.5,58.8,3
2023-09-20 14:00:00,12,2023-09-21 02:00:00,379.55,64.9,3
2023-09-21 07:00:00,7,2023-09-21 14:00:00,379.43,50.7,3
2023-09-21 07:00:00,8,2023-09-21 15:00:00,379.44,52.0,3
2023-09-21 07:00:00,9,2023-09-21 16:00:00,379.44,52.4,3
2023-09-21 07:00:00,10,2023-09-21 17:00:00,379.43,51.6,3
2023-09-21 07:00:00,11,2023-09-21 18:00:00,379.43,50.7,3
2023-09-21 07:00:00,12,2023-09-21 19:00:00,379.42,50.2,3
2023-09-21 11:00:00,7,2023-09-21 18:00:00,379.37,44.5,3
2023-09-21 11:00:00,8,2023-09-21 19:00:00,379.36,44.0,3
2023-09-21 11:00:00,9,2023-09-21 20:00:00,379.38,45.5,3
2023-09-21 11:00:00,10,2023-09-21 21:00:00,379.43,51.5,3
2023-09-21 11:00:00,11,2023-09-21 22:00:00,379.44,52.4,3
2023-09-21 11:00:00,12,2023-09-21 23:00:00,379.43,51.8,3
2023-09-21 21:00:00,7,2023-09-22 04:00:00,379.56,65.7,3
2023-09-21 21:00:00,8,2023-09-22 05:00:00,379.62,72.8,3
2023-09-21 21:00:00,9,2023-09-22 06:00:00,379.65,76.6,3
2023-09-21 21:00:00,10,2023-09-22 07:00:00,379.65,77.3,3
2023-09-21 21:00:00,11,2023-09-22 08:00:00,379.71,83.6,3
2023-09-21 21:00:00,12,2023-09-22 09:00:00,379.74,87.7,3
2023-09-22 07:00:00,7,2023-09-22 14:00:00,380.17,146.0,3
2023-09-22 07:00:00,8,2023-09-22 15:00:00,380.12,137.9,3
2023-09-22 07:00:00,9,2023-09-22 16:00:00,380.09,134.1,3
2023-09-22 07:00:00,10,2023-09-22 17:00:00,380.04,127.2,3
2023-09-22 07:00:00,11,2023-09-22 18:00:00,379.98,119.3,3
2023-09-22 07:00:00,12,2023-09-22 19:00:00,379.94,113.2,3
2023-09-22 14:00:00,7,2023-09-22 21:00:00,379.82,97.5,3
2023-09-22 14:00:00,8,2023-09-22 22:00:00,379.73,86.7,3
2023-09-22 14:00:00,9,2023-09-22 23:00:00,379.77,91.1,3
2023-09-22 14:00:00,10,2023-09-23 00:00:00,379.76,89.9,3
2023-09-22 14:00:00,11,2023-09-23 01:00:00,379.79,94.7,3
2023-09-22 14:00:00,12,2023-09-23 02:00:00,379.79,94.6,3
2023-09-22 16:00:00,7,2023-09-22 23:00:00,379.75,88.7,3
2023-09-22 16:00:00,8,2023-09-23 00:00:00,379.74,87.3,3
2023-09-22 16:00:00,9,2023-09-23 01:00:00,379.7,82.7,3
2023-09-22 16:00:00,10,2023-09-23 02:00:00,379.71,84.5,3
2023-09-22 16:00:00,11,2023-09-23 03:00:00,379.73,86.1,3
2023-09-22 16:00:00,12,2023-09-23 04:00:00,379.77,91.6,3
2023-09-22 19:00:00,7,2023-09-23 02:00:00,379.71,84.5,3
2023-09-22 19:00:00,8,2023-09-23 03:00:00,379.73,86.1,3
2023-09-22 19:00:00,9,2023-09-23 04:00:00,379.77,91.6,3
2023-09-22 19:00:00,10,2023-09-23 05:00:00,379.78,92.6,3
2023-09-22 19:00:00,11,2023-09-23 06:00:00,379.78,92.8,3
2023-09-22 19:00:00,12,2023-09-23 07:00:00,379.79,94.6,3
2023-09-23 07:00:00,7,2023-09-23 14:00:00,379.73,86.3,3
2023-09-23 07:00:00,8,2023-09-23 15:00:00,379.7,83.4,3
2023-09-23 07:00:00,9,2023-09-23 16:00:00,379.74,88.0,3
2023-09-23 07:00:00,10,2023-09-23 17:00:00,379.73,86.8,3
2023-09-23 07:00:00,11,2023-09-23 18:00:00,379.71,84.7,3
2023-09-23 07:00:00,12,2023-09-23 19:00:00,379.7,82.6,3
2023-09-24 08:00:00,7,2023-09-24 15:00:00,379.5,59.7,3
2023-09-24 08:00:00,8,2023-09-24 16:00:00,379.49,58.6,3
2023-09-24 08:00:00,9,2023-09-24 17:00:00,379.48,57.1,3
2023-09-24 08:00:00,10,2023-09-24 18:00:00,379.47,56.2,3
2023-09-24 08:00:00,11,2023-09-24 19:00:00,379.47,55.5,3
2023-09-24 08:00:00,12,2023-09-24 20:00:00,379.49,58.5,3
2023-09-25 08:00:00,7,2023-09-25 15:00:00,379.42,50.2,3
2023-09-25 08:00:00,8,2023-09-25 16:00:00,379.41,48.7,3
2023-09-25 08:00:00,9,2023-09-25 17:00:00,379.4,48.5,3
2023-09-25 08:00:00,10,2023-09-25 18:00:00,379.4,47.8,3
2023-09-25 08:00:00,11,2023-09-25 19:00:00,379.39,46.7,3
2023-09-25 08:00:00,12,2023-09-25 20:00:00,379.41,49.6,3
2023-09-25 14:00:00,7,2023-09-25 21:00:00,379.37,45.2,3
2023-09-25 14:00:00,8,2023-09-25 22:00:00,379.38,45.3,3
2023-09-25 14:00:00,9,2023-09-25 23:00:00,379.38,46.0,3
2023-09-25 14:00:00,10,2023-09-26 00:00:00,379.38,45.6,3
2023-09-25 14:00:00,11,2023-09-26 01:00:00,379.37,45.2,3
2023-09-25 14:00:00,12,2023-09-26 02:00:00,379.37,44.8,3
2023-09-26 07:00:00,7,2023-09-26 14:00:00,379.35,42.8,3
2023-09-26 07:00:00,8,2023-09-26 15:00:00,379.35,42.6,3
2023-09-26 07:00:00,9,2023-09-26 16:00:00,379.35,43.0,3
2023-09-26 07:00:00,10,2023-09-26 17:00:00,379.35,42.3,3
2023-09-26 07:00:00,11,2023-09-26 18:00:00,379.35,42.0,3
2023-09-26 07:00:00,12,2023-09-26 19:00:00,379.34,41.5,3
2023-09-27 07:00:00,7,2023-09-27 14:00:00,379.33,40.5,3
2023-09-27 07:00:00,8,2023-09-27 15:00:00,379.33,40.3,3
2023-09-27 07:00:00,9,2023-09-27 16:00:00,379.33,40.1,3
2023-09-27 07:00:00,10,2023-09-27 17:00:00,379.33,40.2,3
2023-09-27 07:00:00,11,2023-09-27 18:00:00,379.32,39.6,3
2023-09-27 07:00:00,12,2023-09-27 19:00:00,379.32,39.3,3
2023-09-28 07:00:00,7,2023-09-28 14:00:00,379.32,39.2,3
2023-09-28 07:00:00,8,2023-09-28 15:00:00,379.32,39.6,3
2023-09-28 07:00:00,9,2023-09-28 16:00:00,379.32,39.1,3
2023-09-28 07:00:00,10,2023-09-28 17:00:00,379.32,39.1,3
2023-09-28 07:00:00,11,2023-09-28 18:00:00,379.31,38.8,3
2023-09-28 07:00:00,12,2023-09-28 19:00:00,379.31,38.9,3
2023-09-29 07:00:00,7,2023-09-29 14:00:00,379.32,39.2,3
2023-09-29 07:00:00,8,2023-09-29 15:00:00,379.32,39.1,3
2023-09-29 07:00:00,9,2023-09-29 16:00:00,379.32,39.1,3
2023-09-29 07:00:00,10,2023-09-29 17:00:00,379.32,39.1,3
2023-09-29 07:00:00,11,2023-09-29 18:00:00,379.31,38.9,3
2023-09-29 07:00:00,12,2023-09-29 19:00:00,379.31,38.4,3
2023-09-30 07:00:00,7,2023-09-30 14:00:00,379.29,36.1,3
2023-09-30 07:00:00,8,2023-09-30 15:00:00,379.28,35.9,3
2023-09-30 07:00:00,9,2023-09-30 16:00:00,379.3,37.0,3
2023-09-30 07:00:00,10,2023-09-30 17:00:00,379.31,38.4,3
2023-09-30 07:00:00,11,2023-09-30 18:00:00,379.31,38.0,3
2023-09-30 07:00:00,12,2023-09-30 19:00:00,379.3,37.8,3
2023-10-01 07:00:00,7,2023-10-01 14:00:00,379.32,39.0,3
2023-10-01 07:00:00,8,2023-10-01 15:00:00,379.31,38.3,3
2023-10-01 07:00:00,9,2023-10-01 16:00:00,379.32,39.0,3
2023-10-01 07:00:00,10,2023-10-01 17:00:00,379.32,39.2,3
2023-10-01 07:00:00,11,2023-10-01 18:00:00,379.31,38.0,3
2023-10-01 07:00:00,12,2023-10-01 19:00:00,379.3,37.6,3
2023-10-02 07:00:00,7,2023-10-02 14:00:00,379.33,40.4,3
2023-10-02 07:00:00,8,2023-10-02 15:00:00,379.32,39.0,3
2023-10-02 07:00:00,9,2023-10-02 16:00:00,379.32,39.3,3
2023-10-02 07:00:00,10,2023-10-02 17:00:00,379.33,39.9,3
2023-10-02 07:00:00,11,2023-10-02 18:00:00,379.32,39.4,3
2023-10-02 07:00:00,12,2023-10-02 19:00:00,379.32,39.2,3
2023-10-03 07:00:00,7,2023-10-03 14:00:00,379.34,41.7,3
2023-10-03 07:00:00,8,2023-10-03 15:00:00,379.33,40.0,3
2023-10-03 07:00:00,9,2023-10-03 16:00:00,379.32,39.0,3
2023-10-03 07:00:00,10,2023-10-03 17:00:00,379.33,40.8,3
2023-10-03 07:00:00,11,2023-10-03 18:00:00,379.33,40.1,3
2023-10-03 07:00:00,12,2023-10-03 19:00:00,379.32,39.6,3
2023-10-04 07:00:00,7,2023-10-04 14:00:00,379.35,42.3,3
2023-10-04 07:00:00,8,2023-10-04 15:00:00,379.34,41.6,3
2023-10-04 07:00:00,9,2023-10-04 16:00:00,379.35,42.4,3
2023-10-04 07:00:00,10,2023-10-04 17:00:00,379.36,43.6,3
2023-10-04 07:00:00,11,2023-10-04 18:00:00,379.36,43.3,3
2023-10-04 07:00:00,12,2023-10-04 19:00:00,379.34,41.9,3
2023-10-05 07:00:00,7,2023-10-05 14:00:00,379.28,35.5,3
2023-10-05 07:00:00,8,2023-10-05 15:00:00,379.28,35.2,3
2023-10-05 07:00:00,9,2023-10-05 16:00:00,379.27,34.6,3
2023-10-05 07:00:00,10,2023-10-05 17:00:00,379.27,34.3,3
2023-10-05 07:00:00,11,2023-10-05 18:00:00,379.27,34.1,3
2023-10-05 07:00:00,12,2023-10-05 19:00:00,379.26,33.7,3
2023-10-05 14:00:00,7,2023-10-05 21:00:00,379.2,28.3,3
2023-10-05 14:00:00,8,2023-10-05 22:00:00,379.19,28.0,3
2023-10-05 14:00:00,9,2023-10-05 23:00:00,379.19,27.8,3
2023-10-05 14:00:00,10,2023-10-06 00:00:00,379.18,27.0,3
2023-10-05 14:00:00,11,2023-10-06 01:00:00,379.2,28.5,3
2023-10-05 14:00:00,12,2023-10-06 02:00:00,379.21,29.0,3
2023-10-06 07:00:00,7,2023-10-06 14:00:00,379.25,32.8,3
2023-10-06 07:00:00,8,2023-10-06 15:00:00,379.25,32.4,3
2023-10-06 07:00:00,9,2023-10-06 16:00:00,379.24,31.7,3
2023-10-06 07:00:00,10,2023-10-06 17:00:00,379.25,32.8,3
2023-10-06 07:00:00,11,2023-10-06 18:00:00,379.25,32.5,3
2023-10-06 07:00:00,12,2023-10-06 19:00:00,379.24,31.8,3
2023-10-07 07:00:00,7,2023-10-07 14:00:00,379.25,32.9,3
2023-10-07 07:00:00,8,2023-10-07 15:00:00,379.25,32.4,3
2023-10-07 07:00:00,9,2023-10-07 16:00:00,379.24,31.9,3
2023-10-07 07:00:00,10,2023-10-07 17:00:00,379.25,33.0,3
2023-10-07 07:00:00,11,2023-10-07 18:00:00,379.25,33.2,3
2023-10-07 07:00:00,12,2023-10-07 19:00:00,379.25,32.5,3
2023-10-08 07:00:00,7,2023-10-08 14:00:00,379.23,30.9,3
2023-10-08 07:00:00,8,2023-10-08 15:00:00,379.23,30.8,3
2023-10-08 07:00:00,9,2023-10-08 16:00:00,379.22,30.6,3
2023-10-08 07:00:00,10,2023-10-08 17:00:00,379.23,30.8,3
2023-10-08 07:00:00,11,2023-10-08 18:00:00,379.24,32.0,3
2023-10-08 07:00:00,12,2023-10-08 19:00:00,379.24,31.7,3
2023-10-09 06:00:00,7,2023-10-09 13:00:00,379.24,32.1,3
2023-10-09 06:00:00,8,2023-10-09 14:00:00,379.25,32.5,3
2023-10-09 06:00:00,9,2023-10-09 15:00:00,379.24,31.7,3
2023-10-09 06:00:00,10,2023-10-09 16:00:00,379.23,31.1,3
2023-10-09 06:00:00,11,2023-10-09 17:00:00,379.23,30.9,3
2023-10-09 06:00:00,12,2023-10-09 18:00:00,379.25,32.9,3
2023-10-10 07:00:00,7,2023-10-10 14:00:00,379.24,32.3,3
2023-10-10 07:00:00,8,2023-10-10 15:00:00,379.24,32.1,3
2023-10-10 07:00:00,9,2023-10-10 16:00:00,379.24,32.1,3
2023-10-10 07:00:00,10,2023-10-10 17:00:00,379.24,32.1,3
2023-10-10 07:00:00,11,2023-10-10 18:00:00,379.26,33.9,3
2023-10-10 07:00:00,12,2023-10-10 19:00:00,379.25,33.2,3
2023-10-10 09:00:00,7,2023-10-10 16:00:00,379.24,32.1,3
2023-10-10 09:00:00,8,2023-10-10 17:00:00,379.24,32.1,3
2023-10-10 09:00:00,9,2023-10-10 18:00:00,379.26,33.9,3
2023-10-10 09:00:00,10,2023-10-10 19:00:00,379.25,33.2,3
2023-10-10 09:00:00,11,2023-10-10 20:00:00,379.24,32.1,3
2023-10-10 09:00:00,12,2023-10-10 21:00:00,379.25,32.9,3
2023-10-11 07:00:00,7,2023-10-11 14:00:00,379.24,32.1,3
2023-10-11 07:00:00,8,2023-10-11 15:00:00,379.24,31.6,3
2023-10-11 07:00:00,9,2023-10-11 16:00:00,379.22,30.4,3
2023-10-11 07:00:00,10,2023-10-11 17:00:00,379.22,30.0,3
2023-10-11 07:00:00,11,2023-10-11 18:00:00,379.22,30.4,3
2023-10-11 07:00:00,12,2023-10-11 19:00:00,379.23,31.1,3
2023-10-12 07:00:00,7,2023-10-12 14:00:00,379.2,29.0,3
2023-10-12 07:00:00,8,2023-10-12 15:00:00,379.2,28.7,3
2023-10-12 07:00:00,9,2023-10-12 16:00:00,379.2,28.5,3
2023-10-12 07:00:00,10,2023-10-12 17:00:00,379.2,28.3,3
2023-10-12 07:00:00,11,2023-10-12 18:00:00,379.2,28.8,3
2023-10-12 07:00:00,12,2023-10-12 19:00:00,379.21,29.0,3
2023-10-13 07:00:00,7,2023-10-13 14:00:00,379.18,26.9,3
2023-10-13 07:00:00,8,2023-10-13 15:00:00,379.18,26.8,3
2023-10-13 07:00:00,9,2023-10-13 16:00:00,379.18,26.9,3
2023-10-13 07:00:00,10,2023-10-13 17:00:00,379.18,26.8,3
2023-10-13 07:00:00,11,2023-10-13 18:00:00,379.18,26.9,3
2023-10-13 07:00:00,12,2023-10-13 19:00:00,379.19,27.7,3
2023-10-14 07:00:00,7,2023-10-14 14:00:00,379.2,28.8,3
2023-10-14 07:00:00,8,2023-10-14 15:00:00,379.21,29.4,3
2023-10-14 07:00:00,9,2023-10-14 16:00:00,379.22,29.9,3
2023-10-14 07:00:00,10,2023-10-14 17:00:00,379.21,29.7,3
2023-10-14 07:00:00,11,2023-10-14 18:00:00,379.24,31.8,3
2023-10-14 07:00:00,12,2023-10-14 19:00:00,379.24,31.9,3
2023-10-15 07:00:00,7,2023-10-15 14:00:00,379.31,38.2,3
2023-10-15 07:00:00,8,2023-10-15 15:00:00,379.3,37.6,3
2023-10-15 07:00:00,9,2023-10-15 16:00:00,379.33,40.7,3
2023-10-15 07:00:00,10,2023-10-15 17:00:00,379.32,39.8,3
2023-10-15 07:00:00,11,2023-10-15 18:00:00,379.32,39.0,3
2023-10-15 07:00:00,12,2023-10-15 19:00:00,379.31,38.5,3
2023-10-16 07:00:00,7,2023-10-16 14:00:00,379.21,29.2,3
2023-10-16 07:00:00,8,2023-10-16 15:00:00,379.21,29.0,3
2023-10-16 07:00:00,9,2023-10-16 16:00:00,379.2,28.8,3
2023-10-16 07:00:00,10,2023-10-16 17:00:00,379.2,28.5,3
2023-10-16 07:00:00,11,2023-10-16 18:00:00,379.22,30.0,3
2023-10-16 07:00:00,12,2023-10-16 19:00:00,379.21,29.6,3
2023-10-17 07:00:00,7,2023-10-17 14:00:00,379.16,25.9,3
2023-10-17 07:00:00,8,2023-10-17 15:00:00,379.17,26.0,3
2023-10-17 07:00:00,9,2023-10-17 16:00:00,379.17,26.1,3
2023-10-17 07:00:00,10,2023-10-17 17:00:00,379.16,25.5,3
2023-10-17 07:00:00,11,2023-10-17 18:00:00,379.17,26.2,3
2023-10-17 07:00:00,12,2023-10-17 19:00:00,379.18,27.0,3
2023-10-18 07:00:00,7,2023-10-18 14:00:00,379.13,23.9,3
2023-10-18 07:00:00,8,2023-10-18 15:00:00,379.14,24.2,3
2023-10-18 07:00:00,9,2023-10-18 16:00:00,379.14,24.1,3
2023-10-18 07:00:00,10,2023-10-18 17:00:00,379.14,24.0,3
2023-10-18 07:00:00,11,2023-10-18 18:00:00,379.14,24.5,3
2023-10-18 07:00:00,12,2023-10-18 19:00:00,379.16,25.5,3
2023-10-19 07:00:00,7,2023-10-19 14:00:00,379.16,25.5,3
2023-10-19 07:00:00,8,2023-10-19 15:00:00,379.15,25.1,3
2023-10-19 07:00:00,9,2023-10-19 16:00:00,379.15,24.9,3
2023-10-19 07:00:00,10,2023-10-19 17:00:00,379.15,25.0,3
2023-10-19 07:00:00,11,2023-10-19 18:00:00,379.18,27.4,3
2023-10-19 07:00:00,12,2023-10-19 19:00:00,379.19,27.8,3
2023-10-20 07:00:00,7,2023-10-20 14:00:00,379.56,65.9,3
2023-10-20 07:00:00,8,2023-10-20 15:00:00,379.59,69.8,3
2023-10-20 07:00:00,9,2023-10-20 16:00:00,379.63,73.9,3
2023-10-20 07:00:00,10,2023-10-20 17:00:00,379.63,74.9,3
2023-10-20 07:00:00,11,2023-10-20 18:00:00,379.69,81.6,3
2023-10-20 07:00:00,12,2023-10-20 19:00:00,379.75,89.6,3
2023-10-21 07:00:00,7,2023-10-21 14:00:00,379.79,93.7,3
2023-10-21 07:00:00,8,2023-10-21 15:00:00,379.78,92.6,3
2023-10-21 07:00:00,9,2023-10-21 16:00:00,379.81,96.8,3
2023-10-21 07:00:00,10,2023-10-21 17:00:00,379.75,89.4,3
2023-10-21 07:00:00,11,2023-10-21 18:00:00,379.73,87.2,3
2023-10-21 07:00:00,12,2023-10-21 19:00:00,379.71,83.9,3
2023-10-22 07:00:00,7,2023-10-22 14:00:00,379.55,64.5,3
2023-10-22 07:00:00,8,2023-10-22 15:00:00,379.53,62.2,3
2023-10-22 07:00:00,9,2023-10-22 16:00:00,379.51,59.9,3
2023-10-22 07:00:00,10,2023-10-22 17:00:00,379.5,58.9,3
2023-10-22 07:00:00,11,2023-10-22 18:00:00,379.49,58.3,3
2023-10-22 07:00:00,12,2023-10-22 19:00:00,379.48,56.4,3
2023-10-23 07:00:00,7,2023-10-23 14:00:00,379.38,45.4,3
2023-10-23 07:00:00,8,2023-10-23 15:00:00,379.38,45.3,3
2023-10-23 07:00:00,9,2023-10-23 16:00:00,379.37,44.4,3
2023-10-23 07:00:00,10,2023-10-23 17:00:00,379.36,43.8,3
2023-10-23 07:00:00,11,2023-10-23 18:00:00,379.36,43.3,3
2023-10-23 07:00:00,12,2023-10-23 19:00:00,379.35,42.9,3
2023-10-24 07:00:00,7,2023-10-24 14:00:00,379.47,55.9,3
2023-10-24 07:00:00,8,2023-10-24 15:00:00,379.53,62.6,3
2023-10-24 07:00:00,9,2023-10-24 16:00:00,379.56,66.2,3
2023-10-24 07:00:00,10,2023-10-24 17:00:00,379.57,67.5,3
2023-10-24 07:00:00,11,2023-10-24 18:00:00,379.58,68.6,3
2023-10-24 07:00:00,12,2023-10-24 19:00:00,379.6,70.9,3
2023-10-25 07:00:00,7,2023-10-25 14:00:00,379.73,86.8,3
2023-10-25 07:00:00,8,2023-10-25 15:00:00,379.71,84.5,3
2023-10-25 07:00:00,9,2023-10-25 16:00:00,379.7,83.3,3
2023-10-25 07:00:00,10,2023-10-25 17:00:00,379.7,82.5,3
2023-10-25 07:00:00,11,2023-10-25 18:00:00,379.69,81.1,3
2023-10-25 07:00:00,12,2023-10-25 19:00:00,379.68,80.8,3
2023-10-26 07:00:00,7,2023-10-26 14:00:00,380.43,184.3,3
2023-10-26 07:00:00,8,2023-10-26 15:00:00,380.4,179.7,3
2023-10-26 07:00:00,9,2023-10-26 16:00:00,380.38,177.8,3
2023-10-26 07:00:00,10,2023-10-26 17:00:00,380.37,175.5,3
2023-10-26 07:00:00,11,2023-10-26 18:00:00,380.37,175.0,3
2023-10-26 07:00:00,12,2023-10-26 19:00:00,380.36,174.3,3
2023-10-27 07:00:00,7,2023-10-27 14:00:00,381.37,360.8,3
2023-10-27 07:00:00,8,2023-10-27 15:00:00,381.22,329.1,3
2023-10-27 07:00:00,9,2023-10-27 16:00:00,381.08,300.6,3
2023-10-27 07:00:00,10,2023-10-27 17:00:00,380.97,278.5,3
2023-10-27 07:00:00,11,2023-10-27 18:00:00,380.87,260.5,3
2023-10-27 07:00:00,12,2023-10-27 19:00:00,380.8,247.2,3
2023-10-28 07:00:00,7,2023-10-28 14:00:00,380.33,169.2,3
2023-10-28 07:00:00,8,2023-10-28 15:00:00,380.35,172.0,3
2023-10-28 07:00:00,9,2023-10-28 16:00:00,380.31,167.2,3
2023-10-28 07:00:00,10,2023-10-28 17:00:00,380.29,164.0,3
2023-10-28 07:00:00,11,2023-10-28 18:00:00,380.28,161.9,3
2023-10-28 07:00:00,12,2023-10-28 19:00:00,380.26,158.2,3
2023-10-29 07:00:00,7,2023-10-29 14:00:00,379.91,110.2,3
2023-10-29 07:00:00,8,2023-10-29 15:00:00,379.9,108.6,3
2023-10-29 07:00:00,9,2023-10-29 16:00:00,379.89,106.8,3
2023-10-29 07:00:00,10,2023-10-29 17:00:00,379.87,104.9,3
2023-10-29 07:00:00,11,2023-10-29 18:00:00,379.86,103.4,3
2023-10-29 07:00:00,12,2023-10-29 19:00:00,379.85,102.2,3
2023-10-30 07:00:00,7,2023-10-30 14:00:00,379.7,82.8,3
2023-10-30 07:00:00,8,2023-10-30 15:00:00,379.69,81.6,3
2023-10-30 07:00:00,9,2023-10-30 16:00:00,379.69,81.6,3
2023-10-30 07:00:00,10,2023-10-30 17:00:00,379.69,82.0,3
2023-10-30 07:00:00,11,2023-10-30 18:00:00,379.7,82.9,3
2023-10-30 07:00:00,12,2023-10-30 19:00:00,379.72,84.9,3
2023-10-31 07:00:00,7,2023-10-31 14:00:00,380.43,184.5,3
2023-10-31 07:00:00,8,2023-10-31 15:00:00,380.41,182.5,3
2023-10-31 07:00:00,9,2023-10-31 16:00:00,380.42,183.0,3
2023-10-31 07:00:00,10,2023-10-31 17:00:00,380.42,182.9,3
2023-10-31 07:00:00,11,2023-10-31 18:00:00,380.41,182.2,3
2023-10-31 07:00:00,12,2023-10-31 19:00:00,380.42,183.3,3
2023-11-01 07:00:00,7,2023-11-01 14:00:00,379.98,118.4,3
2023-11-01 07:00:00,8,2023-11-01 15:00:00,379.96,116.4,3
2023-11-01 07:00:00,9,2023-11-01 16:00:00,379.95,114.5,3
2023-11-01 07:00:00,10,2023-11-01 17:00:00,379.93,112.9,3
2023-11-01 07:00:00,11,2023-11-01 18:00:00,379.93,111.8,3
2023-11-01 07:00:00,12,2023-11-01 19:00:00,379.91,110.3,3
2023-11-02 07:00:00,7,2023-11-02 14:00:00,380.29,163.6,3
2023-11-02 07:00:00,8,2023-11-02 15:00:00,380.4,180.1,3
2023-11-02 07:00:00,9,2023-11-02 16:00:00,380.45,188.9,3
2023-11-02 07:00:00,10,2023-11-02 17:00:00,380.56,205.6,3
2023-11-02 07:00:00,11,2023-11-02 18:00:00,380.67,225.0,3
2023-11-02 07:00:00,12,2023-11-02 19:00:00,380.76,240.0,3
2023-11-03 07:00:00,7,2023-11-03 14:00:00,380.39,179.0,3
2023-11-03 07:00:00,8,2023-11-03 15:00:00,380.37,175.6,3
2023-11-03 07:00:00,9,2023-11-03 16:00:00,380.34,171.0,3
2023-11-03 07:00:00,10,2023-11-03 17:00:00,380.31,167.0,3
2023-11-03 07:00:00,11,2023-11-03 18:00:00,380.29,163.8,3
2023-11-03 07:00:00,12,2023-11-03 19:00:00,380.27,159.7,3
2023-11-04 07:00:00,7,2023-11-04 14:00:00,380.13,139.2,3
2023-11-04 07:00:00,8,2023-11-04 15:00:00,380.12,138.4,3
2023-11-04 07:00:00,9,2023-11-04 16:00:00,380.14,141.2,3
2023-11-04 07:00:00,10,2023-11-04 17:00:00,380.18,146.3,3
2023-11-04 07:00:00,11,2023-11-04 18:00:00,380.24,155.2,3
2023-11-04 07:00:00,12,2023-11-04 19:00:00,380.32,168.2,3
2023-11-05 07:00:00,7,2023-11-05 14:00:00,380.85,256.5,3
2023-11-05 07:00:00,8,2023-11-05 15:00:00,380.87,261.4,3
2023-11-05 07:00:00,9,2023-11-05 16:00:00,380.91,267.6,3
2023-11-05 07:00:00,10,2023-11-05 17:00:00,380.94,273.5,3
2023-11-05 07:00:00,11,2023-11-05 18:00:00,380.99,282.3,3
2023-11-05 07:00:00,12,2023-11-05 19:00:00,381.03,290.5,3
2023-11-06 07:00:00,7,2023-11-06 14:00:00,380.48,193.1,3
2023-11-06 07:00:00,8,2023-11-06 15:00:00,380.48,192.4,3
2023-11-06 07:00:00,9,2023-11-06 16:00:00,380.48,192.9,3
2023-11-06 07:00:00,10,2023-11-06 17:00:00,380.46,189.9,3
2023-11-06 07:00:00,11,2023-11-06 18:00:00,380.44,187.3,3
2023-11-06 07:00:00,12,2023-11-06 19:00:00,380.44,186.5,3
2023-11-07 07:00:00,7,2023-11-07 14:00:00,380.12,138.8,3
2023-11-07 07:00:00,8,2023-11-07 15:00:00,380.1,136.3,3
2023-11-07 07:00:00,9,2023-11-07 16:00:00,380.09,134.3,3
2023-11-07 07:00:00,10,2023-11-07 17:00:00,380.08,132.4,3
2023-11-07 07:00:00,11,2023-11-07 18:00:00,380.06,130.5,3
2023-11-07 07:00:00,12,2023-11-07 19:00:00,380.05,128.8,3
2023-11-08 07:00:00,7,2023-11-08 14:00:00,379.92,110.3,3
2023-11-08 07:00:00,8,2023-11-08 15:00:00,379.91,109.1,3
2023-11-08 07:00:00,9,2023-11-08 16:00:00,379.89,107.6,3
2023-11-08 07:00:00,10,2023-11-08 17:00:00,379.88,106.3,3
2023-11-08 07:00:00,11,2023-11-08 18:00:00,379.88,105.3,3
2023-11-08 07:00:00,12,2023-11-08 19:00:00,379.87,104.2,3
2023-11-09 07:00:00,7,2023-11-09 14:00:00,379.79,93.7,3
2023-11-09 07:00:00,8,2023-11-09 15:00:00,379.79,94.3,3
2023-11-09 07:00:00,9,2023-11-09 16:00:00,379.81,96.1,3
2023-11-09 07:00:00,10,2023-11-09 17:00:00,379.82,98.5,3
2023-11-09 07:00:00,11,2023-11-09 18:00:00,379.83,99.7,3
2023-11-09 07:00:00,12,2023-11-09 19:00:00,379.84,100.3,3
2023-11-10 07:00:00,7,2023-11-10 14:00:00,380.08,132.5,3
2023-11-10 07:00:00,8,2023-11-10 15:00:00,380.06,130.4,3
2023-11-10 07:00:00,9,2023-11-10 16:00:00,380.05,128.0,3
2023-11-10 07:00:00,10,2023-11-10 17:00:00,380.04,126.8,3
2023-11-10 07:00:00,11,2023-11-10 18:00:00,380.0,122.2,3
2023-11-10 07:00:00,12,2023-11-10 19:00:00,380.0,121.8,3
2023-11-11 07:00:00,7,2023-11-11 14:00:00,380.06,130.4,3
2023-11-11 07:00:00,8,2023-11-11 15:00:00,380.06,129.7,3
2023-11-11 07:00:00,9,2023-11-11 16:00:00,380.04,126.6,3
2023-11-11 07:00:00,10,2023-11-11 17:00:00,380.01,123.2,3
2023-11-11 07:00:00,11,2023-11-11 18:00:00,379.98,119.1,3
2023-11-11 07:00:00,12,2023-11-11 19:00:00,379.96,115.7,3
2023-11-12 07:00:00,7,2023-11-12 14:00:00,380.11,136.4,3
2023-11-12 07:00:00,8,2023-11-12 15:00:00,380.21,151.4,3
2023-11-12 07:00:00,9,2023-11-12 16:00:00,380.29,164.0,3
2023-11-12 07:00:00,10,2023-11-12 17:00:00,380.46,190.5,3
2023-11-12 07:00:00,11,2023-11-12 18:00:00,380.57,207.5,3
2023-11-12 07:00:00,12,2023-11-12 19:00:00,380.61,215.3,3
2023-11-13 07:00:00,7,2023-11-13 14:00:00,380.71,232.4,3
2023-11-13 07:00:00,8,2023-11-13 15:00:00,380.69,228.9,3
2023-11-13 07:00:00,9,2023-11-13 16:00:00,380.66,222.3,3
2023-11-13 07:00:00,10,2023-11-13 17:00:00,380.64,219.1,3
2023-11-13 07:00:00,11,2023-11-13 18:00:00,380.62,216.0,3
2023-11-13 07:00:00,12,2023-11-13 19:00:00,380.61,215.0,3
2023-11-14 07:00:00,7,2023-11-14 14:00:00,382.1,540.8,3
2023-11-14 07:00:00,8,2023-11-14 15:00:00,382.15,553.7,3
2023-11-14 07:00:00,9,2023-11-14 16:00:00,382.14,550.8,3
2023-11-14 07:00:00,10,2023-11-14 17:00:00,382.12,546.0,3
2023-11-14 07:00:00,11,2023-11-14 18:00:00,382.12,545.4,3
2023-11-14 07:00:00,12,2023-11-14 19:00:00,382.14,550.9,3
2023-11-15 07:00:00,7,2023-11-15 14:00:00,381.57,406.3,3
2023-11-15 07:00:00,8,2023-11-15 15:00:00,381.42,371.5,3
2023-11-15 07:00:00,9,2023-11-15 16:00:00,381.28,341.3,3
2023-11-15 07:00:00,10,2023-11-15 17:00:00,381.15,314.1,3
2023-11-15 07:00:00,11,2023-11-15 18:00:00,381.06,296.2,3
2023-11-15 07:00:00,12,2023-11-15 19:00:00,380.97,279.5,3
2023-11-16 07:00:00,7,2023-11-16 14:00:00,380.58,210.0,3
2023-11-16 07:00:00,8,2023-11-16 15:00:00,380.55,204.2,3
2023-11-16 07:00:00,9,2023-11-16 16:00:00,380.53,200.6,3
2023-11-16 07:00:00,10,2023-11-16 17:00:00,380.5,196.2,3
2023-11-16 07:00:00,11,2023-11-16 18:00:00,380.48,192.9,3
2023-11-16 07:00:00,12,2023-11-16 19:00:00,380.46,190.6,3
2023-11-17 07:00:00,7,2023-11-17 14:00:00,380.43,184.4,3
2023-11-17 07:00:00,8,2023-11-17 15:00:00,380.39,179.5,3
2023-11-17 07:00:00,9,2023-11-17 16:00:00,380.38,176.4,3
2023-11-17 07:00:00,10,2023-11-17 17:00:00,380.35,172.9,3
2023-11-17 07:00:00,11,2023-11-17 18:00:00,380.34,170.4,3
2023-11-17 07:00:00,12,2023-11-17 19:00:00,380.32,168.3,3
2023-11-18 07:00:00,7,2023-11-18 14:00:00,380.14,141.8,3
2023-11-18 07:00:00,8,2023-11-18 15:00:00,380.13,140.3,3
2023-11-18 07:00:00,9,2023-11-18 16:00:00,380.12,138.1,3
2023-11-18 07:00:00,10,2023-11-18 17:00:00,380.11,136.4,3
2023-11-18 07:00:00,11,2023-11-18 18:00:00,380.1,134.9,3
2023-11-18 07:00:00,12,2023-11-18 19:00:00,380.08,133.4,3
2023-11-19 07:00:00,7,2023-11-19 14:00:00,380.08,132.7,3
2023-11-19 07:00:00,8,2023-11-19 15:00:00,380.07,130.9,3
2023-11-19 07:00:00,9,2023-11-19 16:00:00,380.09,133.7,3
2023-11-19 07:00:00,10,2023-11-19 17:00:00,380.11,137.1,3
2023-11-19 07:00:00,11,2023-11-19 18:00:00,380.15,142.5,3
2023-11-19 07:00:00,12,2023-11-19 19:00:00,380.22,153.2,3
2023-11-20 07:00:00,7,2023-11-20 14:00:00,380.13,139.8,3
2023-11-20 07:00:00,8,2023-11-20 15:00:00,380.08,132.5,3
2023-11-20 07:00:00,9,2023-11-20 16:00:00,380.07,131.1,3
2023-11-20 07:00:00,10,2023-11-20 17:00:00,380.05,129.0,3
2023-11-20 07:00:00,11,2023-11-20 18:00:00,380.06,129.3,3
2023-11-20 07:00:00,12,2023-11-20 19:00:00,380.05,128.6,3
2023-11-21 07:00:00,7,2023-11-21 14:00:00,379.95,114.5,3
2023-11-21 07:00:00,8,2023-11-21 15:00:00,379.95,114.7,3
2023-11-21 07:00:00,9,2023-11-21 16:00:00,379.94,113.1,3
2023-11-21 07:00:00,10,2023-11-21 17:00:00,379.94,113.1,3
2023-11-21 07:00:00,11,2023-11-21 18:00:00,379.94,113.7,3
2023-11-21 07:00:00,12,2023-11-21 19:00:00,379.94,113.5,3
2023-11-22 07:00:00,7,2023-11-22 14:00:00,379.9,107.9,3
2023-11-22 07:00:00,8,2023-11-22 15:00:00,379.89,107.6,3
2023-11-22 07:00:00,9,2023-11-22 16:00:00,379.86,103.2,3
2023-11-22 07:00:00,10,2023-11-22 17:00:00,379.85,102.3,3
2023-11-22 07:00:00,11,2023-11-22 18:00:00,379.85,101.5,3
2023-11-22 07:00:00,12,2023-11-22 19:00:00,379.84,100.6,3
2023-11-23 07:00:00,7,2023-11-23 14:00:00,379.8,95.8,3
2023-11-23 07:00:00,8,2023-11-23 15:00:00,379.79,94.7,3
2023-11-23 07:00:00,9,2023-11-23 16:00:00,379.79,94.7,3
2023-11-23 07:00:00,10,2023-11-23 17:00:00,379.78,92.3,3
2023-11-23 07:00:00,11,2023-11-23 18:00:00,379.77,91.8,3
2023-11-23 07:00:00,12,2023-11-23 19:00:00,379.77,91.5,3
2023-11-24 07:00:00,7,2023-11-24 14:00:00,379.73,86.1,3
2023-11-24 07:00:00,8,2023-11-24 15:00:00,379.72,85.6,3
2023-11-24 07:00:00,9,2023-11-24 16:00:00,379.72,85.2,3
2023-11-24 07:00:00,10,2023-11-24 17:00:00,379.72,85.1,3
2023-11-24 07:00:00,11,2023-11-24 18:00:00,379.71,84.7,3
2023-11-24 07:00:00,12,2023-11-24 19:00:00,379.71,84.6,3
2023-11-25 07:00:00,7,2023-11-25 14:00:00,379.71,84.4,3
2023-11-25 07:00:00,8,2023-11-25 15:00:00,379.71,83.5,3
2023-11-25 07:00:00,9,2023-11-25 16:00:00,379.7,82.8,3
2023-11-25 07:00:00,10,2023-11-25 17:00:00,379.69,82.2,3
2023-11-25 07:00:00,11,2023-11-25 18:00:00,379.69,81.3,3
2023-11-25 07:00:00,12,2023-11-25 19:00:00,379.68,80.7,3
2023-11-26 07:00:00,7,2023-11-26 14:00:00,379.63,74.8,3
2023-11-26 07:00:00,8,2023-11-26 15:00:00,379.63,74.6,3
2023-11-26 07:00:00,9,2023-11-26 16:00:00,379.63,74.4,3
2023-11-26 07:00:00,10,2023-11-26 17:00:00,379.63,74.5,3
2023-11-26 07:00:00,11,2023-11-26 18:00:00,379.63,74.4,3
2023-11-26 07:00:00,12,2023-11-26 19:00:00,379.63,74.2,3
2023-11-27 07:00:00,7,2023-11-27 14:00:00,379.59,69.1,3
2023-11-27 07:00:00,8,2023-11-27 15:00:00,379.58,68.9,3
2023-11-27 07:00:00,9,2023-11-27 16:00:00,379.58,68.8,3
2023-11-27 07:00:00,10,2023-11-27 17:00:00,379.58,68.8,3
2023-11-27 07:00:00,11,2023-11-27 18:00:00,379.58,68.8,3
2023-11-27 07:00:00,12,2023-11-27 19:00:00,379.59,69.6,3
2023-11-28 07:00:00,7,2023-11-28 14:00:00,379.78,92.7,3
2023-11-28 07:00:00,8,2023-11-28 15:00:00,379.77,91.0,3
2023-11-28 07:00:00,9,2023-11-28 16:00:00,379.76,89.8,3
2023-11-28 07:00:00,10,2023-11-28 17:00:00,379.74,88.3,3
2023-11-28 07:00:00,11,2023-11-28 18:00:00,379.73,86.2,3
2023-11-28 07:00:00,12,2023-11-28 19:00:00,379.71,83.7,3
2023-11-29 07:00:00,7,2023-11-29 14:00:00,379.65,77.0,3
2023-11-29 07:00:00,8,2023-11-29 15:00:00,379.65,76.4,3
2023-11-29 07:00:00,9,2023-11-29 16:00:00,379.64,75.8,3
2023-11-29 07:00:00,10,2023-11-29 17:00:00,379.64,75.1,3
2023-11-29 07:00:00,11,2023-11-29 18:00:00,379.63,74.6,3
2023-11-29 07:00:00,12,2023-11-29 19:00:00,379.63,74.2,3
2023-11-30 07:00:00,7,2023-11-30 14:00:00,380.17,146.3,3
2023-11-30 07:00:00,8,2023-11-30 15:00:00,380.33,170.1,3
2023-11-30 07:00:00,9,2023-11-30 16:00:00,380.45,189.0,3
2023-11-30 07:00:00,10,2023-11-30 17:00:00,380.59,211.1,3
2023-11-30 07:00:00,11,2023-11-30 18:00:00,380.7,229.5,3
2023-11-30 07:00:00,12,2023-11-30 19:00:00,380.79,246.3,3
2023-12-01 07:00:00,7,2023-12-01 14:00:00,381.4,367.8,3
2023-12-01 07:00:00,8,2023-12-01 15:00:00,381.38,362.8,3
2023-12-01 07:00:00,9,2023-12-01 16:00:00,381.35,357.5,3
2023-12-01 07:00:00,10,2023-12-01 17:00:00,381.33,351.4,3
2023-12-01 07:00:00,11,2023-12-01 18:00:00,381.3,345.6,3
2023-12-01 07:00:00,12,2023-12-01 19:00:00,381.28,341.9,3
2023-12-02 07:00:00,7,2023-12-02 14:00:00,380.6,212.2,3
2023-12-02 07:00:00,8,2023-12-02 15:00:00,380.53,201.8,3
2023-12-02 07:00:00,9,2023-12-02 16:00:00,380.52,198.8,3
2023-12-02 07:00:00,10,2023-12-02 17:00:00,380.49,194.5,3
2023-12-02 07:00:00,11,2023-12-02 18:00:00,380.46,189.9,3
2023-12-02 07:00:00,12,2023-12-02 19:00:00,380.43,184.4,3
2023-12-03 07:00:00,7,2023-12-03 14:00:00,380.16,144.4,3
2023-12-03 07:00:00,8,2023-12-03 15:00:00,380.15,142.0,3
2023-12-03 07:00:00,9,2023-12-03 16:00:00,380.11,137.2,3
2023-12-03 07:00:00,10,2023-12-03 17:00:00,380.11,136.6,3
2023-12-03 07:00:00,11,2023-12-03 18:00:00,380.1,134.9,3
2023-12-03 07:00:00,12,2023-12-03 19:00:00,380.08,133.4,3
2023-12-04 07:00:00,7,2023-12-04 14:00:00,379.99,120.6,3
2023-12-04 07:00:00,8,2023-12-04 15:00:00,379.99,120.6,3
2023-12-04 07:00:00,9,2023-12-04 16:00:00,379.96,116.3,3
2023-12-04 07:00:00,10,2023-12-04 17:00:00,379.97,117.1,3
2023-12-04 07:00:00,11,2023-12-04 18:00:00,379.98,118.4,3
2023-12-04 07:00:00,12,2023-12-04 19:00:00,379.99,120.1,3
2023-12-05 07:00:00,7,2023-12-05 14:00:00,380.04,126.9,3
2023-12-05 07:00:00,8,2023-12-05 15:00:00,380.0,122.0,3
2023-12-05 07:00:00,9,2023-12-05 16:00:00,379.99,120.8,3
2023-12-05 07:00:00,10,2023-12-05 17:00:00,379.97,118.2,3
2023-12-05 07:00:00,11,2023-12-05 18:00:00,379.95,115.0,3
2023-12-05 07:00:00,12,2023-12-05 19:00:00,379.93,111.9,3
2023-12-06 07:00:00,7,2023-12-06 14:00:00,379.82,98.0,3
2023-12-06 07:00:00,8,2023-12-06 15:00:00,379.82,97.7,3
2023-12-06 07:00:00,9,2023-12-06 16:00:00,379.82,97.4,3
2023-12-06 07:00:00,10,2023-12-06 17:00:00,379.81,96.7,3
2023-12-06 07:00:00,11,2023-12-06 18:00:00,379.8,95.3,3
2023-12-06 07:00:00,12,2023-12-06 19:00:00,379.79,94.3,3
2023-12-07 07:00:00,7,2023-12-07 14:00:00,379.78,93.0,3
2023-12-07 07:00:00,8,2023-12-07 15:00:00,379.79,94.3,3
2023-12-07 07:00:00,9,2023-12-07 16:00:00,379.79,93.8,3
2023-12-07 07:00:00,10,2023-12-07 17:00:00,379.79,93.5,3
2023-12-07 07:00:00,11,2023-12-07 18:00:00,379.77,92.1,3
2023-12-07 07:00:00,12,2023-12-07 19:00:00,379.77,91.7,3
2023-12-08 07:00:00,7,2023-12-08 14:00:00,379.95,115.1,3
2023-12-08 07:00:00,8,2023-12-08 15:00:00,380.01,123.2,3
2023-12-08 07:00:00,9,2023-12-08 16:00:00,380.02,124.9,3
2023-12-08 07:00:00,10,2023-12-08 17:00:00,380.04,127.3,3
2023-12-08 07:00:00,11,2023-12-08 18:00:00,380.05,128.4,3
2023-12-08 07:00:00,12,2023-12-08 19:00:00,380.06,129.5,3
2023-12-09 07:00:00,7,2023-12-09 14:00:00,379.85,102.0,3
2023-12-09 07:00:00,8,2023-12-09 15:00:00,379.85,102.2,3
2023-12-09 07:00:00,9,2023-12-09 16:00:00,379.87,104.4,3
2023-12-09 07:00:00,10,2023-12-09 17:00:00,379.88,105.5,3
2023-12-09 07:00:00,11,2023-12-09 18:00:00,379.9,108.8,3
2023-12-09 07:00:00,12,2023-12-09 19:00:00,379.94,113.8,3
2023-12-10 07:00:00,7,2023-12-10 14:00:00,380.65,221.2,3
2023-12-10 07:00:00,8,2023-12-10 15:00:00,380.57,207.3,3
2023-12-10 07:00:00,9,2023-12-10 16:00:00,380.53,200.7,3
2023-12-10 07:00:00,10,2023-12-10 17:00:00,380.48,193.6,3
2023-12-10 07:00:00,11,2023-12-10 18:00:00,380.45,188.8,3
2023-12-10 07:00:00,12,2023-12-10 19:00:00,380.39,178.8,3
2023-12-11 07:00:00,7,2023-12-11 14:00:00,381.94,497.9,3
2023-12-11 07:00:00,8,2023-12-11 15:00:00,381.99,510.9,3
2023-12-11 07:00:00,9,2023-12-11 16:00:00,382.03,520.5,3
2023-12-11 07:00:00,10,2023-12-11 17:00:00,382.12,546.0,3
2023-12-11 07:00:00,11,2023-12-11 18:00:00,382.26,583.5,3
2023-12-11 07:00:00,12,2023-12-11 19:00:00,382.35,611.2,3
2023-12-12 07:00:00,7,2023-12-12 14:00:00,381.81,464.5,3
2023-12-12 07:00:00,8,2023-12-12 15:00:00,381.84,472.3,3
2023-12-12 07:00:00,9,2023-12-12 16:00:00,381.89,483.8,3
2023-12-12 07:00:00,10,2023-12-12 17:00:00,381.91,489.2,3
2023-12-12 07:00:00,11,2023-12-12 18:00:00,381.91,488.0,3
2023-12-12 07:00:00,12,2023-12-12 19:00:00,381.92,491.1,3
2023-12-13 07:00:00,7,2023-12-13 14:00:00,381.65,425.5,3
2023-12-13 07:00:00,8,2023-12-13 15:00:00,381.58,409.4,3
2023-12-13 07:00:00,9,2023-12-13 16:00:00,381.53,396.4,3
2023-12-13 07:00:00,10,2023-12-13 17:00:00,381.5,390.7,3
2023-12-13 07:00:00,11,2023-12-13 18:00:00,381.48,384.3,3
2023-12-13 07:00:00,12,2023-12-13 19:00:00,381.44,376.5,3
2023-12-14 07:00:00,7,2023-12-14 14:00:00,380.84,254.8,3
2023-12-14 07:00:00,8,2023-12-14 15:00:00,380.81,250.0,3
2023-12-14 07:00:00,9,2023-12-14 16:00:00,380.78,244.3,3
2023-12-14 07:00:00,10,2023-12-14 17:00:00,380.75,238.1,3
2023-12-14 07:00:00,11,2023-12-14 18:00:00,380.71,231.5,3
2023-12-14 07:00:00,12,2023-12-14 19:00:00,380.67,225.6,3
2023-12-15 07:00:00,7,2023-12-15 14:00:00,380.4,179.8,3
2023-12-15 07:00:00,8,2023-12-15 15:00:00,380.35,171.9,3
2023-12-15 07:00:00,9,2023-12-15 16:00:00,380.33,169.6,3
2023-12-15 07:00:00,10,2023-12-15 17:00:00,380.32,167.6,3
2023-12-15 07:00:00,11,2023-12-15 18:00:00,380.3,165.0,3
2023-12-15 07:00:00,12,2023-12-15 19:00:00,380.27,160.8,3
2023-12-16 07:00:00,7,2023-12-16 14:00:00,380.12,139.1,3
2023-12-16 07:00:00,8,2023-12-16 15:00:00,380.11,137.2,3
2023-12-16 07:00:00,9,2023-12-16 16:00:00,380.08,132.1,3
2023-12-16 07:00:00,10,2023-12-16 17:00:00,380.07,131.1,3
2023-12-16 07:00:00,11,2023-12-16 18:00:00,380.06,130.0,3
2023-12-16 07:00:00,12,2023-12-16 19:00:00,380.05,129.1,3
2023-12-17 07:00:00,7,2023-12-17 14:00:00,380.03,126.0,3
2023-12-17 07:00:00,8,2023-12-17 15:00:00,380.03,126.0,3
2023-12-17 07:00:00,9,2023-12-17 16:00:00,380.02,124.0,3
2023-12-17 07:00:00,10,2023-12-17 17:00:00,379.99,120.6,3
2023-12-17 07:00:00,11,2023-12-17 18:00:00,379.98,119.5,3
2023-12-17 07:00:00,12,2023-12-17 19:00:00,379.98,119.1,3
2023-12-18 07:00:00,7,2023-12-18 14:00:00,379.95,115.1,3
2023-12-18 07:00:00,8,2023-12-18 15:00:00,379.94,114.2,3
2023-12-18 07:00:00,9,2023-12-18 16:00:00,379.94,113.4,3
2023-12-18 07:00:00,10,2023-12-18 17:00:00,379.94,113.0,3
2023-12-18 07:00:00,11,2023-12-18 18:00:00,379.93,112.8,3
2023-12-18 07:00:00,12,2023-12-18 19:00:00,379.93,112.7,3
2023-12-19 07:00:00,7,2023-12-19 14:00:00,379.84,100.4,3
2023-12-19 07:00:00,8,2023-12-19 15:00:00,379.83,98.9,3
2023-12-19 07:00:00,9,2023-12-19 16:00:00,379.82,97.8,3
2023-12-19 07:00:00,10,2023-12-19 17:00:00,379.82,97.4,3
2023-12-19 07:00:00,11,2023-12-19 18:00:00,379.82,98.3,3
2023-12-19 07:00:00,12,2023-12-19 19:00:00,379.84,100.1,3
2023-12-20 07:00:00,7,2023-12-20 14:00:00,379.91,109.2,3
2023-12-20 07:00:00,8,2023-12-20 15:00:00,379.91,110.1,3
2023-12-20 07:00:00,9,2023-12-20 16:00:00,379.91,109.1,3
2023-12-20 07:00:00,10,2023-12-20 17:00:00,379.89,106.8,3
2023-12-20 07:00:00,11,2023-12-20 18:00:00,379.87,104.3,3
2023-12-20 07:00:00,12,2023-12-20 19:00:00,379.85,102.1,3
2023-12-21 07:00:00,7,2023-12-21 14:00:00,379.79,94.6,3
2023-12-21 07:00:00,8,2023-12-21 15:00:00,379.8,94.9,3
2023-12-21 07:00:00,9,2023-12-21 16:00:00,379.8,95.7,3
2023-12-21 07:00:00,10,2023-12-21 17:00:00,379.81,96.5,3
2023-12-21 07:00:00,11,2023-12-21 18:00:00,379.82,97.3,3
2023-12-21 07:00:00,12,2023-12-21 19:00:00,379.83,98.9,3
2023-12-22 07:00:00,7,2023-12-22 14:00:00,380.08,133.2,3
2023-12-22 07:00:00,8,2023-12-22 15:00:00,380.1,135.2,3
2023-12-22 07:00:00,9,2023-12-22 16:00:00,380.07,131.1,3
2023-12-22 07:00:00,10,2023-12-22 17:00:00,380.09,134.4,3
2023-12-22 07:00:00,11,2023-12-22 18:00:00,380.13,139.8,3
2023-12-22 07:00:00,12,2023-12-22 19:00:00,380.18,146.8,3
2023-12-23 07:00:00,7,2023-12-23 14:00:00,379.91,109.8,3
2023-12-23 07:00:00,8,2023-12-23 15:00:00,379.9,108.5,3
2023-12-23 07:00:00,9,2023-12-23 16:00:00,379.89,107.2,3
2023-12-23 07:00:00,10,2023-12-23 17:00:00,379.87,104.8,3
2023-12-23 07:00:00,11,2023-12-23 18:00:00,379.85,101.8,3
2023-12-23 07:00:00,12,2023-12-23 19:00:00,379.84,100.2,3
2023-12-24 07:00:00,7,2023-12-24 14:00:00,379.79,93.7,3
2023-12-24 07:00:00,8,2023-12-24 15:00:00,379.79,94.4,3
2023-12-24 07:00:00,9,2023-12-24 16:00:00,379.78,93.2,3
2023-12-24 07:00:00,10,2023-12-24 17:00:00,379.78,92.8,3
2023-12-24 07:00:00,11,2023-12-24 18:00:00,379.78,92.3,3
2023-12-24 07:00:00,12,2023-12-24 19:00:00,379.77,91.9,3
2023-12-25 07:00:00,7,2023-12-25 14:00:00,379.74,87.5,3
2023-12-25 07:00:00,8,2023-12-25 15:00:00,379.74,88.2,3
2023-12-25 07:00:00,9,2023-12-25 16:00:00,379.75,89.0,3
2023-12-25 07:00:00,10,2023-12-25 17:00:00,379.75,88.9,3
2023-12-25 07:00:00,11,2023-12-25 18:00:00,379.75,89.1,3
2023-12-25 07:00:00,12,2023-12-25 19:00:00,379.75,88.5,3
2023-12-26 07:00:00,7,2023-12-26 14:00:00,379.69,81.8,3
2023-12-26 07:00:00,8,2023-12-26 15:00:00,379.69,81.9,3
2023-12-26 07:00:00,9,2023-12-26 16:00:00,379.7,82.6,3
2023-12-26 07:00:00,10,2023-12-26 17:00:00,379.7,82.6,3
2023-12-26 07:00:00,11,2023-12-26 18:00:00,379.7,82.5,3
2023-12-26 07:00:00,12,2023-12-26 19:00:00,379.69,81.2,3
2023-12-27 07:00:00,7,2023-12-27 14:00:00,379.64,75.7,3
2023-12-27 07:00:00,8,2023-12-27 15:00:00,379.64,75.5,3
2023-12-27 07:00:00,9,2023-12-27 16:00:00,379.65,76.9,3
2023-12-27 07:00:00,10,2023-12-27 17:00:00,379.65,76.7,3
2023-12-27 07:00:00,11,2023-12-27 18:00:00,379.65,77.0,3
2023-12-27 07:00:00,12,2023-12-27 19:00:00,379.64,76.0,3
2023-12-28 07:00:00,7,2023-12-28 14:00:00,379.6,70.5,3
2023-12-28 07:00:00,8,2023-12-28 15:00:00,379.59,70.2,3
2023-12-28 07:00:00,9,2023-12-28 16:00:00,379.61,71.9,3
2023-12-28 07:00:00,10,2023-12-28 17:00:00,379.61,72.2,3
2023-12-28 07:00:00,11,2023-12-28 18:00:00,379.61,72.4,3
2023-12-28 07:00:00,12,2023-12-28 19:00:00,379.61,72.0,3
2023-12-29 07:00:00,7,2023-12-29 14:00:00,379.6,71.1,3
2023-12-29 07:00:00,8,2023-12-29 15:00:00,379.62,72.6,3
2023-12-29 07:00:00,9,2023-12-29 16:00:00,379.62,73.8,3
2023-12-29 07:00:00,10,2023-12-29 17:00:00,379.65,76.4,3
2023-12-29 07:00:00,11,2023-12-29 18:00:00,379.65,76.9,3
2023-12-29 07:00:00,12,2023-12-29 19:00:00,379.66,77.5,3
2023-12-30 07:00:00,7,2023-12-30 14:00:00,379.57,67.6,3
2023-12-30 07:00:00,8,2023-12-30 15:00:00,379.58,68.2,3
2023-12-30 07:00:00,9,2023-12-30 16:00:00,379.57,67.6,3
2023-12-30 07:00:00,10,2023-12-30 17:00:00,379.57,67.1,3
2023-12-30 07:00:00,11,2023-12-30 18:00:00,379.56,66.5,3
2023-12-30 07:00:00,12,2023-12-30 19:00:00,379.55,65.1,3
2023-12-31 07:00:00,7,2023-12-31 14:00:00,379.54,64.0,3
2023-12-31 07:00:00,8,2023-12-31 15:00:00,379.55,65.0,3
2023-12-31 07:00:00,9,2023-12-31 16:00:00,379.57,66.9,3
2023-12-31 07:00:00,10,2023-12-31 17:00:00,379.62,72.6,3
2023-12-31 07:00:00,11,2023-12-31 18:00:00,379.72,84.9,3
2023-12-31 07:00:00,12,2023-12-31 19:00:00,379.81,96.2,3
2024-01-01 07:00:00,7,2024-01-01 14:00:00,379.65,76.8,3
2024-01-01 07:00:00,8,2024-01-01 15:00:00,379.65,76.5,3
2024-01-01 07:00:00,9,2024-01-01 16:00:00,379.65,76.3,3
2024-01-01 07:00:00,10,2024-01-01 17:00:00,379.65,76.3,3
2024-01-01 07:00:00,11,2024-01-01 18:00:00,379.64,75.9,3
2024-01-01 07:00:00,12,2024-01-01 19:00:00,379.64,75.2,3
2024-01-02 07:00:00,7,2024-01-02 14:00:00,379.61,72.3,3
2024-01-02 07:00:00,8,2024-01-02 15:00:00,379.62,72.8,3
2024-01-02 07:00:00,9,2024-01-02 16:00:00,379.62,72.7,3
2024-01-02 07:00:00,10,2024-01-02 17:00:00,379.62,73.6,3
2024-01-02 07:00:00,11,2024-01-02 18:00:00,379.64,75.8,3
2024-01-02 07:00:00,12,2024-01-02 19:00:00,379.68,80.3,3
2024-01-03 07:00:00,7,2024-01-03 14:00:00,380.03,125.5,3
2024-01-03 07:00:00,8,2024-01-03 15:00:00,379.98,119.3,3
2024-01-03 07:00:00,9,2024-01-03 16:00:00,379.95,114.5,3
2024-01-03 07:00:00,10,2024-01-03 17:00:00,379.92,111.2,3
2024-01-03 07:00:00,11,2024-01-03 18:00:00,379.9,108.6,3
2024-01-03 07:00:00,12,2024-01-03 19:00:00,379.88,105.4,3
2024-01-04 07:00:00,7,2024-01-04 14:00:00,380.11,136.9,3
2024-01-04 07:00:00,8,2024-01-04 15:00:00,380.06,130.6,3
2024-01-04 07:00:00,9,2024-01-04 16:00:00,380.02,124.0,3
2024-01-04 07:00:00,10,2024-01-04 17:00:00,379.98,119.3,3
2024-01-04 07:00:00,11,2024-01-04 18:00:00,379.95,115.2,3
2024-01-04 07:00:00,12,2024-01-04 19:00:00,379.94,113.3,3
2024-01-05 07:00:00,7,2024-01-05 14:00:00,379.93,112.3,3
2024-01-05 07:00:00,8,2024-01-05 15:00:00,379.96,115.7,3
2024-01-05 07:00:00,9,2024-01-05 16:00:00,379.99,120.6,3
2024-01-05 07:00:00,10,2024-01-05 17:00:00,380.02,124.4,3
2024-01-05 07:00:00,11,2024-01-05 18:00:00,380.04,127.4,3
2024-01-05 07:00:00,12,2024-01-05 19:00:00,380.04,127.1,3
2024-01-06 07:00:00,7,2024-01-06 14:00:00,379.79,94.6,3
2024-01-06 07:00:00,8,2024-01-06 15:00:00,379.78,92.5,3
2024-01-06 07:00:00,9,2024-01-06 16:00:00,379.76,90.4,3
2024-01-06 07:00:00,10,2024-01-06 17:00:00,379.75,88.8,3
2024-01-06 07:00:00,11,2024-01-06 18:00:00,379.74,87.7,3
2024-01-06 07:00:00,12,2024-01-06 19:00:00,379.72,85.5,3
2024-01-07 07:00:00,7,2024-01-07 14:00:00,379.7,82.6,3
2024-01-07 07:00:00,8,2024-01-07 15:00:00,379.69,81.7,3
2024-01-07 07:00:00,9,2024-01-07 16:00:00,379.68,80.9,3
2024-01-07 07:00:00,10,2024-01-07 17:00:00,379.68,79.9,3
2024-01-07 07:00:00,11,2024-01-07 18:00:00,379.67,79.1,3
2024-01-07 07:00:00,12,2024-01-07 19:00:00,379.66,78.2,3
2024-01-08 07:00:00,7,2024-01-08 14:00:00,379.62,73.2,3
2024-01-08 07:00:00,8,2024-01-08 15:00:00,379.62,73.1,3
2024-01-08 07:00:00,9,2024-01-08 16:00:00,379.62,72.6,3
2024-01-08 07:00:00,10,2024-01-08 17:00:00,379.61,72.3,3
2024-01-08 07:00:00,11,2024-01-08 18:00:00,379.61,71.8,3
2024-01-08 07:00:00,12,2024-01-08 19:00:00,379.6,71.3,3
2024-01-09 07:00:00,7,2024-01-09 14:00:00,379.56,66.5,3
2024-01-09 07:00:00,8,2024-01-09 15:00:00,379.56,66.6,3
2024-01-09 07:00:00,9,2024-01-09 16:00:00,379.56,66.2,3
2024-01-09 07:00:00,10,2024-01-09 17:00:00,379.56,65.7,3
2024-01-09 07:00:00,11,2024-01-09 18:00:00,379.55,65.3,3
2024-01-09 07:00:00,12,2024-01-09 19:00:00,379.55,65.1,3
2024-01-10 07:00:00,7,2024-01-10 14:00:00,379.52,61.3,3
2024-01-10 07:00:00,8,2024-01-10 15:00:00,379.52,61.8,3
2024-01-10 07:00:00,9,2024-01-10 16:00:00,379.53,62.3,3
2024-01-10 07:00:00,10,2024-01-10 17:00:00,379.54,63.5,3
2024-01-10 07:00:00,11,2024-01-10 18:00:00,379.54,64.3,3
2024-01-10 07:00:00,12,2024-01-10 19:00:00,379.55,64.8,3
2024-01-11 07:00:00,7,2024-01-11 14:00:00,379.48,57.5,3
2024-01-11 07:00:00,8,2024-01-11 15:00:00,379.49,58.1,3
2024-01-11 07:00:00,9,2024-01-11 16:00:00,379.49,58.6,3
2024-01-11 07:00:00,10,2024-01-11 17:00:00,379.5,58.7,3
2024-01-11 07:00:00,11,2024-01-11 18:00:00,379.5,58.8,3
2024-01-11 07:00:00,12,2024-01-11 19:00:00,379.5,58.8,3
2024-01-12 07:00:00,7,2024-01-12 14:00:00,379.42,49.9,3
2024-01-12 07:00:00,8,2024-01-12 15:00:00,379.42,50.7,3
2024-01-12 07:00:00,9,2024-01-12 16:00:00,379.43,51.5,3
2024-01-12 07:00:00,10,2024-01-12 17:00:00,379.43,51.7,3
2024-01-12 07:00:00,11,2024-01-12 18:00:00,379.44,52.4,3
2024-01-12 07:00:00,12,2024-01-12 19:00:00,379.45,53.2,3
2024-01-13 07:00:00,7,2024-01-13 14:00:00,379.4,48.1,3
2024-01-13 07:00:00,8,2024-01-13 15:00:00,379.41,49.0,3
2024-01-13 07:00:00,9,2024-01-13 16:00:00,379.42,50.3,3
2024-01-13 07:00:00,10,2024-01-13 17:00:00,379.43,51.6,3
2024-01-13 07:00:00,11,2024-01-13 18:00:00,379.45,53.2,3
2024-01-13 07:00:00,12,2024-01-13 19:00:00,379.45,53.6,3
2024-01-14 07:00:00,7,2024-01-14 14:00:00,379.39,46.4,3
2024-01-14 07:00:00,8,2024-01-14 15:00:00,379.4,47.5,3
2024-01-14 07:00:00,9,2024-01-14 16:00:00,379.42,50.7,3
2024-01-14 07:00:00,10,2024-01-14 17:00:00,379.45,53.7,3
2024-01-14 07:00:00,11,2024-01-14 18:00:00,379.46,54.9,3
2024-01-14 07:00:00,12,2024-01-14 19:00:00,379.46,55.0,3
2024-01-15 07:00:00,7,2024-01-15 14:00:00,379.43,51.6,3
2024-01-15 07:00:00,8,2024-01-15 15:00:00,379.44,52.1,3
2024-01-15 07:00:00,9,2024-01-15 16:00:00,379.45,53.9,3
2024-01-15 07:00:00,10,2024-01-15 17:00:00,379.47,55.9,3
2024-01-15 07:00:00,11,2024-01-15 18:00:00,379.47,55.8,3
2024-01-15 07:00:00,12,2024-01-15 19:00:00,379.47,55.4,3
2024-01-16 07:00:00,7,2024-01-16 14:00:00,379.38,46.1,3
2024-01-16 07:00:00,8,2024-01-16 15:00:00,379.38,46.2,3
2024-01-16 07:00:00,9,2024-01-16 16:00:00,379.38,46.2,3
2024-01-16 07:00:00,10,2024-01-16 17:00:00,379.39,46.3,3
2024-01-16 07:00:00,11,2024-01-16 18:00:00,379.39,46.4,3
2024-01-16 07:00:00,12,2024-01-16 19:00:00,379.39,46.7,3
2024-01-17 07:00:00,7,2024-01-17 14:00:00,379.84,100.3,3
2024-01-17 07:00:00,8,2024-01-17 15:00:00,379.92,110.3,3
2024-01-17 07:00:00,9,2024-01-17 16:00:00,379.94,114.0,3
2024-01-17 07:00:00,10,2024-01-17 17:00:00,379.93,112.3,3
2024-01-17 07:00:00,11,2024-01-17 18:00:00,379.91,109.8,3
2024-01-17 07:00:00,12,2024-01-17 19:00:00,379.9,107.9,3
2024-01-18 07:00:00,7,2024-01-18 14:00:00,380.87,261.1,3
2024-01-18 07:00:00,8,2024-01-18 15:00:00,380.81,249.3,3
2024-01-18 07:00:00,9,2024-01-18 16:00:00,380.77,243.1,3
2024-01-18 07:00:00,10,2024-01-18 17:00:00,380.75,238.9,3
2024-01-18 07:00:00,11,2024-01-18 18:00:00,380.75,238.6,3
2024-01-18 07:00:00,12,2024-01-18 19:00:00,380.77,242.6,3
2024-01-19 07:00:00,7,2024-01-19 14:00:00,380.59,211.4,3
2024-01-19 07:00:00,8,2024-01-19 15:00:00,380.5,196.6,3
2024-01-19 07:00:00,9,2024-01-19 16:00:00,380.48,193.5,3
2024-01-19 07:00:00,10,2024-01-19 17:00:00,380.46,189.3,3
2024-01-19 07:00:00,11,2024-01-19 18:00:00,380.43,185.6,3
2024-01-19 07:00:00,12,2024-01-19 19:00:00,380.41,181.4,3
2024-01-20 07:00:00,7,2024-01-20 14:00:00,380.0,121.9,3
2024-01-20 07:00:00,8,2024-01-20 15:00:00,379.99,120.6,3
2024-01-20 07:00:00,9,2024-01-20 16:00:00,379.98,119.3,3
2024-01-20 07:00:00,10,2024-01-20 17:00:00,379.97,118.0,3
2024-01-20 07:00:00,11,2024-01-20 18:00:00,379.96,116.8,3
2024-01-20 07:00:00,12,2024-01-20 19:00:00,379.95,115.6,3
2024-01-21 07:00:00,7,2024-01-21 14:00:00,379.85,102.2,3
2024-01-21 07:00:00,8,2024-01-21 15:00:00,379.85,101.3,3
2024-01-21 07:00:00,9,2024-01-21 16:00:00,379.84,100.8,3
2024-01-21 07:00:00,10,2024-01-21 17:00:00,379.84,100.4,3
2024-01-21 07:00:00,11,2024-01-21 18:00:00,379.84,99.8,3
2024-01-21 07:00:00,12,2024-01-21 19:00:00,379.83,99.7,3
2024-01-22 07:00:00,7,2024-01-22 14:00:00,379.75,89.0,3
2024-01-22 07:00:00,8,2024-01-22 15:00:00,379.76,90.3,3
2024-01-22 07:00:00,9,2024-01-22 16:00:00,379.78,92.6,3
2024-01-22 07:00:00,10,2024-01-22 17:00:00,379.8,95.5,3
2024-01-22 07:00:00,11,2024-01-22 18:00:00,379.88,105.2,3
2024-01-22 07:00:00,12,2024-01-22 19:00:00,380.0,121.3,3
2024-01-23 07:00:00,7,2024-01-23 14:00:00,380.19,148.4,3
2024-01-23 07:00:00,8,2024-01-23 15:00:00,380.15,143.2,3
2024-01-23 07:00:00,9,2024-01-23 16:00:00,380.13,140.3,3
2024-01-23 07:00:00,10,2024-01-23 17:00:00,380.11,136.7,3
2024-01-23 07:00:00,11,2024-01-23 18:00:00,380.09,133.7,3
2024-01-23 07:00:00,12,2024-01-23 19:00:00,380.07,131.2,3
2024-01-24 07:00:00,7,2024-01-24 14:00:00,379.89,107.3,3
2024-01-24 07:00:00,8,2024-01-24 15:00:00,379.89,107.0,3
2024-01-24 07:00:00,9,2024-01-24 16:00:00,379.89,106.8,3
2024-01-24 07:00:00,10,2024-01-24 17:00:00,379.89,107.0,3
2024-01-24 07:00:00,11,2024-01-24 18:00:00,379.89,107.4,3
2024-01-24 07:00:00,12,2024-01-24 19:00:00,379.9,108.0,3
2024-01-25 07:00:00,7,2024-01-25 14:00:00,379.89,107.6,3
2024-01-25 07:00:00,8,2024-01-25 15:00:00,379.89,106.4,3
2024-01-25 07:00:00,9,2024-01-25 16:00:00,379.88,105.3,3
2024-01-25 07:00:00,10,2024-01-25 17:00:00,379.87,104.2,3
2024-01-25 07:00:00,11,2024-01-25 18:00:00,379.87,103.8,3
2024-01-25 07:00:00,12,2024-01-25 19:00:00,379.86,103.4,3
2024-01-26 07:00:00,7,2024-01-26 14:00:00,379.76,90.8,3
2024-01-26 07:00:00,8,2024-01-26 15:00:00,379.76,90.3,3
2024-01-26 07:00:00,9,2024-01-26 16:00:00,379.75,89.5,3
2024-01-26 07:00:00,10,2024-01-26 17:00:00,379.75,89.1,3
2024-01-26 07:00:00,11,2024-01-26 18:00:00,379.75,88.8,3
2024-01-26 07:00:00,12,2024-01-26 19:00:00,379.75,89.1,3
2024-01-27 07:00:00,7,2024-01-27 14:00:00,379.71,84.7,3
2024-01-27 07:00:00,8,2024-01-27 15:00:00,379.71,83.7,3
2024-01-27 07:00:00,9,2024-01-27 16:00:00,379.7,82.8,3
2024-01-27 07:00:00,10,2024-01-27 17:00:00,379.69,82.0,3
2024-01-27 07:00:00,11,2024-01-27 18:00:00,379.69,81.2,3
2024-01-27 07:00:00,12,2024-01-27 19:00:00,379.68,80.7,3
2024-01-28 07:00:00,7,2024-01-28 14:00:00,379.64,75.0,3
2024-01-28 07:00:00,8,2024-01-28 15:00:00,379.63,74.6,3
2024-01-28 07:00:00,9,2024-01-28 16:00:00,379.63,74.2,3
2024-01-28 07:00:00,10,2024-01-28 17:00:00,379.62,73.8,3
2024-01-28 07:00:00,11,2024-01-28 18:00:00,379.62,73.6,3
2024-01-28 07:00:00,12,2024-01-28 19:00:00,379.62,73.2,3
2024-01-29 07:00:00,7,2024-01-29 14:00:00,379.59,70.0,3
2024-01-29 07:00:00,8,2024-01-29 15:00:00,379.59,69.7,3
2024-01-29 07:00:00,9,2024-01-29 16:00:00,379.59,69.6,3
2024-01-29 07:00:00,10,2024-01-29 17:00:00,379.59,69.5,3
2024-01-29 07:00:00,11,2024-01-29 18:00:00,379.59,69.4,3
2024-01-29 07:00:00,12,2024-01-29 19:00:00,379.59,69.6,3
2024-01-30 07:00:00,7,2024-01-30 14:00:00,379.54,63.3,3
2024-01-30 07:00:00,8,2024-01-30 15:00:00,379.53,62.9,3
2024-01-30 07:00:00,9,2024-01-30 16:00:00,379.53,62.4,3
2024-01-30 07:00:00,10,2024-01-30 17:00:00,379.53,62.2,3
2024-01-30 07:00:00,11,2024-01-30 18:00:00,379.53,62.1,3
2024-01-30 07:00:00,12,2024-01-30 19:00:00,379.53,62.3,3
2024-01-31 07:00:00,7,2024-01-31 14:00:00,379.49,58.3,3
2024-01-31 07:00:00,8,2024-01-31 15:00:00,379.49,58.0,3
2024-01-31 07:00:00,9,2024-01-31 16:00:00,379.49,57.7,3
2024-01-31 07:00:00,10,2024-01-31 17:00:00,379.49,57.5,3
2024-01-31 07:00:00,11,2024-01-31 18:00:00,379.48,57.4,3
2024-01-31 07:00:00,12,2024-01-31 19:00:00,379.48,57.4,3
2024-02-01 07:00:00,7,2024-02-01 14:00:00,379.5,59.0,3
2024-02-01 07:00:00,8,2024-02-01 15:00:00,379.5,58.8,3
2024-02-01 07:00:00,9,2024-02-01 16:00:00,379.49,58.5,3
2024-02-01 07:00:00,10,2024-02-01 17:00:00,379.49,58.2,3
2024-02-01 07:00:00,11,2024-02-01 18:00:00,379.49,58.1,3
2024-02-01 07:00:00,12,2024-02-01 19:00:00,379.49,58.2,3
2024-02-02 07:00:00,7,2024-02-02 14:00:00,379.45,53.3,3
2024-02-02 07:00:00,8,2024-02-02 15:00:00,379.45,53.1,3
2024-02-02 07:00:00,9,2024-02-02 16:00:00,379.44,52.9,3
2024-02-02 07:00:00,10,2024-02-02 17:00:00,379.44,52.5,3
2024-02-02 07:00:00,11,2024-02-02 18:00:00,379.44,52.2,3
2024-02-02 07:00:00,12,2024-02-02 19:00:00,379.44,52.1,3
2024-02-03 07:00:00,7,2024-02-03 14:00:00,379.44,52.0,3
2024-02-03 07:00:00,8,2024-02-03 15:00:00,379.44,52.4,3
2024-02-03 07:00:00,9,2024-02-03 16:00:00,379.44,52.6,3
2024-02-03 07:00:00,10,2024-02-03 17:00:00,379.44,52.8,3
2024-02-03 07:00:00,11,2024-02-03 18:00:00,379.45,53.2,3
2024-02-03 07:00:00,12,2024-02-03 19:00:00,379.45,53.7,3
2024-02-04 07:00:00,7,2024-02-04 14:00:00,379.43,51.7,3
2024-02-04 07:00:00,8,2024-02-04 15:00:00,379.43,51.6,3
2024-02-04 07:00:00,9,2024-02-04 16:00:00,379.43,51.3,3
2024-02-04 07:00:00,10,2024-02-04 17:00:00,379.43,51.1,3
2024-02-04 07:00:00,11,2024-02-04 18:00:00,379.43,51.0,3
2024-02-04 07:00:00,12,2024-02-04 19:00:00,379.43,51.1,3
2024-02-05 07:00:00,7,2024-02-05 14:00:00,379.4,48.1,3
2024-02-05 07:00:00,8,2024-02-05 15:00:00,379.4,48.1,3
2024-02-05 07:00:00,9,2024-02-05 16:00:00,379.4,48.2,3
2024-02-05 07:00:00,10,2024-02-05 17:00:00,379.4,48.2,3
2024-02-05 07:00:00,11,2024-02-05 18:00:00,379.4,48.2,3
2024-02-05 07:00:00,12,2024-02-05 19:00:00,379.4,48.5,3
2024-02-06 07:00:00,7,2024-02-06 14:00:00,379.43,50.8,3
2024-02-06 07:00:00,8,2024-02-06 15:00:00,379.42,50.7,3
2024-02-06 07:00:00,9,2024-02-06 16:00:00,379.42,50.6,3
2024-02-06 07:00:00,10,2024-02-06 17:00:00,379.42,50.5,3
2024-02-06 07:00:00,11,2024-02-06 18:00:00,379.42,50.6,3
2024-02-06 07:00:00,12,2024-02-06 19:00:00,379.43,50.8,3
2024-02-07 07:00:00,7,2024-02-07 14:00:00,379.39,46.3,3
2024-02-07 07:00:00,8,2024-02-07 15:00:00,379.39,46.5,3
2024-02-07 07:00:00,9,2024-02-07 16:00:00,379.39,46.6,3
2024-02-07 07:00:00,10,2024-02-07 17:00:00,379.39,46.6,3
2024-02-07 07:00:00,11,2024-02-07 18:00:00,379.39,46.6,3
2024-02-07 07:00:00,12,2024-02-07 19:00:00,379.39,46.5,3
2024-02-08 07:00:00,7,2024-02-08 14:00:00,379.56,66.6,3
2024-02-08 07:00:00,8,2024-02-08 15:00:00,379.56,66.0,3
2024-02-08 07:00:00,9,2024-02-08 16:00:00,379.55,64.8,3
2024-02-08 07:00:00,10,2024-02-08 17:00:00,379.54,64.1,3
2024-02-08 07:00:00,11,2024-02-08 18:00:00,379.54,64.3,3
2024-02-08 07:00:00,12,2024-02-08 19:00:00,379.54,64.4,3
2024-02-09 07:00:00,7,2024-02-09 14:00:00,379.71,83.7,3
2024-02-09 07:00:00,8,2024-02-09 15:00:00,379.69,81.1,3
2024-02-09 07:00:00,9,2024-02-09 16:00:00,379.68,79.9,3
2024-02-09 07:00:00,10,2024-02-09 17:00:00,379.68,80.8,3
2024-02-09 07:00:00,11,2024-02-09 18:00:00,379.7,83.4,3
2024-02-09 07:00:00,12,2024-02-09 19:00:00,379.7,83.3,3
2024-02-10 07:00:00,7,2024-02-10 14:00:00,379.61,71.5,3
2024-02-10 07:00:00,8,2024-02-10 15:00:00,379.6,70.4,3
2024-02-10 07:00:00,9,2024-02-10 16:00:00,379.6,69.8,3
2024-02-10 07:00:00,10,2024-02-10 17:00:00,379.59,69.5,3
2024-02-10 07:00:00,11,2024-02-10 18:00:00,379.6,70.0,3
2024-02-10 07:00:00,12,2024-02-10 19:00:00,379.6,70.8,3
2024-02-11 07:00:00,7,2024-02-11 14:00:00,379.61,71.1,3
2024-02-11 07:00:00,8,2024-02-11 15:00:00,379.61,71.5,3
2024-02-11 07:00:00,9,2024-02-11 16:00:00,379.62,72.2,3
2024-02-11 07:00:00,10,2024-02-11 17:00:00,379.62,73.2,3
2024-02-11 07:00:00,11,2024-02-11 18:00:00,379.62,73.0,3
2024-02-11 07:00:00,12,2024-02-11 19:00:00,379.62,72.7,3
2024-02-12 07:00:00,7,2024-02-12 14:00:00,379.52,61.6,3
2024-02-12 07:00:00,8,2024-02-12 15:00:00,379.52,60.7,3
2024-02-12 07:00:00,9,2024-02-12 16:00:00,379.51,60.2,3
2024-02-12 07:00:00,10,2024-02-12 17:00:00,379.51,59.7,3
2024-02-12 07:00:00,11,2024-02-12 18:00:00,379.51,59.4,3
2024-02-12 07:00:00,12,2024-02-12 19:00:00,379.5,59.1,3
2024-02-13 07:00:00,7,2024-02-13 14:00:00,379.38,45.6,3
2024-02-13 07:00:00,8,2024-02-13 15:00:00,379.38,45.8,3
2024-02-13 07:00:00,9,2024-02-13 16:00:00,379.39,46.1,3
2024-02-13 07:00:00,10,2024-02-13 17:00:00,379.39,46.4,3
2024-02-13 07:00:00,11,2024-02-13 18:00:00,379.39,46.7,3
2024-02-13 07:00:00,12,2024-02-13 19:00:00,379.39,46.8,3
2024-02-14 07:00:00,7,2024-02-14 14:00:00,379.31,38.7,3
2024-02-14 07:00:00,8,2024-02-14 15:00:00,379.32,38.9,3
2024-02-14 07:00:00,9,2024-02-14 16:00:00,379.32,39.1,3
2024-02-14 07:00:00,10,2024-02-14 17:00:00,379.32,39.4,3
2024-02-14 07:00:00,11,2024-02-14 18:00:00,379.32,39.6,3
2024-02-14 07:00:00,12,2024-02-14 19:00:00,379.33,40.0,3
2024-02-15 07:00:00,7,2024-02-15 14:00:00,379.28,35.4,3
2024-02-15 07:00:00,8,2024-02-15 15:00:00,379.28,35.7,3
2024-02-15 07:00:00,9,2024-02-15 16:00:00,379.28,36.0,3
2024-02-15 07:00:00,10,2024-02-15 17:00:00,379.29,36.3,3
2024-02-15 07:00:00,11,2024-02-15 18:00:00,379.29,36.7,3
2024-02-15 07:00:00,12,2024-02-15 19:00:00,379.3,37.2,3
2024-02-16 07:00:00,7,2024-02-16 14:00:00,379.27,34.6,3
2024-02-16 07:00:00,8,2024-02-16 15:00:00,379.28,35.2,3
2024-02-16 07:00:00,9,2024-02-16 16:00:00,379.28,35.8,3
2024-02-16 07:00:00,10,2024-02-16 17:00:00,379.29,36.4,3
2024-02-16 07:00:00,11,2024-02-16 18:00:00,379.3,37.1,3
2024-02-16 07:00:00,12,2024-02-16 19:00:00,379.3,37.8,3
2024-02-17 07:00:00,7,2024-02-17 14:00:00,379.27,34.6,3
2024-02-17 07:00:00,8,2024-02-17 15:00:00,379.27,34.8,3
2024-02-17 07:00:00,9,2024-02-17 16:00:00,379.27,35.0,3
2024-02-17 07:00:00,10,2024-02-17 17:00:00,379.28,35.4,3
2024-02-17 07:00:00,11,2024-02-17 18:00:00,379.28,35.9,3
2024-02-17 07:00:00,12,2024-02-17 19:00:00,379.29,36.5,3
2024-02-18 07:00:00,7,2024-02-18 14:00:00,379.26,33.8,3
2024-02-18 07:00:00,8,2024-02-18 15:00:00,379.26,33.8,3
2024-02-18 07:00:00,9,2024-02-18 16:00:00,379.26,33.9,3
2024-02-18 07:00:00,10,2024-02-18 17:00:00,379.27,34.2,3
2024-02-18 07:00:00,11,2024-02-18 18:00:00,379.27,34.9,3
2024-02-18 07:00:00,12,2024-02-18 19:00:00,379.28,35.5,3
2024-02-19 07:00:00,7,2024-02-19 14:00:00,379.25,33.2,3
2024-02-19 07:00:00,8,2024-02-19 15:00:00,379.25,33.3,3
2024-02-19 07:00:00,9,2024-02-19 16:00:00,379.26,33.4,3
2024-02-19 07:00:00,10,2024-02-19 17:00:00,379.26,33.6,3
2024-02-19 07:00:00,11,2024-02-19 18:00:00,379.26,33.6,3
2024-02-19 07:00:00,12,2024-02-19 19:00:00,379.26,33.8,3
2024-02-20 07:00:00,7,2024-02-20 14:00:00,379.25,33.3,3
2024-02-20 07:00:00,8,2024-02-20 15:00:00,379.25,32.8,3
2024-02-20 07:00:00,9,2024-02-20 16:00:00,379.24,32.4,3
2024-02-20 07:00:00,10,2024-02-20 17:00:00,379.24,31.7,3
2024-02-20 07:00:00,11,2024-02-20 18:00:00,379.23,31.2,3
2024-02-20 07:00:00,12,2024-02-20 19:00:00,379.23,31.0,3
2024-02-21 07:00:00,7,2024-02-21 14:00:00,379.19,27.7,3
2024-02-21 07:00:00,8,2024-02-21 15:00:00,379.18,27.5,3
2024-02-21 07:00:00,9,2024-02-21 16:00:00,379.18,27.2,3
2024-02-21 07:00:00,10,2024-02-21 17:00:00,379.18,27.1,3
2024-02-21 07:00:00,11,2024-02-21 18:00:00,379.18,27.0,3
2024-02-21 07:00:00,12,2024-02-21 19:00:00,379.18,27.0,3
2024-02-22 07:00:00,7,2024-02-22 14:00:00,379.4,47.8,3
2024-02-22 07:00:00,8,2024-02-22 15:00:00,379.44,52.3,3
2024-02-22 07:00:00,9,2024-02-22 16:00:00,379.5,59.1,3
2024-02-22 07:00:00,10,2024-02-22 17:00:00,379.57,66.4,3
2024-02-22 07:00:00,11,2024-02-22 18:00:00,379.61,71.7,3
2024-02-22 07:00:00,12,2024-02-22 19:00:00,379.63,74.0,3
2024-02-23 07:00:00,7,2024-02-23 14:00:00,379.09,21.0,3
2024-02-23 07:00:00,8,2024-02-23 15:00:00,379.05,18.2,3
2024-02-23 07:00:00,9,2024-02-23 16:00:00,378.96,13.5,3
2024-02-23 07:00:00,10,2024-02-23 17:00:00,378.89,10.1,3
2024-02-23 07:00:00,11,2024-02-23 18:00:00,378.79,6.2,3
2024-02-23 07:00:00,12,2024-02-23 19:00:00,378.71,3.8,3
2024-02-24 07:00:00,7,2024-02-24 14:00:00,379.71,84.1,3
2024-02-24 07:00:00,8,2024-02-24 15:00:00,379.71,83.7,3
2024-02-24 07:00:00,9,2024-02-24 16:00:00,379.7,82.5,3
2024-02-24 07:00:00,10,2024-02-24 17:00:00,379.69,81.1,3
2024-02-24 07:00:00,11,2024-02-24 18:00:00,379.68,80.2,3
2024-02-24 07:00:00,12,2024-02-24 19:00:00,379.68,79.9,3
2024-02-25 07:00:00,7,2024-02-25 14:00:00,379.54,63.0,3
2024-02-25 07:00:00,8,2024-02-25 15:00:00,379.53,62.7,3
2024-02-25 07:00:00,9,2024-02-25 16:00:00,379.53,62.4,3
2024-02-25 07:00:00,10,2024-02-25 17:00:00,379.53,62.1,3
2024-02-25 07:00:00,11,2024-02-25 18:00:00,379.53,61.9,3
2024-02-25 07:00:00,12,2024-02-25 19:00:00,379.53,61.6,3
2024-02-26 07:00:00,7,2024-02-26 14:00:00,379.66,77.5,3
2024-02-26 07:00:00,8,2024-02-26 15:00:00,379.65,75.8,3
2024-02-26 07:00:00,9,2024-02-26 16:00:00,379.63,74.2,3
2024-02-26 07:00:00,10,2024-02-26 17:00:00,379.62,72.8,3
2024-02-26 07:00:00,11,2024-02-26 18:00:00,379.62,72.3,3
2024-02-26 07:00:00,12,2024-02-26 19:00:00,379.62,72.2,3
2024-02-27 07:00:00,7,2024-02-27 14:00:00,379.46,54.7,3
2024-02-27 07:00:00,8,2024-02-27 15:00:00,379.46,54.7,3
2024-02-27 07:00:00,9,2024-02-27 16:00:00,379.46,54.7,3
2024-02-27 07:00:00,10,2024-02-27 17:00:00,379.46,54.8,3
2024-02-27 07:00:00,11,2024-02-27 18:00:00,379.47,55.0,3
2024-02-27 07:00:00,12,2024-02-27 19:00:00,379.47,55.6,3
2024-02-28 07:00:00,7,2024-02-28 14:00:00,379.39,46.8,3
2024-02-28 07:00:00,8,2024-02-28 15:00:00,379.4,47.2,3
2024-02-28 07:00:00,9,2024-02-28 16:00:00,379.4,47.5,3
2024-02-28 07:00:00,10,2024-02-28 17:00:00,379.4,47.8,3
2024-02-28 07:00:00,11,2024-02-28 18:00:00,379.4,48.2,3
2024-02-28 07:00:00,12,2024-02-28 19:00:00,379.41,48.6,3
2024-02-29 07:00:00,7,2024-02-29 14:00:00,379.37,44.8,3
2024-02-29 07:00:00,8,2024-02-29 15:00:00,379.37,44.9,3
2024-02-29 07:00:00,9,2024-02-29 16:00:00,379.37,45.0,3
2024-02-29 07:00:00,10,2024-02-29 17:00:00,379.38,45.1,3
2024-02-29 07:00:00,11,2024-02-29 18:00:00,379.38,45.3,3
2024-02-29 07:00:00,12,2024-02-29 19:00:00,379.38,45.5,3
2024-03-01 07:00:00,7,2024-03-01 14:00:00,379.37,44.2,3
2024-03-01 07:00:00,8,2024-03-01 15:00:00,379.37,44.9,3
2024-03-01 07:00:00,9,2024-03-01 16:00:00,379.38,45.5,3
2024-03-01 07:00:00,10,2024-03-01 17:00:00,379.4,47.2,3
2024-03-01 07:00:00,11,2024-03-01 18:00:00,379.4,48.2,3
2024-03-01 07:00:00,12,2024-03-01 19:00:00,379.41,48.2,3
2024-03-02 07:00:00,7,2024-03-02 14:00:00,379.32,39.7,3
2024-03-02 07:00:00,8,2024-03-02 15:00:00,379.33,39.9,3
2024-03-02 07:00:00,9,2024-03-02 16:00:00,379.33,40.1,3
2024-03-02 07:00:00,10,2024-03-02 17:00:00,379.33,40.4,3
2024-03-02 07:00:00,11,2024-03-02 18:00:00,379.33,40.6,3
2024-03-02 07:00:00,12,2024-03-02 19:00:00,379.33,40.8,3
2024-03-03 07:00:00,7,2024-03-03 14:00:00,379.29,36.4,3
2024-03-03 07:00:00,8,2024-03-03 15:00:00,379.29,36.8,3
2024-03-03 07:00:00,9,2024-03-03 16:00:00,379.3,37.0,3
2024-03-03 07:00:00,10,2024-03-03 17:00:00,379.3,37.3,3
2024-03-03 07:00:00,11,2024-03-03 18:00:00,379.3,37.7,3
2024-03-03 07:00:00,12,2024-03-03 19:00:00,379.31,38.2,3
2024-03-04 07:00:00,7,2024-03-04 14:00:00,379.34,41.8,3
2024-03-04 07:00:00,8,2024-03-04 15:00:00,379.35,42.4,3
2024-03-04 07:00:00,9,2024-03-04 16:00:00,379.36,42.9,3
2024-03-04 07:00:00,10,2024-03-04 17:00:00,379.36,43.4,3
2024-03-04 07:00:00,11,2024-03-04 18:00:00,379.36,43.9,3
2024-03-04 07:00:00,12,2024-03-04 19:00:00,379.37,44.1,3
2024-03-05 07:00:00,7,2024-03-05 14:00:00,379.22,30.2,3
2024-03-05 07:00:00,8,2024-03-05 15:00:00,379.22,30.3,3
2024-03-05 07:00:00,9,2024-03-05 16:00:00,379.22,30.5,3
2024-03-05 07:00:00,10,2024-03-05 17:00:00,379.22,30.7,3
2024-03-05 07:00:00,11,2024-03-05 18:00:00,379.23,30.8,3
2024-03-05 07:00:00,12,2024-03-05 19:00:00,379.23,31.1,3
2024-03-06 07:00:00,7,2024-03-06 14:00:00,379.25,32.5,3
2024-03-06 07:00:00,8,2024-03-06 15:00:00,379.24,32.3,3
2024-03-06 07:00:00,9,2024-03-06 16:00:00,379.24,32.2,3
2024-03-06 07:00:00,10,2024-03-06 17:00:00,379.25,32.6,3
2024-03-06 07:00:00,11,2024-03-06 18:00:00,379.25,32.8,3
2024-03-06 07:00:00,12,2024-03-06 19:00:00,379.25,32.7,3
2024-03-07 07:00:00,7,2024-03-07 14:00:00,379.17,26.1,3
2024-03-07 07:00:00,8,2024-03-07 15:00:00,379.17,26.4,3
2024-03-07 07:00:00,9,2024-03-07 16:00:00,379.17,26.2,3
2024-03-07 07:00:00,10,2024-03-07 17:00:00,379.16,26.1,3
2024-03-07 07:00:00,11,2024-03-07 18:00:00,379.17,26.2,3
2024-03-07 07:00:00,12,2024-03-07 19:00:00,379.17,26.3,3
2024-03-08 07:00:00,7,2024-03-08 14:00:00,379.11,22.1,3
2024-03-08 07:00:00,8,2024-03-08 15:00:00,379.11,22.1,3
2024-03-08 07:00:00,9,2024-03-08 16:00:00,379.11,21.9,3
2024-03-08 07:00:00,10,2024-03-08 17:00:00,379.1,21.8,3
2024-03-08 07:00:00,11,2024-03-08 18:00:00,379.1,21.7,3
2024-03-08 07:00:00,12,2024-03-08 19:00:00,379.1,21.7,3
2024-03-09 07:00:00,7,2024-03-09 14:00:00,379.16,25.8,3
2024-03-09 07:00:00,8,2024-03-09 15:00:00,379.16,25.6,3
2024-03-09 07:00:00,9,2024-03-09 16:00:00,379.16,25.4,3
2024-03-09 07:00:00,10,2024-03-09 17:00:00,379.15,25.2,3
2024-03-09 07:00:00,11,2024-03-09 18:00:00,379.15,25.0,3
2024-03-09 07:00:00,12,2024-03-09 19:00:00,379.15,24.8,3
2024-03-10 07:00:00,7,2024-03-10 14:00:00,379.13,23.6,3
2024-03-10 07:00:00,8,2024-03-10 15:00:00,379.13,23.7,3
2024-03-10 07:00:00,9,2024-03-10 16:00:00,379.13,23.8,3
2024-03-10 07:00:00,10,2024-03-10 17:00:00,379.14,24.2,3
2024-03-10 07:00:00,11,2024-03-10 18:00:00,379.14,24.5,3
2024-03-10 07:00:00,12,2024-03-10 19:00:00,379.15,24.8,3
2024-03-11 07:00:00,7,2024-03-11 14:00:00,379.11,22.2,3
2024-03-11 07:00:00,8,2024-03-11 15:00:00,379.11,21.9,3
2024-03-11 07:00:00,9,2024-03-11 16:00:00,379.1,21.7,3
2024-03-11 07:00:00,10,2024-03-11 17:00:00,379.1,21.6,3
2024-03-11 07:00:00,11,2024-03-11 18:00:00,379.1,21.7,3
2024-03-11 07:00:00,12,2024-03-11 19:00:00,379.11,22.5,3
2024-03-12 07:00:00,7,2024-03-12 14:00:00,379.15,24.8,3
2024-03-12 07:00:00,8,2024-03-12 15:00:00,379.15,24.7,3
2024-03-12 07:00:00,9,2024-03-12 16:00:00,379.14,24.6,3
2024-03-12 07:00:00,10,2024-03-12 17:00:00,379.14,24.3,3
2024-03-12 07:00:00,11,2024-03-12 18:00:00,379.14,24.2,3
2024-03-12 07:00:00,12,2024-03-12 19:00:00,379.14,24.5,3
2024-03-13 07:00:00,7,2024-03-13 14:00:00,379.13,23.3,3
2024-03-13 07:00:00,8,2024-03-13 15:00:00,379.13,23.4,3
2024-03-13 07:00:00,9,2024-03-13 16:00:00,379.13,23.4,3
2024-03-13 07:00:00,10,2024-03-13 17:00:00,379.13,23.5,3
2024-03-13 07:00:00,11,2024-03-13 18:00:00,379.13,23.4,3
2024-03-13 07:00:00,12,2024-03-13 19:00:00,379.13,23.4,3
2024-03-14 07:00:00,7,2024-03-14 14:00:00,379.13,23.9,3
2024-03-14 07:00:00,8,2024-03-14 15:00:00,379.13,23.9,3
2024-03-14 07:00:00,9,2024-03-14 16:00:00,379.13,23.8,3
2024-03-14 07:00:00,10,2024-03-14 17:00:00,379.13,23.7,3
2024-03-14 07:00:00,11,2024-03-14 18:00:00,379.13,23.8,3
2024-03-14 07:00:00,12,2024-03-14 19:00:00,379.13,23.9,3
2024-03-15 07:00:00,7,2024-03-15 14:00:00,379.16,25.9,3
2024-03-15 07:00:00,8,2024-03-15 15:00:00,379.16,25.9,3
2024-03-15 07:00:00,9,2024-03-15 16:00:00,379.16,26.0,3
2024-03-15 07:00:00,10,2024-03-15 17:00:00,379.17,26.2,3
2024-03-15 07:00:00,11,2024-03-15 18:00:00,379.17,26.5,3
2024-03-15 07:00:00,12,2024-03-15 19:00:00,379.18,27.0,3
2024-03-16 07:00:00,7,2024-03-16 14:00:00,379.45,53.5,3
2024-03-16 07:00:00,8,2024-03-16 15:00:00,379.45,53.2,3
2024-03-16 07:00:00,9,2024-03-16 16:00:00,379.45,53.1,3
2024-03-16 07:00:00,10,2024-03-16 17:00:00,379.44,52.4,3
2024-03-16 07:00:00,11,2024-03-16 18:00:00,379.43,50.9,3
2024-03-16 07:00:00,12,2024-03-16 19:00:00,379.4,47.8,3
2024-03-17 07:00:00,7,2024-03-17 14:00:00,379.34,41.8,3
2024-03-17 07:00:00,8,2024-03-17 15:00:00,379.34,41.6,3
2024-03-17 07:00:00,9,2024-03-17 16:00:00,379.34,41.6,3
2024-03-17 07:00:00,10,2024-03-17 17:00:00,379.34,41.5,3
2024-03-17 07:00:00,11,2024-03-17 18:00:00,379.34,41.6,3
2024-03-17 07:00:00,12,2024-03-17 19:00:00,379.34,41.8,3
2024-03-18 07:00:00,7,2024-03-18 14:00:00,379.81,96.4,3
2024-03-18 07:00:00,8,2024-03-18 15:00:00,379.91,108.5,3
2024-03-18 07:00:00,9,2024-03-18 16:00:00,379.95,114.2,3
2024-03-18 07:00:00,10,2024-03-18 17:00:00,379.97,117.2,3
2024-03-18 07:00:00,11,2024-03-18 18:00:00,379.97,117.3,3
2024-03-18 07:00:00,12,2024-03-18 19:00:00,379.96,115.2,3
2024-03-19 07:00:00,7,2024-03-19 14:00:00,379.75,89.0,3
2024-03-19 07:00:00,8,2024-03-19 15:00:00,379.74,86.7,3
2024-03-19 07:00:00,9,2024-03-19 16:00:00,379.72,84.7,3
2024-03-19 07:00:00,10,2024-03-19 17:00:00,379.7,83.0,3
2024-03-19 07:00:00,11,2024-03-19 18:00:00,379.69,81.6,3
2024-03-19 07:00:00,12,2024-03-19 19:00:00,379.68,80.3,3
2024-03-20 07:00:00,7,2024-03-20 14:00:00,379.6,70.2,3
2024-03-20 07:00:00,8,2024-03-20 15:00:00,379.59,69.5,3
2024-03-20 07:00:00,9,2024-03-20 16:00:00,379.59,68.9,3
2024-03-20 07:00:00,10,2024-03-20 17:00:00,379.58,68.4,3
2024-03-20 07:00:00,11,2024-03-20 18:00:00,379.58,67.9,3
2024-03-20 07:00:00,12,2024-03-20 19:00:00,379.58,68.3,3
2024-03-21 07:00:00,7,2024-03-21 14:00:00,379.65,76.2,3
2024-03-21 07:00:00,8,2024-03-21 15:00:00,379.65,76.4,3
2024-03-21 07:00:00,9,2024-03-21 16:00:00,379.67,78.3,3
2024-03-21 07:00:00,10,2024-03-21 17:00:00,379.7,82.0,3
2024-03-21 07:00:00,11,2024-03-21 18:00:00,379.72,84.6,3
2024-03-21 07:00:00,12,2024-03-21 19:00:00,379.73,86.5,3
2024-03-22 07:00:00,7,2024-03-22 14:00:00,379.54,63.8,3
2024-03-22 07:00:00,8,2024-03-22 15:00:00,379.54,63.3,3
2024-03-22 07:00:00,9,2024-03-22 16:00:00,379.54,63.2,3
2024-03-22 07:00:00,10,2024-03-22 17:00:00,379.54,62.9,3
2024-03-22 07:00:00,11,2024-03-22 18:00:00,379.54,62.8,3
2024-03-22 07:00:00,12,2024-03-22 19:00:00,379.54,62.8,3
2024-03-23 07:00:00,7,2024-03-23 14:00:00,379.62,72.2,3
2024-03-23 07:00:00,8,2024-03-23 15:00:00,379.62,72.3,3
2024-03-23 07:00:00,9,2024-03-23 16:00:00,379.64,75.2,3
2024-03-23 07:00:00,10,2024-03-23 17:00:00,379.69,80.9,3
2024-03-23 07:00:00,11,2024-03-23 18:00:00,379.7,82.8,3
2024-03-23 07:00:00,12,2024-03-23 19:00:00,379.69,80.8,3
2024-03-24 07:00:00,7,2024-03-24 14:00:00,379.54,63.6,3
2024-03-24 07:00:00,8,2024-03-24 15:00:00,379.54,63.3,3
2024-03-24 07:00:00,9,2024-03-24 16:00:00,379.54,63.9,3
2024-03-24 07:00:00,10,2024-03-24 17:00:00,379.55,64.3,3
2024-03-24 07:00:00,11,2024-03-24 18:00:00,379.55,64.0,3
2024-03-24 07:00:00,12,2024-03-24 19:00:00,379.54,63.4,3
2024-03-25 07:00:00,7,2024-03-25 14:00:00,379.43,50.4,3
2024-03-25 07:00:00,8,2024-03-25 15:00:00,379.43,50.5,3
2024-03-25 07:00:00,9,2024-03-25 16:00:00,379.43,50.9,3
2024-03-25 07:00:00,10,2024-03-25 17:00:00,379.43,51.2,3
2024-03-25 07:00:00,11,2024-03-25 18:00:00,379.43,51.4,3
2024-03-25 07:00:00,12,2024-03-25 19:00:00,379.44,51.6,3
2024-03-26 07:00:00,7,2024-03-26 14:00:00,379.39,46.3,3
2024-03-26 07:00:00,8,2024-03-26 15:00:00,379.39,46.5,3
2024-03-26 07:00:00,9,2024-03-26 16:00:00,379.39,46.7,3
2024-03-26 07:00:00,10,2024-03-26 17:00:00,379.39,46.8,3
2024-03-26 07:00:00,11,2024-03-26 18:00:00,379.39,46.9,3
2024-03-26 07:00:00,12,2024-03-26 19:00:00,379.39,46.9,3
2024-03-27 07:00:00,7,2024-03-27 14:00:00,379.41,48.3,3
2024-03-27 07:00:00,8,2024-03-27 15:00:00,379.41,49.0,3
2024-03-27 07:00:00,9,2024-03-27 16:00:00,379.42,49.6,3
2024-03-27 07:00:00,10,2024-03-27 17:00:00,379.42,50.0,3
2024-03-27 07:00:00,11,2024-03-27 18:00:00,379.43,50.4,3
2024-03-27 07:00:00,12,2024-03-27 19:00:00,379.43,51.0,3
2024-03-28 07:00:00,7,2024-03-28 14:00:00,379.43,50.5,3
2024-03-28 07:00:00,8,2024-03-28 15:00:00,379.43,51.5,3
2024-03-28 07:00:00,9,2024-03-28 16:00:00,379.43,50.9,3
2024-03-28 07:00:00,10,2024-03-28 17:00:00,379.46,54.2,3
2024-03-28 07:00:00,11,2024-03-28 18:00:00,379.46,54.2,3
2024-03-28 07:00:00,12,2024-03-28 19:00:00,379.47,55.8,3
2024-03-29 07:00:00,7,2024-03-29 14:00:00,379.46,54.2,3
2024-03-29 07:00:00,8,2024-03-29 15:00:00,379.47,55.5,3
2024-03-29 07:00:00,9,2024-03-29 16:00:00,379.49,57.2,3
2024-03-29 07:00:00,10,2024-03-29 17:00:00,379.5,58.7,3
2024-03-29 07:00:00,11,2024-03-29 18:00:00,379.51,60.1,3
2024-03-29 07:00:00,12,2024-03-29 19:00:00,379.52,60.8,3
2024-03-30 07:00:00,7,2024-03-30 14:00:00,379.36,43.8,3
2024-03-30 07:00:00,8,2024-03-30 15:00:00,379.36,43.6,3
2024-03-30 07:00:00,9,2024-03-30 16:00:00,379.36,43.4,3
2024-03-30 07:00:00,10,2024-03-30 17:00:00,379.36,43.4,3
2024-03-30 07:00:00,11,2024-03-30 18:00:00,379.36,43.6,3
2024-03-30 07:00:00,12,2024-03-30 19:00:00,379.36,43.9,3
2024-03-31 07:00:00,7,2024-03-31 14:00:00,379.37,44.5,3
2024-03-31 07:00:00,8,2024-03-31 15:00:00,379.37,44.1,3
2024-03-31 07:00:00,9,2024-03-31 16:00:00,379.36,43.7,3
2024-03-31 07:00:00,10,2024-03-31 17:00:00,379.36,43.1,3
2024-03-31 07:00:00,11,2024-03-31 18:00:00,379.35,42.9,3
2024-03-31 07:00:00,12,2024-03-31 19:00:00,379.35,42.9,3
2024-04-01 07:00:00,7,2024-04-01 14:00:00,379.75,88.4,3
2024-04-01 07:00:00,8,2024-04-01 15:00:00,379.74,86.7,3
2024-04-01 07:00:00,9,2024-04-01 16:00:00,379.73,85.9,3
2024-04-01 07:00:00,10,2024-04-01 17:00:00,379.72,84.5,3
2024-04-01 07:00:00,11,2024-04-01 18:00:00,379.71,83.2,3
2024-04-01 07:00:00,12,2024-04-01 19:00:00,379.68,79.8,3
2024-04-02 07:00:00,7,2024-04-02 14:00:00,379.64,74.6,3
2024-04-02 07:00:00,8,2024-04-02 15:00:00,379.62,72.5,3
2024-04-02 07:00:00,9,2024-04-02 16:00:00,379.6,69.9,3
2024-04-02 07:00:00,10,2024-04-02 17:00:00,379.58,68.5,3
2024-04-02 07:00:00,11,2024-04-02 18:00:00,379.58,67.9,3
2024-04-02 07:00:00,12,2024-04-02 19:00:00,379.58,67.5,3
2024-04-03 07:00:00,7,2024-04-03 14:00:00,379.6,69.8,3
2024-04-03 07:00:00,8,2024-04-03 15:00:00,379.62,72.4,3
2024-04-03 07:00:00,9,2024-04-03 16:00:00,379.66,76.9,3
2024-04-03 07:00:00,10,2024-04-03 17:00:00,379.69,81.2,3
2024-04-03 07:00:00,11,2024-04-03 18:00:00,379.71,83.0,3
2024-04-03 07:00:00,12,2024-04-03 19:00:00,379.78,92.8,3
2024-04-04 07:00:00,7,2024-04-04 14:00:00,379.67,79.2,3
2024-04-04 07:00:00,8,2024-04-04 15:00:00,379.66,78.1,3
2024-04-04 07:00:00,9,2024-04-04 16:00:00,379.66,77.0,3
2024-04-04 07:00:00,10,2024-04-04 17:00:00,379.65,76.5,3
2024-04-04 07:00:00,11,2024-04-04 18:00:00,379.64,75.6,3
2024-04-04 07:00:00,12,2024-04-04 19:00:00,379.64,74.8,3
2024-04-05 07:00:00,7,2024-04-05 14:00:00,379.65,76.2,3
2024-04-05 07:00:00,8,2024-04-05 15:00:00,379.64,75.7,3
2024-04-05 07:00:00,9,2024-04-05 16:00:00,379.64,75.3,3
2024-04-05 07:00:00,10,2024-04-05 17:00:00,379.64,75.1,3
2024-04-05 07:00:00,11,2024-04-05 18:00:00,379.64,75.1,3
2024-04-05 07:00:00,12,2024-04-05 19:00:00,379.64,75.2,3
2024-04-06 07:00:00,7,2024-04-06 14:00:00,379.64,75.3,3
2024-04-06 07:00:00,8,2024-04-06 15:00:00,379.64,74.8,3
2024-04-06 07:00:00,9,2024-04-06 16:00:00,379.63,74.4,3
2024-04-06 07:00:00,10,2024-04-06 17:00:00,379.63,74.3,3
2024-04-06 07:00:00,11,2024-04-06 18:00:00,379.63,74.3,3
2024-04-06 07:00:00,12,2024-04-06 19:00:00,379.64,74.7,3
2024-04-07 07:00:00,7,2024-04-07 14:00:00,379.65,75.9,3
2024-04-07 07:00:00,8,2024-04-07 15:00:00,379.65,75.8,3
2024-04-07 07:00:00,9,2024-04-07 16:00:00,379.65,75.9,3
2024-04-07 07:00:00,10,2024-04-07 17:00:00,379.65,76.4,3
2024-04-07 07:00:00,11,2024-04-07 18:00:00,379.66,77.1,3
2024-04-07 07:00:00,12,2024-04-07 19:00:00,379.66,77.9,3
2024-04-08 07:00:00,7,2024-04-08 14:00:00,379.75,88.0,3
2024-04-08 07:00:00,8,2024-04-08 15:00:00,379.74,87.8,3
2024-04-08 07:00:00,9,2024-04-08 16:00:00,379.74,87.8,3
2024-04-08 07:00:00,10,2024-04-08 17:00:00,379.75,88.3,3
2024-04-08 07:00:00,11,2024-04-08 18:00:00,379.76,89.3,3
2024-04-08 07:00:00,12,2024-04-08 19:00:00,379.77,90.5,3
2024-04-09 07:00:00,7,2024-04-09 14:00:00,380.0,120.5,3
2024-04-09 07:00:00,8,2024-04-09 15:00:00,379.98,118.9,3
2024-04-09 07:00:00,9,2024-04-09 16:00:00,379.97,117.4,3
2024-04-09 07:00:00,10,2024-04-09 17:00:00,379.97,117.1,3
2024-04-09 07:00:00,11,2024-04-09 18:00:00,379.96,116.2,3
2024-04-09 07:00:00,12,2024-04-09 19:00:00,379.96,116.0,3
2024-04-10 07:00:00,7,2024-04-10 14:00:00,379.75,88.5,3
2024-04-10 07:00:00,8,2024-04-10 15:00:00,379.74,87.4,3
2024-04-10 07:00:00,9,2024-04-10 16:00:00,379.73,86.2,3
2024-04-10 07:00:00,10,2024-04-10 17:00:00,379.72,84.9,3
2024-04-10 07:00:00,11,2024-04-10 18:00:00,379.71,83.7,3
2024-04-10 07:00:00,12,2024-04-10 19:00:00,379.7,82.7,3
2024-04-11 07:00:00,7,2024-04-11 14:00:00,379.53,62.0,3
2024-04-11 07:00:00,8,2024-04-11 15:00:00,379.52,61.6,3
2024-04-11 07:00:00,9,2024-04-11 16:00:00,379.52,61.5,3
2024-04-11 07:00:00,10,2024-04-11 17:00:00,379.52,61.5,3
2024-04-11 07:00:00,11,2024-04-11 18:00:00,379.52,61.5,3
2024-04-11 07:00:00,12,2024-04-11 19:00:00,379.52,61.5,3
2024-04-12 07:00:00,7,2024-04-12 14:00:00,379.51,59.5,3
2024-04-12 07:00:00,8,2024-04-12 15:00:00,379.5,59.2,3
2024-04-12 07:00:00,9,2024-04-12 16:00:00,379.5,58.9,3
2024-04-12 07:00:00,10,2024-04-12 17:00:00,379.5,58.7,3
2024-04-12 07:00:00,11,2024-04-12 18:00:00,379.5,58.8,3
2024-04-12 07:00:00,12,2024-04-12 19:00:00,379.5,59.0,3
2024-04-13 07:00:00,7,2024-04-13 14:00:00,379.56,65.6,3
2024-04-13 07:00:00,8,2024-04-13 15:00:00,379.56,65.3,3
2024-04-13 07:00:00,9,2024-04-13 16:00:00,379.56,65.3,3
2024-04-13 07:00:00,10,2024-04-13 17:00:00,379.56,65.5,3
2024-04-13 07:00:00,11,2024-04-13 18:00:00,379.56,65.9,3
2024-04-13 07:00:00,12,2024-04-13 19:00:00,379.57,66.4,3
2024-04-14 07:00:00,7,2024-04-14 14:00:00,379.69,80.9,3
2024-04-14 07:00:00,8,2024-04-14 15:00:00,379.68,80.3,3
2024-04-14 07:00:00,9,2024-04-14 16:00:00,379.68,79.9,3
2024-04-14 07:00:00,10,2024-04-14 17:00:00,379.68,79.8,3
2024-04-14 07:00:00,11,2024-04-14 18:00:00,379.68,79.9,3
2024-04-14 07:00:00,12,2024-04-14 19:00:00,379.68,80.5,3
2024-04-15 07:00:00,7,2024-04-15 14:00:00,379.86,102.7,3
2024-04-15 07:00:00,8,2024-04-15 15:00:00,379.87,103.5,3
2024-04-15 07:00:00,9,2024-04-15 16:00:00,379.87,104.4,3
2024-04-15 07:00:00,10,2024-04-15 17:00:00,379.88,105.3,3
2024-04-15 07:00:00,11,2024-04-15 18:00:00,379.89,106.3,3
2024-04-15 07:00:00,12,2024-04-15 19:00:00,379.9,107.5,3
2024-04-16 07:00:00,7,2024-04-16 14:00:00,379.83,98.5,3
2024-04-16 07:00:00,8,2024-04-16 15:00:00,379.81,95.7,3
2024-04-16 07:00:00,9,2024-04-16 16:00:00,379.79,93.0,3
2024-04-16 07:00:00,10,2024-04-16 17:00:00,379.77,90.8,3
2024-04-16 07:00:00,11,2024-04-16 18:00:00,379.75,88.6,3
2024-04-16 07:00:00,12,2024-04-16 19:00:00,379.73,86.5,3
2024-04-17 07:00:00,7,2024-04-17 14:00:00,379.68,80.3,3
2024-04-17 07:00:00,8,2024-04-17 15:00:00,379.68,79.5,3
2024-04-17 07:00:00,9,2024-04-17 16:00:00,379.67,78.5,3
2024-04-17 07:00:00,10,2024-04-17 17:00:00,379.66,77.7,3
2024-04-17 07:00:00,11,2024-04-17 18:00:00,379.65,76.7,3
2024-04-17 07:00:00,12,2024-04-17 19:00:00,379.65,76.1,3
2024-04-18 07:00:00,7,2024-04-18 14:00:00,379.53,62.6,3
2024-04-18 07:00:00,8,2024-04-18 15:00:00,379.53,62.4,3
2024-04-18 07:00:00,9,2024-04-18 16:00:00,379.53,62.4,3
2024-04-18 07:00:00,10,2024-04-18 17:00:00,379.53,62.2,3
2024-04-18 07:00:00,11,2024-04-18 18:00:00,379.53,62.0,3
2024-04-18 07:00:00,12,2024-04-18 19:00:00,379.53,62.0,3
2024-04-19 07:00:00,7,2024-04-19 14:00:00,379.43,50.4,3
2024-04-19 07:00:00,8,2024-04-19 15:00:00,379.42,50.3,3
2024-04-19 07:00:00,9,2024-04-19 16:00:00,379.42,50.3,3
2024-04-19 07:00:00,10,2024-04-19 17:00:00,379.43,50.4,3
2024-04-19 07:00:00,11,2024-04-19 18:00:00,379.43,50.4,3
2024-04-19 07:00:00,12,2024-04-19 19:00:00,379.43,50.5,3
2024-04-20 07:00:00,7,2024-04-20 14:00:00,379.46,53.7,3
2024-04-20 07:00:00,8,2024-04-20 15:00:00,379.45,53.6,3
2024-04-20 07:00:00,9,2024-04-20 16:00:00,379.46,53.7,3
2024-04-20 07:00:00,10,2024-04-20 17:00:00,379.45,53.2,3
2024-04-20 07:00:00,11,2024-04-20 18:00:00,379.45,52.6,3
2024-04-20 07:00:00,12,2024-04-20 19:00:00,379.44,51.9,3
2024-04-21 07:00:00,7,2024-04-21 14:00:00,379.36,43.6,3
2024-04-21 07:00:00,8,2024-04-21 15:00:00,379.36,43.6,3
2024-04-21 07:00:00,9,2024-04-21 16:00:00,379.36,43.6,3
2024-04-21 07:00:00,10,2024-04-21 17:00:00,379.36,43.6,3
2024-04-21 07:00:00,11,2024-04-21 18:00:00,379.36,43.7,3
2024-04-21 07:00:00,12,2024-04-21 19:00:00,379.36,43.9,3
2024-04-22 07:00:00,7,2024-04-22 14:00:00,379.32,39.0,3
2024-04-22 07:00:00,8,2024-04-22 15:00:00,379.32,39.0,3
2024-04-22 07:00:00,9,2024-04-22 16:00:00,379.32,39.2,3
2024-04-22 07:00:00,10,2024-04-22 17:00:00,379.32,39.3,3
2024-04-22 07:00:00,11,2024-04-22 18:00:00,379.32,39.6,3
2024-04-22 07:00:00,12,2024-04-22 19:00:00,379.32,39.7,3
2024-04-23 07:00:00,7,2024-04-23 14:00:00,379.3,37.0,3
2024-04-23 07:00:00,8,2024-04-23 15:00:00,379.3,37.2,3
2024-04-23 07:00:00,9,2024-04-23 16:00:00,379.3,37.2,3
2024-04-23 07:00:00,10,2024-04-23 17:00:00,379.3,37.3,3
2024-04-23 07:00:00,11,2024-04-23 18:00:00,379.3,37.4,3
2024-04-23 07:00:00,12,2024-04-23 19:00:00,379.3,37.5,3
2024-04-24 07:00:00,7,2024-04-24 14:00:00,379.24,32.4,3
2024-04-24 07:00:00,8,2024-04-24 15:00:00,379.25,32.5,3
2024-04-24 07:00:00,9,2024-04-24 16:00:00,379.25,32.7,3
2024-04-24 07:00:00,10,2024-04-24 17:00:00,379.25,32.6,3
2024-04-24 07:00:00,11,2024-04-24 18:00:00,379.25,32.7,3
2024-04-24 07:00:00,12,2024-04-24 19:00:00,379.25,32.8,3
2024-04-25 07:00:00,7,2024-04-25 14:00:00,379.21,29.4,3
2024-04-25 07:00:00,8,2024-04-25 15:00:00,379.21,29.5,3
2024-04-25 07:00:00,9,2024-04-25 16:00:00,379.21,29.5,3
2024-04-25 07:00:00,10,2024-04-25 17:00:00,379.21,29.5,3
2024-04-25 07:00:00,11,2024-04-25 18:00:00,379.21,29.8,3
2024-04-25 07:00:00,12,2024-04-25 19:00:00,379.22,30.2,3
2024-04-26 07:00:00,7,2024-04-26 14:00:00,379.2,29.0,3
2024-04-26 07:00:00,8,2024-04-26 15:00:00,379.21,29.8,3
2024-04-26 07:00:00,9,2024-04-26 16:00:00,379.22,30.3,3
2024-04-26 07:00:00,10,2024-04-26 17:00:00,379.23,30.9,3
2024-04-26 07:00:00,11,2024-04-26 18:00:00,379.24,32.2,3
2024-04-26 07:00:00,12,2024-04-26 19:00:00,379.27,34.4,3
2024-04-27 07:00:00,7,2024-04-27 14:00:00,379.1,21.3,3
2024-04-27 07:00:00,8,2024-04-27 15:00:00,379.09,21.2,3
2024-04-27 07:00:00,9,2024-04-27 16:00:00,379.1,21.5,3
2024-04-27 07:00:00,10,2024-04-27 17:00:00,379.11,22.1,3
2024-04-27 07:00:00,11,2024-04-27 18:00:00,379.12,22.8,3
2024-04-27 07:00:00,12,2024-04-27 19:00:00,379.14,24.0,3
2024-04-28 07:00:00,7,2024-04-28 14:00:00,379.17,26.8,3
2024-04-28 07:00:00,8,2024-04-28 15:00:00,379.19,27.6,3
2024-04-28 07:00:00,9,2024-04-28 16:00:00,379.19,28.1,3
2024-04-28 07:00:00,10,2024-04-28 17:00:00,379.2,28.8,3
2024-04-28 07:00:00,11,2024-04-28 18:00:00,379.21,29.4,3
2024-04-28 07:00:00,12,2024-04-28 19:00:00,379.21,29.9,3
2024-04-29 07:00:00,7,2024-04-29 14:00:00,379.26,33.9,3
2024-04-29 07:00:00,8,2024-04-29 15:00:00,379.25,33.2,3
2024-04-29 07:00:00,9,2024-04-29 16:00:00,379.25,32.7,3
2024-04-29 07:00:00,10,2024-04-29 17:00:00,379.24,32.3,3
2024-04-29 07:00:00,11,2024-04-29 18:00:00,379.24,32.3,3
2024-04-29 07:00:00,12,2024-04-29 19:00:00,379.24,32.3,3
2024-04-30 07:00:00,7,2024-04-30 14:00:00,379.36,43.8,3
2024-04-30 07:00:00,8,2024-04-30 15:00:00,379.36,43.6,3
2024-04-30 07:00:00,9,2024-04-30 16:00:00,379.36,43.4,3
2024-04-30 07:00:00,10,2024-04-30 17:00:00,379.36,43.6,3
2024-04-30 07:00:00,11,2024-04-30 18:00:00,379.36,43.9,3
2024-04-30 07:00:00,12,2024-04-30 19:00:00,379.37,44.2,3
2024-05-01 07:00:00,7,2024-05-01 14:00:00,379.37,44.7,3
2024-05-01 07:00:00,8,2024-05-01 15:00:00,379.37,44.7,3
2024-05-01 07:00:00,9,2024-05-01 16:00:00,379.37,44.6,3
2024-05-01 07:00:00,10,2024-05-01 17:00:00,379.37,44.9,3
2024-05-01 07:00:00,11,2024-05-01 18:00:00,379.38,45.5,3
2024-05-01 07:00:00,12,2024-05-01 19:00:00,379.39,46.3,3
2024-05-02 07:00:00,7,2024-05-02 14:00:00,379.62,72.7,3
2024-05-02 07:00:00,8,2024-05-02 15:00:00,379.64,75.2,3
2024-05-02 07:00:00,9,2024-05-02 16:00:00,379.68,80.2,3
2024-05-02 07:00:00,10,2024-05-02 17:00:00,379.68,80.1,3
2024-05-02 07:00:00,11,2024-05-02 18:00:00,379.69,81.4,3
2024-05-02 07:00:00,12,2024-05-02 19:00:00,379.73,86.4,3
2024-05-03 07:00:00,7,2024-05-03 14:00:00,379.6,70.3,3
2024-05-03 07:00:00,8,2024-05-03 15:00:00,379.58,68.6,3
2024-05-03 07:00:00,9,2024-05-03 16:00:00,379.57,67.3,3
2024-05-03 07:00:00,10,2024-05-03 17:00:00,379.57,66.4,3
2024-05-03 07:00:00,11,2024-05-03 18:00:00,379.56,65.7,3
2024-05-03 07:00:00,12,2024-05-03 19:00:00,379.56,65.3,3
2024-05-04 07:00:00,7,2024-05-04 14:00:00,379.54,62.8,3
2024-05-04 07:00:00,8,2024-05-04 15:00:00,379.53,62.1,3
2024-05-04 07:00:00,9,2024-05-04 16:00:00,379.52,61.6,3
2024-05-04 07:00:00,10,2024-05-04 17:00:00,379.52,61.0,3
2024-05-04 07:00:00,11,2024-05-04 18:00:00,379.51,60.5,3
2024-05-04 07:00:00,12,2024-05-04 19:00:00,379.51,60.1,3
2024-05-05 07:00:00,7,2024-05-05 14:00:00,379.72,84.5,3
2024-05-05 07:00:00,8,2024-05-05 15:00:00,379.72,85.0,3
2024-05-05 07:00:00,9,2024-05-05 16:00:00,379.72,84.8,3
2024-05-05 07:00:00,10,2024-05-05 17:00:00,379.71,83.9,3
2024-05-05 07:00:00,11,2024-05-05 18:00:00,379.7,82.9,3
2024-05-05 07:00:00,12,2024-05-05 19:00:00,379.71,83.1,3
2024-05-06 07:00:00,7,2024-05-06 14:00:00,380.11,136.6,3
2024-05-06 07:00:00,8,2024-05-06 15:00:00,380.16,143.1,3
2024-05-06 07:00:00,9,2024-05-06 16:00:00,380.22,152.7,3
2024-05-06 07:00:00,10,2024-05-06 17:00:00,380.27,160.3,3
2024-05-06 07:00:00,11,2024-05-06 18:00:00,380.3,164.9,3
2024-05-06 07:00:00,12,2024-05-06 19:00:00,380.3,164.6,3
2024-05-07 07:00:00,7,2024-05-07 14:00:00,380.22,152.7,3
2024-05-07 07:00:00,8,2024-05-07 15:00:00,380.19,148.4,3
2024-05-07 07:00:00,9,2024-05-07 16:00:00,380.18,145.9,3
2024-05-07 07:00:00,10,2024-05-07 17:00:00,380.17,145.3,3
2024-05-07 07:00:00,11,2024-05-07 18:00:00,380.18,146.7,3
2024-05-07 07:00:00,12,2024-05-07 19:00:00,380.2,149.3,3
2024-05-08 07:00:00,7,2024-05-08 14:00:00,379.9,107.5,3
2024-05-08 07:00:00,8,2024-05-08 15:00:00,379.88,105.6,3
2024-05-08 07:00:00,9,2024-05-08 16:00:00,379.87,103.8,3
2024-05-08 07:00:00,10,2024-05-08 17:00:00,379.86,102.3,3
2024-05-08 07:00:00,11,2024-05-08 18:00:00,379.85,101.2,3
2024-05-08 07:00:00,12,2024-05-08 19:00:00,379.84,100.1,3
2024-05-09 07:00:00,7,2024-05-09 14:00:00,379.77,90.8,3
2024-05-09 07:00:00,8,2024-05-09 15:00:00,379.76,89.7,3
2024-05-09 07:00:00,9,2024-05-09 16:00:00,379.75,89.1,3
2024-05-09 07:00:00,10,2024-05-09 17:00:00,379.75,88.4,3
2024-05-09 07:00:00,11,2024-05-09 18:00:00,379.75,87.9,3
2024-05-09 07:00:00,12,2024-05-09 19:00:00,379.74,87.6,3
2024-05-10 07:00:00,7,2024-05-10 14:00:00,379.75,89.1,3
2024-05-10 07:00:00,8,2024-05-10 15:00:00,379.75,88.1,3
2024-05-10 07:00:00,9,2024-05-10 16:00:00,379.74,87.3,3
2024-05-10 07:00:00,10,2024-05-10 17:00:00,379.74,86.9,3
2024-05-10 07:00:00,11,2024-05-10 18:00:00,379.73,86.4,3
2024-05-10 07:00:00,12,2024-05-10 19:00:00,379.73,86.3,3
2024-05-11 07:00:00,7,2024-05-11 14:00:00,379.8,95.2,3
2024-05-11 07:00:00,8,2024-05-11 15:00:00,379.79,93.6,3
2024-05-11 07:00:00,9,2024-05-11 16:00:00,379.78,92.0,3
2024-05-11 07:00:00,10,2024-05-11 17:00:00,379.77,90.9,3
2024-05-11 07:00:00,11,2024-05-11 18:00:00,379.76,89.9,3
2024-05-11 07:00:00,12,2024-05-11 19:00:00,379.76,89.2,3
2024-05-12 07:00:00,7,2024-05-12 14:00:00,379.81,96.6,3
2024-05-12 07:00:00,8,2024-05-12 15:00:00,379.8,95.1,3
2024-05-12 07:00:00,9,2024-05-12 16:00:00,379.79,93.7,3
2024-05-12 07:00:00,10,2024-05-12 17:00:00,379.78,92.7,3
2024-05-12 07:00:00,11,2024-05-12 18:00:00,379.78,91.9,3
2024-05-12 07:00:00,12,2024-05-12 19:00:00,379.77,91.5,3
2024-05-13 07:00:00,7,2024-05-13 14:00:00,379.88,105.1,3
2024-05-13 07:00:00,8,2024-05-13 15:00:00,379.86,102.5,3
2024-05-13 07:00:00,9,2024-05-13 16:00:00,379.84,100.2,3
2024-05-13 07:00:00,10,2024-05-13 17:00:00,379.83,98.4,3
2024-05-13 07:00:00,11,2024-05-13 18:00:00,379.82,96.9,3
2024-05-13 07:00:00,12,2024-05-13 19:00:00,379.81,96.0,3
2024-05-14 07:00:00,7,2024-05-14 14:00:00,379.88,105.4,3
2024-05-14 07:00:00,8,2024-05-14 15:00:00,379.86,103.0,3
2024-05-14 07:00:00,9,2024-05-14 16:00:00,379.85,101.1,3
2024-05-14 07:00:00,10,2024-05-14 17:00:00,379.84,99.8,3
2024-05-14 07:00:00,11,2024-05-14 18:00:00,379.83,99.1,3
2024-05-14 07:00:00,12,2024-05-14 19:00:00,379.83,99.1,3
2024-05-15 07:00:00,7,2024-05-15 14:00:00,379.95,114.1,3
2024-05-15 07:00:00,8,2024-05-15 15:00:00,379.95,114.2,3
2024-05-15 07:00:00,9,2024-05-15 16:00:00,379.96,115.3,3
2024-05-15 07:00:00,10,2024-05-15 17:00:00,379.98,117.8,3
2024-05-15 07:00:00,11,2024-05-15 18:00:00,380.0,121.3,3
2024-05-15 07:00:00,12,2024-05-15 19:00:00,380.02,124.0,3
2024-05-16 07:00:00,7,2024-05-16 14:00:00,379.95,115.1,3
2024-05-16 07:00:00,8,2024-05-16 15:00:00,379.94,112.7,3
2024-05-16 07:00:00,9,2024-05-16 16:00:00,379.93,112.1,3
2024-05-16 07:00:00,10,2024-05-16 17:00:00,379.94,112.6,3
2024-05-16 07:00:00,11,2024-05-16 18:00:00,379.95,114.9,3
2024-05-16 07:00:00,12,2024-05-16 19:00:00,379.99,120.1,3
2024-05-17 07:00:00,7,2024-05-17 14:00:00,379.91,109.3,3
2024-05-17 07:00:00,8,2024-05-17 15:00:00,379.89,106.6,3
2024-05-17 07:00:00,9,2024-05-17 16:00:00,379.88,104.6,3
2024-05-17 07:00:00,10,2024-05-17 17:00:00,379.86,102.2,3
2024-05-17 07:00:00,11,2024-05-17 18:00:00,379.84,100.1,3
2024-05-17 07:00:00,12,2024-05-17 19:00:00,379.83,98.3,3
2024-05-18 07:00:00,7,2024-05-18 14:00:00,379.82,97.0,3
2024-05-18 07:00:00,8,2024-05-18 15:00:00,379.81,96.1,3
2024-05-18 07:00:00,9,2024-05-18 16:00:00,379.8,94.7,3
2024-05-18 07:00:00,10,2024-05-18 17:00:00,379.79,93.6,3
2024-05-18 07:00:00,11,2024-05-18 18:00:00,379.79,93.3,3
2024-05-18 07:00:00,12,2024-05-18 19:00:00,379.79,93.9,3
2024-05-19 07:00:00,7,2024-05-19 14:00:00,379.82,97.5,3
2024-05-19 07:00:00,8,2024-05-19 15:00:00,379.81,95.7,3
2024-05-19 07:00:00,9,2024-05-19 16:00:00,379.79,94.1,3
2024-05-19 07:00:00,10,2024-05-19 17:00:00,379.79,93.2,3
2024-05-19 07:00:00,11,2024-05-19 18:00:00,379.78,92.4,3
2024-05-19 07:00:00,12,2024-05-19 19:00:00,379.77,91.6,3
2024-05-20 07:00:00,7,2024-05-20 14:00:00,379.85,101.8,3
2024-05-20 07:00:00,8,2024-05-20 15:00:00,379.84,100.2,3
2024-05-20 07:00:00,9,2024-05-20 16:00:00,379.83,98.9,3
2024-05-20 07:00:00,10,2024-05-20 17:00:00,379.83,98.1,3
2024-05-20 07:00:00,11,2024-05-20 18:00:00,379.82,97.5,3
2024-05-20 07:00:00,12,2024-05-20 19:00:00,379.82,97.5,3
2024-05-21 07:00:00,7,2024-05-21 14:00:00,380.05,128.0,3
2024-05-21 07:00:00,8,2024-05-21 15:00:00,380.05,128.5,3
2024-05-21 07:00:00,9,2024-05-21 16:00:00,380.05,127.9,3
2024-05-21 07:00:00,10,2024-05-21 17:00:00,380.05,127.6,3
2024-05-21 07:00:00,11,2024-05-21 18:00:00,380.04,127.2,3
2024-05-21 07:00:00,12,2024-05-21 19:00:00,380.04,126.3,3
2024-05-22 07:00:00,7,2024-05-22 14:00:00,380.11,136.9,3
2024-05-22 07:00:00,8,2024-05-22 15:00:00,380.08,132.3,3
2024-05-22 07:00:00,9,2024-05-22 16:00:00,380.05,128.4,3
2024-05-22 07:00:00,10,2024-05-22 17:00:00,380.02,124.5,3
2024-05-22 07:00:00,11,2024-05-22 18:00:00,380.0,121.3,3
2024-05-22 07:00:00,12,2024-05-22 19:00:00,379.98,118.8,3
2024-05-23 07:00:00,7,2024-05-23 14:00:00,380.1,135.4,3
2024-05-23 07:00:00,8,2024-05-23 15:00:00,380.08,132.3,3
2024-05-23 07:00:00,9,2024-05-23 16:00:00,380.07,130.7,3
2024-05-23 07:00:00,10,2024-05-23 17:00:00,380.06,129.2,3
2024-05-23 07:00:00,11,2024-05-23 18:00:00,380.06,129.6,3
2024-05-23 07:00:00,12,2024-05-23 19:00:00,380.08,132.5,3
2024-05-24 07:00:00,7,2024-05-24 14:00:00,379.89,106.8,3
2024-05-24 07:00:00,8,2024-05-24 15:00:00,379.88,105.4,3
2024-05-24 07:00:00,9,2024-05-24 16:00:00,379.87,104.3,3
2024-05-24 07:00:00,10,2024-05-24 17:00:00,379.88,104.5,3
2024-05-24 07:00:00,11,2024-05-24 18:00:00,379.88,105.1,3
2024-05-24 07:00:00,12,2024-05-24 19:00:00,379.89,106.3,3
2024-05-25 07:00:00,7,2024-05-25 14:00:00,379.79,93.1,3
2024-05-25 07:00:00,8,2024-05-25 15:00:00,379.78,92.3,3
2024-05-25 07:00:00,9,2024-05-25 16:00:00,379.78,92.1,3
2024-05-25 07:00:00,10,2024-05-25 17:00:00,379.78,91.9,3
2024-05-25 07:00:00,11,2024-05-25 18:00:00,379.77,91.6,3
2024-05-25 07:00:00,12,2024-05-25 19:00:00,379.77,91.3,3
2024-05-26 07:00:00,7,2024-05-26 14:00:00,379.8,95.4,3
2024-05-26 07:00:00,8,2024-05-26 15:00:00,379.8,94.8,3
2024-05-26 07:00:00,9,2024-05-26 16:00:00,379.79,94.2,3
2024-05-26 07:00:00,10,2024-05-26 17:00:00,379.79,93.7,3
2024-05-26 07:00:00,11,2024-05-26 18:00:00,379.79,93.3,3
2024-05-26 07:00:00,12,2024-05-26 19:00:00,379.78,92.8,3
2024-05-27 07:00:00,7,2024-05-27 14:00:00,380.01,122.9,3
2024-05-27 07:00:00,8,2024-05-27 15:00:00,380.05,127.3,3
2024-05-27 07:00:00,9,2024-05-27 16:00:00,380.08,132.5,3
2024-05-27 07:00:00,10,2024-05-27 17:00:00,380.11,136.7,3
2024-05-27 07:00:00,11,2024-05-27 18:00:00,380.16,143.4,3
2024-05-27 07:00:00,12,2024-05-27 19:00:00,380.16,144.1,3
2024-05-28 07:00:00,7,2024-05-28 14:00:00,380.26,158.2,3
2024-05-28 07:00:00,8,2024-05-28 15:00:00,380.21,151.4,3
2024-05-28 07:00:00,9,2024-05-28 16:00:00,380.17,145.3,3
2024-05-28 07:00:00,10,2024-05-28 17:00:00,380.14,140.8,3
2024-05-28 07:00:00,11,2024-05-28 18:00:00,380.11,136.7,3
2024-05-28 07:00:00,12,2024-05-28 19:00:00,380.09,133.3,3
2024-05-29 07:00:00,7,2024-05-29 14:00:00,380.03,124.6,3
2024-05-29 07:00:00,8,2024-05-29 15:00:00,380.0,121.8,3
2024-05-29 07:00:00,9,2024-05-29 16:00:00,379.99,119.2,3
2024-05-29 07:00:00,10,2024-05-29 17:00:00,379.97,117.1,3
2024-05-29 07:00:00,11,2024-05-29 18:00:00,379.96,115.5,3
2024-05-29 07:00:00,12,2024-05-29 19:00:00,379.95,114.4,3
2024-05-30 07:00:00,7,2024-05-30 14:00:00,380.32,167.1,3
2024-05-30 07:00:00,8,2024-05-30 15:00:00,380.36,173.5,3
2024-05-30 07:00:00,9,2024-05-30 16:00:00,380.39,177.9,3
2024-05-30 07:00:00,10,2024-05-30 17:00:00,380.39,177.4,3
2024-05-30 07:00:00,11,2024-05-30 18:00:00,380.36,173.0,3
2024-05-30 07:00:00,12,2024-05-30 19:00:00,380.33,168.9,3
2024-05-31 07:00:00,7,2024-05-31 14:00:00,380.42,183.0,3
2024-05-31 07:00:00,8,2024-05-31 15:00:00,380.42,182.8,3
2024-05-31 07:00:00,9,2024-05-31 16:00:00,380.39,178.4,3
2024-05-31 07:00:00,10,2024-05-31 17:00:00,380.37,175.6,3
2024-05-31 07:00:00,11,2024-05-31 18:00:00,380.37,174.9,3
2024-05-31 07:00:00,12,2024-05-31 19:00:00,380.37,175.0,3
2024-06-01 07:00:00,7,2024-06-01 14:00:00,380.07,130.9,3
2024-06-01 07:00:00,8,2024-06-01 15:00:00,380.05,128.5,3
2024-06-01 07:00:00,9,2024-06-01 16:00:00,380.04,126.3,3
2024-06-01 07:00:00,10,2024-06-01 17:00:00,380.02,124.4,3
2024-06-01 07:00:00,11,2024-06-01 18:00:00,380.01,122.7,3
2024-06-01 07:00:00,12,2024-06-01 19:00:00,380.0,121.4,3
2024-06-02 07:00:00,7,2024-06-02 14:00:00,379.9,108.3,3
2024-06-02 07:00:00,8,2024-06-02 15:00:00,379.9,107.4,3
2024-06-02 07:00:00,9,2024-06-02 16:00:00,379.89,106.7,3
2024-06-02 07:00:00,10,2024-06-02 17:00:00,379.89,106.1,3
2024-06-02 07:00:00,11,2024-06-02 18:00:00,379.89,106.0,3
2024-06-02 07:00:00,12,2024-06-02 19:00:00,379.89,106.1,3
2024-06-03 07:00:00,7,2024-06-03 14:00:00,379.86,102.2,3
2024-06-03 07:00:00,8,2024-06-03 15:00:00,379.86,102.1,3
2024-06-03 07:00:00,9,2024-06-03 16:00:00,379.85,101.6,3
2024-06-03 07:00:00,10,2024-06-03 17:00:00,379.85,101.4,3
2024-06-03 07:00:00,11,2024-06-03 18:00:00,379.85,101.8,3
2024-06-03 07:00:00,12,2024-06-03 19:00:00,379.86,102.2,3
2024-06-04 07:00:00,7,2024-06-04 14:00:00,379.87,104.2,3
2024-06-04 07:00:00,8,2024-06-04 15:00:00,379.87,103.5,3
2024-06-04 07:00:00,9,2024-06-04 16:00:00,379.86,102.7,3
2024-06-04 07:00:00,10,2024-06-04 17:00:00,379.86,102.1,3
2024-06-04 07:00:00,11,2024-06-04 18:00:00,379.85,101.5,3
2024-06-04 07:00:00,12,2024-06-04 19:00:00,379.85,101.2,3
2024-06-05 07:00:00,7,2024-06-05 14:00:00,379.92,110.2,3
2024-06-05 07:00:00,8,2024-06-05 15:00:00,379.91,109.2,3
2024-06-05 07:00:00,9,2024-06-05 16:00:00,379.9,107.6,3
2024-06-05 07:00:00,10,2024-06-05 17:00:00,379.89,106.3,3
2024-06-05 07:00:00,11,2024-06-05 18:00:00,379.88,105.1,3
2024-06-05 07:00:00,12,2024-06-05 19:00:00,379.87,104.3,3
2024-06-06 07:00:00,7,2024-06-06 14:00:00,379.95,114.5,3
2024-06-06 07:00:00,8,2024-06-06 15:00:00,379.94,113.1,3
2024-06-06 07:00:00,9,2024-06-06 16:00:00,379.93,112.2,3
2024-06-06 07:00:00,10,2024-06-06 17:00:00,379.93,111.3,3
2024-06-06 07:00:00,11,2024-06-06 18:00:00,379.92,110.7,3
2024-06-06 07:00:00,12,2024-06-06 19:00:00,379.92,110.9,3
2024-06-07 07:00:00,7,2024-06-07 14:00:00,380.09,134.1,3
2024-06-07 07:00:00,8,2024-06-07 15:00:00,380.08,132.8,3
2024-06-07 07:00:00,9,2024-06-07 16:00:00,380.08,131.9,3
2024-06-07 07:00:00,10,2024-06-07 17:00:00,380.08,131.5,3
2024-06-07 07:00:00,11,2024-06-07 18:00:00,380.08,131.5,3
2024-06-07 07:00:00,12,2024-06-07 19:00:00,380.08,131.9,3
2024-06-08 07:00:00,7,2024-06-08 14:00:00,380.21,150.4,3
2024-06-08 07:00:00,8,2024-06-08 15:00:00,380.19,147.8,3
2024-06-08 07:00:00,9,2024-06-08 16:00:00,380.18,145.8,3
2024-06-08 07:00:00,10,2024-06-08 17:00:00,380.16,144.1,3
2024-06-08 07:00:00,11,2024-06-08 18:00:00,380.15,142.7,3
2024-06-08 07:00:00,12,2024-06-08 19:00:00,380.15,142.0,3
2024-06-09 07:00:00,7,2024-06-09 14:00:00,380.09,133.6,3
2024-06-09 07:00:00,8,2024-06-09 15:00:00,380.08,131.5,3
2024-06-09 07:00:00,9,2024-06-09 16:00:00,380.06,130.0,3
2024-06-09 07:00:00,10,2024-06-09 17:00:00,380.06,129.3,3
2024-06-09 07:00:00,11,2024-06-09 18:00:00,380.06,129.7,3
2024-06-09 07:00:00,12,2024-06-09 19:00:00,380.09,133.6,3
2024-06-10 07:00:00,7,2024-06-10 14:00:00,380.45,187.4,3
2024-06-10 07:00:00,8,2024-06-10 15:00:00,380.43,184.6,3
2024-06-10 07:00:00,9,2024-06-10 16:00:00,380.4,179.3,3
2024-06-10 07:00:00,10,2024-06-10 17:00:00,380.35,171.2,3
2024-06-10 07:00:00,11,2024-06-10 18:00:00,380.3,164.8,3
2024-06-10 07:00:00,12,2024-06-10 19:00:00,380.25,156.2,3
2024-06-11 07:00:00,7,2024-06-11 14:00:00,380.12,138.2,3
2024-06-11 07:00:00,8,2024-06-11 15:00:00,380.11,136.7,3
2024-06-11 07:00:00,9,2024-06-11 16:00:00,380.1,134.7,3
2024-06-11 07:00:00,10,2024-06-11 17:00:00,380.09,132.9,3
2024-06-11 07:00:00,11,2024-06-11 18:00:00,380.07,131.3,3
2024-06-11 07:00:00,12,2024-06-11 19:00:00,380.06,129.3,3
2024-06-12 07:00:00,7,2024-06-12 14:00:00,379.89,106.5,3
2024-06-12 07:00:00,8,2024-06-12 15:00:00,379.88,105.3,3
2024-06-12 07:00:00,9,2024-06-12 16:00:00,379.87,104.2,3
2024-06-12 07:00:00,10,2024-06-12 17:00:00,379.86,102.9,3
2024-06-12 07:00:00,11,2024-06-12 18:00:00,379.85,101.8,3
2024-06-12 07:00:00,12,2024-06-12 19:00:00,379.85,100.7,3
2024-06-13 08:00:00,7,2024-06-13 15:00:00,379.74,86.9,3
2024-06-13 08:00:00,8,2024-06-13 16:00:00,379.73,85.7,3
2024-06-13 08:00:00,9,2024-06-13 17:00:00,379.72,84.7,3
2024-06-13 08:00:00,10,2024-06-13 18:00:00,379.71,83.8,3
2024-06-13 08:00:00,11,2024-06-13 19:00:00,379.7,82.8,3
2024-06-13 08:00:00,12,2024-06-13 20:00:00,379.7,81.8,3
2024-06-14 07:00:00,7,2024-06-14 14:00:00,379.76,89.6,3
2024-06-14 07:00:00,8,2024-06-14 15:00:00,379.76,90.0,3
2024-06-14 07:00:00,9,2024-06-14 16:00:00,379.76,90.2,3
2024-06-14 07:00:00,10,2024-06-14 17:00:00,379.76,90.0,3
2024-06-14 07:00:00,11,2024-06-14 18:00:00,379.76,89.6,3
2024-06-14 07:00:00,12,2024-06-14 19:00:00,379.76,89.5,3
2024-06-15 07:00:00,7,2024-06-15 14:00:00,381.75,448.8,3
2024-06-15 07:00:00,8,2024-06-15 15:00:00,381.75,447.8,3
2024-06-15 07:00:00,9,2024-06-15 16:00:00,381.69,432.8,3
2024-06-15 07:00:00,10,2024-06-15 17:00:00,381.56,401.8,3
2024-06-15 07:00:00,11,2024-06-15 18:00:00,381.39,364.6,3
2024-06-15 07:00:00,12,2024-06-15 19:00:00,381.19,322.1,3
2024-06-16 07:00:00,7,2024-06-16 14:00:00,380.33,168.8,3
2024-06-16 07:00:00,8,2024-06-16 15:00:00,380.3,164.6,3
2024-06-16 07:00:00,9,2024-06-16 16:00:00,380.27,160.4,3
2024-06-16 07:00:00,10,2024-06-16 17:00:00,380.25,156.4,3
2024-06-16 07:00:00,11,2024-06-16 18:00:00,380.22,152.5,3
2024-06-16 07:00:00,12,2024-06-16 19:00:00,380.2,148.7,3
2024-06-17 07:00:00,7,2024-06-17 14:00:00,380.06,129.5,3
2024-06-17 07:00:00,8,2024-06-17 15:00:00,380.05,127.6,3
2024-06-17 07:00:00,9,2024-06-17 16:00:00,380.04,126.2,3
2024-06-17 07:00:00,10,2024-06-17 17:00:00,380.03,125.0,3
2024-06-17 07:00:00,11,2024-06-17 18:00:00,380.02,123.7,3
2024-06-17 07:00:00,12,2024-06-17 19:00:00,380.01,122.2,3
2024-06-18 07:00:00,7,2024-06-18 14:00:00,380.06,128.8,3
2024-06-18 07:00:00,8,2024-06-18 15:00:00,380.04,126.1,3
2024-06-18 07:00:00,9,2024-06-18 16:00:00,380.02,123.4,3
2024-06-18 07:00:00,10,2024-06-18 17:00:00,380.0,120.7,3
2024-06-18 07:00:00,11,2024-06-18 18:00:00,379.98,117.8,3
2024-06-18 07:00:00,12,2024-06-18 19:00:00,379.96,115.1,3
2024-06-19 07:00:00,7,2024-06-19 14:00:00,380.04,126.0,3
2024-06-19 07:00:00,8,2024-06-19 15:00:00,380.02,123.4,3
2024-06-19 07:00:00,9,2024-06-19 16:00:00,380.0,121.1,3
2024-06-19 07:00:00,10,2024-06-19 17:00:00,379.98,118.7,3
2024-06-19 07:00:00,11,2024-06-19 18:00:00,379.97,116.4,3
2024-06-19 07:00:00,12,2024-06-19 19:00:00,379.95,114.3,3
2024-06-20 07:00:00,7,2024-06-20 14:00:00,380.15,142.0,3
2024-06-20 07:00:00,8,2024-06-20 15:00:00,380.14,140.3,3
2024-06-20 07:00:00,9,2024-06-20 16:00:00,380.13,139.5,3
2024-06-20 07:00:00,10,2024-06-20 17:00:00,380.13,139.6,3
2024-06-20 07:00:00,11,2024-06-20 18:00:00,380.14,140.2,3
2024-06-20 07:00:00,12,2024-06-20 19:00:00,380.15,142.5,3
2024-06-21 07:00:00,7,2024-06-21 14:00:00,380.53,199.8,3
2024-06-21 07:00:00,8,2024-06-21 15:00:00,380.63,217.6,3
2024-06-21 07:00:00,9,2024-06-21 16:00:00,380.68,225.4,3
2024-06-21 07:00:00,10,2024-06-21 17:00:00,380.68,225.0,3
2024-06-21 07:00:00,11,2024-06-21 18:00:00,380.66,222.9,3
2024-06-21 07:00:00,12,2024-06-21 19:00:00,380.69,227.2,3
2024-06-22 07:00:00,7,2024-06-22 14:00:00,380.28,160.9,3
2024-06-22 07:00:00,8,2024-06-22 15:00:00,380.25,156.8,3
2024-06-22 07:00:00,9,2024-06-22 16:00:00,380.23,153.6,3
2024-06-22 07:00:00,10,2024-06-22 17:00:00,380.21,151.5,3
2024-06-22 07:00:00,11,2024-06-22 18:00:00,380.21,150.1,3
2024-06-22 07:00:00,12,2024-06-22 19:00:00,380.21,150.1,3
2024-06-23 07:00:00,7,2024-06-23 14:00:00,380.2,149.2,3
2024-06-23 07:00:00,8,2024-06-23 15:00:00,380.17,145.5,3
2024-06-23 07:00:00,9,2024-06-23 16:00:00,380.16,142.9,3
2024-06-23 07:00:00,10,2024-06-23 17:00:00,380.14,140.0,3
2024-06-23 07:00:00,11,2024-06-23 18:00:00,380.11,136.8,3
2024-06-23 07:00:00,12,2024-06-23 19:00:00,380.09,133.9,3
2024-06-24 07:00:00,7,2024-06-24 14:00:00,379.96,115.7,3
2024-06-24 07:00:00,8,2024-06-24 15:00:00,379.95,114.0,3
2024-06-24 07:00:00,9,2024-06-24 16:00:00,379.94,112.6,3
2024-06-24 07:00:00,10,2024-06-24 17:00:00,379.93,111.2,3
2024-06-24 07:00:00,11,2024-06-24 18:00:00,379.92,109.8,3
2024-06-24 07:00:00,12,2024-06-24 19:00:00,379.91,108.6,3
2024-06-25 07:00:00,7,2024-06-25 14:00:00,379.98,118.6,3
2024-06-25 07:00:00,8,2024-06-25 15:00:00,379.97,116.6,3
2024-06-25 07:00:00,9,2024-06-25 16:00:00,379.96,115.1,3
2024-06-25 07:00:00,10,2024-06-25 17:00:00,379.94,113.6,3
2024-06-25 07:00:00,11,2024-06-25 18:00:00,379.93,112.2,3
2024-06-25 07:00:00,12,2024-06-25 19:00:00,379.92,110.8,3
2024-06-26 07:00:00,7,2024-06-26 14:00:00,379.87,103.6,3
2024-06-26 07:00:00,8,2024-06-26 15:00:00,379.86,101.9,3
2024-06-26 07:00:00,9,2024-06-26 16:00:00,379.85,100.8,3
2024-06-26 07:00:00,10,2024-06-26 17:00:00,379.84,99.9,3
2024-06-26 07:00:00,11,2024-06-26 18:00:00,379.83,99.1,3
2024-06-26 07:00:00,12,2024-06-26 19:00:00,379.83,98.5,3
2024-06-27 07:00:00,7,2024-06-27 14:00:00,379.98,118.1,3
2024-06-27 07:00:00,8,2024-06-27 15:00:00,379.97,116.5,3
2024-06-27 07:00:00,9,2024-06-27 16:00:00,379.96,115.5,3
2024-06-27 07:00:00,10,2024-06-27 17:00:00,379.95,114.1,3
2024-06-27 07:00:00,11,2024-06-27 18:00:00,379.93,112.3,3
2024-06-27 07:00:00,12,2024-06-27 19:00:00,379.92,110.7,3
2024-06-28 07:00:00,7,2024-06-28 14:00:00,379.96,116.2,3
2024-06-28 07:00:00,8,2024-06-28 15:00:00,379.95,114.6,3
2024-06-28 07:00:00,9,2024-06-28 16:00:00,379.94,113.0,3
2024-06-28 07:00:00,10,2024-06-28 17:00:00,379.93,111.6,3
2024-06-28 07:00:00,11,2024-06-28 18:00:00,379.92,110.6,3
2024-06-28 07:00:00,12,2024-06-28 19:00:00,379.92,110.0,3
2024-06-29 07:00:00,7,2024-06-29 14:00:00,380.06,129.9,3
2024-06-29 07:00:00,8,2024-06-29 15:00:00,380.05,128.4,3
2024-06-29 07:00:00,9,2024-06-29 16:00:00,380.05,127.5,3
2024-06-29 07:00:00,10,2024-06-29 17:00:00,380.05,127.4,3
2024-06-29 07:00:00,11,2024-06-29 18:00:00,380.05,127.6,3
2024-06-29 07:00:00,12,2024-06-29 19:00:00,380.07,130.8,3
2024-06-30 07:00:00,7,2024-06-30 14:00:00,380.25,156.3,3
2024-06-30 07:00:00,8,2024-06-30 15:00:00,380.22,152.1,3
2024-06-30 07:00:00,9,2024-06-30 16:00:00,380.2,148.9,3
2024-06-30 07:00:00,10,2024-06-30 17:00:00,380.18,145.9,3
2024-06-30 07:00:00,11,2024-06-30 18:00:00,380.15,142.6,3
2024-06-30 07:00:00,12,2024-06-30 19:00:00,380.14,140.5,3
2024-07-01 07:00:00,7,2024-07-01 14:00:00,380.07,130.4,3
2024-07-01 07:00:00,8,2024-07-01 15:00:00,380.06,130.0,3
2024-07-01 07:00:00,9,2024-07-01 16:00:00,380.05,127.7,3
2024-07-01 07:00:00,10,2024-07-01 17:00:00,380.03,125.6,3
2024-07-01 07:00:00,11,2024-07-01 18:00:00,380.02,123.8,3
2024-07-01 07:00:00,12,2024-07-01 19:00:00,380.01,123.2,3
2024-07-02 07:00:00,7,2024-07-02 14:00:00,380.04,126.7,3
2024-07-02 07:00:00,8,2024-07-02 15:00:00,380.01,122.7,3
2024-07-02 07:00:00,9,2024-07-02 16:00:00,379.98,118.2,3
2024-07-02 07:00:00,10,2024-07-02 17:00:00,379.95,114.7,3
2024-07-02 07:00:00,11,2024-07-02 18:00:00,379.93,111.7,3
2024-07-02 07:00:00,12,2024-07-02 19:00:00,379.91,109.1,3
2024-07-03 07:00:00,7,2024-07-03 14:00:00,379.87,103.5,3
2024-07-03 07:00:00,8,2024-07-03 15:00:00,379.86,102.4,3
2024-07-03 07:00:00,9,2024-07-03 16:00:00,379.85,101.2,3
2024-07-03 07:00:00,10,2024-07-03 17:00:00,379.84,99.7,3
2024-07-03 07:00:00,11,2024-07-03 18:00:00,379.83,98.1,3
2024-07-03 07:00:00,12,2024-07-03 19:00:00,379.81,96.3,3
2024-07-04 07:00:00,7,2024-07-04 14:00:00,379.74,87.9,3
2024-07-04 07:00:00,8,2024-07-04 15:00:00,379.73,86.5,3
2024-07-04 07:00:00,9,2024-07-04 16:00:00,379.72,85.0,3
2024-07-04 07:00:00,10,2024-07-04 17:00:00,379.71,83.6,3
2024-07-04 07:00:00,11,2024-07-04 18:00:00,379.7,82.3,3
2024-07-04 07:00:00,12,2024-07-04 19:00:00,379.69,81.3,3
2024-07-05 07:00:00,7,2024-07-05 14:00:00,379.75,89.1,3
2024-07-05 07:00:00,8,2024-07-05 15:00:00,379.74,87.5,3
2024-07-05 07:00:00,9,2024-07-05 16:00:00,379.73,86.1,3
2024-07-05 07:00:00,10,2024-07-05 17:00:00,379.72,85.0,3
2024-07-05 07:00:00,11,2024-07-05 18:00:00,379.71,84.0,3
2024-07-05 07:00:00,12,2024-07-05 19:00:00,379.7,82.4,3
2024-07-06 07:00:00,7,2024-07-06 14:00:00,379.85,101.5,3
2024-07-06 07:00:00,8,2024-07-06 15:00:00,379.84,100.4,3
2024-07-06 07:00:00,9,2024-07-06 16:00:00,379.84,100.5,3
2024-07-06 07:00:00,10,2024-07-06 17:00:00,379.84,100.5,3
2024-07-06 07:00:00,11,2024-07-06 18:00:00,379.84,100.2,3
2024-07-06 07:00:00,12,2024-07-06 19:00:00,379.85,101.2,3
2024-07-07 07:00:00,7,2024-07-07 14:00:00,380.45,187.8,3
2024-07-07 07:00:00,8,2024-07-07 15:00:00,380.42,183.0,3
2024-07-07 07:00:00,9,2024-07-07 16:00:00,380.38,176.5,3
2024-07-07 07:00:00,10,2024-07-07 17:00:00,380.35,171.2,3
2024-07-07 07:00:00,11,2024-07-07 18:00:00,380.31,165.9,3
2024-07-07 07:00:00,12,2024-07-07 19:00:00,380.28,161.6,3
2024-07-08 07:00:00,7,2024-07-08 14:00:00,380.14,141.1,3
2024-07-08 07:00:00,8,2024-07-08 15:00:00,380.13,139.1,3
2024-07-08 07:00:00,9,2024-07-08 16:00:00,380.11,136.3,3
2024-07-08 07:00:00,10,2024-07-08 17:00:00,380.09,133.7,3
2024-07-08 07:00:00,11,2024-07-08 18:00:00,380.07,130.8,3
2024-07-08 07:00:00,12,2024-07-08 19:00:00,380.05,128.2,3
2024-07-09 07:00:00,7,2024-07-09 14:00:00,380.0,121.0,3
2024-07-09 07:00:00,8,2024-07-09 15:00:00,379.99,119.8,3
2024-07-09 07:00:00,9,2024-07-09 16:00:00,379.98,118.5,3
2024-07-09 07:00:00,10,2024-07-09 17:00:00,379.97,116.9,3
2024-07-09 07:00:00,11,2024-07-09 18:00:00,379.95,115.0,3
2024-07-09 07:00:00,12,2024-07-09 19:00:00,379.94,113.1,3
2024-07-10 07:00:00,7,2024-07-10 14:00:00,379.96,115.2,3
2024-07-10 07:00:00,8,2024-07-10 15:00:00,379.94,113.7,3
2024-07-10 07:00:00,9,2024-07-10 16:00:00,379.94,113.0,3
2024-07-10 07:00:00,10,2024-07-10 17:00:00,379.93,111.7,3
2024-07-10 07:00:00,11,2024-07-10 18:00:00,379.92,110.4,3
2024-07-10 07:00:00,12,2024-07-10 19:00:00,379.92,110.4,3
2024-07-11 07:00:00,7,2024-07-11 14:00:00,379.94,113.6,3
2024-07-11 07:00:00,8,2024-07-11 15:00:00,379.94,112.8,3
2024-07-11 07:00:00,9,2024-07-11 16:00:00,379.93,111.7,3
2024-07-11 07:00:00,10,2024-07-11 17:00:00,379.92,110.0,3
2024-07-11 07:00:00,11,2024-07-11 18:00:00,379.9,108.3,3
2024-07-11 07:00:00,12,2024-07-11 19:00:00,379.89,107.0,3
2024-07-12 07:00:00,7,2024-07-12 14:00:00,380.8,247.6,3
2024-07-12 07:00:00,8,2024-07-12 15:00:00,380.82,249.9,3
2024-07-12 07:00:00,9,2024-07-12 16:00:00,380.81,249.0,3
2024-07-12 07:00:00,10,2024-07-12 17:00:00,380.81,249.4,3
2024-07-12 07:00:00,11,2024-07-12 18:00:00,380.85,255.3,3
2024-07-12 07:00:00,12,2024-07-12 19:00:00,380.93,271.9,3
2024-07-13 07:00:00,7,2024-07-13 14:00:00,380.42,183.2,3
2024-07-13 07:00:00,8,2024-07-13 15:00:00,380.39,177.6,3
2024-07-13 07:00:00,9,2024-07-13 16:00:00,380.35,171.5,3
2024-07-13 07:00:00,10,2024-07-13 17:00:00,380.3,164.7,3
2024-07-13 07:00:00,11,2024-07-13 18:00:00,380.27,159.6,3
2024-07-13 07:00:00,12,2024-07-13 19:00:00,380.25,156.1,3
2024-07-14 07:00:00,7,2024-07-14 14:00:00,379.99,120.0,3
2024-07-14 07:00:00,8,2024-07-14 15:00:00,379.97,117.4,3
2024-07-14 07:00:00,9,2024-07-14 16:00:00,379.96,115.6,3
2024-07-14 07:00:00,10,2024-07-14 17:00:00,379.94,113.2,3
2024-07-14 07:00:00,11,2024-07-14 18:00:00,379.93,111.3,3
2024-07-14 07:00:00,12,2024-07-14 19:00:00,379.91,109.7,3
2024-07-15 07:00:00,7,2024-07-15 14:00:00,379.87,103.3,3
2024-07-15 07:00:00,8,2024-07-15 15:00:00,379.87,103.2,3
2024-07-15 07:00:00,9,2024-07-15 16:00:00,379.86,102.2,3
2024-07-15 07:00:00,10,2024-07-15 17:00:00,379.85,101.2,3
2024-07-15 07:00:00,11,2024-07-15 18:00:00,379.84,100.5,3
2024-07-15 07:00:00,12,2024-07-15 19:00:00,379.84,100.5,3
2024-07-16 07:00:00,7,2024-07-16 14:00:00,380.68,226.2,3
2024-07-16 07:00:00,8,2024-07-16 15:00:00,380.61,213.4,3
2024-07-16 07:00:00,9,2024-07-16 16:00:00,380.56,205.5,3
2024-07-16 07:00:00,10,2024-07-16 17:00:00,380.48,192.2,3
2024-07-16 07:00:00,11,2024-07-16 18:00:00,380.44,185.4,3
2024-07-16 07:00:00,12,2024-07-16 19:00:00,380.39,177.4,3
2024-07-17 07:00:00,7,2024-07-17 14:00:00,380.2,149.1,3
2024-07-17 07:00:00,8,2024-07-17 15:00:00,380.19,147.4,3
2024-07-17 07:00:00,9,2024-07-17 16:00:00,380.17,145.2,3
2024-07-17 07:00:00,10,2024-07-17 17:00:00,380.15,141.5,3
2024-07-17 07:00:00,11,2024-07-17 18:00:00,380.12,138.5,3
2024-07-17 07:00:00,12,2024-07-17 19:00:00,380.11,136.2,3
2024-07-18 07:00:00,7,2024-07-18 14:00:00,380.01,122.6,3
2024-07-18 07:00:00,8,2024-07-18 15:00:00,380.01,122.3,3
2024-07-18 07:00:00,9,2024-07-18 16:00:00,380.0,120.7,3
2024-07-18 07:00:00,10,2024-07-18 17:00:00,379.99,119.4,3
2024-07-18 07:00:00,11,2024-07-18 18:00:00,379.98,118.5,3
2024-07-18 07:00:00,12,2024-07-18 19:00:00,379.97,117.3,3
2024-07-19 07:00:00,7,2024-07-19 14:00:00,379.91,108.7,3
2024-07-19 07:00:00,8,2024-07-19 15:00:00,379.89,107.1,3
2024-07-19 07:00:00,9,2024-07-19 16:00:00,379.89,106.0,3
2024-07-19 07:00:00,10,2024-07-19 17:00:00,379.87,104.5,3
2024-07-19 07:00:00,11,2024-07-19 18:00:00,379.86,103.1,3
2024-07-19 07:00:00,12,2024-07-19 19:00:00,379.86,102.1,3
2024-07-20 07:00:00,7,2024-07-20 14:00:00,379.77,91.0,3
2024-07-20 07:00:00,8,2024-07-20 15:00:00,379.76,89.8,3
2024-07-20 07:00:00,9,2024-07-20 16:00:00,379.75,89.1,3
2024-07-20 07:00:00,10,2024-07-20 17:00:00,379.74,87.8,3
2024-07-20 07:00:00,11,2024-07-20 18:00:00,379.74,86.7,3
2024-07-20 07:00:00,12,2024-07-20 19:00:00,379.73,86.5,3
2024-07-21 07:00:00,7,2024-07-21 14:00:00,379.78,92.8,3
2024-07-21 07:00:00,8,2024-07-21 15:00:00,379.78,92.1,3
2024-07-21 07:00:00,9,2024-07-21 16:00:00,379.78,91.8,3
2024-07-21 07:00:00,10,2024-07-21 17:00:00,379.77,91.3,3
2024-07-21 07:00:00,11,2024-07-21 18:00:00,379.77,90.7,3
2024-07-21 07:00:00,12,2024-07-21 19:00:00,379.76,90.2,3
2024-07-22 07:00:00,7,2024-07-22 14:00:00,379.85,100.9,3
2024-07-22 07:00:00,8,2024-07-22 15:00:00,379.84,100.0,3
2024-07-22 07:00:00,9,2024-07-22 16:00:00,379.83,98.5,3
2024-07-22 07:00:00,10,2024-07-22 17:00:00,379.82,97.7,3
2024-07-22 07:00:00,11,2024-07-22 18:00:00,379.82,97.2,3
2024-07-22 07:00:00,12,2024-07-22 19:00:00,379.81,95.9,3
2024-07-23 07:00:00,7,2024-07-23 14:00:00,379.79,93.2,3
2024-07-23 07:00:00,8,2024-07-23 15:00:00,379.78,92.2,3
2024-07-23 07:00:00,9,2024-07-23 16:00:00,379.77,90.8,3
2024-07-23 07:00:00,10,2024-07-23 17:00:00,379.76,89.9,3
2024-07-23 07:00:00,11,2024-07-23 18:00:00,379.75,88.9,3
2024-07-23 07:00:00,12,2024-07-23 19:00:00,379.75,88.5,3
2024-07-24 07:00:00,7,2024-07-24 14:00:00,379.71,83.6,3
2024-07-24 07:00:00,8,2024-07-24 15:00:00,379.7,81.8,3
2024-07-24 07:00:00,9,2024-07-24 16:00:00,379.7,81.8,3
2024-07-24 07:00:00,10,2024-07-24 17:00:00,379.69,81.2,3
2024-07-24 07:00:00,11,2024-07-24 18:00:00,379.68,79.5,3
2024-07-24 07:00:00,12,2024-07-24 19:00:00,379.67,78.3,3
2024-07-25 07:00:00,7,2024-07-25 14:00:00,379.66,77.0,3
2024-07-25 07:00:00,8,2024-07-25 15:00:00,379.64,75.6,3
2024-07-25 07:00:00,9,2024-07-25 16:00:00,379.63,74.0,3
2024-07-25 07:00:00,10,2024-07-25 17:00:00,379.62,72.9,3
2024-07-25 07:00:00,11,2024-07-25 18:00:00,379.61,71.3,3
2024-07-25 07:00:00,12,2024-07-25 19:00:00,379.6,70.6,3
2024-07-26 07:00:00,7,2024-07-26 14:00:00,379.64,75.1,3
2024-07-26 07:00:00,8,2024-07-26 15:00:00,379.63,73.6,3
2024-07-26 07:00:00,9,2024-07-26 16:00:00,379.62,72.7,3
2024-07-26 07:00:00,10,2024-07-26 17:00:00,379.62,73.1,3
2024-07-26 07:00:00,11,2024-07-26 18:00:00,379.62,72.4,3
2024-07-26 07:00:00,12,2024-07-26 19:00:00,379.61,71.3,3
2024-07-27 07:00:00,7,2024-07-27 14:00:00,379.58,67.8,3
2024-07-27 07:00:00,8,2024-07-27 15:00:00,379.56,66.2,3
2024-07-27 07:00:00,9,2024-07-27 16:00:00,379.55,64.2,3
2024-07-27 07:00:00,10,2024-07-27 17:00:00,379.53,62.8,3
2024-07-27 07:00:00,11,2024-07-27 18:00:00,379.52,61.0,3
2024-07-27 07:00:00,12,2024-07-27 19:00:00,379.52,60.8,3
2024-07-28 07:00:00,7,2024-07-28 14:00:00,379.65,76.2,3
2024-07-28 07:00:00,8,2024-07-28 15:00:00,379.64,75.0,3
2024-07-28 07:00:00,9,2024-07-28 16:00:00,379.63,73.4,3
2024-07-28 07:00:00,10,2024-07-28 17:00:00,379.62,72.4,3
2024-07-28 07:00:00,11,2024-07-28 18:00:00,379.61,71.1,3
2024-07-28 07:00:00,12,2024-07-28 19:00:00,379.6,69.8,3
2024-07-29 07:00:00,7,2024-07-29 14:00:00,379.73,86.2,3
2024-07-29 07:00:00,8,2024-07-29 15:00:00,379.71,83.2,3
2024-07-29 07:00:00,9,2024-07-29 16:00:00,379.69,80.7,3
2024-07-29 07:00:00,10,2024-07-29 17:00:00,379.67,78.4,3
2024-07-29 07:00:00,11,2024-07-29 18:00:00,379.65,76.2,3
2024-07-29 07:00:00,12,2024-07-29 19:00:00,379.64,74.9,3
2024-07-30 07:00:00,7,2024-07-30 14:00:00,379.66,77.9,3
2024-07-30 07:00:00,8,2024-07-30 15:00:00,379.64,75.6,3
2024-07-30 07:00:00,9,2024-07-30 16:00:00,379.63,73.4,3
2024-07-30 07:00:00,10,2024-07-30 17:00:00,379.61,71.3,3
2024-07-30 07:00:00,11,2024-07-30 18:00:00,379.6,70.6,3
2024-07-30 07:00:00,12,2024-07-30 19:00:00,379.6,70.3,3
2024-07-31 07:00:00,7,2024-07-31 14:00:00,379.73,86.2,3
2024-07-31 07:00:00,8,2024-07-31 15:00:00,379.72,84.4,3
2024-07-31 07:00:00,9,2024-07-31 16:00:00,379.71,83.2,3
2024-07-31 07:00:00,10,2024-07-31 17:00:00,379.7,81.9,3
2024-07-31 07:00:00,11,2024-07-31 18:00:00,379.69,80.6,3
2024-07-31 07:00:00,12,2024-07-31 19:00:00,379.67,78.5,3
2024-08-01 07:00:00,7,2024-08-01 14:00:00,379.72,85.1,3
2024-08-01 07:00:00,8,2024-08-01 15:00:00,379.71,83.5,3
2024-08-01 07:00:00,9,2024-08-01 16:00:00,379.7,82.5,3
2024-08-01 07:00:00,10,2024-08-01 17:00:00,379.69,81.6,3
2024-08-01 07:00:00,11,2024-08-01 18:00:00,379.68,80.4,3
2024-08-01 07:00:00,12,2024-08-01 19:00:00,379.67,79.0,3
2024-08-02 07:00:00,7,2024-08-02 14:00:00,380.02,123.3,3
2024-08-02 07:00:00,8,2024-08-02 15:00:00,379.99,119.9,3
2024-08-02 07:00:00,9,2024-08-02 16:00:00,379.97,116.7,3
2024-08-02 07:00:00,10,2024-08-02 17:00:00,379.94,113.6,3
2024-08-02 07:00:00,11,2024-08-02 18:00:00,379.92,110.8,3
2024-08-02 07:00:00,12,2024-08-02 19:00:00,379.91,108.6,3
2024-08-03 07:00:00,7,2024-08-03 14:00:00,379.66,77.0,3
2024-08-03 07:00:00,8,2024-08-03 15:00:00,379.65,76.1,3
2024-08-03 07:00:00,9,2024-08-03 16:00:00,379.64,75.2,3
2024-08-03 07:00:00,10,2024-08-03 17:00:00,379.63,73.9,3
2024-08-03 07:00:00,11,2024-08-03 18:00:00,379.62,72.9,3
2024-08-03 07:00:00,12,2024-08-03 19:00:00,379.61,71.5,3
2024-08-04 07:00:00,7,2024-08-04 14:00:00,379.64,74.9,3
2024-08-04 07:00:00,8,2024-08-04 15:00:00,379.63,73.5,3
2024-08-04 07:00:00,9,2024-08-04 16:00:00,379.61,72.0,3
2024-08-04 07:00:00,10,2024-08-04 17:00:00,379.6,70.6,3
2024-08-04 07:00:00,11,2024-08-04 18:00:00,379.59,69.2,3
2024-08-04 07:00:00,12,2024-08-04 19:00:00,379.58,68.1,3
2024-08-05 07:00:00,7,2024-08-05 14:00:00,379.56,65.5,3
2024-08-05 07:00:00,8,2024-08-05 15:00:00,379.55,64.0,3
2024-08-05 07:00:00,9,2024-08-05 16:00:00,379.53,62.6,3
2024-08-05 07:00:00,10,2024-08-05 17:00:00,379.53,61.6,3
2024-08-05 07:00:00,11,2024-08-05 18:00:00,379.51,60.2,3
2024-08-05 07:00:00,12,2024-08-05 19:00:00,379.5,59.1,3
2024-08-06 07:00:00,7,2024-08-06 14:00:00,379.52,60.8,3
2024-08-06 07:00:00,8,2024-08-06 15:00:00,379.5,59.1,3
2024-08-06 07:00:00,9,2024-08-06 16:00:00,379.49,57.4,3
2024-08-06 07:00:00,10,2024-08-06 17:00:00,379.48,56.0,3
2024-08-06 07:00:00,11,2024-08-06 18:00:00,379.46,54.3,3
2024-08-06 07:00:00,12,2024-08-06 19:00:00,379.45,52.7,3
2024-08-07 07:00:00,7,2024-08-07 14:00:00,379.52,60.7,3
2024-08-07 07:00:00,8,2024-08-07 15:00:00,379.5,58.6,3
2024-08-07 07:00:00,9,2024-08-07 16:00:00,379.48,57.0,3
2024-08-07 07:00:00,10,2024-08-07 17:00:00,379.47,55.2,3
2024-08-07 07:00:00,11,2024-08-07 18:00:00,379.46,53.8,3
2024-08-07 07:00:00,12,2024-08-07 19:00:00,379.44,52.5,3
2024-08-08 07:00:00,7,2024-08-08 14:00:00,379.5,58.3,3
2024-08-08 07:00:00,8,2024-08-08 15:00:00,379.49,57.3,3
2024-08-08 07:00:00,9,2024-08-08 16:00:00,379.48,56.1,3
2024-08-08 07:00:00,10,2024-08-08 17:00:00,379.46,54.8,3
2024-08-08 07:00:00,11,2024-08-08 18:00:00,379.45,53.3,3
2024-08-08 07:00:00,12,2024-08-08 19:00:00,379.44,52.4,3
2024-08-09 07:00:00,7,2024-08-09 14:00:00,379.47,55.8,3
2024-08-09 07:00:00,8,2024-08-09 15:00:00,379.46,54.0,3
2024-08-09 07:00:00,9,2024-08-09 16:00:00,379.45,52.9,3
2024-08-09 07:00:00,10,2024-08-09 17:00:00,379.43,51.5,3
2024-08-09 07:00:00,11,2024-08-09 18:00:00,379.42,50.2,3
2024-08-09 07:00:00,12,2024-08-09 19:00:00,379.41,49.1,3
2024-08-10 07:00:00,7,2024-08-10 14:00:00,379.51,59.4,3
2024-08-10 07:00:00,8,2024-08-10 15:00:00,379.49,57.5,3
2024-08-10 07:00:00,9,2024-08-10 16:00:00,379.47,55.7,3
2024-08-10 07:00:00,10,2024-08-10 17:00:00,379.46,54.0,3
2024-08-10 07:00:00,11,2024-08-10 18:00:00,379.45,52.6,3
2024-08-10 07:00:00,12,2024-08-10 19:00:00,379.43,51.3,3
2024-08-11 07:00:00,7,2024-08-11 14:00:00,379.48,57.0,3
2024-08-11 07:00:00,8,2024-08-11 15:00:00,379.48,56.0,3
2024-08-11 07:00:00,9,2024-08-11 16:00:00,379.46,53.8,3
2024-08-11 07:00:00,10,2024-08-11 17:00:00,379.44,52.0,3
2024-08-11 07:00:00,11,2024-08-11 18:00:00,379.42,50.0,3
2024-08-11 07:00:00,12,2024-08-11 19:00:00,379.41,48.5,3
2024-08-12 07:00:00,7,2024-08-12 14:00:00,379.62,72.9,3
2024-08-12 07:00:00,8,2024-08-12 15:00:00,379.61,71.9,3
2024-08-12 07:00:00,9,2024-08-12 16:00:00,379.6,70.2,3
2024-08-12 07:00:00,10,2024-08-12 17:00:00,379.58,67.7,3
2024-08-12 07:00:00,11,2024-08-12 18:00:00,379.56,65.8,3
2024-08-12 07:00:00,12,2024-08-12 19:00:00,379.55,64.3,3
2024-08-13 07:00:00,7,2024-08-13 14:00:00,379.73,86.5,3
2024-08-13 07:00:00,8,2024-08-13 15:00:00,379.72,85.0,3
2024-08-13 07:00:00,9,2024-08-13 16:00:00,379.71,83.3,3
2024-08-13 07:00:00,10,2024-08-13 17:00:00,379.69,81.7,3
2024-08-13 07:00:00,11,2024-08-13 18:00:00,379.68,80.0,3
2024-08-13 07:00:00,12,2024-08-13 19:00:00,379.67,78.2,3
2024-08-14 07:00:00,7,2024-08-14 14:00:00,379.77,91.1,3
2024-08-14 07:00:00,8,2024-08-14 15:00:00,379.76,89.5,3
2024-08-14 07:00:00,9,2024-08-14 16:00:00,379.74,87.4,3
2024-08-14 07:00:00,10,2024-08-14 17:00:00,379.73,85.9,3
2024-08-14 07:00:00,11,2024-08-14 18:00:00,379.71,83.6,3
2024-08-14 07:00:00,12,2024-08-14 19:00:00,379.69,81.7,3
2024-08-15 07:00:00,7,2024-08-15 14:00:00,379.55,64.3,3
2024-08-15 07:00:00,8,2024-08-15 15:00:00,379.54,63.3,3
2024-08-15 07:00:00,9,2024-08-15 16:00:00,379.53,62.3,3
2024-08-15 07:00:00,10,2024-08-15 17:00:00,379.52,61.3,3
2024-08-15 07:00:00,11,2024-08-15 18:00:00,379.51,60.1,3
2024-08-15 07:00:00,12,2024-08-15 19:00:00,379.5,58.8,3
2024-08-16 07:00:00,7,2024-08-16 14:00:00,379.55,64.0,3
2024-08-16 07:00:00,8,2024-08-16 15:00:00,379.54,63.1,3
2024-08-16 07:00:00,9,2024-08-16 16:00:00,379.53,61.8,3
2024-08-16 07:00:00,10,2024-08-16 17:00:00,379.52,60.7,3
2024-08-16 07:00:00,11,2024-08-16 18:00:00,379.51,59.4,3
2024-08-16 07:00:00,12,2024-08-16 19:00:00,379.49,58.2,3
2024-08-17 07:00:00,7,2024-08-17 14:00:00,379.56,65.8,3
2024-08-17 07:00:00,8,2024-08-17 15:00:00,379.55,64.8,3
2024-08-17 07:00:00,9,2024-08-17 16:00:00,379.55,64.0,3
2024-08-17 07:00:00,10,2024-08-17 17:00:00,379.54,63.5,3
2024-08-17 07:00:00,11,2024-08-17 18:00:00,379.54,62.8,3
2024-08-17 07:00:00,12,2024-08-17 19:00:00,379.53,62.3,3
2024-08-18 07:00:00,7,2024-08-18 14:00:00,379.96,115.9,3
2024-08-18 07:00:00,8,2024-08-18 15:00:00,379.95,114.2,3
2024-08-18 07:00:00,9,2024-08-18 16:00:00,379.94,112.8,3
2024-08-18 07:00:00,10,2024-08-18 17:00:00,379.92,110.7,3
2024-08-18 07:00:00,11,2024-08-18 18:00:00,379.91,109.2,3
2024-08-18 07:00:00,12,2024-08-18 19:00:00,379.9,108.3,3
2024-08-19 07:00:00,7,2024-08-19 14:00:00,379.96,115.7,3
2024-08-19 07:00:00,8,2024-08-19 15:00:00,379.95,114.2,3
2024-08-19 07:00:00,9,2024-08-19 16:00:00,379.93,112.0,3
2024-08-19 07:00:00,10,2024-08-19 17:00:00,379.91,109.6,3
2024-08-19 07:00:00,11,2024-08-19 18:00:00,379.9,107.4,3
2024-08-19 07:00:00,12,2024-08-19 19:00:00,379.88,104.6,3
2024-08-20 07:00:00,7,2024-08-20 14:00:00,379.7,81.9,3
2024-08-20 07:00:00,8,2024-08-20 15:00:00,379.69,80.7,3
2024-08-20 07:00:00,9,2024-08-20 16:00:00,379.68,79.6,3
2024-08-20 07:00:00,10,2024-08-20 17:00:00,379.67,78.4,3
2024-08-20 07:00:00,11,2024-08-20 18:00:00,379.66,77.2,3
2024-08-20 07:00:00,12,2024-08-20 19:00:00,379.65,76.4,3
2024-08-21 07:00:00,7,2024-08-21 14:00:00,379.62,72.7,3
2024-08-21 07:00:00,8,2024-08-21 15:00:00,379.61,71.4,3
2024-08-21 07:00:00,9,2024-08-21 16:00:00,379.59,69.7,3
2024-08-21 07:00:00,10,2024-08-21 17:00:00,379.58,68.2,3
2024-08-21 07:00:00,11,2024-08-21 18:00:00,379.57,66.7,3
2024-08-21 07:00:00,12,2024-08-21 19:00:00,379.56,65.8,3
2024-08-22 07:00:00,7,2024-08-22 14:00:00,379.53,61.7,3
2024-08-22 07:00:00,8,2024-08-22 15:00:00,379.52,61.4,3
2024-08-22 07:00:00,9,2024-08-22 16:00:00,379.52,60.9,3
2024-08-22 07:00:00,10,2024-08-22 17:00:00,379.51,60.3,3
2024-08-22 07:00:00,11,2024-08-22 18:00:00,379.51,60.0,3
2024-08-22 07:00:00,12,2024-08-22 19:00:00,379.5,59.3,3
2024-08-23 07:00:00,7,2024-08-23 14:00:00,379.49,58.0,3
2024-08-23 07:00:00,8,2024-08-23 15:00:00,379.49,58.0,3
2024-08-23 07:00:00,9,2024-08-23 16:00:00,379.49,57.5,3
2024-08-23 07:00:00,10,2024-08-23 17:00:00,379.48,56.7,3
2024-08-23 07:00:00,11,2024-08-23 18:00:00,379.48,56.2,3
2024-08-23 07:00:00,12,2024-08-23 19:00:00,379.47,55.4,3
2024-08-24 07:00:00,7,2024-08-24 14:00:00,379.48,55.9,3
2024-08-24 07:00:00,8,2024-08-24 15:00:00,379.47,55.5,3
2024-08-24 07:00:00,9,2024-08-24 16:00:00,379.47,55.4,3
2024-08-24 07:00:00,10,2024-08-24 17:00:00,379.47,55.1,3
2024-08-24 07:00:00,11,2024-08-24 18:00:00,379.46,54.3,3
2024-08-24 07:00:00,12,2024-08-24 19:00:00,379.46,53.8,3
2024-08-25 07:00:00,7,2024-08-25 14:00:00,379.44,51.9,3
2024-08-25 07:00:00,8,2024-08-25 15:00:00,379.43,51.2,3
2024-08-25 07:00:00,9,2024-08-25 16:00:00,379.43,50.5,3
2024-08-25 07:00:00,10,2024-08-25 17:00:00,379.42,50.0,3
2024-08-25 07:00:00,11,2024-08-25 18:00:00,379.42,50.2,3
2024-08-25 07:00:00,12,2024-08-25 19:00:00,379.42,50.0,3
2024-08-26 07:00:00,7,2024-08-26 14:00:00,379.49,58.1,3
2024-08-26 07:00:00,8,2024-08-26 15:00:00,379.49,57.5,3
2024-08-26 07:00:00,9,2024-08-26 16:00:00,379.48,56.6,3
2024-08-26 07:00:00,10,2024-08-26 17:00:00,379.47,55.5,3
2024-08-26 07:00:00,11,2024-08-26 18:00:00,379.47,54.8,3
2024-08-26 07:00:00,12,2024-08-26 19:00:00,379.46,53.9,3
2024-08-27 07:00:00,7,2024-08-27 14:00:00,379.43,51.2,3
2024-08-27 07:00:00,8,2024-08-27 15:00:00,379.43,51.1,3
2024-08-27 07:00:00,9,2024-08-27 16:00:00,379.43,50.9,3
2024-08-27 07:00:00,10,2024-08-27 17:00:00,379.43,50.6,3
2024-08-27 07:00:00,11,2024-08-27 18:00:00,379.43,50.4,3
2024-08-27 07:00:00,12,2024-08-27 19:00:00,379.42,50.2,3
2024-08-28 07:00:00,7,2024-08-28 14:00:00,379.44,52.4,3
2024-08-28 07:00:00,8,2024-08-28 15:00:00,379.43,51.3,3
2024-08-28 07:00:00,9,2024-08-28 16:00:00,379.42,50.2,3
2024-08-28 07:00:00,10,2024-08-28 17:00:00,379.41,49.2,3
2024-08-28 07:00:00,11,2024-08-28 18:00:00,379.4,48.1,3
2024-08-28 07:00:00,12,2024-08-28 19:00:00,379.39,47.0,3
2024-08-29 07:00:00,7,2024-08-29 14:00:00,379.39,46.2,3
2024-08-29 07:00:00,8,2024-08-29 15:00:00,379.38,45.3,3
2024-08-29 07:00:00,9,2024-08-29 16:00:00,379.37,44.5,3
2024-08-29 07:00:00,10,2024-08-29 17:00:00,379.36,43.9,3
2024-08-29 07:00:00,11,2024-08-29 18:00:00,379.36,43.1,3
2024-08-29 07:00:00,12,2024-08-29 19:00:00,379.35,42.1,3
2024-08-30 07:00:00,7,2024-08-30 14:00:00,379.46,54.4,3
2024-08-30 07:00:00,8,2024-08-30 15:00:00,379.45,53.3,3
2024-08-30 07:00:00,9,2024-08-30 16:00:00,379.44,52.4,3
2024-08-30 07:00:00,10,2024-08-30 17:00:00,379.43,51.4,3
2024-08-30 07:00:00,11,2024-08-30 18:00:00,379.43,50.4,3
2024-08-30 07:00:00,12,2024-08-30 19:00:00,379.42,49.5,3
2024-08-31 07:00:00,7,2024-08-31 14:00:00,379.37,44.5,3
2024-08-31 07:00:00,8,2024-08-31 15:00:00,379.36,43.3,3
2024-08-31 07:00:00,9,2024-08-31 16:00:00,379.35,42.2,3
2024-08-31 07:00:00,10,2024-08-31 17:00:00,379.34,41.3,3
2024-08-31 07:00:00,11,2024-08-31 18:00:00,379.33,40.3,3
2024-08-31 07:00:00,12,2024-08-31 19:00:00,379.32,39.4,3
2024-09-01 07:00:00,7,2024-09-01 14:00:00,379.36,43.7,3
2024-09-01 07:00:00,8,2024-09-01 15:00:00,379.35,42.8,3
2024-09-01 07:00:00,9,2024-09-01 16:00:00,379.34,41.7,3
2024-09-01 07:00:00,10,2024-09-01 17:00:00,379.34,41.0,3
2024-09-01 07:00:00,11,2024-09-01 18:00:00,379.33,40.5,3
2024-09-01 07:00:00,12,2024-09-01 19:00:00,379.33,40.6,3
2024-09-02 07:00:00,7,2024-09-02 14:00:00,379.37,45.0,3
2024-09-02 07:00:00,8,2024-09-02 15:00:00,379.37,44.3,3
2024-09-02 07:00:00,9,2024-09-02 16:00:00,379.37,44.2,3
2024-09-02 07:00:00,10,2024-09-02 17:00:00,379.36,43.5,3
2024-09-02 07:00:00,11,2024-09-02 18:00:00,379.35,42.8,3
2024-09-02 07:00:00,12,2024-09-02 19:00:00,379.35,42.1,3
2024-09-03 07:00:00,7,2024-09-03 14:00:00,379.31,38.9,3
2024-09-03 07:00:00,8,2024-09-03 15:00:00,379.31,38.5,3
2024-09-03 07:00:00,9,2024-09-03 16:00:00,379.31,38.2,3
2024-09-03 07:00:00,10,2024-09-03 17:00:00,379.3,37.9,3
2024-09-03 07:00:00,11,2024-09-03 18:00:00,379.3,37.5,3
2024-09-03 07:00:00,12,2024-09-03 19:00:00,379.3,37.2,3
2024-09-04 07:00:00,7,2024-09-04 14:00:00,379.43,50.4,3
2024-09-04 07:00:00,8,2024-09-04 15:00:00,379.43,51.3,3
2024-09-04 07:00:00,9,2024-09-04 16:00:00,379.43,51.1,3
2024-09-04 07:00:00,10,2024-09-04 17:00:00,379.43,50.6,3
2024-09-04 07:00:00,11,2024-09-04 18:00:00,379.42,50.0,3
2024-09-04 07:00:00,12,2024-09-04 19:00:00,379.42,49.4,3
2024-09-05 07:00:00,7,2024-09-05 14:00:00,379.46,54.2,3
2024-09-05 07:00:00,8,2024-09-05 15:00:00,379.46,53.8,3
2024-09-05 07:00:00,9,2024-09-05 16:00:00,379.45,53.6,3
2024-09-05 07:00:00,10,2024-09-05 17:00:00,379.45,53.2,3
2024-09-05 07:00:00,11,2024-09-05 18:00:00,379.45,53.1,3
2024-09-05 07:00:00,12,2024-09-05 19:00:00,379.45,53.0,3
2024-09-06 07:00:00,7,2024-09-06 14:00:00,379.79,93.8,3
2024-09-06 07:00:00,8,2024-09-06 15:00:00,379.77,91.5,3
2024-09-06 07:00:00,9,2024-09-06 16:00:00,379.76,89.3,3
2024-09-06 07:00:00,10,2024-09-06 17:00:00,379.74,87.2,3
2024-09-06 07:00:00,11,2024-09-06 18:00:00,379.72,85.2,3
2024-09-06 07:00:00,12,2024-09-06 19:00:00,379.71,83.3,3
2024-09-07 07:00:00,7,2024-09-07 14:00:00,379.49,58.0,3
2024-09-07 07:00:00,8,2024-09-07 15:00:00,379.49,57.6,3
2024-09-07 07:00:00,9,2024-09-07 16:00:00,379.48,57.0,3
2024-09-07 07:00:00,10,2024-09-07 17:00:00,379.48,56.2,3
2024-09-07 07:00:00,11,2024-09-07 18:00:00,379.47,55.3,3
2024-09-07 07:00:00,12,2024-09-07 19:00:00,379.46,54.5,3
2024-09-08 07:00:00,7,2024-09-08 14:00:00,379.53,62.3,3
2024-09-08 07:00:00,8,2024-09-08 15:00:00,379.52,61.2,3
2024-09-08 07:00:00,9,2024-09-08 16:00:00,379.51,60.1,3
2024-09-08 07:00:00,10,2024-09-08 17:00:00,379.5,59.0,3
2024-09-08 07:00:00,11,2024-09-08 18:00:00,379.49,58.0,3
2024-09-08 07:00:00,12,2024-09-08 19:00:00,379.49,57.3,3
2024-09-09 07:00:00,7,2024-09-09 14:00:00,379.76,89.6,3
2024-09-09 07:00:00,8,2024-09-09 15:00:00,379.77,91.2,3
2024-09-09 07:00:00,9,2024-09-09 16:00:00,379.77,91.1,3
2024-09-09 07:00:00,10,2024-09-09 17:00:00,379.77,90.4,3
2024-09-09 07:00:00,11,2024-09-09 18:00:00,379.76,90.1,3
2024-09-09 07:00:00,12,2024-09-09 19:00:00,379.76,89.4,3
2024-09-10 07:00:00,7,2024-09-10 14:00:00,380.16,143.5,3
2024-09-10 07:00:00,8,2024-09-10 15:00:00,380.13,139.6,3
2024-09-10 07:00:00,9,2024-09-10 16:00:00,380.11,136.1,3
2024-09-10 07:00:00,10,2024-09-10 17:00:00,380.08,132.6,3
2024-09-10 07:00:00,11,2024-09-10 18:00:00,380.06,129.4,3
2024-09-10 07:00:00,12,2024-09-10 19:00:00,380.04,126.2,3
2024-09-11 07:00:00,7,2024-09-11 14:00:00,379.65,75.8,3
2024-09-11 07:00:00,8,2024-09-11 15:00:00,379.64,75.0,3
2024-09-11 07:00:00,9,2024-09-11 16:00:00,379.63,73.7,3
2024-09-11 07:00:00,10,2024-09-11 17:00:00,379.62,72.6,3
2024-09-11 07:00:00,11,2024-09-11 18:00:00,379.61,71.5,3
2024-09-11 07:00:00,12,2024-09-11 19:00:00,379.6,70.6,3
2024-09-12 07:00:00,7,2024-09-12 14:00:00,380.15,142.3,3
2024-09-12 07:00:00,8,2024-09-12 15:00:00,380.13,138.8,3
2024-09-12 07:00:00,9,2024-09-12 16:00:00,380.1,135.2,3
2024-09-12 07:00:00,10,2024-09-12 17:00:00,380.08,132.3,3
2024-09-12 07:00:00,11,2024-09-12 18:00:00,380.05,128.7,3
2024-09-12 07:00:00,12,2024-09-12 19:00:00,380.03,125.3,3
2024-09-13 07:00:00,7,2024-09-13 14:00:00,379.71,83.5,3
2024-09-13 07:00:00,8,2024-09-13 15:00:00,379.7,82.1,3
2024-09-13 07:00:00,9,2024-09-13 16:00:00,379.69,80.8,3
2024-09-13 07:00:00,10,2024-09-13 17:00:00,379.68,79.7,3
2024-09-13 07:00:00,11,2024-09-13 18:00:00,379.67,78.8,3
2024-09-13 07:00:00,12,2024-09-13 19:00:00,379.66,77.8,3
2024-09-14 07:00:00,7,2024-09-14 14:00:00,379.54,63.4,3
2024-09-14 07:00:00,8,2024-09-14 15:00:00,379.54,62.9,3
2024-09-14 07:00:00,9,2024-09-14 16:00:00,379.53,62.4,3
2024-09-14 07:00:00,10,2024-09-14 17:00:00,379.53,62.0,3
2024-09-14 07:00:00,11,2024-09-14 18:00:00,379.53,61.7,3
2024-09-14 07:00:00,12,2024-09-14 19:00:00,379.52,61.4,3
2024-09-15 07:00:00,7,2024-09-15 14:00:00,379.44,52.0,3
2024-09-15 07:00:00,8,2024-09-15 15:00:00,379.44,51.8,3
2024-09-15 07:00:00,9,2024-09-15 16:00:00,379.44,51.9,3
2024-09-15 07:00:00,10,2024-09-15 17:00:00,379.44,51.8,3
2024-09-15 07:00:00,11,2024-09-15 18:00:00,379.44,51.5,3
2024-09-15 07:00:00,12,2024-09-15 19:00:00,379.43,51.4,3
2024-09-16 07:00:00,7,2024-09-16 14:00:00,379.41,49.1,3
2024-09-16 07:00:00,8,2024-09-16 15:00:00,379.41,48.8,3
2024-09-16 07:00:00,9,2024-09-16 16:00:00,379.41,48.8,3
2024-09-16 07:00:00,10,2024-09-16 17:00:00,379.41,48.5,3
2024-09-16 07:00:00,11,2024-09-16 18:00:00,379.4,48.1,3
2024-09-16 07:00:00,12,2024-09-16 19:00:00,379.4,47.8,3
2024-09-17 07:00:00,7,2024-09-17 14:00:00,379.31,38.0,3
2024-09-17 07:00:00,8,2024-09-17 15:00:00,379.31,38.2,3
2024-09-17 07:00:00,9,2024-09-17 16:00:00,379.31,38.5,3
2024-09-17 07:00:00,10,2024-09-17 17:00:00,379.31,38.7,3
2024-09-17 07:00:00,11,2024-09-17 18:00:00,379.31,38.8,3
2024-09-17 07:00:00,12,2024-09-17 19:00:00,379.31,38.8,3
2024-09-18 07:00:00,7,2024-09-18 14:00:00,379.29,36.3,3
2024-09-18 07:00:00,8,2024-09-18 15:00:00,379.29,36.3,3
2024-09-18 07:00:00,9,2024-09-18 16:00:00,379.29,36.4,3
2024-09-18 07:00:00,10,2024-09-18 17:00:00,379.29,36.4,3
2024-09-18 07:00:00,11,2024-09-18 18:00:00,379.29,36.6,3
2024-09-18 07:00:00,12,2024-09-18 19:00:00,379.29,36.6,3
2024-09-19 07:00:00,7,2024-09-19 14:00:00,379.25,33.1,3
2024-09-19 07:00:00,8,2024-09-19 15:00:00,379.25,33.2,3
2024-09-19 07:00:00,9,2024-09-19 16:00:00,379.25,33.2,3
2024-09-19 07:00:00,10,2024-09-19 17:00:00,379.25,33.0,3
2024-09-19 07:00:00,11,2024-09-19 18:00:00,379.25,33.2,3
2024-09-19 07:00:00,12,2024-09-19 19:00:00,379.25,33.3,3
2024-09-20 07:00:00,7,2024-09-20 14:00:00,379.24,31.9,3
2024-09-20 07:00:00,8,2024-09-20 15:00:00,379.24,32.3,3
2024-09-20 07:00:00,9,2024-09-20 16:00:00,379.24,32.4,3
2024-09-20 07:00:00,10,2024-09-20 17:00:00,379.24,32.5,3
2024-09-20 07:00:00,11,2024-09-20 18:00:00,379.25,32.7,3
2024-09-20 07:00:00,12,2024-09-20 19:00:00,379.24,32.3,3
2024-09-21 07:00:00,7,2024-09-21 14:00:00,379.2,28.9,3
2024-09-21 07:00:00,8,2024-09-21 15:00:00,379.2,29.1,3
2024-09-21 07:00:00,9,2024-09-21 16:00:00,379.21,29.2,3
2024-09-21 07:00:00,10,2024-09-21 17:00:00,379.21,29.3,3
2024-09-21 07:00:00,11,2024-09-21 18:00:00,379.21,29.4,3
2024-09-21 07:00:00,12,2024-09-21 19:00:00,379.21,29.4,3
2024-09-22 07:00:00,7,2024-09-22 14:00:00,379.17,26.3,3
2024-09-22 07:00:00,8,2024-09-22 15:00:00,379.17,26.6,3
2024-09-22 07:00:00,9,2024-09-22 16:00:00,379.17,26.8,3
2024-09-22 07:00:00,10,2024-09-22 17:00:00,379.18,26.9,3
2024-09-22 07:00:00,11,2024-09-22 18:00:00,379.18,27.2,3
2024-09-22 07:00:00,12,2024-09-22 19:00:00,379.18,27.2,3
2024-09-23 07:00:00,7,2024-09-23 14:00:00,379.2,29.1,3
2024-09-23 07:00:00,8,2024-09-23 15:00:00,379.21,29.4,3
2024-09-23 07:00:00,9,2024-09-23 16:00:00,379.21,29.8,3
2024-09-23 07:00:00,10,2024-09-23 17:00:00,379.21,29.8,3
2024-09-23 07:00:00,11,2024-09-23 18:00:00,379.21,29.8,3
2024-09-23 07:00:00,12,2024-09-23 19:00:00,379.21,29.9,3
2024-09-24 07:00:00,7,2024-09-24 14:00:00,379.41,48.5,3
2024-09-24 07:00:00,8,2024-09-24 15:00:00,379.41,48.4,3
2024-09-24 07:00:00,9,2024-09-24 16:00:00,379.4,48.1,3
2024-09-24 07:00:00,10,2024-09-24 17:00:00,379.4,47.9,3
2024-09-24 07:00:00,11,2024-09-24 18:00:00,379.4,47.5,3
2024-09-24 07:00:00,12,2024-09-24 19:00:00,379.4,47.2,3
2024-09-25 07:00:00,7,2024-09-25 14:00:00,379.28,35.4,3
2024-09-25 07:00:00,8,2024-09-25 15:00:00,379.28,35.4,3
2024-09-25 07:00:00,9,2024-09-25 16:00:00,379.28,35.2,3
2024-09-25 07:00:00,10,2024-09-25 17:00:00,379.27,35.0,3
2024-09-25 07:00:00,11,2024-09-25 18:00:00,379.27,35.0,3
2024-09-25 07:00:00,12,2024-09-25 19:00:00,379.27,35.0,3
2024-09-26 07:00:00,7,2024-09-26 14:00:00,379.77,90.9,3
2024-09-26 07:00:00,8,2024-09-26 15:00:00,379.78,91.8,3
2024-09-26 07:00:00,9,2024-09-26 16:00:00,379.8,95.4,3
2024-09-26 07:00:00,10,2024-09-26 17:00:00,380.0,121.6,3
2024-09-26 07:00:00,11,2024-09-26 18:00:00,380.03,125.7,3
2024-09-26 07:00:00,12,2024-09-26 19:00:00,380.07,131.1,3
2024-09-27 07:00:00,7,2024-09-27 14:00:00,380.94,273.0,3
2024-09-27 07:00:00,8,2024-09-27 15:00:00,380.88,261.1,3
2024-09-27 07:00:00,9,2024-09-27 16:00:00,380.82,251.1,3
2024-09-27 07:00:00,10,2024-09-27 17:00:00,380.78,243.0,3
2024-09-27 07:00:00,11,2024-09-27 18:00:00,380.74,236.5,3
2024-09-27 07:00:00,12,2024-09-27 19:00:00,380.71,231.3,3
2024-09-28 07:00:00,7,2024-09-28 14:00:00,380.42,183.3,3
2024-09-28 07:00:00,8,2024-09-28 15:00:00,380.42,183.0,3
2024-09-28 07:00:00,9,2024-09-28 16:00:00,380.42,182.4,3
2024-09-28 07:00:00,10,2024-09-28 17:00:00,380.41,181.5,3
2024-09-28 07:00:00,11,2024-09-28 18:00:00,380.41,180.7,3
2024-09-28 07:00:00,12,2024-09-28 19:00:00,380.4,179.9,3
2024-09-29 07:00:00,7,2024-09-29 14:00:00,380.16,143.2,3
2024-09-29 07:00:00,8,2024-09-29 15:00:00,380.15,141.5,3
2024-09-29 07:00:00,9,2024-09-29 16:00:00,380.13,139.9,3
2024-09-29 07:00:00,10,2024-09-29 17:00:00,380.12,138.3,3
2024-09-29 07:00:00,11,2024-09-29 18:00:00,380.11,137.0,3
2024-09-29 07:00:00,12,2024-09-29 19:00:00,380.1,135.5,3
2024-09-30 07:00:00,7,2024-09-30 14:00:00,379.84,100.6,3
2024-09-30 07:00:00,8,2024-09-30 15:00:00,379.84,100.2,3
2024-09-30 07:00:00,9,2024-09-30 16:00:00,379.84,100.1,3
2024-09-30 07:00:00,10,2024-09-30 17:00:00,379.84,100.1,3
2024-09-30 07:00:00,11,2024-09-30 18:00:00,379.84,100.0,3
2024-09-30 07:00:00,12,2024-09-30 19:00:00,379.84,99.9,3
2024-10-01 07:00:00,7,2024-10-01 14:00:00,379.68,79.8,3
2024-10-01 07:00:00,8,2024-10-01 15:00:00,379.68,80.1,3
2024-10-01 07:00:00,9,2024-10-01 16:00:00,379.69,80.8,3
2024-10-01 07:00:00,10,2024-10-01 17:00:00,379.69,81.7,3
2024-10-01 07:00:00,11,2024-10-01 18:00:00,379.71,83.5,3
2024-10-01 07:00:00,12,2024-10-01 19:00:00,379.73,85.9,3
2024-10-02 07:00:00,7,2024-10-02 14:00:00,381.35,356.2,3
2024-10-02 07:00:00,8,2024-10-02 15:00:00,381.29,343.2,3
2024-10-02 07:00:00,9,2024-10-02 16:00:00,381.2,323.2,3
2024-10-02 07:00:00,10,2024-10-02 17:00:00,381.11,305.0,3
2024-10-02 07:00:00,11,2024-10-02 18:00:00,381.02,288.5,3
2024-10-02 07:00:00,12,2024-10-02 19:00:00,380.96,275.7,3
2024-10-03 07:00:00,7,2024-10-03 14:00:00,380.34,170.5,3
2024-10-03 07:00:00,8,2024-10-03 15:00:00,380.33,169.1,3
2024-10-03 07:00:00,9,2024-10-03 16:00:00,380.32,167.3,3
2024-10-03 07:00:00,10,2024-10-03 17:00:00,380.31,165.6,3
2024-10-03 07:00:00,11,2024-10-03 18:00:00,380.3,163.9,3
2024-10-03 07:00:00,12,2024-10-03 19:00:00,380.29,162.2,3
2024-10-04 07:00:00,7,2024-10-04 14:00:00,379.94,112.8,3
2024-10-04 07:00:00,8,2024-10-04 15:00:00,379.94,112.9,3
2024-10-04 07:00:00,9,2024-10-04 16:00:00,379.94,113.0,3
2024-10-04 07:00:00,10,2024-10-04 17:00:00,379.94,112.9,3
2024-10-04 07:00:00,11,2024-10-04 18:00:00,379.94,112.9,3
2024-10-04 07:00:00,12,2024-10-04 19:00:00,379.94,112.9,3
2024-10-05 07:00:00,7,2024-10-05 14:00:00,379.75,88.6,3
2024-10-05 07:00:00,8,2024-10-05 15:00:00,379.75,89.2,3
2024-10-05 07:00:00,9,2024-10-05 16:00:00,379.76,89.5,3
2024-10-05 07:00:00,10,2024-10-05 17:00:00,379.76,89.7,3
2024-10-05 07:00:00,11,2024-10-05 18:00:00,379.76,90.1,3
2024-10-05 07:00:00,12,2024-10-05 19:00:00,379.76,90.4,3
2024-10-06 07:00:00,7,2024-10-06 14:00:00,379.61,72.1,3
2024-10-06 07:00:00,8,2024-10-06 15:00:00,379.62,72.5,3
2024-10-06 07:00:00,9,2024-10-06 16:00:00,379.62,73.0,3
2024-10-06 07:00:00,10,2024-10-06 17:00:00,379.62,73.2,3
2024-10-06 07:00:00,11,2024-10-06 18:00:00,379.63,73.4,3
2024-10-06 07:00:00,12,2024-10-06 19:00:00,379.63,73.8,3
2024-10-07 07:00:00,7,2024-10-07 14:00:00,379.53,61.9,3
2024-10-07 07:00:00,8,2024-10-07 15:00:00,379.53,62.6,3
2024-10-07 07:00:00,9,2024-10-07 16:00:00,379.54,63.1,3
2024-10-07 07:00:00,10,2024-10-07 17:00:00,379.54,63.9,3
2024-10-07 07:00:00,11,2024-10-07 18:00:00,379.55,64.4,3
2024-10-07 07:00:00,12,2024-10-07 19:00:00,379.55,64.8,3
2024-10-08 07:00:00,7,2024-10-08 14:00:00,379.77,90.5,3
2024-10-08 07:00:00,8,2024-10-08 15:00:00,379.81,96.4,3
2024-10-08 07:00:00,9,2024-10-08 16:00:00,379.88,104.8,3
2024-10-08 07:00:00,10,2024-10-08 17:00:00,379.92,110.0,3
2024-10-08 07:00:00,11,2024-10-08 18:00:00,379.94,113.5,3
2024-10-08 07:00:00,12,2024-10-08 19:00:00,380.05,128.0,3
2024-10-09 07:00:00,7,2024-10-09 14:00:00,380.28,161.4,3
2024-10-09 07:00:00,8,2024-10-09 15:00:00,380.27,159.2,3
2024-10-09 07:00:00,9,2024-10-09 16:00:00,380.25,157.0,3
2024-10-09 07:00:00,10,2024-10-09 17:00:00,380.24,154.9,3
2024-10-09 07:00:00,11,2024-10-09 18:00:00,380.22,152.9,3
2024-10-09 07:00:00,12,2024-10-09 19:00:00,380.21,150.9,3
2024-10-10 07:00:00,7,2024-10-10 14:00:00,381.12,307.3,3
2024-10-10 07:00:00,8,2024-10-10 15:00:00,381.05,294.2,3
2024-10-10 07:00:00,9,2024-10-10 16:00:00,380.99,281.9,3
2024-10-10 07:00:00,10,2024-10-10 17:00:00,380.91,267.3,3
2024-10-10 07:00:00,11,2024-10-10 18:00:00,380.87,260.0,3
2024-10-10 07:00:00,12,2024-10-10 19:00:00,380.82,251.0,3
2024-10-11 07:00:00,7,2024-10-11 14:00:00,380.49,193.6,3
2024-10-11 07:00:00,8,2024-10-11 15:00:00,380.47,191.0,3
2024-10-11 07:00:00,9,2024-10-11 16:00:00,380.46,188.6,3
2024-10-11 07:00:00,10,2024-10-11 17:00:00,380.44,186.3,3
2024-10-11 07:00:00,11,2024-10-11 18:00:00,380.43,184.1,3
2024-10-11 07:00:00,12,2024-10-11 19:00:00,380.41,181.9,3
2024-10-12 07:00:00,7,2024-10-12 14:00:00,380.06,129.9,3
2024-10-12 07:00:00,8,2024-10-12 15:00:00,380.06,129.5,3
2024-10-12 07:00:00,9,2024-10-12 16:00:00,380.06,129.3,3
2024-10-12 07:00:00,10,2024-10-12 17:00:00,380.06,129.1,3
2024-10-12 07:00:00,11,2024-10-12 18:00:00,380.06,129.1,3
2024-10-12 07:00:00,12,2024-10-12 19:00:00,380.05,128.7,3
2024-10-13 07:00:00,7,2024-10-13 14:00:00,380.15,141.5,3
2024-10-13 07:00:00,8,2024-10-13 15:00:00,380.16,143.5,3
2024-10-13 07:00:00,9,2024-10-13 16:00:00,380.17,145.0,3
2024-10-13 07:00:00,10,2024-10-13 17:00:00,380.17,145.6,3
2024-10-13 07:00:00,11,2024-10-13 18:00:00,380.18,145.8,3
2024-10-13 07:00:00,12,2024-10-13 19:00:00,380.18,145.8,3
2024-10-14 07:00:00,7,2024-10-14 14:00:00,380.18,147.1,3
2024-10-14 07:00:00,8,2024-10-14 15:00:00,380.18,146.1,3
2024-10-14 07:00:00,9,2024-10-14 16:00:00,380.17,145.3,3
2024-10-14 07:00:00,10,2024-10-14 17:00:00,380.17,144.8,3
2024-10-14 07:00:00,11,2024-10-14 18:00:00,380.17,144.5,3
2024-10-14 07:00:00,12,2024-10-14 19:00:00,380.17,144.6,3
2024-10-15 07:00:00,7,2024-10-15 14:00:00,380.02,123.6,3
2024-10-15 07:00:00,8,2024-10-15 15:00:00,380.02,124.1,3
2024-10-15 07:00:00,9,2024-10-15 16:00:00,380.02,124.5,3
2024-10-15 07:00:00,10,2024-10-15 17:00:00,380.03,125.1,3
2024-10-15 07:00:00,11,2024-10-15 18:00:00,380.03,125.5,3
2024-10-15 07:00:00,12,2024-10-15 19:00:00,380.04,125.9,3
2024-10-16 07:00:00,7,2024-10-16 14:00:00,379.92,110.8,3
2024-10-16 07:00:00,8,2024-10-16 15:00:00,379.93,112.0,3
2024-10-16 07:00:00,9,2024-10-16 16:00:00,379.94,112.9,3
2024-10-16 07:00:00,10,2024-10-16 17:00:00,379.95,114.1,3
2024-10-16 07:00:00,11,2024-10-16 18:00:00,379.95,114.9,3
2024-10-16 07:00:00,12,2024-10-16 19:00:00,379.96,115.8,3
2024-10-17 07:00:00,7,2024-10-17 14:00:00,379.82,98.0,3
2024-10-17 07:00:00,8,2024-10-17 15:00:00,379.83,99.2,3
2024-10-17 07:00:00,9,2024-10-17 16:00:00,379.84,100.3,3
2024-10-17 07:00:00,10,2024-10-17 17:00:00,379.85,101.3,3
2024-10-17 07:00:00,11,2024-10-17 18:00:00,379.86,102.2,3
2024-10-17 07:00:00,12,2024-10-17 19:00:00,379.86,102.9,3
2024-10-18 07:00:00,7,2024-10-18 14:00:00,379.87,103.3,3
2024-10-18 07:00:00,8,2024-10-18 15:00:00,379.88,105.1,3
2024-10-18 07:00:00,9,2024-10-18 16:00:00,379.9,107.5,3
2024-10-18 07:00:00,10,2024-10-18 17:00:00,379.92,110.1,3
2024-10-18 07:00:00,11,2024-10-18 18:00:00,379.94,113.5,3
2024-10-18 07:00:00,12,2024-10-18 19:00:00,379.96,115.6,3
2024-10-19 07:00:00,7,2024-10-19 14:00:00,379.93,111.7,3
2024-10-19 07:00:00,8,2024-10-19 15:00:00,379.93,111.5,3
2024-10-19 07:00:00,9,2024-10-19 16:00:00,379.93,111.2,3
2024-10-19 07:00:00,10,2024-10-19 17:00:00,379.92,110.8,3
2024-10-19 07:00:00,11,2024-10-19 18:00:00,379.92,110.6,3
2024-10-19 07:00:00,12,2024-10-19 19:00:00,379.92,110.4,3
2024-10-20 07:00:00,7,2024-10-20 14:00:00,379.71,84.1,3
2024-10-20 07:00:00,8,2024-10-20 15:00:00,379.72,84.6,3
2024-10-20 07:00:00,9,2024-10-20 16:00:00,379.72,84.9,3
2024-10-20 07:00:00,10,2024-10-20 17:00:00,379.72,85.4,3
2024-10-20 07:00:00,11,2024-10-20 18:00:00,379.73,85.7,3
2024-10-20 07:00:00,12,2024-10-20 19:00:00,379.73,86.1,3
2024-10-21 07:00:00,7,2024-10-21 14:00:00,379.6,70.8,3
2024-10-21 07:00:00,8,2024-10-21 15:00:00,379.6,70.3,3
2024-10-21 07:00:00,9,2024-10-21 16:00:00,379.6,69.9,3
2024-10-21 07:00:00,10,2024-10-21 17:00:00,379.59,69.6,3
2024-10-21 07:00:00,11,2024-10-21 18:00:00,379.59,69.4,3
2024-10-21 07:00:00,12,2024-10-21 19:00:00,379.59,69.2,3
2024-10-22 07:00:00,7,2024-10-22 14:00:00,379.48,57.0,3
2024-10-22 07:00:00,8,2024-10-22 15:00:00,379.48,57.0,3
2024-10-22 07:00:00,9,2024-10-22 16:00:00,379.48,56.9,3
2024-10-22 07:00:00,10,2024-10-22 17:00:00,379.48,56.8,3
2024-10-22 07:00:00,11,2024-10-22 18:00:00,379.48,56.5,3
2024-10-22 07:00:00,12,2024-10-22 19:00:00,379.48,56.1,3
2024-10-23 07:00:00,7,2024-10-23 14:00:00,379.47,54.9,3
2024-10-23 07:00:00,8,2024-10-23 15:00:00,379.46,54.6,3
2024-10-23 07:00:00,9,2024-10-23 16:00:00,379.46,54.3,3
2024-10-23 07:00:00,10,2024-10-23 17:00:00,379.46,54.1,3
2024-10-23 07:00:00,11,2024-10-23 18:00:00,379.46,54.0,3
2024-10-23 07:00:00,12,2024-10-23 19:00:00,379.46,53.7,3
2024-10-24 07:00:00,7,2024-10-24 14:00:00,379.43,50.4,3
2024-10-24 07:00:00,8,2024-10-24 15:00:00,379.42,50.0,3
2024-10-24 07:00:00,9,2024-10-24 16:00:00,379.42,49.7,3
2024-10-24 07:00:00,10,2024-10-24 17:00:00,379.42,49.4,3
2024-10-24 07:00:00,11,2024-10-24 18:00:00,379.41,49.2,3
2024-10-24 07:00:00,12,2024-10-24 19:00:00,379.41,49.0,3
2024-10-25 07:00:00,7,2024-10-25 14:00:00,379.33,40.6,3
2024-10-25 07:00:00,8,2024-10-25 15:00:00,379.33,40.1,3
2024-10-25 07:00:00,9,2024-10-25 16:00:00,379.33,40.0,3
2024-10-25 07:00:00,10,2024-10-25 17:00:00,379.32,39.8,3
2024-10-25 07:00:00,11,2024-10-25 18:00:00,379.32,39.6,3
2024-10-25 07:00:00,12,2024-10-25 19:00:00,379.32,39.6,3
2024-10-26 07:00:00,7,2024-10-26 14:00:00,379.31,38.5,3
2024-10-26 07:00:00,8,2024-10-26 15:00:00,379.31,38.2,3
2024-10-26 07:00:00,9,2024-10-26 16:00:00,379.31,38.0,3
2024-10-26 07:00:00,10,2024-10-26 17:00:00,379.3,37.8,3
2024-10-26 07:00:00,11,2024-10-26 18:00:00,379.3,37.8,3
2024-10-26 07:00:00,12,2024-10-26 19:00:00,379.3,37.6,3
2024-10-27 07:00:00,7,2024-10-27 14:00:00,379.29,37.0,3
2024-10-27 07:00:00,8,2024-10-27 15:00:00,379.3,37.0,3
2024-10-27 07:00:00,9,2024-10-27 16:00:00,379.3,37.1,3
2024-10-27 07:00:00,10,2024-10-27 17:00:00,379.29,37.0,3
2024-10-27 07:00:00,11,2024-10-27 18:00:00,379.29,36.8,3
2024-10-27 07:00:00,12,2024-10-27 19:00:00,379.29,36.8,3
2024-10-28 07:00:00,7,2024-10-28 14:00:00,379.25,32.6,3
2024-10-28 07:00:00,8,2024-10-28 15:00:00,379.25,32.6,3
2024-10-28 07:00:00,9,2024-10-28 16:00:00,379.25,32.5,3
2024-10-28 07:00:00,10,2024-10-28 17:00:00,379.24,32.4,3
2024-10-28 07:00:00,11,2024-10-28 18:00:00,379.24,32.3,3
2024-10-28 07:00:00,12,2024-10-28 19:00:00,379.24,32.3,3
2024-10-29 07:00:00,7,2024-10-29 14:00:00,379.22,30.2,3
2024-10-29 07:00:00,8,2024-10-29 15:00:00,379.22,30.1,3
2024-10-29 07:00:00,9,2024-10-29 16:00:00,379.21,29.9,3
2024-10-29 07:00:00,10,2024-10-29 17:00:00,379.21,29.8,3
2024-10-29 07:00:00,11,2024-10-29 18:00:00,379.21,29.9,3
2024-10-29 07:00:00,12,2024-10-29 19:00:00,379.22,30.0,3
2024-10-30 07:00:00,7,2024-10-30 14:00:00,379.21,29.4,3
2024-10-30 07:00:00,8,2024-10-30 15:00:00,379.21,29.4,3
2024-10-30 07:00:00,9,2024-10-30 16:00:00,379.21,29.3,3
2024-10-30 07:00:00,10,2024-10-30 17:00:00,379.21,29.3,3
2024-10-30 07:00:00,11,2024-10-30 18:00:00,379.21,29.3,3
2024-10-30 07:00:00,12,2024-10-30 19:00:00,379.21,29.3,3
2024-10-31 07:00:00,7,2024-10-31 14:00:00,379.18,27.0,3
2024-10-31 07:00:00,8,2024-10-31 15:00:00,379.18,27.1,3
2024-10-31 07:00:00,9,2024-10-31 16:00:00,379.18,27.2,3
2024-10-31 07:00:00,10,2024-10-31 17:00:00,379.18,27.2,3
2024-10-31 07:00:00,11,2024-10-31 18:00:00,379.18,27.2,3
2024-10-31 07:00:00,12,2024-10-31 19:00:00,379.18,27.4,3
2024-11-01 07:00:00,7,2024-11-01 14:00:00,379.16,25.9,3
2024-11-01 07:00:00,8,2024-11-01 15:00:00,379.16,25.8,3
2024-11-01 07:00:00,9,2024-11-01 16:00:00,379.16,25.8,3
2024-11-01 07:00:00,10,2024-11-01 17:00:00,379.16,25.8,3
2024-11-01 07:00:00,11,2024-11-01 18:00:00,379.16,25.8,3
2024-11-01 07:00:00,12,2024-11-01 19:00:00,379.16,25.8,3
2024-11-02 07:00:00,7,2024-11-02 14:00:00,379.18,27.6,3
2024-11-02 07:00:00,8,2024-11-02 15:00:00,379.18,27.5,3
2024-11-02 07:00:00,9,2024-11-02 16:00:00,379.18,27.4,3
2024-11-02 07:00:00,10,2024-11-02 17:00:00,379.18,27.4,3
2024-11-02 07:00:00,11,2024-11-02 18:00:00,379.18,27.4,3
2024-11-02 07:00:00,12,2024-11-02 19:00:00,379.18,27.5,3
2024-11-03 07:00:00,7,2024-11-03 14:00:00,379.19,28.2,3
2024-11-03 07:00:00,8,2024-11-03 15:00:00,379.19,28.2,3
2024-11-03 07:00:00,9,2024-11-03 16:00:00,379.19,28.2,3
2024-11-03 07:00:00,10,2024-11-03 17:00:00,379.19,28.2,3
2024-11-03 07:00:00,11,2024-11-03 18:00:00,379.19,28.2,3
2024-11-03 07:00:00,12,2024-11-03 19:00:00,379.19,28.3,3
2024-11-04 07:00:00,7,2024-11-04 14:00:00,379.15,25.2,3
2024-11-04 07:00:00,8,2024-11-04 15:00:00,379.15,25.3,3
2024-11-04 07:00:00,9,2024-11-04 16:00:00,379.15,25.2,3
2024-11-04 07:00:00,10,2024-11-04 17:00:00,379.15,25.2,3
2024-11-04 07:00:00,11,2024-11-04 18:00:00,379.15,25.2,3
2024-11-04 07:00:00,12,2024-11-04 19:00:00,379.15,25.3,3
2024-11-05 07:00:00,7,2024-11-05 14:00:00,379.15,24.9,3
2024-11-05 07:00:00,8,2024-11-05 15:00:00,379.15,24.9,3
2024-11-05 07:00:00,9,2024-11-05 16:00:00,379.15,25.0,3
2024-11-05 07:00:00,10,2024-11-05 17:00:00,379.15,25.1,3
2024-11-05 07:00:00,11,2024-11-05 18:00:00,379.15,25.0,3
2024-11-05 07:00:00,12,2024-11-05 19:00:00,379.15,25.1,3
2024-11-06 07:00:00,7,2024-11-06 14:00:00,379.2,28.8,3
2024-11-06 07:00:00,8,2024-11-06 15:00:00,379.2,28.8,3
2024-11-06 07:00:00,9,2024-11-06 16:00:00,379.2,28.7,3
2024-11-06 07:00:00,10,2024-11-06 17:00:00,379.19,28.4,3
2024-11-06 07:00:00,11,2024-11-06 18:00:00,379.2,28.5,3
2024-11-06 07:00:00,12,2024-11-06 19:00:00,379.2,28.4,3
2024-11-07 07:00:00,7,2024-11-07 14:00:00,379.22,30.7,3
2024-11-07 07:00:00,8,2024-11-07 15:00:00,379.22,30.7,3
2024-11-07 07:00:00,9,2024-11-07 16:00:00,379.22,30.7,3
2024-11-07 07:00:00,10,2024-11-07 17:00:00,379.23,30.8,3
2024-11-07 07:00:00,11,2024-11-07 18:00:00,379.23,30.8,3
2024-11-07 07:00:00,12,2024-11-07 19:00:00,379.23,30.8,3
2024-11-08 07:00:00,7,2024-11-08 14:00:00,379.04,17.6,3
2024-11-08 07:00:00,8,2024-11-08 15:00:00,379.04,17.7,3
2024-11-08 07:00:00,9,2024-11-08 16:00:00,379.04,17.8,3
2024-11-08 07:00:00,10,2024-11-08 17:00:00,379.04,17.8,3
2024-11-08 07:00:00,11,2024-11-08 18:00:00,379.04,17.9,3
2024-11-08 07:00:00,12,2024-11-08 19:00:00,379.04,18.0,3
2024-11-09 07:00:00,7,2024-11-09 14:00:00,379.07,19.6,3
2024-11-09 07:00:00,8,2024-11-09 15:00:00,379.07,19.7,3
2024-11-09 07:00:00,9,2024-11-09 16:00:00,379.07,19.9,3
2024-11-09 07:00:00,10,2024-11-09 17:00:00,379.07,19.8,3
2024-11-09 07:00:00,11,2024-11-09 18:00:00,379.08,20.0,3
2024-11-09 07:00:00,12,2024-11-09 19:00:00,379.08,20.1,3
2024-11-10 07:00:00,7,2024-11-10 14:00:00,379.04,17.9,3
2024-11-10 07:00:00,8,2024-11-10 15:00:00,379.05,18.1,3
2024-11-10 07:00:00,9,2024-11-10 16:00:00,379.05,18.1,3
2024-11-10 07:00:00,10,2024-11-10 17:00:00,379.04,18.0,3
2024-11-10 07:00:00,11,2024-11-10 18:00:00,379.05,18.2,3
2024-11-10 07:00:00,12,2024-11-10 19:00:00,379.05,18.4,3
2024-11-11 07:00:00,7,2024-11-11 14:00:00,379.12,22.6,3
2024-11-11 07:00:00,8,2024-11-11 15:00:00,379.11,22.5,3
2024-11-11 07:00:00,9,2024-11-11 16:00:00,379.11,22.3,3
2024-11-11 07:00:00,10,2024-11-11 17:00:00,379.11,22.3,3
2024-11-11 07:00:00,11,2024-11-11 18:00:00,379.11,22.4,3
2024-11-11 07:00:00,12,2024-11-11 19:00:00,379.11,22.5,3
2024-11-12 07:00:00,7,2024-11-12 14:00:00,379.1,21.8,3
2024-11-12 07:00:00,8,2024-11-12 15:00:00,379.11,22.0,3
2024-11-12 07:00:00,9,2024-11-12 16:00:00,379.11,22.1,3
2024-11-12 07:00:00,10,2024-11-12 17:00:00,379.11,22.1,3
2024-11-12 07:00:00,11,2024-11-12 18:00:00,379.11,21.9,3
2024-11-12 07:00:00,12,2024-11-12 19:00:00,379.11,22.1,3
2024-11-13 07:00:00,7,2024-11-13 14:00:00,379.06,18.9,3
2024-11-13 07:00:00,8,2024-11-13 15:00:00,379.06,18.8,3
2024-11-13 07:00:00,9,2024-11-13 16:00:00,379.06,19.0,3
2024-11-13 07:00:00,10,2024-11-13 17:00:00,379.06,18.9,3
2024-11-13 07:00:00,11,2024-11-13 18:00:00,379.06,18.9,3
2024-11-13 07:00:00,12,2024-11-13 19:00:00,379.06,19.0,3
2024-11-14 07:00:00,7,2024-11-14 14:00:00,379.01,15.9,3
2024-11-14 07:00:00,8,2024-11-14 15:00:00,379.01,16.1,3
2024-11-14 07:00:00,9,2024-11-14 16:00:00,379.01,16.2,3
2024-11-14 07:00:00,10,2024-11-14 17:00:00,379.02,16.4,3
2024-11-14 07:00:00,11,2024-11-14 18:00:00,379.02,16.6,3
2024-11-14 07:00:00,12,2024-11-14 19:00:00,379.02,16.7,3
2024-11-15 07:00:00,7,2024-11-15 14:00:00,379.01,16.0,3
2024-11-15 07:00:00,8,2024-11-15 15:00:00,379.01,16.0,3
2024-11-15 07:00:00,9,2024-11-15 16:00:00,379.01,16.2,3
2024-11-15 07:00:00,10,2024-11-15 17:00:00,379.01,16.1,3
2024-11-15 07:00:00,11,2024-11-15 18:00:00,379.01,16.1,3
2024-11-15 07:00:00,12,2024-11-15 19:00:00,379.02,16.3,3
2024-11-16 07:00:00,7,2024-11-16 14:00:00,379.0,15.3,3
2024-11-16 07:00:00,8,2024-11-16 15:00:00,379.0,15.5,3
2024-11-16 07:00:00,9,2024-11-16 16:00:00,379.0,15.7,3
2024-11-16 07:00:00,10,2024-11-16 17:00:00,379.01,15.7,3
2024-11-16 07:00:00,11,2024-11-16 18:00:00,379.01,15.9,3
2024-11-16 07:00:00,12,2024-11-16 19:00:00,379.01,15.9,3
2024-11-17 07:00:00,7,2024-11-17 14:00:00,379.0,15.4,3
2024-11-17 07:00:00,8,2024-11-17 15:00:00,379.0,15.5,3
2024-11-17 07:00:00,9,2024-11-17 16:00:00,379.0,15.4,3
2024-11-17 07:00:00,10,2024-11-17 17:00:00,379.0,15.7,3
2024-11-17 07:00:00,11,2024-11-17 18:00:00,379.01,15.8,3
2024-11-17 07:00:00,12,2024-11-17 19:00:00,379.01,15.9,3
2024-11-18 07:00:00,7,2024-11-18 14:00:00,379.0,15.3,3
2024-11-18 07:00:00,8,2024-11-18 15:00:00,379.0,15.5,3
2024-11-18 07:00:00,9,2024-11-18 16:00:00,379.0,15.5,3
2024-11-18 07:00:00,10,2024-11-18 17:00:00,379.0,15.7,3
2024-11-18 07:00:00,11,2024-11-18 18:00:00,379.01,15.8,3
2024-11-18 07:00:00,12,2024-11-18 19:00:00,379.01,16.0,3
2024-11-19 07:00:00,7,2024-11-19 14:00:00,379.0,15.6,3
2024-11-19 07:00:00,8,2024-11-19 15:00:00,379.0,15.7,3
2024-11-19 07:00:00,9,2024-11-19 16:00:00,379.01,15.7,3
2024-11-19 07:00:00,10,2024-11-19 17:00:00,379.0,15.7,3
2024-11-19 07:00:00,11,2024-11-19 18:00:00,379.01,15.8,3
2024-11-19 07:00:00,12,2024-11-19 19:00:00,379.01,16.0,3
2024-11-20 07:00:00,7,2024-11-20 14:00:00,379.75,88.5,3
2024-11-20 07:00:00,8,2024-11-20 15:00:00,379.69,81.5,3
2024-11-20 07:00:00,9,2024-11-20 16:00:00,379.66,77.2,3
2024-11-20 07:00:00,10,2024-11-20 17:00:00,379.62,72.5,3
2024-11-20 07:00:00,11,2024-11-20 18:00:00,379.6,70.0,3
2024-11-20 07:00:00,12,2024-11-20 19:00:00,379.57,67.1,3
2024-11-21 07:00:00,7,2024-11-21 14:00:00,379.34,41.7,3
2024-11-21 07:00:00,8,2024-11-21 15:00:00,379.34,41.8,3
2024-11-21 07:00:00,9,2024-11-21 16:00:00,379.34,41.7,3
2024-11-21 07:00:00,10,2024-11-21 17:00:00,379.34,41.6,3
2024-11-21 07:00:00,11,2024-11-21 18:00:00,379.35,42.4,3
2024-11-21 07:00:00,12,2024-11-21 19:00:00,379.37,44.0,3
2024-11-22 07:00:00,7,2024-11-22 14:00:00,379.83,98.2,3
2024-11-22 07:00:00,8,2024-11-22 15:00:00,379.8,95.3,3
2024-11-22 07:00:00,9,2024-11-22 16:00:00,379.77,91.6,3
2024-11-22 07:00:00,10,2024-11-22 17:00:00,379.76,90.1,3
2024-11-22 07:00:00,11,2024-11-22 18:00:00,379.74,87.7,3
2024-11-22 07:00:00,12,2024-11-22 19:00:00,379.72,85.2,3
2024-11-23 07:00:00,7,2024-11-23 14:00:00,379.48,56.0,3
2024-11-23 07:00:00,8,2024-11-23 15:00:00,379.47,55.9,3
2024-11-23 07:00:00,9,2024-11-23 16:00:00,379.47,55.8,3
2024-11-23 07:00:00,10,2024-11-23 17:00:00,379.47,55.6,3
2024-11-23 07:00:00,11,2024-11-23 18:00:00,379.47,55.3,3
2024-11-23 07:00:00,12,2024-11-23 19:00:00,379.47,55.1,3
2024-11-24 07:00:00,7,2024-11-24 14:00:00,379.39,46.8,3
2024-11-24 07:00:00,8,2024-11-24 15:00:00,379.4,47.4,3
2024-11-24 07:00:00,9,2024-11-24 16:00:00,379.4,48.0,3
2024-11-24 07:00:00,10,2024-11-24 17:00:00,379.41,48.8,3
2024-11-24 07:00:00,11,2024-11-24 18:00:00,379.42,49.7,3
2024-11-24 07:00:00,12,2024-11-24 19:00:00,379.43,50.7,3
2024-11-25 07:00:00,7,2024-11-25 14:00:00,379.37,44.3,3
2024-11-25 07:00:00,8,2024-11-25 15:00:00,379.38,45.0,3
2024-11-25 07:00:00,9,2024-11-25 16:00:00,379.38,45.9,3
2024-11-25 07:00:00,10,2024-11-25 17:00:00,379.39,47.0,3
2024-11-25 07:00:00,11,2024-11-25 18:00:00,379.4,47.9,3
2024-11-25 07:00:00,12,2024-11-25 19:00:00,379.41,48.8,3
2024-11-26 07:00:00,7,2024-11-26 14:00:00,379.73,85.8,3
2024-11-26 07:00:00,8,2024-11-26 15:00:00,379.71,83.5,3
2024-11-26 07:00:00,9,2024-11-26 16:00:00,379.72,84.3,3
2024-11-26 07:00:00,10,2024-11-26 17:00:00,379.72,84.8,3
2024-11-26 07:00:00,11,2024-11-26 18:00:00,379.71,83.3,3
2024-11-26 07:00:00,12,2024-11-26 19:00:00,379.7,82.0,3
2024-11-27 07:00:00,7,2024-11-27 14:00:00,379.64,74.7,3
2024-11-27 07:00:00,8,2024-11-27 15:00:00,379.63,74.5,3
2024-11-27 07:00:00,9,2024-11-27 16:00:00,379.63,73.8,3
2024-11-27 07:00:00,10,2024-11-27 17:00:00,379.63,73.5,3
2024-11-27 07:00:00,11,2024-11-27 18:00:00,379.62,73.0,3
2024-11-27 07:00:00,12,2024-11-27 19:00:00,379.62,72.8,3
2024-11-28 07:00:00,7,2024-11-28 14:00:00,379.48,57.0,3
2024-11-28 07:00:00,8,2024-11-28 15:00:00,379.49,57.8,3
2024-11-28 07:00:00,9,2024-11-28 16:00:00,379.5,58.5,3
2024-11-28 07:00:00,10,2024-11-28 17:00:00,379.5,59.2,3
2024-11-28 07:00:00,11,2024-11-28 18:00:00,379.51,60.0,3
2024-11-28 07:00:00,12,2024-11-28 19:00:00,379.52,60.9,3
2024-11-29 07:00:00,7,2024-11-29 14:00:00,379.61,71.3,3
2024-11-29 07:00:00,8,2024-11-29 15:00:00,379.61,71.0,3
2024-11-29 07:00:00,9,2024-11-29 16:00:00,379.6,70.6,3
2024-11-29 07:00:00,10,2024-11-29 17:00:00,379.6,70.2,3
2024-11-29 07:00:00,11,2024-11-29 18:00:00,379.6,70.1,3
2024-11-29 07:00:00,12,2024-11-29 19:00:00,379.6,69.8,3
2024-11-30 07:00:00,7,2024-11-30 14:00:00,379.43,51.1,3
2024-11-30 07:00:00,8,2024-11-30 15:00:00,379.43,51.3,3
2024-11-30 07:00:00,9,2024-11-30 16:00:00,379.44,51.5,3
2024-11-30 07:00:00,10,2024-11-30 17:00:00,379.44,51.7,3
2024-11-30 07:00:00,11,2024-11-30 18:00:00,379.44,51.9,3
2024-11-30 07:00:00,12,2024-11-30 19:00:00,379.44,52.0,3
2024-12-01 07:00:00,7,2024-12-01 14:00:00,379.35,42.1,3
2024-12-01 07:00:00,8,2024-12-01 15:00:00,379.35,42.3,3
2024-12-01 07:00:00,9,2024-12-01 16:00:00,379.35,42.4,3
2024-12-01 07:00:00,10,2024-12-01 17:00:00,379.35,42.7,3
2024-12-01 07:00:00,11,2024-12-01 18:00:00,379.35,42.9,3
2024-12-01 07:00:00,12,2024-12-01 19:00:00,379.36,43.0,3
2024-12-02 07:00:00,7,2024-12-02 14:00:00,379.28,35.6,3
2024-12-02 07:00:00,8,2024-12-02 15:00:00,379.28,36.0,3
2024-12-02 07:00:00,9,2024-12-02 16:00:00,379.29,36.3,3
2024-12-02 07:00:00,10,2024-12-02 17:00:00,379.29,36.6,3
2024-12-02 07:00:00,11,2024-12-02 18:00:00,379.3,37.1,3
2024-12-02 07:00:00,12,2024-12-02 19:00:00,379.3,37.6,3
2024-12-03 07:00:00,7,2024-12-03 14:00:00,379.34,41.5,3
2024-12-03 07:00:00,8,2024-12-03 15:00:00,379.33,40.8,3
2024-12-03 07:00:00,9,2024-12-03 16:00:00,379.33,40.2,3
2024-12-03 07:00:00,10,2024-12-03 17:00:00,379.32,39.5,3
2024-12-03 07:00:00,11,2024-12-03 18:00:00,379.32,38.9,3
2024-12-03 07:00:00,12,2024-12-03 19:00:00,379.31,38.5,3
2024-12-04 07:00:00,7,2024-12-04 14:00:00,379.34,41.7,3
2024-12-04 07:00:00,8,2024-12-04 15:00:00,379.34,41.2,3
2024-12-04 07:00:00,9,2024-12-04 16:00:00,379.33,40.6,3
2024-12-04 07:00:00,10,2024-12-04 17:00:00,379.33,40.0,3
2024-12-04 07:00:00,11,2024-12-04 18:00:00,379.32,39.5,3
2024-12-04 07:00:00,12,2024-12-04 19:00:00,379.32,39.0,3
2024-12-05 07:00:00,7,2024-12-05 14:00:00,379.24,32.1,3
2024-12-05 07:00:00,8,2024-12-05 15:00:00,379.24,31.7,3
2024-12-05 07:00:00,9,2024-12-05 16:00:00,379.23,31.3,3
2024-12-05 07:00:00,10,2024-12-05 17:00:00,379.23,30.8,3
2024-12-05 07:00:00,11,2024-12-05 18:00:00,379.22,30.3,3
2024-12-05 07:00:00,12,2024-12-05 19:00:00,379.21,29.9,3
2024-12-06 07:00:00,7,2024-12-06 14:00:00,379.41,48.9,3
2024-12-06 07:00:00,8,2024-12-06 15:00:00,379.5,59.2,3
2024-12-06 07:00:00,9,2024-12-06 16:00:00,379.53,61.8,3
2024-12-06 07:00:00,10,2024-12-06 17:00:00,379.54,62.9,3
2024-12-06 07:00:00,11,2024-12-06 18:00:00,379.53,62.1,3
2024-12-06 07:00:00,12,2024-12-06 19:00:00,379.52,60.5,3
2024-12-07 07:00:00,7,2024-12-07 14:00:00,379.68,80.0,3
2024-12-07 07:00:00,8,2024-12-07 15:00:00,379.67,78.6,3
2024-12-07 07:00:00,9,2024-12-07 16:00:00,379.66,77.7,3
2024-12-07 07:00:00,10,2024-12-07 17:00:00,379.66,78.0,3
2024-12-07 07:00:00,11,2024-12-07 18:00:00,379.7,82.2,3
2024-12-07 07:00:00,12,2024-12-07 19:00:00,379.73,85.5,3
2024-12-08 07:00:00,7,2024-12-08 14:00:00,379.85,101.6,3
2024-12-08 07:00:00,8,2024-12-08 15:00:00,379.84,99.6,3
2024-12-08 07:00:00,9,2024-12-08 16:00:00,379.82,97.8,3
2024-12-08 07:00:00,10,2024-12-08 17:00:00,379.81,95.9,3
2024-12-08 07:00:00,11,2024-12-08 18:00:00,379.79,93.8,3
2024-12-08 07:00:00,12,2024-12-08 19:00:00,379.78,91.8,3
2024-12-09 07:00:00,7,2024-12-09 14:00:00,379.6,70.2,3
2024-12-09 07:00:00,8,2024-12-09 15:00:00,379.59,69.1,3
2024-12-09 07:00:00,9,2024-12-09 16:00:00,379.58,68.0,3
2024-12-09 07:00:00,10,2024-12-09 17:00:00,379.57,67.0,3
2024-12-09 07:00:00,11,2024-12-09 18:00:00,379.56,65.9,3
2024-12-09 07:00:00,12,2024-12-09 19:00:00,379.55,64.9,3
2024-12-10 07:00:00,7,2024-12-10 14:00:00,379.48,56.7,3
2024-12-10 07:00:00,8,2024-12-10 15:00:00,379.48,56.4,3
2024-12-10 07:00:00,9,2024-12-10 16:00:00,379.48,56.4,3
2024-12-10 07:00:00,10,2024-12-10 17:00:00,379.48,56.0,3
2024-12-10 07:00:00,11,2024-12-10 18:00:00,379.47,55.8,3
2024-12-10 07:00:00,12,2024-12-10 19:00:00,379.47,55.8,3
2024-12-11 07:00:00,7,2024-12-11 14:00:00,379.39,46.1,3
2024-12-11 07:00:00,8,2024-12-11 15:00:00,379.39,46.3,3
2024-12-11 07:00:00,9,2024-12-11 16:00:00,379.39,46.7,3
2024-12-11 07:00:00,10,2024-12-11 17:00:00,379.39,46.7,3
2024-12-11 07:00:00,11,2024-12-11 18:00:00,379.39,46.8,3
2024-12-11 07:00:00,12,2024-12-11 19:00:00,379.39,47.0,3
2024-12-12 07:00:00,7,2024-12-12 14:00:00,379.32,39.4,3
2024-12-12 07:00:00,8,2024-12-12 15:00:00,379.32,39.5,3
2024-12-12 07:00:00,9,2024-12-12 16:00:00,379.32,39.8,3
2024-12-12 07:00:00,10,2024-12-12 17:00:00,379.33,40.2,3
2024-12-12 07:00:00,11,2024-12-12 18:00:00,379.33,40.5,3
2024-12-12 07:00:00,12,2024-12-12 19:00:00,379.33,40.7,3
2024-12-13 07:00:00,7,2024-12-13 14:00:00,379.29,36.3,3
2024-12-13 07:00:00,8,2024-12-13 15:00:00,379.29,36.6,3
2024-12-13 07:00:00,9,2024-12-13 16:00:00,379.29,36.9,3
2024-12-13 07:00:00,10,2024-12-13 17:00:00,379.3,37.3,3
2024-12-13 07:00:00,11,2024-12-13 18:00:00,379.3,37.7,3
2024-12-13 07:00:00,12,2024-12-13 19:00:00,379.3,37.9,3
2024-12-14 07:00:00,7,2024-12-14 14:00:00,379.28,35.4,3
2024-12-14 07:00:00,8,2024-12-14 15:00:00,379.29,36.1,3
2024-12-14 07:00:00,9,2024-12-14 16:00:00,379.3,37.0,3
2024-12-14 07:00:00,10,2024-12-14 17:00:00,379.3,37.6,3
2024-12-14 07:00:00,11,2024-12-14 18:00:00,379.3,37.8,3
2024-12-14 07:00:00,12,2024-12-14 19:00:00,379.31,37.9,3
2024-12-15 07:00:00,7,2024-12-15 14:00:00,379.3,37.1,3
2024-12-15 07:00:00,8,2024-12-15 15:00:00,379.3,37.2,3
2024-12-15 07:00:00,9,2024-12-15 16:00:00,379.3,37.4,3
2024-12-15 07:00:00,10,2024-12-15 17:00:00,379.3,37.5,3
2024-12-15 07:00:00,11,2024-12-15 18:00:00,379.3,37.7,3
2024-12-15 07:00:00,12,2024-12-15 19:00:00,379.31,38.0,3
2024-12-16 07:00:00,7,2024-12-16 14:00:00,379.25,32.6,3
2024-12-16 07:00:00,8,2024-12-16 15:00:00,379.25,32.9,3
2024-12-16 07:00:00,9,2024-12-16 16:00:00,379.25,33.0,3
2024-12-16 07:00:00,10,2024-12-16 17:00:00,379.25,33.2,3
2024-12-16 07:00:00,11,2024-12-16 18:00:00,379.26,33.6,3
2024-12-16 07:00:00,12,2024-12-16 19:00:00,379.26,34.2,3
2024-12-17 07:00:00,7,2024-12-17 14:00:00,379.22,30.4,3
2024-12-17 07:00:00,8,2024-12-17 15:00:00,379.22,30.7,3
2024-12-17 07:00:00,9,2024-12-17 16:00:00,379.23,31.0,3
2024-12-17 07:00:00,10,2024-12-17 17:00:00,379.23,31.5,3
2024-12-17 07:00:00,11,2024-12-17 18:00:00,379.24,32.1,3
2024-12-17 07:00:00,12,2024-12-17 19:00:00,379.25,32.9,3
2024-12-18 07:00:00,7,2024-12-18 14:00:00,379.25,32.9,3
2024-12-18 07:00:00,8,2024-12-18 15:00:00,379.25,33.3,3
2024-12-18 07:00:00,9,2024-12-18 16:00:00,379.26,33.6,3
2024-12-18 07:00:00,10,2024-12-18 17:00:00,379.26,33.9,3
2024-12-18 07:00:00,11,2024-12-18 18:00:00,379.27,34.3,3
2024-12-18 07:00:00,12,2024-12-18 19:00:00,379.27,34.9,3
2024-12-19 07:00:00,7,2024-12-19 14:00:00,379.31,39.5,3
2024-12-19 07:00:00,8,2024-12-19 15:00:00,379.33,41.7,3
2024-12-19 07:00:00,9,2024-12-19 16:00:00,379.35,43.8,3
2024-12-19 07:00:00,10,2024-12-19 17:00:00,379.37,45.6,3
2024-12-19 07:00:00,11,2024-12-19 18:00:00,379.38,47.3,3
2024-12-19 07:00:00,12,2024-12-19 19:00:00,379.42,51.1,3
2024-12-20 07:00:00,7,2024-12-20 14:00:00,380.13,139.1,3
2024-12-20 07:00:00,8,2024-12-20 15:00:00,380.11,136.1,3
2024-12-20 07:00:00,9,2024-12-20 16:00:00,380.09,133.1,3
2024-12-20 07:00:00,10,2024-12-20 17:00:00,380.07,130.6,3
2024-12-20 07:00:00,11,2024-12-20 18:00:00,380.05,128.2,3
2024-12-20 07:00:00,12,2024-12-20 19:00:00,380.04,125.8,3
2024-12-21 07:00:00,7,2024-12-21 14:00:00,379.62,73.9,3
2024-12-21 07:00:00,8,2024-12-21 15:00:00,379.62,73.5,3
2024-12-21 07:00:00,9,2024-12-21 16:00:00,379.62,73.0,3
2024-12-21 07:00:00,10,2024-12-21 17:00:00,379.61,72.5,3
2024-12-21 07:00:00,11,2024-12-21 18:00:00,379.61,72.3,3
2024-12-21 07:00:00,12,2024-12-21 19:00:00,379.61,72.2,3
2024-12-22 07:00:00,7,2024-12-22 14:00:00,379.66,77.6,3
2024-12-22 07:00:00,8,2024-12-22 15:00:00,379.7,82.6,3
2024-12-22 07:00:00,9,2024-12-22 16:00:00,379.78,93.1,3
2024-12-22 07:00:00,10,2024-12-22 17:00:00,379.84,100.3,3
2024-12-22 07:00:00,11,2024-12-22 18:00:00,379.89,106.4,3
2024-12-22 07:00:00,12,2024-12-22 19:00:00,379.9,107.3,3
2024-12-23 07:00:00,7,2024-12-23 14:00:00,379.86,102.6,3
2024-12-23 07:00:00,8,2024-12-23 15:00:00,379.85,101.9,3
2024-12-23 07:00:00,9,2024-12-23 16:00:00,379.85,100.9,3
2024-12-23 07:00:00,10,2024-12-23 17:00:00,379.84,99.7,3
2024-12-23 07:00:00,11,2024-12-23 18:00:00,379.83,98.7,3
2024-12-23 07:00:00,12,2024-12-23 19:00:00,379.82,97.6,3
2024-12-24 07:00:00,7,2024-12-24 14:00:00,379.63,75.1,3
2024-12-24 07:00:00,8,2024-12-24 15:00:00,379.63,74.7,3
2024-12-24 07:00:00,9,2024-12-24 16:00:00,379.63,74.5,3
2024-12-24 07:00:00,10,2024-12-24 17:00:00,379.63,74.3,3
2024-12-24 07:00:00,11,2024-12-24 18:00:00,379.63,74.4,3
2024-12-24 07:00:00,12,2024-12-24 19:00:00,379.63,74.4,3
2024-12-25 07:00:00,7,2024-12-25 14:00:00,379.55,65.7,3
2024-12-25 07:00:00,8,2024-12-25 15:00:00,379.55,65.8,3
2024-12-25 07:00:00,9,2024-12-25 16:00:00,379.56,65.9,3
2024-12-25 07:00:00,10,2024-12-25 17:00:00,379.56,66.0,3
2024-12-25 07:00:00,11,2024-12-25 18:00:00,379.56,66.2,3
2024-12-25 07:00:00,12,2024-12-25 19:00:00,379.56,66.5,3
2024-12-26 07:00:00,7,2024-12-26 14:00:00,379.44,53.6,3
2024-12-26 07:00:00,8,2024-12-26 15:00:00,379.45,54.3,3
2024-12-26 07:00:00,9,2024-12-26 16:00:00,379.46,55.0,3
2024-12-26 07:00:00,10,2024-12-26 17:00:00,379.46,55.7,3
2024-12-26 07:00:00,11,2024-12-26 18:00:00,379.47,56.2,3
2024-12-26 07:00:00,12,2024-12-26 19:00:00,379.47,56.8,3
2024-12-27 07:00:00,7,2024-12-27 14:00:00,379.4,49.0,3
2024-12-27 07:00:00,8,2024-12-27 15:00:00,379.41,49.9,3
2024-12-27 07:00:00,9,2024-12-27 16:00:00,379.42,50.7,3
2024-12-27 07:00:00,10,2024-12-27 17:00:00,379.42,51.3,3
2024-12-27 07:00:00,11,2024-12-27 18:00:00,379.43,52.1,3
2024-12-27 07:00:00,12,2024-12-27 19:00:00,379.44,52.9,3
2024-12-28 07:00:00,7,2024-12-28 14:00:00,379.38,47.2,3
2024-12-28 07:00:00,8,2024-12-28 15:00:00,379.39,48.0,3
2024-12-28 07:00:00,9,2024-12-28 16:00:00,379.4,48.6,3
2024-12-28 07:00:00,10,2024-12-28 17:00:00,379.4,49.3,3
2024-12-28 07:00:00,11,2024-12-28 18:00:00,379.41,50.0,3
2024-12-28 07:00:00,12,2024-12-28 19:00:00,379.42,50.8,3
2024-12-29 07:00:00,7,2024-12-29 14:00:00,379.35,44.0,3
2024-12-29 07:00:00,8,2024-12-29 15:00:00,379.36,44.7,3
2024-12-29 07:00:00,9,2024-12-29 16:00:00,379.36,45.2,3
2024-12-29 07:00:00,10,2024-12-29 17:00:00,379.37,46.0,3
2024-12-29 07:00:00,11,2024-12-29 18:00:00,379.38,47.1,3
2024-12-29 07:00:00,12,2024-12-29 19:00:00,379.39,48.0,3
2024-12-30 07:00:00,7,2024-12-30 14:00:00,379.3,39.4,3
2024-12-30 07:00:00,8,2024-12-30 15:00:00,379.31,39.6,3
2024-12-30 07:00:00,9,2024-12-30 16:00:00,379.31,39.9,3
2024-12-30 07:00:00,10,2024-12-30 17:00:00,379.32,40.4,3
2024-12-30 07:00:00,11,2024-12-30 18:00:00,379.32,40.9,3
2024-12-30 07:00:00,12,2024-12-30 19:00:00,379.33,41.7,3
2024-12-31 07:00:00,7,2024-12-31 14:00:00,379.28,37.5,3
2024-12-31 07:00:00,8,2024-12-31 15:00:00,379.29,37.8,3
2024-12-31 07:00:00,9,2024-12-31 16:00:00,379.29,38.2,3
2024-12-31 07:00:00,10,2024-12-31 17:00:00,379.3,38.7,3
2024-12-31 07:00:00,11,2024-12-31 18:00:00,379.3,39.4,3
2024-12-31 07:00:00,12,2024-12-31 19:00:00,379.31,40.0,3
2025-01-01 07:00:00,7,2025-01-01 14:00:00,379.28,37.3,3
2025-01-01 07:00:00,8,2025-01-01 15:00:00,379.28,37.4,3
2025-01-01 07:00:00,9,2025-01-01 16:00:00,379.29,37.7,3
2025-01-01 07:00:00,10,2025-01-01 17:00:00,379.29,38.2,3
2025-01-01 07:00:00,11,2025-01-01 18:00:00,379.3,38.8,3
2025-01-01 07:00:00,12,2025-01-01 19:00:00,379.3,39.3,3
2025-01-02 07:00:00,7,2025-01-02 14:00:00,379.26,35.6,3
2025-01-02 07:00:00,8,2025-01-02 15:00:00,379.27,35.9,3
2025-01-02 07:00:00,9,2025-01-02 16:00:00,379.27,36.2,3
2025-01-02 07:00:00,10,2025-01-02 17:00:00,379.28,36.9,3
2025-01-02 07:00:00,11,2025-01-02 18:00:00,379.29,37.7,3
2025-01-02 07:00:00,12,2025-01-02 19:00:00,379.3,38.6,3
2025-01-03 07:00:00,7,2025-01-03 14:00:00,379.53,63.5,3
2025-01-03 07:00:00,8,2025-01-03 15:00:00,379.52,62.2,3
2025-01-03 07:00:00,9,2025-01-03 16:00:00,379.51,61.1,3
2025-01-03 07:00:00,10,2025-01-03 17:00:00,379.51,60.4,3
2025-01-03 07:00:00,11,2025-01-03 18:00:00,379.5,60.1,3
2025-01-03 07:00:00,12,2025-01-03 19:00:00,379.5,59.9,3
2025-01-04 07:00:00,7,2025-01-04 14:00:00,379.4,48.5,3
2025-01-04 07:00:00,8,2025-01-04 15:00:00,379.39,48.4,3
2025-01-04 07:00:00,9,2025-01-04 16:00:00,379.4,48.4,3
2025-01-04 07:00:00,10,2025-01-04 17:00:00,379.39,48.2,3
2025-01-04 07:00:00,11,2025-01-04 18:00:00,379.39,48.1,3
2025-01-04 07:00:00,12,2025-01-04 19:00:00,379.39,48.0,3
2025-01-05 07:00:00,7,2025-01-05 14:00:00,379.87,104.0,3
2025-01-05 07:00:00,8,2025-01-05 15:00:00,379.86,102.3,3
2025-01-05 07:00:00,9,2025-01-05 16:00:00,379.84,100.7,3
2025-01-05 07:00:00,10,2025-01-05 17:00:00,379.84,99.9,3
2025-01-05 07:00:00,11,2025-01-05 18:00:00,379.83,99.5,3
2025-01-05 07:00:00,12,2025-01-05 19:00:00,379.84,99.7,3
2025-01-06 07:00:00,7,2025-01-06 14:00:00,380.09,132.7,3
2025-01-06 07:00:00,8,2025-01-06 15:00:00,380.08,131.5,3
2025-01-06 07:00:00,9,2025-01-06 16:00:00,380.07,131.0,3
2025-01-06 07:00:00,10,2025-01-06 17:00:00,380.07,131.2,3
2025-01-06 07:00:00,11,2025-01-06 18:00:00,380.08,132.0,3
2025-01-06 07:00:00,12,2025-01-06 19:00:00,380.09,133.4,3
2025-01-07 07:00:00,7,2025-01-07 14:00:00,380.33,168.7,3
2025-01-07 07:00:00,8,2025-01-07 15:00:00,380.31,164.9,3
2025-01-07 07:00:00,9,2025-01-07 16:00:00,380.29,161.6,3
2025-01-07 07:00:00,10,2025-01-07 17:00:00,380.27,158.5,3
2025-01-07 07:00:00,11,2025-01-07 18:00:00,380.25,155.6,3
2025-01-07 07:00:00,12,2025-01-07 19:00:00,380.23,152.8,3
2025-01-08 07:00:00,7,2025-01-08 14:00:00,380.35,171.9,3
2025-01-08 07:00:00,8,2025-01-08 15:00:00,380.51,196.5,3
2025-01-08 07:00:00,9,2025-01-08 16:00:00,380.61,213.1,3
2025-01-08 07:00:00,10,2025-01-08 17:00:00,380.67,223.2,3
2025-01-08 07:00:00,11,2025-01-08 18:00:00,380.64,217.8,3
2025-01-08 07:00:00,12,2025-01-08 19:00:00,380.6,210.8,3
2025-01-09 07:00:00,7,2025-01-09 14:00:00,380.34,169.6,3
2025-01-09 07:00:00,8,2025-01-09 15:00:00,380.37,174.4,3
2025-01-09 07:00:00,9,2025-01-09 16:00:00,380.4,178.5,3
2025-01-09 07:00:00,10,2025-01-09 17:00:00,380.42,181.5,3
2025-01-09 07:00:00,11,2025-01-09 18:00:00,380.43,184.0,3
2025-01-09 07:00:00,12,2025-01-09 19:00:00,380.45,186.4,3
2025-01-10 07:00:00,7,2025-01-10 14:00:00,380.43,183.0,3
2025-01-10 07:00:00,8,2025-01-10 15:00:00,380.41,180.2,3
2025-01-10 07:00:00,9,2025-01-10 16:00:00,380.39,177.3,3
2025-01-10 07:00:00,10,2025-01-10 17:00:00,380.37,174.8,3
2025-01-10 07:00:00,11,2025-01-10 18:00:00,380.36,172.6,3
2025-01-10 07:00:00,12,2025-01-10 19:00:00,380.35,170.6,3
2025-01-11 07:00:00,7,2025-01-11 14:00:00,380.11,136.5,3
2025-01-11 07:00:00,8,2025-01-11 15:00:00,380.11,135.8,3
2025-01-11 07:00:00,9,2025-01-11 16:00:00,380.1,135.2,3
2025-01-11 07:00:00,10,2025-01-11 17:00:00,380.1,134.7,3
2025-01-11 07:00:00,11,2025-01-11 18:00:00,380.1,134.1,3
2025-01-11 07:00:00,12,2025-01-11 19:00:00,380.09,133.6,3
2025-01-12 07:00:00,7,2025-01-12 14:00:00,379.92,110.7,3
2025-01-12 07:00:00,8,2025-01-12 15:00:00,379.92,110.1,3
2025-01-12 07:00:00,9,2025-01-12 16:00:00,379.91,109.4,3
2025-01-12 07:00:00,10,2025-01-12 17:00:00,379.91,108.9,3
2025-01-12 07:00:00,11,2025-01-12 18:00:00,379.9,108.4,3
2025-01-12 07:00:00,12,2025-01-12 19:00:00,379.9,107.8,3
2025-01-13 07:00:00,7,2025-01-13 14:00:00,379.73,86.6,3
2025-01-13 07:00:00,8,2025-01-13 15:00:00,379.73,86.5,3
2025-01-13 07:00:00,9,2025-01-13 16:00:00,379.73,86.3,3
2025-01-13 07:00:00,10,2025-01-13 17:00:00,379.73,86.0,3
2025-01-13 07:00:00,11,2025-01-13 18:00:00,379.72,85.8,3
2025-01-13 07:00:00,12,2025-01-13 19:00:00,379.72,85.8,3
2025-01-14 07:00:00,7,2025-01-14 14:00:00,379.61,72.2,3
2025-01-14 07:00:00,8,2025-01-14 15:00:00,379.61,72.3,3
2025-01-14 07:00:00,9,2025-01-14 16:00:00,379.61,72.1,3
2025-01-14 07:00:00,10,2025-01-14 17:00:00,379.61,72.1,3
2025-01-14 07:00:00,11,2025-01-14 18:00:00,379.61,72.1,3
2025-01-14 07:00:00,12,2025-01-14 19:00:00,379.61,72.3,3
2025-01-15 07:00:00,7,2025-01-15 14:00:00,379.51,60.7,3
2025-01-15 07:00:00,8,2025-01-15 15:00:00,379.51,60.7,3
2025-01-15 07:00:00,9,2025-01-15 16:00:00,379.51,60.8,3
2025-01-15 07:00:00,10,2025-01-15 17:00:00,379.51,60.9,3
2025-01-15 07:00:00,11,2025-01-15 18:00:00,379.51,61.1,3
2025-01-15 07:00:00,12,2025-01-15 19:00:00,379.51,61.3,3
2025-01-16 07:00:00,7,2025-01-16 14:00:00,379.45,53.7,3
2025-01-16 07:00:00,8,2025-01-16 15:00:00,379.45,53.7,3
2025-01-16 07:00:00,9,2025-01-16 16:00:00,379.45,53.8,3
2025-01-16 07:00:00,10,2025-01-16 17:00:00,379.45,53.7,3
2025-01-16 07:00:00,11,2025-01-16 18:00:00,379.45,53.9,3
2025-01-16 07:00:00,12,2025-01-16 19:00:00,379.45,54.1,3
2025-01-17 07:00:00,7,2025-01-17 14:00:00,379.38,47.0,3
2025-01-17 07:00:00,8,2025-01-17 15:00:00,379.38,46.9,3
2025-01-17 07:00:00,9,2025-01-17 16:00:00,379.38,46.8,3
2025-01-17 07:00:00,10,2025-01-17 17:00:00,379.38,46.7,3
2025-01-17 07:00:00,11,2025-01-17 18:00:00,379.38,46.6,3
2025-01-17 07:00:00,12,2025-01-17 19:00:00,379.38,46.7,3
2025-01-18 07:00:00,7,2025-01-18 14:00:00,379.36,44.6,3
2025-01-18 07:00:00,8,2025-01-18 15:00:00,379.36,44.6,3
2025-01-18 07:00:00,9,2025-01-18 16:00:00,379.36,44.5,3
2025-01-18 07:00:00,10,2025-01-18 17:00:00,379.36,44.6,3
2025-01-18 07:00:00,11,2025-01-18 18:00:00,379.36,44.7,3
2025-01-18 07:00:00,12,2025-01-18 19:00:00,379.36,44.9,3
2025-01-19 07:00:00,7,2025-01-19 14:00:00,379.3,38.8,3
2025-01-19 07:00:00,8,2025-01-19 15:00:00,379.3,38.9,3
2025-01-19 07:00:00,9,2025-01-19 16:00:00,379.3,39.0,3
2025-01-19 07:00:00,10,2025-01-19 17:00:00,379.3,39.0,3
2025-01-19 07:00:00,11,2025-01-19 18:00:00,379.3,39.0,3
2025-01-19 07:00:00,12,2025-01-19 19:00:00,379.3,39.1,3
2025-01-20 07:00:00,7,2025-01-20 14:00:00,379.26,35.3,3
2025-01-20 07:00:00,8,2025-01-20 15:00:00,379.26,35.3,3
2025-01-20 07:00:00,9,2025-01-20 16:00:00,379.26,35.4,3
2025-01-20 07:00:00,10,2025-01-20 17:00:00,379.26,35.4,3
2025-01-20 07:00:00,11,2025-01-20 18:00:00,379.26,35.3,3
2025-01-20 07:00:00,12,2025-01-20 19:00:00,379.26,35.3,3
2025-01-21 07:00:00,7,2025-01-21 14:00:00,379.26,34.8,3
2025-01-21 07:00:00,8,2025-01-21 15:00:00,379.26,34.9,3
2025-01-21 07:00:00,9,2025-01-21 16:00:00,379.26,34.8,3
2025-01-21 07:00:00,10,2025-01-21 17:00:00,379.26,34.8,3
2025-01-21 07:00:00,11,2025-01-21 18:00:00,379.25,34.7,3
2025-01-21 07:00:00,12,2025-01-21 19:00:00,379.25,34.6,3
2025-01-22 07:00:00,7,2025-01-22 14:00:00,379.26,35.5,3
2025-01-22 07:00:00,8,2025-01-22 15:00:00,379.26,35.6,3
2025-01-22 07:00:00,9,2025-01-22 16:00:00,379.27,35.9,3
2025-01-22 07:00:00,10,2025-01-22 17:00:00,379.27,36.1,3
2025-01-22 07:00:00,11,2025-01-22 18:00:00,379.27,36.3,3
2025-01-22 07:00:00,12,2025-01-22 19:00:00,379.27,36.6,3
2025-01-23 07:00:00,7,2025-01-23 14:00:00,379.37,46.2,3
2025-01-23 07:00:00,8,2025-01-23 15:00:00,379.49,59.0,3
2025-01-23 07:00:00,9,2025-01-23 16:00:00,379.62,72.8,3
2025-01-23 07:00:00,10,2025-01-23 17:00:00,379.62,73.2,3
2025-01-23 07:00:00,11,2025-01-23 18:00:00,379.59,70.3,3
2025-01-23 07:00:00,12,2025-01-23 19:00:00,379.57,67.6,3
2025-01-24 07:00:00,7,2025-01-24 14:00:00,379.52,61.9,3
2025-01-24 07:00:00,8,2025-01-24 15:00:00,379.52,61.6,3
2025-01-24 07:00:00,9,2025-01-24 16:00:00,379.51,61.3,3
2025-01-24 07:00:00,10,2025-01-24 17:00:00,379.51,61.0,3
2025-01-24 07:00:00,11,2025-01-24 18:00:00,379.51,60.5,3
2025-01-24 07:00:00,12,2025-01-24 19:00:00,379.51,60.3,3
2025-01-25 07:00:00,7,2025-01-25 14:00:00,379.38,46.6,3
2025-01-25 07:00:00,8,2025-01-25 15:00:00,379.38,46.8,3
2025-01-25 07:00:00,9,2025-01-25 16:00:00,379.38,46.9,3
2025-01-25 07:00:00,10,2025-01-25 17:00:00,379.38,47.3,3
2025-01-25 07:00:00,11,2025-01-25 18:00:00,379.39,47.8,3
2025-01-25 07:00:00,12,2025-01-25 19:00:00,379.39,48.0,3
2025-01-26 07:00:00,7,2025-01-26 14:00:00,379.45,54.7,3
2025-01-26 07:00:00,8,2025-01-26 15:00:00,379.45,53.9,3
2025-01-26 07:00:00,9,2025-01-26 16:00:00,379.45,53.8,3
2025-01-26 07:00:00,10,2025-01-26 17:00:00,379.44,53.4,3
2025-01-26 07:00:00,11,2025-01-26 18:00:00,379.44,53.4,3
2025-01-26 07:00:00,12,2025-01-26 19:00:00,379.44,53.5,3
2025-01-27 07:00:00,7,2025-01-27 14:00:00,379.71,83.5,3
2025-01-27 07:00:00,8,2025-01-27 15:00:00,379.73,86.1,3
2025-01-27 07:00:00,9,2025-01-27 16:00:00,379.75,89.3,3
2025-01-27 07:00:00,10,2025-01-27 17:00:00,379.79,94.1,3
2025-01-27 07:00:00,11,2025-01-27 18:00:00,379.83,98.7,3
2025-01-27 07:00:00,12,2025-01-27 19:00:00,379.88,104.9,3
2025-01-28 07:00:00,7,2025-01-28 14:00:00,381.18,318.1,3
2025-01-28 07:00:00,8,2025-01-28 15:00:00,381.1,302.5,3
2025-01-28 07:00:00,9,2025-01-28 16:00:00,381.03,289.2,3
2025-01-28 07:00:00,10,2025-01-28 17:00:00,380.98,279.0,3
2025-01-28 07:00:00,11,2025-01-28 18:00:00,380.93,270.6,3
2025-01-28 07:00:00,12,2025-01-28 19:00:00,380.89,263.0,3
2025-01-29 07:00:00,7,2025-01-29 14:00:00,380.34,169.3,3
2025-01-29 07:00:00,8,2025-01-29 15:00:00,380.32,167.0,3
2025-01-29 07:00:00,9,2025-01-29 16:00:00,380.3,164.4,3
2025-01-29 07:00:00,10,2025-01-29 17:00:00,380.29,161.7,3
2025-01-29 07:00:00,11,2025-01-29 18:00:00,380.27,159.3,3
2025-01-29 07:00:00,12,2025-01-29 19:00:00,380.26,157.2,3
2025-01-30 07:00:00,7,2025-01-30 14:00:00,379.95,113.9,3
2025-01-30 07:00:00,8,2025-01-30 15:00:00,379.94,113.2,3
2025-01-30 07:00:00,9,2025-01-30 16:00:00,379.94,112.4,3
2025-01-30 07:00:00,10,2025-01-30 17:00:00,379.93,111.9,3
2025-01-30 07:00:00,11,2025-01-30 18:00:00,379.93,111.5,3
2025-01-30 07:00:00,12,2025-01-30 19:00:00,379.92,110.9,3
2025-01-31 07:00:00,7,2025-01-31 14:00:00,379.79,93.8,3
2025-01-31 07:00:00,8,2025-01-31 15:00:00,379.79,93.6,3
2025-01-31 07:00:00,9,2025-01-31 16:00:00,379.79,93.7,3
2025-01-31 07:00:00,10,2025-01-31 17:00:00,379.79,93.5,3
2025-01-31 07:00:00,11,2025-01-31 18:00:00,379.79,93.4,3
2025-01-31 07:00:00,12,2025-01-31 19:00:00,379.79,93.4,3
2025-02-01 07:00:00,7,2025-02-01 14:00:00,379.65,77.2,3
2025-02-01 07:00:00,8,2025-02-01 15:00:00,379.65,77.4,3
2025-02-01 07:00:00,9,2025-02-01 16:00:00,379.65,77.3,3
2025-02-01 07:00:00,10,2025-02-01 17:00:00,379.65,77.3,3
2025-02-01 07:00:00,11,2025-02-01 18:00:00,379.65,77.3,3
2025-02-01 07:00:00,12,2025-02-01 19:00:00,379.65,77.2,3
2025-02-02 07:00:00,7,2025-02-02 14:00:00,379.51,60.7,3
2025-02-02 07:00:00,8,2025-02-02 15:00:00,379.51,61.1,3
2025-02-02 07:00:00,9,2025-02-02 16:00:00,379.52,61.5,3
2025-02-02 07:00:00,10,2025-02-02 17:00:00,379.52,61.9,3
2025-02-02 07:00:00,11,2025-02-02 18:00:00,379.52,62.4,3
2025-02-02 07:00:00,12,2025-02-02 19:00:00,379.53,62.7,3
2025-02-03 07:00:00,7,2025-02-03 14:00:00,379.45,54.5,3
2025-02-03 07:00:00,8,2025-02-03 15:00:00,379.45,54.7,3
2025-02-03 07:00:00,9,2025-02-03 16:00:00,379.46,55.1,3
2025-02-03 07:00:00,10,2025-02-03 17:00:00,379.46,55.4,3
2025-02-03 07:00:00,11,2025-02-03 18:00:00,379.47,55.9,3
2025-02-03 07:00:00,12,2025-02-03 19:00:00,379.47,56.2,3
2025-02-04 07:00:00,7,2025-02-04 14:00:00,379.39,47.6,3
2025-02-04 07:00:00,8,2025-02-04 15:00:00,379.39,47.8,3
2025-02-04 07:00:00,9,2025-02-04 16:00:00,379.39,48.3,3
2025-02-04 07:00:00,10,2025-02-04 17:00:00,379.4,48.7,3
2025-02-04 07:00:00,11,2025-02-04 18:00:00,379.4,49.0,3
2025-02-04 07:00:00,12,2025-02-04 19:00:00,379.41,49.5,3
2025-02-05 07:00:00,7,2025-02-05 14:00:00,379.37,45.3,3
2025-02-05 07:00:00,8,2025-02-05 15:00:00,379.37,45.7,3
2025-02-05 07:00:00,9,2025-02-05 16:00:00,379.37,46.0,3
2025-02-05 07:00:00,10,2025-02-05 17:00:00,379.37,46.2,3
2025-02-05 07:00:00,11,2025-02-05 18:00:00,379.38,46.6,3
2025-02-05 07:00:00,12,2025-02-05 19:00:00,379.38,46.9,3
2025-02-06 07:00:00,7,2025-02-06 14:00:00,379.31,40.1,3
2025-02-06 07:00:00,8,2025-02-06 15:00:00,379.32,40.5,3
2025-02-06 07:00:00,9,2025-02-06 16:00:00,379.32,40.8,3
2025-02-06 07:00:00,10,2025-02-06 17:00:00,379.32,41.0,3
2025-02-06 07:00:00,11,2025-02-06 18:00:00,379.32,41.3,3
2025-02-06 07:00:00,12,2025-02-06 19:00:00,379.33,41.7,3
2025-02-07 07:00:00,7,2025-02-07 14:00:00,379.29,38.0,3
2025-02-07 07:00:00,8,2025-02-07 15:00:00,379.29,38.1,3
2025-02-07 07:00:00,9,2025-02-07 16:00:00,379.29,38.3,3
2025-02-07 07:00:00,10,2025-02-07 17:00:00,379.29,38.5,3
2025-02-07 07:00:00,11,2025-02-07 18:00:00,379.3,38.7,3
2025-02-07 07:00:00,12,2025-02-07 19:00:00,379.3,39.0,3
2025-02-08 07:00:00,7,2025-02-08 14:00:00,379.27,36.4,3
2025-02-08 07:00:00,8,2025-02-08 15:00:00,379.27,36.4,3
2025-02-08 07:00:00,9,2025-02-08 16:00:00,379.27,36.5,3
2025-02-08 07:00:00,10,2025-02-08 17:00:00,379.27,36.5,3
2025-02-08 07:00:00,11,2025-02-08 18:00:00,379.27,36.4,3
2025-02-08 07:00:00,12,2025-02-08 19:00:00,379.27,36.2,3
2025-02-09 07:00:00,7,2025-02-09 14:00:00,379.24,33.8,3
2025-02-09 07:00:00,8,2025-02-09 15:00:00,379.24,33.7,3
2025-02-09 07:00:00,9,2025-02-09 16:00:00,379.24,33.7,3
2025-02-09 07:00:00,10,2025-02-09 17:00:00,379.24,33.7,3
2025-02-09 07:00:00,11,2025-02-09 18:00:00,379.24,33.7,3
2025-02-09 07:00:00,12,2025-02-09 19:00:00,379.24,33.7,3
2025-02-10 07:00:00,7,2025-02-10 14:00:00,379.21,30.6,3
2025-02-10 07:00:00,8,2025-02-10 15:00:00,379.21,30.7,3
2025-02-10 07:00:00,9,2025-02-10 16:00:00,379.21,31.0,3
2025-02-10 07:00:00,10,2025-02-10 17:00:00,379.22,31.3,3
2025-02-10 07:00:00,11,2025-02-10 18:00:00,379.22,31.5,3
2025-02-10 07:00:00,12,2025-02-10 19:00:00,379.22,31.6,3
2025-02-11 07:00:00,7,2025-02-11 14:00:00,379.24,33.8,3
2025-02-11 07:00:00,8,2025-02-11 15:00:00,379.24,33.8,3
2025-02-11 07:00:00,9,2025-02-11 16:00:00,379.25,34.2,3
2025-02-11 07:00:00,10,2025-02-11 17:00:00,379.25,34.5,3
2025-02-11 07:00:00,11,2025-02-11 18:00:00,379.26,35.0,3
2025-02-11 07:00:00,12,2025-02-11 19:00:00,379.26,35.5,3
2025-02-12 07:00:00,7,2025-02-12 14:00:00,379.36,45.3,3
2025-02-12 07:00:00,8,2025-02-12 15:00:00,379.36,45.2,3
2025-02-12 07:00:00,9,2025-02-12 16:00:00,379.37,45.3,3
2025-02-12 07:00:00,10,2025-02-12 17:00:00,379.37,45.4,3
2025-02-12 07:00:00,11,2025-02-12 18:00:00,379.37,45.6,3
2025-02-12 07:00:00,12,2025-02-12 19:00:00,379.37,46.0,3
2025-02-13 07:00:00,7,2025-02-13 14:00:00,379.34,42.8,3
2025-02-13 07:00:00,8,2025-02-13 15:00:00,379.35,43.4,3
2025-02-13 07:00:00,9,2025-02-13 16:00:00,379.35,43.8,3
2025-02-13 07:00:00,10,2025-02-13 17:00:00,379.36,44.8,3
2025-02-13 07:00:00,11,2025-02-13 18:00:00,379.37,45.5,3
2025-02-13 07:00:00,12,2025-02-13 19:00:00,379.38,46.4,3
2025-02-14 07:00:00,7,2025-02-14 14:00:00,379.73,86.9,3
2025-02-14 07:00:00,8,2025-02-14 15:00:00,379.73,86.7,3
2025-02-14 07:00:00,9,2025-02-14 16:00:00,379.73,86.4,3
2025-02-14 07:00:00,10,2025-02-14 17:00:00,379.73,85.9,3
2025-02-14 07:00:00,11,2025-02-14 18:00:00,379.72,85.4,3
2025-02-14 07:00:00,12,2025-02-14 19:00:00,379.72,84.8,3
2025-02-15 07:00:00,7,2025-02-15 14:00:00,379.46,55.2,3
2025-02-15 07:00:00,8,2025-02-15 15:00:00,379.46,55.2,3
2025-02-15 07:00:00,9,2025-02-15 16:00:00,379.46,55.3,3
2025-02-15 07:00:00,10,2025-02-15 17:00:00,379.46,55.3,3
2025-02-15 07:00:00,11,2025-02-15 18:00:00,379.46,55.2,3
2025-02-15 07:00:00,12,2025-02-15 19:00:00,379.46,55.1,3
2025-02-16 07:00:00,7,2025-02-16 14:00:00,379.38,46.4,3
2025-02-16 07:00:00,8,2025-02-16 15:00:00,379.38,46.4,3
2025-02-16 07:00:00,9,2025-02-16 16:00:00,379.38,46.4,3
2025-02-16 07:00:00,10,2025-02-16 17:00:00,379.38,46.3,3
2025-02-16 07:00:00,11,2025-02-16 18:00:00,379.37,46.3,3
2025-02-16 07:00:00,12,2025-02-16 19:00:00,379.37,46.3,3
2025-02-17 07:00:00,7,2025-02-17 14:00:00,379.3,39.0,3
2025-02-17 07:00:00,8,2025-02-17 15:00:00,379.3,39.1,3
2025-02-17 07:00:00,9,2025-02-17 16:00:00,379.3,39.1,3
2025-02-17 07:00:00,10,2025-02-17 17:00:00,379.3,39.3,3
2025-02-17 07:00:00,11,2025-02-17 18:00:00,379.31,39.6,3
2025-02-17 07:00:00,12,2025-02-17 19:00:00,379.31,39.6,3
2025-02-18 07:00:00,7,2025-02-18 14:00:00,379.26,35.3,3
2025-02-18 07:00:00,8,2025-02-18 15:00:00,379.26,35.5,3
2025-02-18 07:00:00,9,2025-02-18 16:00:00,379.26,35.5,3
2025-02-18 07:00:00,10,2025-02-18 17:00:00,379.26,35.4,3
2025-02-18 07:00:00,11,2025-02-18 18:00:00,379.26,35.5,3
2025-02-18 07:00:00,12,2025-02-18 19:00:00,379.26,35.5,3
2025-02-19 07:00:00,7,2025-02-19 14:00:00,379.25,33.9,3
2025-02-19 07:00:00,8,2025-02-19 15:00:00,379.25,34.0,3
2025-02-19 07:00:00,9,2025-02-19 16:00:00,379.25,34.1,3
2025-02-19 07:00:00,10,2025-02-19 17:00:00,379.25,34.2,3
2025-02-19 07:00:00,11,2025-02-19 18:00:00,379.25,34.3,3
2025-02-19 07:00:00,12,2025-02-19 19:00:00,379.25,34.4,3
2025-02-20 07:00:00,7,2025-02-20 14:00:00,379.21,30.8,3
2025-02-20 07:00:00,8,2025-02-20 15:00:00,379.21,31.1,3
2025-02-20 07:00:00,9,2025-02-20 16:00:00,379.22,31.5,3
2025-02-20 07:00:00,10,2025-02-20 17:00:00,379.22,31.9,3
2025-02-20 07:00:00,11,2025-02-20 18:00:00,379.23,32.2,3
2025-02-20 07:00:00,12,2025-02-20 19:00:00,379.23,32.5,3
2025-02-21 07:00:00,7,2025-02-21 14:00:00,379.21,30.5,3
2025-02-21 07:00:00,8,2025-02-21 15:00:00,379.21,30.9,3
2025-02-21 07:00:00,9,2025-02-21 16:00:00,379.21,31.1,3
2025-02-21 07:00:00,10,2025-02-21 17:00:00,379.22,31.8,3
2025-02-21 07:00:00,11,2025-02-21 18:00:00,379.22,32.1,3
2025-02-21 07:00:00,12,2025-02-21 19:00:00,379.23,32.7,3
2025-02-22 07:00:00,7,2025-02-22 14:00:00,379.21,30.5,3
2025-02-22 07:00:00,8,2025-02-22 15:00:00,379.21,30.8,3
2025-02-22 07:00:00,9,2025-02-22 16:00:00,379.21,31.1,3
2025-02-22 07:00:00,10,2025-02-22 17:00:00,379.22,31.5,3
2025-02-22 07:00:00,11,2025-02-22 18:00:00,379.22,31.9,3
2025-02-22 07:00:00,12,2025-02-22 19:00:00,379.23,32.3,3
2025-02-23 07:00:00,7,2025-02-23 14:00:00,379.22,32.0,3
2025-02-23 07:00:00,8,2025-02-23 15:00:00,379.23,32.2,3
2025-02-23 07:00:00,9,2025-02-23 16:00:00,379.23,32.7,3
2025-02-23 07:00:00,10,2025-02-23 17:00:00,379.24,33.2,3
2025-02-23 07:00:00,11,2025-02-23 18:00:00,379.24,33.9,3
2025-02-23 07:00:00,12,2025-02-23 19:00:00,379.25,34.4,3
2025-02-24 07:00:00,7,2025-02-24 14:00:00,379.23,32.8,3
2025-02-24 07:00:00,8,2025-02-24 15:00:00,379.23,32.9,3
2025-02-24 07:00:00,9,2025-02-24 16:00:00,379.24,33.2,3
2025-02-24 07:00:00,10,2025-02-24 17:00:00,379.24,33.7,3
2025-02-24 07:00:00,11,2025-02-24 18:00:00,379.25,34.0,3
2025-02-24 07:00:00,12,2025-02-24 19:00:00,379.25,34.3,3
2025-02-25 07:00:00,7,2025-02-25 14:00:00,379.19,29.1,3
2025-02-25 07:00:00,8,2025-02-25 15:00:00,379.19,29.4,3
2025-02-25 07:00:00,9,2025-02-25 16:00:00,379.19,29.6,3
2025-02-25 07:00:00,10,2025-02-25 17:00:00,379.2,30.2,3
2025-02-25 07:00:00,11,2025-02-25 18:00:00,379.21,30.6,3
2025-02-25 07:00:00,12,2025-02-25 19:00:00,379.21,31.0,3
2025-02-26 07:00:00,7,2025-02-26 14:00:00,379.21,30.9,3
2025-02-26 07:00:00,8,2025-02-26 15:00:00,379.21,31.1,3
2025-02-26 07:00:00,9,2025-02-26 16:00:00,379.21,31.2,3
2025-02-26 07:00:00,10,2025-02-26 17:00:00,379.21,31.3,3
2025-02-26 07:00:00,11,2025-02-26 18:00:00,379.21,31.2,3
2025-02-26 07:00:00,12,2025-02-26 19:00:00,379.21,31.1,3
2025-02-27 07:00:00,7,2025-02-27 14:00:00,379.22,31.5,3
2025-02-27 07:00:00,8,2025-02-27 15:00:00,379.22,31.8,3
2025-02-27 07:00:00,9,2025-02-27 16:00:00,379.22,31.9,3
2025-02-27 07:00:00,10,2025-02-27 17:00:00,379.22,32.0,3
2025-02-27 07:00:00,11,2025-02-27 18:00:00,379.22,31.9,3
2025-02-27 07:00:00,12,2025-02-27 19:00:00,379.23,32.1,3
2025-02-28 07:00:00,7,2025-02-28 14:00:00,379.19,29.4,3
2025-02-28 07:00:00,8,2025-02-28 15:00:00,379.2,29.7,3
2025-02-28 07:00:00,9,2025-02-28 16:00:00,379.2,29.8,3
2025-02-28 07:00:00,10,2025-02-28 17:00:00,379.2,30.0,3
2025-02-28 07:00:00,11,2025-02-28 18:00:00,379.2,30.0,3
2025-02-28 07:00:00,12,2025-02-28 19:00:00,379.2,29.9,3
2025-03-01 07:00:00,7,2025-03-01 14:00:00,379.17,27.8,3
2025-03-01 07:00:00,8,2025-03-01 15:00:00,379.17,27.9,3
2025-03-01 07:00:00,9,2025-03-01 16:00:00,379.18,28.0,3
2025-03-01 07:00:00,10,2025-03-01 17:00:00,379.17,27.9,3
2025-03-01 07:00:00,11,2025-03-01 18:00:00,379.18,28.0,3
2025-03-01 07:00:00,12,2025-03-01 19:00:00,379.18,28.1,3
2025-03-02 07:00:00,7,2025-03-02 14:00:00,379.14,25.5,3
2025-03-02 07:00:00,8,2025-03-02 15:00:00,379.14,25.6,3
2025-03-02 07:00:00,9,2025-03-02 16:00:00,379.15,25.8,3
2025-03-02 07:00:00,10,2025-03-02 17:00:00,379.15,26.0,3
2025-03-02 07:00:00,11,2025-03-02 18:00:00,379.15,25.9,3
2025-03-02 07:00:00,12,2025-03-02 19:00:00,379.15,26.2,3
2025-03-03 07:00:00,7,2025-03-03 14:00:00,379.12,23.6,3
2025-03-03 07:00:00,8,2025-03-03 15:00:00,379.12,23.7,3
2025-03-03 07:00:00,9,2025-03-03 16:00:00,379.12,23.9,3
2025-03-03 07:00:00,10,2025-03-03 17:00:00,379.12,24.0,3
2025-03-03 07:00:00,11,2025-03-03 18:00:00,379.13,24.1,3
2025-03-03 07:00:00,12,2025-03-03 19:00:00,379.13,24.2,3
2025-03-04 07:00:00,7,2025-03-04 14:00:00,379.11,23.1,3
2025-03-04 07:00:00,8,2025-03-04 15:00:00,379.11,23.2,3
2025-03-04 07:00:00,9,2025-03-04 16:00:00,379.12,23.4,3
2025-03-04 07:00:00,10,2025-03-04 17:00:00,379.12,23.4,3
2025-03-04 07:00:00,11,2025-03-04 18:00:00,379.11,23.3,3
2025-03-04 07:00:00,12,2025-03-04 19:00:00,379.12,23.6,3
2025-03-05 07:00:00,7,2025-03-05 14:00:00,379.11,23.3,3
2025-03-05 07:00:00,8,2025-03-05 15:00:00,379.12,23.4,3
2025-03-05 07:00:00,9,2025-03-05 16:00:00,379.12,23.5,3
2025-03-05 07:00:00,10,2025-03-05 17:00:00,379.12,23.7,3
2025-03-05 07:00:00,11,2025-03-05 18:00:00,379.12,23.5,3
2025-03-05 07:00:00,12,2025-03-05 19:00:00,379.12,23.8,3
2025-03-06 07:00:00,7,2025-03-06 14:00:00,379.1,22.2,3
2025-03-06 07:00:00,8,2025-03-06 15:00:00,379.1,22.5,3
2025-03-06 07:00:00,9,2025-03-06 16:00:00,379.1,22.6,3
2025-03-06 07:00:00,10,2025-03-06 17:00:00,379.11,22.7,3
2025-03-06 07:00:00,11,2025-03-06 18:00:00,379.11,22.9,3
2025-03-06 07:00:00,12,2025-03-06 19:00:00,379.11,23.0,3
2025-03-07 07:00:00,7,2025-03-07 14:00:00,379.11,22.8,3
2025-03-07 07:00:00,8,2025-03-07 15:00:00,379.11,23.1,3
2025-03-07 07:00:00,9,2025-03-07 16:00:00,379.11,23.1,3
2025-03-07 07:00:00,10,2025-03-07 17:00:00,379.11,23.1,3
2025-03-07 07:00:00,11,2025-03-07 18:00:00,379.11,22.9,3
2025-03-07 07:00:00,12,2025-03-07 19:00:00,379.11,23.1,3
2025-03-08 07:00:00,7,2025-03-08 14:00:00,379.09,21.7,3
2025-03-08 07:00:00,8,2025-03-08 15:00:00,379.1,22.1,3
2025-03-08 07:00:00,9,2025-03-08 16:00:00,379.1,22.2,3
2025-03-08 07:00:00,10,2025-03-08 17:00:00,379.1,22.2,3
2025-03-08 07:00:00,11,2025-03-08 18:00:00,379.1,22.2,3
2025-03-08 07:00:00,12,2025-03-08 19:00:00,379.11,22.7,3
2025-03-09 07:00:00,7,2025-03-09 14:00:00,379.1,22.1,3
2025-03-09 07:00:00,8,2025-03-09 15:00:00,379.1,22.5,3
2025-03-09 07:00:00,9,2025-03-09 16:00:00,379.11,22.8,3
2025-03-09 07:00:00,10,2025-03-09 17:00:00,379.11,23.1,3
2025-03-09 07:00:00,11,2025-03-09 18:00:00,379.12,23.4,3
2025-03-09 07:00:00,12,2025-03-09 19:00:00,379.12,23.8,3
2025-03-10 07:00:00,7,2025-03-10 14:00:00,379.11,23.0,3
2025-03-10 07:00:00,8,2025-03-10 15:00:00,379.11,23.1,3
2025-03-10 07:00:00,9,2025-03-10 16:00:00,379.12,23.4,3
2025-03-10 07:00:00,10,2025-03-10 17:00:00,379.12,23.6,3
2025-03-10 07:00:00,11,2025-03-10 18:00:00,379.12,23.8,3
2025-03-10 07:00:00,12,2025-03-10 19:00:00,379.12,24.0,3
2025-03-11 07:00:00,7,2025-03-11 14:00:00,379.13,24.5,3
2025-03-11 07:00:00,8,2025-03-11 15:00:00,379.13,24.5,3
2025-03-11 07:00:00,9,2025-03-11 16:00:00,379.13,24.5,3
2025-03-11 07:00:00,10,2025-03-11 17:00:00,379.13,24.6,3
2025-03-11 07:00:00,11,2025-03-11 18:00:00,379.13,24.8,3
2025-03-11 07:00:00,12,2025-03-11 19:00:00,379.13,24.8,3
2025-03-12 07:00:00,7,2025-03-12 14:00:00,379.15,25.8,3
2025-03-12 07:00:00,8,2025-03-12 15:00:00,379.15,26.0,3
2025-03-12 07:00:00,9,2025-03-12 16:00:00,379.16,26.5,3
2025-03-12 07:00:00,10,2025-03-12 17:00:00,379.17,27.3,3
2025-03-12 07:00:00,11,2025-03-12 18:00:00,379.18,28.2,3
2025-03-12 07:00:00,12,2025-03-12 19:00:00,379.18,28.6,3
2025-03-13 07:00:00,7,2025-03-13 14:00:00,379.17,27.4,3
2025-03-13 07:00:00,8,2025-03-13 15:00:00,379.18,28.2,3
2025-03-13 07:00:00,9,2025-03-13 16:00:00,379.18,28.7,3
2025-03-13 07:00:00,10,2025-03-13 17:00:00,379.19,28.9,3
2025-03-13 07:00:00,11,2025-03-13 18:00:00,379.19,28.8,3
2025-03-13 07:00:00,12,2025-03-13 19:00:00,379.18,28.4,3
2025-03-14 07:00:00,7,2025-03-14 14:00:00,379.11,23.2,3
2025-03-14 07:00:00,8,2025-03-14 15:00:00,379.11,23.1,3
2025-03-14 07:00:00,9,2025-03-14 16:00:00,379.11,23.0,3
2025-03-14 07:00:00,10,2025-03-14 17:00:00,379.11,23.0,3
2025-03-14 07:00:00,11,2025-03-14 18:00:00,379.11,23.1,3
2025-03-14 07:00:00,12,2025-03-14 19:00:00,379.11,23.1,3
2025-03-15 07:00:00,7,2025-03-15 14:00:00,379.1,22.3,3
2025-03-15 07:00:00,8,2025-03-15 15:00:00,379.1,22.2,3
2025-03-15 07:00:00,9,2025-03-15 16:00:00,379.1,22.2,3
2025-03-15 07:00:00,10,2025-03-15 17:00:00,379.1,22.4,3
2025-03-15 07:00:00,11,2025-03-15 18:00:00,379.11,22.7,3
2025-03-15 07:00:00,12,2025-03-15 19:00:00,379.11,23.1,3
2025-03-16 07:00:00,7,2025-03-16 14:00:00,379.21,30.9,3
2025-03-16 07:00:00,8,2025-03-16 15:00:00,379.21,30.9,3
2025-03-16 07:00:00,9,2025-03-16 16:00:00,379.21,30.6,3
2025-03-16 07:00:00,10,2025-03-16 17:00:00,379.2,30.3,3
2025-03-16 07:00:00,11,2025-03-16 18:00:00,379.2,30.3,3
2025-03-16 07:00:00,12,2025-03-16 19:00:00,379.21,30.4,3
2025-03-17 07:00:00,7,2025-03-17 14:00:00,379.11,23.1,3
2025-03-17 07:00:00,8,2025-03-17 15:00:00,379.11,22.9,3
2025-03-17 07:00:00,9,2025-03-17 16:00:00,379.11,22.8,3
2025-03-17 07:00:00,10,2025-03-17 17:00:00,379.11,23.0,3
2025-03-17 07:00:00,11,2025-03-17 18:00:00,379.11,23.2,3
2025-03-17 07:00:00,12,2025-03-17 19:00:00,379.11,23.3,3
2025-03-18 07:00:00,7,2025-03-18 14:00:00,379.07,20.5,3
2025-03-18 07:00:00,8,2025-03-18 15:00:00,379.07,20.5,3
2025-03-18 07:00:00,9,2025-03-18 16:00:00,379.07,20.3,3
2025-03-18 07:00:00,10,2025-03-18 17:00:00,379.07,20.3,3
2025-03-18 07:00:00,11,2025-03-18 18:00:00,379.07,20.4,3
2025-03-18 07:00:00,12,2025-03-18 19:00:00,379.07,20.5,3
2025-03-19 07:00:00,7,2025-03-19 14:00:00,379.08,21.0,3
2025-03-19 07:00:00,8,2025-03-19 15:00:00,379.08,20.9,3
2025-03-19 07:00:00,9,2025-03-19 16:00:00,379.08,20.7,3
2025-03-19 07:00:00,10,2025-03-19 17:00:00,379.08,20.6,3
2025-03-19 07:00:00,11,2025-03-19 18:00:00,379.08,20.6,3
2025-03-19 07:00:00,12,2025-03-19 19:00:00,379.08,20.6,3
2025-03-20 07:00:00,7,2025-03-20 14:00:00,379.1,22.2,3
2025-03-20 07:00:00,8,2025-03-20 15:00:00,379.1,22.1,3
2025-03-20 07:00:00,9,2025-03-20 16:00:00,379.1,22.0,3
2025-03-20 07:00:00,10,2025-03-20 17:00:00,379.1,22.0,3
2025-03-20 07:00:00,11,2025-03-20 18:00:00,379.1,22.0,3
2025-03-20 07:00:00,12,2025-03-20 19:00:00,379.1,22.1,3
2025-03-21 07:00:00,7,2025-03-21 14:00:00,379.13,24.2,3
2025-03-21 07:00:00,8,2025-03-21 15:00:00,379.13,24.2,3
2025-03-21 07:00:00,9,2025-03-21 16:00:00,379.13,24.3,3
2025-03-21 07:00:00,10,2025-03-21 17:00:00,379.13,24.5,3
2025-03-21 07:00:00,11,2025-03-21 18:00:00,379.13,24.6,3
2025-03-21 07:00:00,12,2025-03-21 19:00:00,379.14,24.9,3
2025-03-22 07:00:00,7,2025-03-22 14:00:00,379.19,29.2,3
2025-03-22 07:00:00,8,2025-03-22 15:00:00,379.19,28.9,3
2025-03-22 07:00:00,9,2025-03-22 16:00:00,379.18,28.8,3
2025-03-22 07:00:00,10,2025-03-22 17:00:00,379.18,28.7,3
2025-03-22 07:00:00,11,2025-03-22 18:00:00,379.18,28.5,3
2025-03-22 07:00:00,12,2025-03-22 19:00:00,379.18,28.5,3
2025-03-23 07:00:00,7,2025-03-23 14:00:00,379.21,31.0,3
2025-03-23 07:00:00,8,2025-03-23 15:00:00,379.21,30.6,3
2025-03-23 07:00:00,9,2025-03-23 16:00:00,379.2,30.3,3
2025-03-23 07:00:00,10,2025-03-23 17:00:00,379.2,30.2,3
2025-03-23 07:00:00,11,2025-03-23 18:00:00,379.2,30.0,3
2025-03-23 07:00:00,12,2025-03-23 19:00:00,379.2,29.9,3
2025-03-24 07:00:00,7,2025-03-24 14:00:00,379.22,31.6,3
2025-03-24 07:00:00,8,2025-03-24 15:00:00,379.21,31.1,3
2025-03-24 07:00:00,9,2025-03-24 16:00:00,379.21,30.7,3
2025-03-24 07:00:00,10,2025-03-24 17:00:00,379.21,30.5,3
2025-03-24 07:00:00,11,2025-03-24 18:00:00,379.2,30.1,3
2025-03-24 07:00:00,12,2025-03-24 19:00:00,379.2,29.9,3
2025-03-25 07:00:00,7,2025-03-25 14:00:00,379.16,26.9,3
2025-03-25 07:00:00,8,2025-03-25 15:00:00,379.16,26.7,3
2025-03-25 07:00:00,9,2025-03-25 16:00:00,379.16,26.6,3
2025-03-25 07:00:00,10,2025-03-25 17:00:00,379.16,26.4,3
2025-03-25 07:00:00,11,2025-03-25 18:00:00,379.15,26.3,3
2025-03-25 07:00:00,12,2025-03-25 19:00:00,379.15,26.2,3
2025-03-26 07:00:00,7,2025-03-26 14:00:00,379.12,23.5,3
2025-03-26 07:00:00,8,2025-03-26 15:00:00,379.11,23.2,3
2025-03-26 07:00:00,9,2025-03-26 16:00:00,379.11,23.1,3
2025-03-26 07:00:00,10,2025-03-26 17:00:00,379.11,22.9,3
2025-03-26 07:00:00,11,2025-03-26 18:00:00,379.11,22.8,3
2025-03-26 07:00:00,12,2025-03-26 19:00:00,379.11,22.7,3
2025-03-27 07:00:00,7,2025-03-27 14:00:00,379.16,26.7,3
2025-03-27 07:00:00,8,2025-03-27 15:00:00,379.16,26.4,3
2025-03-27 07:00:00,9,2025-03-27 16:00:00,379.15,26.2,3
2025-03-27 07:00:00,10,2025-03-27 17:00:00,379.15,26.1,3
2025-03-27 07:00:00,11,2025-03-27 18:00:00,379.15,26.0,3
2025-03-27 07:00:00,12,2025-03-27 19:00:00,379.15,25.8,3
2025-03-28 07:00:00,7,2025-03-28 14:00:00,379.14,25.5,3
2025-03-28 07:00:00,8,2025-03-28 15:00:00,379.14,25.4,3
2025-03-28 07:00:00,9,2025-03-28 16:00:00,379.14,25.3,3
2025-03-28 07:00:00,10,2025-03-28 17:00:00,379.14,25.1,3
2025-03-28 07:00:00,11,2025-03-28 18:00:00,379.14,24.9,3
2025-03-28 07:00:00,12,2025-03-28 19:00:00,379.13,24.7,3
2025-03-29 07:00:00,7,2025-03-29 14:00:00,379.14,25.0,3
2025-03-29 07:00:00,8,2025-03-29 15:00:00,379.14,24.9,3
2025-03-29 07:00:00,9,2025-03-29 16:00:00,379.14,25.0,3
2025-03-29 07:00:00,10,2025-03-29 17:00:00,379.14,25.1,3
2025-03-29 07:00:00,11,2025-03-29 18:00:00,379.14,25.3,3
2025-03-29 07:00:00,12,2025-03-29 19:00:00,379.14,25.4,3
2025-03-30 07:00:00,7,2025-03-30 14:00:00,379.1,22.6,3
2025-03-30 07:00:00,8,2025-03-30 15:00:00,379.1,22.4,3
2025-03-30 07:00:00,9,2025-03-30 16:00:00,379.1,22.2,3
2025-03-30 07:00:00,10,2025-03-30 17:00:00,379.1,22.0,3
2025-03-30 07:00:00,11,2025-03-30 18:00:00,379.09,21.9,3
2025-03-30 07:00:00,12,2025-03-30 19:00:00,379.09,21.8,3
2025-03-31 07:00:00,7,2025-03-31 14:00:00,379.08,21.2,3
2025-03-31 07:00:00,8,2025-03-31 15:00:00,379.08,20.9,3
2025-03-31 07:00:00,9,2025-03-31 16:00:00,379.08,20.9,3
2025-03-31 07:00:00,10,2025-03-31 17:00:00,379.08,20.6,3
2025-03-31 07:00:00,11,2025-03-31 18:00:00,379.07,20.4,3
2025-03-31 07:00:00,12,2025-03-31 19:00:00,379.07,20.1,3
2025-04-01 07:00:00,7,2025-04-01 14:00:00,379.11,23.3,3
2025-04-01 07:00:00,8,2025-04-01 15:00:00,379.11,23.0,3
2025-04-01 07:00:00,9,2025-04-01 16:00:00,379.11,22.8,3
2025-04-01 07:00:00,10,2025-04-01 17:00:00,379.11,22.7,3
2025-04-01 07:00:00,11,2025-04-01 18:00:00,379.1,22.6,3
2025-04-01 07:00:00,12,2025-04-01 19:00:00,379.1,22.5,3
2025-04-02 07:00:00,7,2025-04-02 14:00:00,379.12,23.9,3
2025-04-02 07:00:00,8,2025-04-02 15:00:00,379.12,23.8,3
2025-04-02 07:00:00,9,2025-04-02 16:00:00,379.12,23.7,3
2025-04-02 07:00:00,10,2025-04-02 17:00:00,379.12,23.5,3
2025-04-02 07:00:00,11,2025-04-02 18:00:00,379.12,23.4,3
2025-04-02 07:00:00,12,2025-04-02 19:00:00,379.11,23.1,3
2025-04-03 07:00:00,7,2025-04-03 14:00:00,379.09,21.3,3
2025-04-03 07:00:00,8,2025-04-03 15:00:00,379.08,21.2,3
2025-04-03 07:00:00,9,2025-04-03 16:00:00,379.08,21.1,3
2025-04-03 07:00:00,10,2025-04-03 17:00:00,379.08,21.0,3
2025-04-03 07:00:00,11,2025-04-03 18:00:00,379.08,21.0,3
2025-04-03 07:00:00,12,2025-04-03 19:00:00,379.08,20.9,3
2025-04-04 07:00:00,7,2025-04-04 14:00:00,379.13,24.2,3
2025-04-04 07:00:00,8,2025-04-04 15:00:00,379.13,24.1,3
2025-04-04 07:00:00,9,2025-04-04 16:00:00,379.13,24.2,3
2025-04-04 07:00:00,10,2025-04-04 17:00:00,379.13,24.2,3
2025-04-04 07:00:00,11,2025-04-04 18:00:00,379.13,24.2,3
2025-04-04 07:00:00,12,2025-04-04 19:00:00,379.13,24.2,3
2025-04-05 07:00:00,7,2025-04-05 14:00:00,379.19,29.5,3
2025-04-05 07:00:00,8,2025-04-05 15:00:00,379.19,29.0,3
2025-04-05 07:00:00,9,2025-04-05 16:00:00,379.18,28.4,3
2025-04-05 07:00:00,10,2025-04-05 17:00:00,379.18,28.1,3
2025-04-05 07:00:00,11,2025-04-05 18:00:00,379.18,28.1,3
2025-04-05 07:00:00,12,2025-04-05 19:00:00,379.18,28.5,3
2025-04-06 07:00:00,7,2025-04-06 14:00:00,379.24,33.7,3
2025-04-06 07:00:00,8,2025-04-06 15:00:00,379.23,32.8,3
2025-04-06 07:00:00,9,2025-04-06 16:00:00,379.22,31.9,3
2025-04-06 07:00:00,10,2025-04-06 17:00:00,379.21,31.2,3
2025-04-06 07:00:00,11,2025-04-06 18:00:00,379.21,30.9,3
2025-04-06 07:00:00,12,2025-04-06 19:00:00,379.21,30.7,3
2025-04-07 07:00:00,7,2025-04-07 14:00:00,379.24,33.9,3
2025-04-07 07:00:00,8,2025-04-07 15:00:00,379.23,32.5,3
2025-04-07 07:00:00,9,2025-04-07 16:00:00,379.21,31.2,3
2025-04-07 07:00:00,10,2025-04-07 17:00:00,379.2,30.2,3
2025-04-07 07:00:00,11,2025-04-07 18:00:00,379.19,29.4,3
2025-04-07 07:00:00,12,2025-04-07 19:00:00,379.19,29.1,3
2025-04-08 07:00:00,7,2025-04-08 14:00:00,379.19,29.4,3
2025-04-08 07:00:00,8,2025-04-08 15:00:00,379.18,28.2,3
2025-04-08 07:00:00,9,2025-04-08 16:00:00,379.16,27.1,3
2025-04-08 07:00:00,10,2025-04-08 17:00:00,379.15,26.2,3
2025-04-08 07:00:00,11,2025-04-08 18:00:00,379.14,25.5,3
2025-04-08 07:00:00,12,2025-04-08 19:00:00,379.14,25.0,3
2025-04-09 07:00:00,7,2025-04-09 14:00:00,379.18,28.0,3
2025-04-09 07:00:00,8,2025-04-09 15:00:00,379.16,27.1,3
2025-04-09 07:00:00,9,2025-04-09 16:00:00,379.16,26.6,3
2025-04-09 07:00:00,10,2025-04-09 17:00:00,379.15,26.1,3
2025-04-09 07:00:00,11,2025-04-09 18:00:00,379.14,25.6,3
2025-04-09 07:00:00,12,2025-04-09 19:00:00,379.14,25.4,3
2025-04-10 07:00:00,7,2025-04-10 14:00:00,379.16,26.9,3
2025-04-10 07:00:00,8,2025-04-10 15:00:00,379.15,26.0,3
2025-04-10 07:00:00,9,2025-04-10 16:00:00,379.14,25.3,3
2025-04-10 07:00:00,10,2025-04-10 17:00:00,379.14,24.9,3
2025-04-10 07:00:00,11,2025-04-10 18:00:00,379.13,24.4,3
2025-04-10 07:00:00,12,2025-04-10 19:00:00,379.12,24.0,3
2025-04-11 07:00:00,7,2025-04-11 14:00:00,379.16,26.8,3
2025-04-11 07:00:00,8,2025-04-11 15:00:00,379.15,26.0,3
2025-04-11 07:00:00,9,2025-04-11 16:00:00,379.14,25.4,3
2025-04-11 07:00:00,10,2025-04-11 17:00:00,379.14,25.1,3
2025-04-11 07:00:00,11,2025-04-11 18:00:00,379.13,24.8,3
2025-04-11 07:00:00,12,2025-04-11 19:00:00,379.13,24.8,3
2025-04-12 07:00:00,7,2025-04-12 14:00:00,379.14,25.5,3
2025-04-12 07:00:00,8,2025-04-12 15:00:00,379.13,24.7,3
2025-04-12 07:00:00,9,2025-04-12 16:00:00,379.13,24.5,3
2025-04-12 07:00:00,10,2025-04-12 17:00:00,379.13,24.1,3
2025-04-12 07:00:00,11,2025-04-12 18:00:00,379.12,23.8,3
2025-04-12 07:00:00,12,2025-04-12 19:00:00,379.12,23.9,3
2025-04-13 07:00:00,7,2025-04-13 14:00:00,379.23,32.4,3
2025-04-13 07:00:00,8,2025-04-13 15:00:00,379.23,32.4,3
2025-04-13 07:00:00,9,2025-04-13 16:00:00,379.23,32.9,3
2025-04-13 07:00:00,10,2025-04-13 17:00:00,379.24,33.5,3
2025-04-13 07:00:00,11,2025-04-13 18:00:00,379.25,34.3,3
2025-04-13 07:00:00,12,2025-04-13 19:00:00,379.27,35.8,3
2025-04-14 07:00:00,7,2025-04-14 14:00:00,379.39,47.7,3
2025-04-14 07:00:00,8,2025-04-14 15:00:00,379.37,46.1,3
2025-04-14 07:00:00,9,2025-04-14 16:00:00,379.36,44.8,3
2025-04-14 07:00:00,10,2025-04-14 17:00:00,379.35,43.8,3
2025-04-14 07:00:00,11,2025-04-14 18:00:00,379.35,43.4,3
2025-04-14 07:00:00,12,2025-04-14 19:00:00,379.34,43.3,3
2025-04-15 07:00:00,7,2025-04-15 14:00:00,379.57,68.1,3
2025-04-15 07:00:00,8,2025-04-15 15:00:00,379.57,67.4,3
2025-04-15 07:00:00,9,2025-04-15 16:00:00,379.57,67.2,3
2025-04-15 07:00:00,10,2025-04-15 17:00:00,379.57,67.6,3
2025-04-15 07:00:00,11,2025-04-15 18:00:00,379.57,68.0,3
2025-04-15 07:00:00,12,2025-04-15 19:00:00,379.58,68.5,3
2025-04-16 07:00:00,7,2025-04-16 14:00:00,379.63,75.0,3
2025-04-16 07:00:00,8,2025-04-16 15:00:00,379.63,74.9,3
2025-04-16 07:00:00,9,2025-04-16 16:00:00,379.64,75.5,3
2025-04-16 07:00:00,10,2025-04-16 17:00:00,379.65,76.4,3
2025-04-16 07:00:00,11,2025-04-16 18:00:00,379.66,78.0,3
2025-04-16 07:00:00,12,2025-04-16 19:00:00,379.67,79.8,3
2025-04-17 07:00:00,7,2025-04-17 14:00:00,379.95,113.7,3
2025-04-17 07:00:00,8,2025-04-17 15:00:00,379.94,113.0,3
2025-04-17 07:00:00,9,2025-04-17 16:00:00,379.93,112.1,3
2025-04-17 07:00:00,10,2025-04-17 17:00:00,379.92,111.0,3
2025-04-17 07:00:00,11,2025-04-17 18:00:00,379.92,110.9,3
2025-04-17 07:00:00,12,2025-04-17 19:00:00,379.9,108.2,3
2025-04-18 07:00:00,7,2025-04-18 14:00:00,379.7,83.3,3
2025-04-18 07:00:00,8,2025-04-18 15:00:00,379.7,82.6,3
2025-04-18 07:00:00,9,2025-04-18 16:00:00,379.7,82.3,3
2025-04-18 07:00:00,10,2025-04-18 17:00:00,379.7,82.4,3
2025-04-18 07:00:00,11,2025-04-18 18:00:00,379.7,82.6,3
2025-04-18 07:00:00,12,2025-04-18 19:00:00,379.71,83.6,3
2025-04-19 07:00:00,7,2025-04-19 14:00:00,379.67,78.8,3
2025-04-19 07:00:00,8,2025-04-19 15:00:00,379.67,79.4,3
2025-04-19 07:00:00,9,2025-04-19 16:00:00,379.68,80.2,3
2025-04-19 07:00:00,10,2025-04-19 17:00:00,379.68,80.9,3
2025-04-19 07:00:00,11,2025-04-19 18:00:00,379.69,82.2,3
2025-04-19 07:00:00,12,2025-04-19 19:00:00,379.71,84.0,3
2025-04-20 07:00:00,7,2025-04-20 14:00:00,379.67,79.1,3
2025-04-20 07:00:00,8,2025-04-20 15:00:00,379.67,79.4,3
2025-04-20 07:00:00,9,2025-04-20 16:00:00,379.67,79.3,3
2025-04-20 07:00:00,10,2025-04-20 17:00:00,379.68,80.3,3
2025-04-20 07:00:00,11,2025-04-20 18:00:00,379.7,82.6,3
2025-04-20 07:00:00,12,2025-04-20 19:00:00,379.73,86.2,3
2025-04-21 07:00:00,7,2025-04-21 14:00:00,379.57,67.2,3
2025-04-21 07:00:00,8,2025-04-21 15:00:00,379.56,66.4,3
2025-04-21 07:00:00,9,2025-04-21 16:00:00,379.55,65.8,3
2025-04-21 07:00:00,10,2025-04-21 17:00:00,379.55,65.1,3
2025-04-21 07:00:00,11,2025-04-21 18:00:00,379.54,64.6,3
2025-04-21 07:00:00,12,2025-04-21 19:00:00,379.54,64.2,3
2025-04-22 07:00:00,7,2025-04-22 14:00:00,379.45,53.8,3
2025-04-22 07:00:00,8,2025-04-22 15:00:00,379.44,53.4,3
2025-04-22 07:00:00,9,2025-04-22 16:00:00,379.44,53.2,3
2025-04-22 07:00:00,10,2025-04-22 17:00:00,379.44,52.8,3
2025-04-22 07:00:00,11,2025-04-22 18:00:00,379.43,52.5,3
2025-04-22 07:00:00,12,2025-04-22 19:00:00,379.43,52.3,3
2025-04-23 07:00:00,7,2025-04-23 14:00:00,379.41,49.5,3
2025-04-23 07:00:00,8,2025-04-23 15:00:00,379.41,49.5,3
2025-04-23 07:00:00,9,2025-04-23 16:00:00,379.41,49.5,3
2025-04-23 07:00:00,10,2025-04-23 17:00:00,379.41,49.5,3
2025-04-23 07:00:00,11,2025-04-23 18:00:00,379.41,49.7,3
2025-04-23 07:00:00,12,2025-04-23 19:00:00,379.41,50.2,3
2025-04-24 07:00:00,7,2025-04-24 14:00:00,379.42,50.7,3
2025-04-24 07:00:00,8,2025-04-24 15:00:00,379.41,50.3,3
2025-04-24 07:00:00,9,2025-04-24 16:00:00,379.41,49.8,3
2025-04-24 07:00:00,10,2025-04-24 17:00:00,379.41,49.5,3
2025-04-24 07:00:00,11,2025-04-24 18:00:00,379.4,49.2,3
2025-04-24 07:00:00,12,2025-04-24 19:00:00,379.41,49.5,3
2025-04-25 07:00:00,7,2025-04-25 14:00:00,379.43,52.4,3
2025-04-25 07:00:00,8,2025-04-25 15:00:00,379.43,52.2,3
2025-04-25 07:00:00,9,2025-04-25 16:00:00,379.43,52.1,3
2025-04-25 07:00:00,10,2025-04-25 17:00:00,379.43,51.8,3
2025-04-25 07:00:00,11,2025-04-25 18:00:00,379.43,51.6,3
2025-04-25 07:00:00,12,2025-04-25 19:00:00,379.43,51.6,3
2025-04-26 07:00:00,7,2025-04-26 14:00:00,379.36,44.4,3
2025-04-26 07:00:00,8,2025-04-26 15:00:00,379.36,44.3,3
2025-04-26 07:00:00,9,2025-04-26 16:00:00,379.35,44.2,3
2025-04-26 07:00:00,10,2025-04-26 17:00:00,379.35,44.1,3
2025-04-26 07:00:00,11,2025-04-26 18:00:00,379.35,44.1,3
2025-04-26 07:00:00,12,2025-04-26 19:00:00,379.35,44.0,3
2025-04-27 07:00:00,7,2025-04-27 14:00:00,379.4,49.0,3
2025-04-27 07:00:00,8,2025-04-27 15:00:00,379.4,48.7,3
2025-04-27 07:00:00,9,2025-04-27 16:00:00,379.4,48.8,3
2025-04-27 07:00:00,10,2025-04-27 17:00:00,379.4,48.8,3
2025-04-27 07:00:00,11,2025-04-27 18:00:00,379.4,49.0,3
2025-04-27 07:00:00,12,2025-04-27 19:00:00,379.4,49.3,3
2025-04-28 07:00:00,7,2025-04-28 14:00:00,379.45,54.7,3
2025-04-28 07:00:00,8,2025-04-28 15:00:00,379.45,54.2,3
2025-04-28 07:00:00,9,2025-04-28 16:00:00,379.45,53.8,3
2025-04-28 07:00:00,10,2025-04-28 17:00:00,379.44,53.5,3
2025-04-28 07:00:00,11,2025-04-28 18:00:00,379.44,53.4,3
2025-04-28 07:00:00,12,2025-04-28 19:00:00,379.44,53.3,3
2025-04-29 07:00:00,7,2025-04-29 14:00:00,379.49,58.1,3
2025-04-29 07:00:00,8,2025-04-29 15:00:00,379.48,57.5,3
2025-04-29 07:00:00,9,2025-04-29 16:00:00,379.48,57.0,3
2025-04-29 07:00:00,10,2025-04-29 17:00:00,379.47,56.5,3
2025-04-29 07:00:00,11,2025-04-29 18:00:00,379.47,56.1,3
2025-04-29 07:00:00,12,2025-04-29 19:00:00,379.47,55.8,3
2025-04-30 07:00:00,7,2025-04-30 14:00:00,379.5,60.2,3
2025-04-30 07:00:00,8,2025-04-30 15:00:00,379.5,59.5,3
2025-04-30 07:00:00,9,2025-04-30 16:00:00,379.49,58.8,3
2025-04-30 07:00:00,10,2025-04-30 17:00:00,379.49,58.4,3
2025-04-30 07:00:00,11,2025-04-30 18:00:00,379.48,57.9,3
2025-04-30 07:00:00,12,2025-04-30 19:00:00,379.48,57.6,3
2025-05-01 07:00:00,7,2025-05-01 14:00:00,379.55,64.8,3
2025-05-01 07:00:00,8,2025-05-01 15:00:00,379.54,64.1,3
2025-05-01 07:00:00,9,2025-05-01 16:00:00,379.53,63.5,3
2025-05-01 07:00:00,10,2025-05-01 17:00:00,379.53,63.3,3
2025-05-01 07:00:00,11,2025-05-01 18:00:00,379.53,62.9,3
2025-05-01 07:00:00,12,2025-05-01 19:00:00,379.53,62.7,3
2025-05-02 07:00:00,7,2025-05-02 14:00:00,379.59,70.2,3
2025-05-02 07:00:00,8,2025-05-02 15:00:00,379.58,69.0,3
2025-05-02 07:00:00,9,2025-05-02 16:00:00,379.57,68.1,3
2025-05-02 07:00:00,10,2025-05-02 17:00:00,379.57,67.4,3
2025-05-02 07:00:00,11,2025-05-02 18:00:00,379.56,66.8,3
2025-05-02 07:00:00,12,2025-05-02 19:00:00,379.56,66.4,3
2025-05-03 07:00:00,7,2025-05-03 14:00:00,379.65,77.2,3
2025-05-03 07:00:00,8,2025-05-03 15:00:00,379.65,76.8,3
2025-05-03 07:00:00,9,2025-05-03 16:00:00,379.65,76.7,3
2025-05-03 07:00:00,10,2025-05-03 17:00:00,379.65,76.9,3
2025-05-03 07:00:00,11,2025-05-03 18:00:00,379.65,77.4,3
2025-05-03 07:00:00,12,2025-05-03 19:00:00,379.66,78.3,3
2025-05-04 07:00:00,7,2025-05-04 14:00:00,380.42,181.5,3
2025-05-04 07:00:00,8,2025-05-04 15:00:00,380.35,171.2,3
2025-05-04 07:00:00,9,2025-05-04 16:00:00,380.3,163.9,3
2025-05-04 07:00:00,10,2025-05-04 17:00:00,380.27,159.6,3
2025-05-04 07:00:00,11,2025-05-04 18:00:00,380.25,156.7,3
2025-05-04 07:00:00,12,2025-05-04 19:00:00,380.24,154.8,3
2025-05-05 07:00:00,7,2025-05-05 14:00:00,380.37,175.0,3
2025-05-05 07:00:00,8,2025-05-05 15:00:00,380.33,168.7,3
2025-05-05 07:00:00,9,2025-05-05 16:00:00,380.3,163.9,3
2025-05-05 07:00:00,10,2025-05-05 17:00:00,380.27,158.7,3
2025-05-05 07:00:00,11,2025-05-05 18:00:00,380.24,154.1,3
2025-05-05 07:00:00,12,2025-05-05 19:00:00,380.2,149.2,3
2025-05-06 07:00:00,7,2025-05-06 14:00:00,380.08,132.5,3
2025-05-06 07:00:00,8,2025-05-06 15:00:00,380.06,129.4,3
2025-05-06 07:00:00,9,2025-05-06 16:00:00,380.04,126.5,3
2025-05-06 07:00:00,10,2025-05-06 17:00:00,380.02,123.6,3
2025-05-06 07:00:00,11,2025-05-06 18:00:00,380.0,121.0,3
2025-05-06 07:00:00,12,2025-05-06 19:00:00,379.98,118.4,3
2025-05-07 07:00:00,7,2025-05-07 14:00:00,379.92,111.0,3
2025-05-07 07:00:00,8,2025-05-07 15:00:00,379.94,112.7,3
2025-05-07 07:00:00,9,2025-05-07 16:00:00,379.96,115.3,3
2025-05-07 07:00:00,10,2025-05-07 17:00:00,379.96,115.6,3
2025-05-07 07:00:00,11,2025-05-07 18:00:00,379.95,114.3,3
2025-05-07 07:00:00,12,2025-05-07 19:00:00,379.94,113.2,3
2025-05-08 07:00:00,7,2025-05-08 14:00:00,379.72,85.3,3
2025-05-08 07:00:00,8,2025-05-08 15:00:00,379.71,84.4,3
2025-05-08 07:00:00,9,2025-05-08 16:00:00,379.71,83.5,3
2025-05-08 07:00:00,10,2025-05-08 17:00:00,379.7,82.7,3
2025-05-08 07:00:00,11,2025-05-08 18:00:00,379.69,82.1,3
2025-05-08 07:00:00,12,2025-05-08 19:00:00,379.69,81.5,3
2025-05-09 07:00:00,7,2025-05-09 14:00:00,379.62,73.5,3
2025-05-09 07:00:00,8,2025-05-09 15:00:00,379.62,73.3,3
2025-05-09 07:00:00,9,2025-05-09 16:00:00,379.62,73.1,3
2025-05-09 07:00:00,10,2025-05-09 17:00:00,379.62,72.8,3
2025-05-09 07:00:00,11,2025-05-09 18:00:00,379.61,72.6,3
2025-05-09 07:00:00,12,2025-05-09 19:00:00,379.61,72.2,3
2025-05-10 07:00:00,7,2025-05-10 14:00:00,379.57,67.1,3
2025-05-10 07:00:00,8,2025-05-10 15:00:00,379.56,66.6,3
2025-05-10 07:00:00,9,2025-05-10 16:00:00,379.56,65.9,3
2025-05-10 07:00:00,10,2025-05-10 17:00:00,379.55,65.3,3
2025-05-10 07:00:00,11,2025-05-10 18:00:00,379.55,64.9,3
2025-05-10 07:00:00,12,2025-05-10 19:00:00,379.54,64.5,3
2025-05-11 07:00:00,7,2025-05-11 14:00:00,379.55,65.2,3
2025-05-11 07:00:00,8,2025-05-11 15:00:00,379.54,64.5,3
2025-05-11 07:00:00,9,2025-05-11 16:00:00,379.54,63.8,3
2025-05-11 07:00:00,10,2025-05-11 17:00:00,379.53,63.3,3
2025-05-11 07:00:00,11,2025-05-11 18:00:00,379.53,63.0,3
2025-05-11 07:00:00,12,2025-05-11 19:00:00,379.53,62.6,3
2025-05-12 07:00:00,7,2025-05-12 14:00:00,379.71,84.2,3
2025-05-12 07:00:00,8,2025-05-12 15:00:00,379.69,81.9,3
2025-05-12 07:00:00,9,2025-05-12 16:00:00,379.68,80.7,3
2025-05-12 07:00:00,10,2025-05-12 17:00:00,379.68,80.1,3
2025-05-12 07:00:00,11,2025-05-12 18:00:00,379.68,79.9,3
2025-05-12 07:00:00,12,2025-05-12 19:00:00,379.67,79.3,3
2025-05-13 07:00:00,7,2025-05-13 14:00:00,379.67,79.0,3
2025-05-13 07:00:00,8,2025-05-13 15:00:00,379.66,77.8,3
2025-05-13 07:00:00,9,2025-05-13 16:00:00,379.65,76.4,3
2025-05-13 07:00:00,10,2025-05-13 17:00:00,379.64,75.3,3
2025-05-13 07:00:00,11,2025-05-13 18:00:00,379.63,74.3,3
2025-05-13 07:00:00,12,2025-05-13 19:00:00,379.62,73.6,3
2025-05-14 07:00:00,7,2025-05-14 14:00:00,379.69,82.1,3
2025-05-14 07:00:00,8,2025-05-14 15:00:00,379.68,80.7,3
2025-05-14 07:00:00,9,2025-05-14 16:00:00,379.67,79.4,3
2025-05-14 07:00:00,10,2025-05-14 17:00:00,379.66,78.3,3
2025-05-14 07:00:00,11,2025-05-14 18:00:00,379.66,77.6,3
2025-05-14 07:00:00,12,2025-05-14 19:00:00,379.65,76.9,3
2025-05-15 07:00:00,7,2025-05-15 14:00:00,379.59,69.9,3
2025-05-15 07:00:00,8,2025-05-15 15:00:00,379.58,69.2,3
2025-05-15 07:00:00,9,2025-05-15 16:00:00,379.57,68.2,3
2025-05-15 07:00:00,10,2025-05-15 17:00:00,379.57,67.2,3
2025-05-15 07:00:00,11,2025-05-15 18:00:00,379.56,66.3,3
2025-05-15 07:00:00,12,2025-05-15 19:00:00,379.55,65.6,3
2025-05-16 07:00:00,7,2025-05-16 14:00:00,379.6,70.8,3
2025-05-16 07:00:00,8,2025-05-16 15:00:00,379.59,69.7,3
2025-05-16 07:00:00,9,2025-05-16 16:00:00,379.58,68.6,3
2025-05-16 07:00:00,10,2025-05-16 17:00:00,379.57,67.5,3
2025-05-16 07:00:00,11,2025-05-16 18:00:00,379.56,66.5,3
2025-05-16 07:00:00,12,2025-05-16 19:00:00,379.55,65.6,3
2025-05-17 07:00:00,7,2025-05-17 14:00:00,379.51,61.0,3
2025-05-17 07:00:00,8,2025-05-17 15:00:00,379.5,59.9,3
2025-05-17 07:00:00,9,2025-05-17 16:00:00,379.49,58.7,3
2025-05-17 07:00:00,10,2025-05-17 17:00:00,379.48,57.6,3
2025-05-17 07:00:00,11,2025-05-17 18:00:00,379.47,56.7,3
2025-05-17 07:00:00,12,2025-05-17 19:00:00,379.46,55.7,3
2025-05-18 07:00:00,7,2025-05-18 14:00:00,379.43,51.8,3
2025-05-18 07:00:00,8,2025-05-18 15:00:00,379.42,51.1,3
2025-05-18 07:00:00,9,2025-05-18 16:00:00,379.41,50.4,3
2025-05-18 07:00:00,10,2025-05-18 17:00:00,379.41,49.7,3
2025-05-18 07:00:00,11,2025-05-18 18:00:00,379.4,49.0,3
2025-05-18 07:00:00,12,2025-05-18 19:00:00,379.4,48.4,3
2025-05-19 07:00:00,7,2025-05-19 14:00:00,379.43,51.8,3
2025-05-19 07:00:00,8,2025-05-19 15:00:00,379.42,50.9,3
2025-05-19 07:00:00,9,2025-05-19 16:00:00,379.41,50.1,3
2025-05-19 07:00:00,10,2025-05-19 17:00:00,379.4,49.3,3
2025-05-19 07:00:00,11,2025-05-19 18:00:00,379.4,48.7,3
2025-05-19 07:00:00,12,2025-05-19 19:00:00,379.39,48.3,3
2025-05-20 07:00:00,7,2025-05-20 14:00:00,379.53,62.9,3
2025-05-20 07:00:00,8,2025-05-20 15:00:00,379.53,62.9,3
2025-05-20 07:00:00,9,2025-05-20 16:00:00,379.53,63.5,3
2025-05-20 07:00:00,10,2025-05-20 17:00:00,379.55,65.2,3
2025-05-20 07:00:00,11,2025-05-20 18:00:00,379.56,66.8,3
2025-05-20 07:00:00,12,2025-05-20 19:00:00,379.57,67.1,3
2025-05-21 07:00:00,7,2025-05-21 14:00:00,379.62,73.5,3
2025-05-21 07:00:00,8,2025-05-21 15:00:00,379.62,72.8,3
2025-05-21 07:00:00,9,2025-05-21 16:00:00,379.61,72.0,3
2025-05-21 07:00:00,10,2025-05-21 17:00:00,379.61,72.1,3
2025-05-21 07:00:00,11,2025-05-21 18:00:00,379.61,72.4,3
2025-05-21 07:00:00,12,2025-05-21 19:00:00,379.61,72.2,3
2025-05-22 07:00:00,7,2025-05-22 14:00:00,380.16,143.2,3
2025-05-22 07:00:00,8,2025-05-22 15:00:00,380.16,143.3,3
2025-05-22 07:00:00,9,2025-05-22 16:00:00,380.15,141.1,3
2025-05-22 07:00:00,10,2025-05-22 17:00:00,380.12,137.0,3
2025-05-22 07:00:00,11,2025-05-22 18:00:00,380.09,133.2,3
2025-05-22 07:00:00,12,2025-05-22 19:00:00,380.06,129.2,3
2025-05-23 07:00:00,7,2025-05-23 14:00:00,379.75,88.3,3
2025-05-23 07:00:00,8,2025-05-23 15:00:00,379.73,85.9,3
2025-05-23 07:00:00,9,2025-05-23 16:00:00,379.71,83.8,3
2025-05-23 07:00:00,10,2025-05-23 17:00:00,379.69,81.8,3
2025-05-23 07:00:00,11,2025-05-23 18:00:00,379.68,80.1,3
2025-05-23 07:00:00,12,2025-05-23 19:00:00,379.66,78.6,3
2025-05-24 07:00:00,7,2025-05-24 14:00:00,379.58,69.1,3
2025-05-24 07:00:00,8,2025-05-24 15:00:00,379.58,68.3,3
2025-05-24 07:00:00,9,2025-05-24 16:00:00,379.57,67.4,3
2025-05-24 07:00:00,10,2025-05-24 17:00:00,379.56,66.5,3
2025-05-24 07:00:00,11,2025-05-24 18:00:00,379.55,65.7,3
2025-05-24 07:00:00,12,2025-05-24 19:00:00,379.55,64.9,3
2025-05-25 07:00:00,7,2025-05-25 14:00:00,379.5,59.7,3
2025-05-25 07:00:00,8,2025-05-25 15:00:00,379.49,59.0,3
2025-05-25 07:00:00,9,2025-05-25 16:00:00,379.49,58.4,3
2025-05-25 07:00:00,10,2025-05-25 17:00:00,379.48,57.8,3
2025-05-25 07:00:00,11,2025-05-25 18:00:00,379.48,57.2,3
2025-05-25 07:00:00,12,2025-05-25 19:00:00,379.47,56.6,3
2025-05-26 07:00:00,7,2025-05-26 14:00:00,379.58,69.1,3
2025-05-26 07:00:00,8,2025-05-26 15:00:00,379.59,69.7,3
2025-05-26 07:00:00,9,2025-05-26 16:00:00,379.59,69.8,3
2025-05-26 07:00:00,10,2025-05-26 17:00:00,379.59,70.2,3
2025-05-26 07:00:00,11,2025-05-26 18:00:00,379.59,69.7,3
2025-05-26 07:00:00,12,2025-05-26 19:00:00,379.58,68.8,3
2025-05-27 07:00:00,7,2025-05-27 14:00:00,379.6,71.6,3
2025-05-27 07:00:00,8,2025-05-27 15:00:00,379.6,70.8,3
2025-05-27 07:00:00,9,2025-05-27 16:00:00,379.59,69.8,3
2025-05-27 07:00:00,10,2025-05-27 17:00:00,379.58,68.9,3
2025-05-27 07:00:00,11,2025-05-27 18:00:00,379.57,68.0,3
2025-05-27 07:00:00,12,2025-05-27 19:00:00,379.57,67.1,3
2025-05-28 07:00:00,7,2025-05-28 14:00:00,379.55,65.1,3
2025-05-28 07:00:00,8,2025-05-28 15:00:00,379.54,64.3,3
2025-05-28 07:00:00,9,2025-05-28 16:00:00,379.54,63.6,3
2025-05-28 07:00:00,10,2025-05-28 17:00:00,379.53,62.9,3
2025-05-28 07:00:00,11,2025-05-28 18:00:00,379.52,62.2,3
2025-05-28 07:00:00,12,2025-05-28 19:00:00,379.52,61.6,3
2025-05-29 07:00:00,7,2025-05-29 14:00:00,379.78,92.7,3
2025-05-29 07:00:00,8,2025-05-29 15:00:00,379.75,89.1,3
2025-05-29 07:00:00,9,2025-05-29 16:00:00,379.73,86.0,3
2025-05-29 07:00:00,10,2025-05-29 17:00:00,379.71,83.6,3
2025-05-29 07:00:00,11,2025-05-29 18:00:00,379.69,81.5,3
2025-05-29 07:00:00,12,2025-05-29 19:00:00,379.67,79.6,3
2025-05-30 07:00:00,7,2025-05-30 14:00:00,379.77,90.9,3
2025-05-30 07:00:00,8,2025-05-30 15:00:00,379.75,89.4,3
2025-05-30 07:00:00,9,2025-05-30 16:00:00,379.74,87.9,3
2025-05-30 07:00:00,10,2025-05-30 17:00:00,379.73,86.5,3
2025-05-30 07:00:00,11,2025-05-30 18:00:00,379.72,85.0,3
2025-05-30 07:00:00,12,2025-05-30 19:00:00,379.71,83.7,3
2025-05-31 07:00:00,7,2025-05-31 14:00:00,379.77,91.0,3
2025-05-31 07:00:00,8,2025-05-31 15:00:00,379.75,89.4,3
2025-05-31 07:00:00,9,2025-05-31 16:00:00,379.74,88.3,3
2025-05-31 07:00:00,10,2025-05-31 17:00:00,379.73,86.8,3
2025-05-31 07:00:00,11,2025-05-31 18:00:00,379.72,85.3,3
2025-05-31 07:00:00,12,2025-05-31 19:00:00,379.71,84.1,3
2025-06-01 07:00:00,7,2025-06-01 14:00:00,379.86,102.9,3
2025-06-01 07:00:00,8,2025-06-01 15:00:00,379.84,100.7,3
2025-06-01 07:00:00,9,2025-06-01 16:00:00,379.83,98.7,3
2025-06-01 07:00:00,10,2025-06-01 17:00:00,379.81,96.9,3
2025-06-01 07:00:00,11,2025-06-01 18:00:00,379.8,95.3,3
2025-06-01 07:00:00,12,2025-06-01 19:00:00,379.79,93.9,3
2025-06-02 07:00:00,7,2025-06-02 14:00:00,380.21,150.5,3
2025-06-02 07:00:00,8,2025-06-02 15:00:00,380.35,171.4,3
2025-06-02 07:00:00,9,2025-06-02 16:00:00,380.37,174.4,3
2025-06-02 07:00:00,10,2025-06-02 17:00:00,380.36,172.5,3
2025-06-02 07:00:00,11,2025-06-02 18:00:00,380.33,168.0,3
2025-06-02 07:00:00,12,2025-06-02 19:00:00,380.29,162.2,3
2025-06-03 07:00:00,7,2025-06-03 14:00:00,380.08,131.5,3
2025-06-03 07:00:00,8,2025-06-03 15:00:00,380.05,127.6,3
2025-06-03 07:00:00,9,2025-06-03 16:00:00,380.02,124.3,3
2025-06-03 07:00:00,10,2025-06-03 17:00:00,380.01,122.0,3
2025-06-03 07:00:00,11,2025-06-03 18:00:00,379.99,119.5,3
2025-06-03 07:00:00,12,2025-06-03 19:00:00,379.97,117.1,3
2025-06-04 07:00:00,7,2025-06-04 14:00:00,380.13,139.1,3
2025-06-04 07:00:00,8,2025-06-04 15:00:00,380.12,137.0,3
2025-06-04 07:00:00,9,2025-06-04 16:00:00,380.1,135.2,3
2025-06-04 07:00:00,10,2025-06-04 17:00:00,380.11,136.3,3
2025-06-04 07:00:00,11,2025-06-04 18:00:00,380.09,133.7,3
2025-06-04 07:00:00,12,2025-06-04 19:00:00,380.1,135.1,3
2025-06-05 07:00:00,7,2025-06-05 14:00:00,380.08,131.4,3
2025-06-05 07:00:00,8,2025-06-05 15:00:00,380.08,132.6,3
2025-06-05 07:00:00,9,2025-06-05 16:00:00,380.08,131.5,3
2025-06-05 07:00:00,10,2025-06-05 17:00:00,380.05,127.9,3
2025-06-05 07:00:00,11,2025-06-05 18:00:00,380.02,123.7,3
2025-06-05 07:00:00,12,2025-06-05 19:00:00,379.99,119.9,3
2025-06-06 07:00:00,7,2025-06-06 14:00:00,379.9,113.5,3
2025-06-06 07:00:00,8,2025-06-06 15:00:00,379.89,111.8,3
2025-06-06 07:00:00,9,2025-06-06 16:00:00,379.88,110.3,3
2025-06-06 07:00:00,10,2025-06-06 17:00:00,379.87,108.8,3
2025-06-06 07:00:00,11,2025-06-06 18:00:00,379.86,107.6,3
2025-06-06 07:00:00,12,2025-06-06 19:00:00,379.84,106.3,3
2025-06-07 07:00:00,7,2025-06-07 14:00:00,381.47,381.5,3
2025-06-07 07:00:00,8,2025-06-07 15:00:00,381.43,370.6,3
2025-06-07 07:00:00,9,2025-06-07 16:00:00,381.37,358.3,3
2025-06-07 07:00:00,10,2025-06-07 17:00:00,381.32,348.3,3
2025-06-07 07:00:00,11,2025-06-07 18:00:00,381.25,332.7,3
2025-06-07 07:00:00,12,2025-06-07 19:00:00,381.16,314.0,3
2025-06-08 07:00:00,7,2025-06-08 14:00:00,380.49,194.6,3
2025-06-08 07:00:00,8,2025-06-08 15:00:00,380.46,190.3,3
2025-06-08 07:00:00,9,2025-06-08 16:00:00,380.42,185.0,3
2025-06-08 07:00:00,10,2025-06-08 17:00:00,380.39,180.4,3
2025-06-08 07:00:00,11,2025-06-08 18:00:00,380.36,175.5,3
2025-06-08 07:00:00,12,2025-06-08 19:00:00,380.33,171.3,3
2025-06-09 07:00:00,7,2025-06-09 14:00:00,380.02,127.9,3
2025-06-09 07:00:00,8,2025-06-09 15:00:00,380.0,125.8,3
2025-06-09 07:00:00,9,2025-06-09 16:00:00,379.98,123.5,3
2025-06-09 07:00:00,10,2025-06-09 17:00:00,379.96,120.9,3
2025-06-09 07:00:00,11,2025-06-09 18:00:00,379.94,118.3,3
2025-06-09 07:00:00,12,2025-06-09 19:00:00,379.92,115.9,3
2025-06-10 07:00:00,7,2025-06-10 14:00:00,379.83,104.0,3
2025-06-10 07:00:00,8,2025-06-10 15:00:00,379.81,102.6,3
2025-06-10 07:00:00,9,2025-06-10 16:00:00,379.8,101.4,3
2025-06-10 07:00:00,10,2025-06-10 17:00:00,379.79,99.7,3
2025-06-10 07:00:00,11,2025-06-10 18:00:00,379.77,97.8,3
2025-06-10 07:00:00,12,2025-06-10 19:00:00,379.76,96.0,3
2025-06-11 07:00:00,7,2025-06-11 14:00:00,379.76,96.7,3
2025-06-11 07:00:00,8,2025-06-11 15:00:00,379.74,94.6,3
2025-06-11 07:00:00,9,2025-06-11 16:00:00,379.73,93.0,3
2025-06-11 07:00:00,10,2025-06-11 17:00:00,379.71,91.1,3
2025-06-11 07:00:00,11,2025-06-11 18:00:00,379.7,89.1,3
2025-06-11 07:00:00,12,2025-06-11 19:00:00,379.68,87.3,3
2025-06-12 07:00:00,7,2025-06-12 14:00:00,379.68,87.2,3
2025-06-12 07:00:00,8,2025-06-12 15:00:00,379.67,86.1,3
2025-06-12 07:00:00,9,2025-06-12 16:00:00,379.66,84.7,3
2025-06-12 07:00:00,10,2025-06-12 17:00:00,379.65,83.5,3
2025-06-12 07:00:00,11,2025-06-12 18:00:00,379.63,81.9,3
2025-06-12 07:00:00,12,2025-06-12 19:00:00,379.62,80.3,3
2025-06-13 07:00:00,7,2025-06-13 14:00:00,379.69,88.3,3
2025-06-13 07:00:00,8,2025-06-13 15:00:00,379.68,87.2,3
2025-06-13 07:00:00,9,2025-06-13 16:00:00,379.67,86.2,3
2025-06-13 07:00:00,10,2025-06-13 17:00:00,379.66,84.9,3
2025-06-13 07:00:00,11,2025-06-13 18:00:00,379.65,83.8,3
2025-06-13 07:00:00,12,2025-06-13 19:00:00,379.64,82.6,3
2025-06-14 07:00:00,7,2025-06-14 14:00:00,379.78,98.3,3
2025-06-14 07:00:00,8,2025-06-14 15:00:00,379.76,96.8,3
2025-06-14 07:00:00,9,2025-06-14 16:00:00,379.75,95.7,3
2025-06-14 07:00:00,10,2025-06-14 17:00:00,379.74,94.0,3
2025-06-14 07:00:00,11,2025-06-14 18:00:00,379.73,92.5,3
2025-06-14 07:00:00,12,2025-06-14 19:00:00,379.72,91.7,3
2025-06-15 07:00:00,7,2025-06-15 14:00:00,379.78,99.2,3
2025-06-15 07:00:00,8,2025-06-15 15:00:00,379.77,98.0,3
2025-06-15 07:00:00,9,2025-06-15 16:00:00,379.77,97.0,3
2025-06-15 07:00:00,10,2025-06-15 17:00:00,379.75,95.4,3
2025-06-15 07:00:00,11,2025-06-15 18:00:00,379.75,94.8,3
2025-06-15 07:00:00,12,2025-06-15 19:00:00,379.74,94.2,3
2025-06-16 07:00:00,7,2025-06-16 14:00:00,379.72,92.0,3
2025-06-16 07:00:00,8,2025-06-16 15:00:00,379.71,90.4,3
2025-06-16 07:00:00,9,2025-06-16 16:00:00,379.69,88.9,3
2025-06-16 07:00:00,10,2025-06-16 17:00:00,379.68,87.7,3
2025-06-16 07:00:00,11,2025-06-16 18:00:00,379.67,86.2,3
2025-06-16 07:00:00,12,2025-06-16 19:00:00,379.66,85.4,3
2025-06-17 07:00:00,7,2025-06-17 14:00:00,379.59,77.2,3
2025-06-17 07:00:00,8,2025-06-17 15:00:00,379.58,76.2,3
2025-06-17 07:00:00,9,2025-06-17 16:00:00,379.57,75.6,3
2025-06-17 07:00:00,10,2025-06-17 17:00:00,379.55,73.8,3
2025-06-17 07:00:00,11,2025-06-17 18:00:00,379.54,72.3,3
2025-06-17 07:00:00,12,2025-06-17 19:00:00,379.52,70.7,3
2025-06-18 07:00:00,7,2025-06-18 14:00:00,379.52,69.8,3
2025-06-18 07:00:00,8,2025-06-18 15:00:00,379.51,68.8,3
2025-06-18 07:00:00,9,2025-06-18 16:00:00,379.49,67.0,3
2025-06-18 07:00:00,10,2025-06-18 17:00:00,379.48,65.9,3
2025-06-18 07:00:00,11,2025-06-18 18:00:00,379.47,64.7,3
2025-06-18 07:00:00,12,2025-06-18 19:00:00,379.45,62.7,3
2025-06-19 07:00:00,7,2025-06-19 14:00:00,379.52,69.9,3
2025-06-19 07:00:00,8,2025-06-19 15:00:00,379.5,68.1,3
2025-06-19 07:00:00,9,2025-06-19 16:00:00,379.48,66.3,3
2025-06-19 07:00:00,10,2025-06-19 17:00:00,379.46,64.6,3
2025-06-19 07:00:00,11,2025-06-19 18:00:00,379.45,62.7,3
2025-06-19 07:00:00,12,2025-06-19 19:00:00,379.43,61.3,3
2025-06-20 07:00:00,7,2025-06-20 14:00:00,379.5,67.7,3
2025-06-20 07:00:00,8,2025-06-20 15:00:00,379.48,65.9,3
2025-06-20 07:00:00,9,2025-06-20 16:00:00,379.45,63.3,3
2025-06-20 07:00:00,10,2025-06-20 17:00:00,379.43,61.3,3
2025-06-20 07:00:00,11,2025-06-20 18:00:00,379.41,59.0,3
2025-06-20 07:00:00,12,2025-06-20 19:00:00,379.4,57.9,3
2025-06-21 07:00:00,7,2025-06-21 14:00:00,379.48,66.5,3
2025-06-21 07:00:00,8,2025-06-21 15:00:00,379.46,63.7,3
2025-06-21 07:00:00,9,2025-06-21 16:00:00,379.44,61.6,3
2025-06-21 07:00:00,10,2025-06-21 17:00:00,379.42,59.7,3
2025-06-21 07:00:00,11,2025-06-21 18:00:00,379.4,58.2,3
2025-06-21 07:00:00,12,2025-06-21 19:00:00,379.38,56.2,3
2025-06-22 07:00:00,7,2025-06-22 14:00:00,379.46,63.7,3
2025-06-22 07:00:00,8,2025-06-22 15:00:00,379.44,61.8,3
2025-06-22 07:00:00,9,2025-06-22 16:00:00,379.42,60.1,3
2025-06-22 07:00:00,10,2025-06-22 17:00:00,379.4,57.7,3
2025-06-22 07:00:00,11,2025-06-22 18:00:00,379.38,56.0,3
2025-06-22 07:00:00,12,2025-06-22 19:00:00,379.37,55.0,3
2025-06-23 07:00:00,7,2025-06-23 14:00:00,379.44,62.0,3
2025-06-23 07:00:00,8,2025-06-23 15:00:00,379.42,59.8,3
2025-06-23 07:00:00,9,2025-06-23 16:00:00,379.4,58.3,3
2025-06-23 07:00:00,10,2025-06-23 17:00:00,379.38,56.7,3
2025-06-23 07:00:00,11,2025-06-23 18:00:00,379.38,56.0,3
2025-06-23 07:00:00,12,2025-06-23 19:00:00,379.36,54.7,3
2025-06-24 07:00:00,7,2025-06-24 14:00:00,379.42,60.3,3
2025-06-24 07:00:00,8,2025-06-24 15:00:00,379.4,58.6,3
2025-06-24 07:00:00,9,2025-06-24 16:00:00,379.39,56.7,3
2025-06-24 07:00:00,10,2025-06-24 17:00:00,379.37,55.6,3
2025-06-24 07:00:00,11,2025-06-24 18:00:00,379.36,54.4,3
2025-06-24 07:00:00,12,2025-06-24 19:00:00,379.35,52.9,3
2025-06-25 07:00:00,7,2025-06-25 14:00:00,379.37,55.0,3
2025-06-25 07:00:00,8,2025-06-25 15:00:00,379.34,52.5,3
2025-06-25 07:00:00,9,2025-06-25 16:00:00,379.33,51.0,3
2025-06-25 07:00:00,10,2025-06-25 17:00:00,379.3,48.3,3
2025-06-25 07:00:00,11,2025-06-25 18:00:00,379.28,46.5,3
2025-06-25 07:00:00,12,2025-06-25 19:00:00,379.26,44.9,3
2025-06-26 07:00:00,7,2025-06-26 14:00:00,379.33,51.5,3
2025-06-26 07:00:00,8,2025-06-26 15:00:00,379.32,50.7,3
2025-06-26 07:00:00,9,2025-06-26 16:00:00,379.32,50.1,3
2025-06-26 07:00:00,10,2025-06-26 17:00:00,379.3,48.9,3
2025-06-26 07:00:00,11,2025-06-26 18:00:00,379.29,47.6,3
2025-06-26 07:00:00,12,2025-06-26 19:00:00,379.27,46.0,3
2025-06-27 07:00:00,7,2025-06-27 14:00:00,379.33,51.4,3
2025-06-27 07:00:00,8,2025-06-27 15:00:00,379.31,49.7,3
2025-06-27 07:00:00,9,2025-06-27 16:00:00,379.3,48.8,3
2025-06-27 07:00:00,10,2025-06-27 17:00:00,379.29,47.4,3
2025-06-27 07:00:00,11,2025-06-27 18:00:00,379.27,45.9,3
2025-06-27 07:00:00,12,2025-06-27 19:00:00,379.26,44.5,3
2025-06-28 07:00:00,7,2025-06-28 14:00:00,379.34,52.3,3
2025-06-28 07:00:00,8,2025-06-28 15:00:00,379.32,50.7,3
2025-06-28 07:00:00,9,2025-06-28 16:00:00,379.3,48.4,3
2025-06-28 07:00:00,10,2025-06-28 17:00:00,379.28,47.0,3
2025-06-28 07:00:00,11,2025-06-28 18:00:00,379.27,45.9,3
2025-06-28 07:00:00,12,2025-06-28 19:00:00,379.25,44.2,3
2025-06-29 07:00:00,7,2025-06-29 14:00:00,379.35,53.7,3
2025-06-29 07:00:00,8,2025-06-29 15:00:00,379.33,51.0,3
2025-06-29 07:00:00,9,2025-06-29 16:00:00,379.3,48.6,3
2025-06-29 07:00:00,10,2025-06-29 17:00:00,379.28,46.5,3
2025-06-29 07:00:00,11,2025-06-29 18:00:00,379.26,44.7,3
2025-06-29 07:00:00,12,2025-06-29 19:00:00,379.24,42.8,3
2025-06-30 07:00:00,7,2025-06-30 14:00:00,379.46,63.7,3
2025-06-30 07:00:00,8,2025-06-30 15:00:00,379.43,61.0,3
2025-06-30 07:00:00,9,2025-06-30 16:00:00,379.41,59.0,3
2025-06-30 07:00:00,10,2025-06-30 17:00:00,379.39,56.9,3
2025-06-30 07:00:00,11,2025-06-30 18:00:00,379.37,55.5,3
2025-06-30 07:00:00,12,2025-06-30 19:00:00,379.35,53.7,3
2025-07-01 07:00:00,7,2025-07-01 14:00:00,379.54,72.6,3
2025-07-01 07:00:00,8,2025-07-01 15:00:00,379.52,70.0,3
2025-07-01 07:00:00,9,2025-07-01 16:00:00,379.5,68.4,3
2025-07-01 07:00:00,10,2025-07-01 17:00:00,379.49,67.3,3
2025-07-01 07:00:00,11,2025-07-01 18:00:00,379.47,65.3,3
2025-07-01 07:00:00,12,2025-07-01 19:00:00,379.46,64.0,3
2025-07-02 07:00:00,7,2025-07-02 14:00:00,379.5,67.8,3
2025-07-02 07:00:00,8,2025-07-02 15:00:00,379.48,65.7,3
2025-07-02 07:00:00,9,2025-07-02 16:00:00,379.46,63.6,3
2025-07-02 07:00:00,10,2025-07-02 17:00:00,379.44,61.8,3
2025-07-02 07:00:00,11,2025-07-02 18:00:00,379.42,60.2,3
2025-07-02 07:00:00,12,2025-07-02 19:00:00,379.41,59.4,3
2025-07-03 07:00:00,7,2025-07-03 14:00:00,379.35,53.7,3
2025-07-03 07:00:00,8,2025-07-03 15:00:00,379.34,52.7,3
2025-07-03 07:00:00,9,2025-07-03 16:00:00,379.33,51.2,3
2025-07-03 07:00:00,10,2025-07-03 17:00:00,379.31,49.2,3
2025-07-03 07:00:00,11,2025-07-03 18:00:00,379.29,47.8,3
2025-07-03 07:00:00,12,2025-07-03 19:00:00,379.27,46.1,3
2025-07-04 07:00:00,7,2025-07-04 14:00:00,379.4,58.2,3
2025-07-04 07:00:00,8,2025-07-04 15:00:00,379.38,56.2,3
2025-07-04 07:00:00,9,2025-07-04 16:00:00,379.37,54.8,3
2025-07-04 07:00:00,10,2025-07-04 17:00:00,379.36,54.1,3
2025-07-04 07:00:00,11,2025-07-04 18:00:00,379.34,52.0,3
2025-07-04 07:00:00,12,2025-07-04 19:00:00,379.32,50.4,3
2025-07-05 07:00:00,7,2025-07-05 14:00:00,379.38,56.6,3
2025-07-05 07:00:00,8,2025-07-05 15:00:00,379.36,54.4,3
2025-07-05 07:00:00,9,2025-07-05 16:00:00,379.34,52.2,3
2025-07-05 07:00:00,10,2025-07-05 17:00:00,379.31,49.5,3
2025-07-05 07:00:00,11,2025-07-05 18:00:00,379.28,47.1,3
2025-07-05 07:00:00,12,2025-07-05 19:00:00,379.27,46.2,3
2025-07-06 07:00:00,7,2025-07-06 14:00:00,379.26,44.7,3
2025-07-06 07:00:00,8,2025-07-06 15:00:00,379.24,43.0,3
2025-07-06 07:00:00,9,2025-07-06 16:00:00,379.23,42.1,3
2025-07-06 07:00:00,10,2025-07-06 17:00:00,379.21,39.9,3
2025-07-06 07:00:00,11,2025-07-06 18:00:00,379.18,37.5,3
2025-07-06 07:00:00,12,2025-07-06 19:00:00,379.16,35.5,3
2025-07-07 07:00:00,7,2025-07-07 14:00:00,379.32,50.7,3
2025-07-07 07:00:00,8,2025-07-07 15:00:00,379.32,50.3,3
2025-07-07 07:00:00,9,2025-07-07 16:00:00,379.3,48.3,3
2025-07-07 07:00:00,10,2025-07-07 17:00:00,379.27,46.2,3
2025-07-07 07:00:00,11,2025-07-07 18:00:00,379.25,43.5,3
2025-07-07 07:00:00,12,2025-07-07 19:00:00,379.22,41.4,3
2025-07-08 07:00:00,7,2025-07-08 14:00:00,379.37,55.3,3
2025-07-08 07:00:00,8,2025-07-08 15:00:00,379.34,52.6,3
2025-07-08 07:00:00,9,2025-07-08 16:00:00,379.31,49.9,3
2025-07-08 07:00:00,10,2025-07-08 17:00:00,379.29,47.4,3
2025-07-08 07:00:00,11,2025-07-08 18:00:00,379.26,44.7,3
2025-07-08 07:00:00,12,2025-07-08 19:00:00,379.24,42.7,3
2025-07-09 07:00:00,7,2025-07-09 14:00:00,379.2,39.3,3
2025-07-09 07:00:00,8,2025-07-09 15:00:00,379.19,38.8,3
2025-07-09 07:00:00,9,2025-07-09 16:00:00,379.18,37.9,3
2025-07-09 07:00:00,10,2025-07-09 17:00:00,379.17,37.0,3
2025-07-09 07:00:00,11,2025-07-09 18:00:00,379.16,36.0,3
2025-07-09 07:00:00,12,2025-07-09 19:00:00,379.16,35.4,3
2025-07-10 07:00:00,7,2025-07-10 14:00:00,379.22,41.3,3
2025-07-10 07:00:00,8,2025-07-10 15:00:00,379.22,40.7,3
2025-07-10 07:00:00,9,2025-07-10 16:00:00,379.21,39.8,3
2025-07-10 07:00:00,10,2025-07-10 17:00:00,379.2,39.1,3
2025-07-10 07:00:00,11,2025-07-10 18:00:00,379.19,38.3,3
2025-07-10 07:00:00,12,2025-07-10 19:00:00,379.18,37.7,3
2025-07-11 07:00:00,7,2025-07-11 14:00:00,379.17,36.2,3
2025-07-11 07:00:00,8,2025-07-11 15:00:00,379.15,35.1,3
2025-07-11 07:00:00,9,2025-07-11 16:00:00,379.14,33.9,3
2025-07-11 07:00:00,10,2025-07-11 17:00:00,379.13,33.0,3
2025-07-11 07:00:00,11,2025-07-11 18:00:00,379.12,32.2,3
2025-07-11 07:00:00,12,2025-07-11 19:00:00,379.11,31.4,3
2025-07-12 07:00:00,7,2025-07-12 14:00:00,379.05,26.3,3
2025-07-12 07:00:00,8,2025-07-12 15:00:00,379.03,25.0,3
2025-07-12 07:00:00,9,2025-07-12 16:00:00,379.01,23.8,3
2025-07-12 07:00:00,10,2025-07-12 17:00:00,379.0,22.8,3
2025-07-12 07:00:00,11,2025-07-12 18:00:00,378.98,21.9,3
2025-07-12 07:00:00,12,2025-07-12 19:00:00,378.97,20.9,3
2025-07-13 07:00:00,7,2025-07-13 14:00:00,379.11,31.3,3
2025-07-13 07:00:00,8,2025-07-13 15:00:00,379.09,29.7,3
2025-07-13 07:00:00,9,2025-07-13 16:00:00,379.08,29.1,3
2025-07-13 07:00:00,10,2025-07-13 17:00:00,379.06,27.6,3
2025-07-13 07:00:00,11,2025-07-13 18:00:00,379.05,26.3,3
2025-07-13 07:00:00,12,2025-07-13 19:00:00,379.04,25.6,3
2025-07-14 07:00:00,7,2025-07-14 14:00:00,379.28,46.2,3
2025-07-14 07:00:00,8,2025-07-14 15:00:00,379.28,47.0,3
2025-07-14 07:00:00,9,2025-07-14 16:00:00,379.31,49.7,3
2025-07-14 07:00:00,10,2025-07-14 17:00:00,379.34,52.2,3
2025-07-14 07:00:00,11,2025-07-14 18:00:00,379.35,53.2,3
2025-07-14 07:00:00,12,2025-07-14 19:00:00,379.34,52.7,3
2025-07-15 07:00:00,7,2025-07-15 14:00:00,379.29,47.3,3
2025-07-15 07:00:00,8,2025-07-15 15:00:00,379.28,46.4,3
2025-07-15 07:00:00,9,2025-07-15 16:00:00,379.27,45.3,3
2025-07-15 07:00:00,10,2025-07-15 17:00:00,379.25,44.2,3
2025-07-15 07:00:00,11,2025-07-15 18:00:00,379.24,43.0,3
2025-07-15 07:00:00,12,2025-07-15 19:00:00,379.23,41.8,3
2025-07-16 07:00:00,7,2025-07-16 14:00:00,379.16,36.0,3
2025-07-16 07:00:00,8,2025-07-16 15:00:00,379.15,35.0,3
2025-07-16 07:00:00,9,2025-07-16 16:00:00,379.14,33.8,3
2025-07-16 07:00:00,10,2025-07-16 17:00:00,379.13,32.9,3
2025-07-16 07:00:00,11,2025-07-16 18:00:00,379.12,32.1,3
2025-07-16 07:00:00,12,2025-07-16 19:00:00,379.11,31.6,3
2025-07-17 07:00:00,7,2025-07-17 14:00:00,379.18,37.3,3
2025-07-17 07:00:00,8,2025-07-17 15:00:00,379.18,37.2,3
2025-07-17 07:00:00,9,2025-07-17 16:00:00,379.18,37.0,3
2025-07-17 07:00:00,10,2025-07-17 17:00:00,379.17,37.0,3
2025-07-17 07:00:00,11,2025-07-17 18:00:00,379.17,36.8,3
2025-07-17 07:00:00,12,2025-07-17 19:00:00,379.17,36.4,3
2025-07-18 07:00:00,7,2025-07-18 14:00:00,379.31,49.4,3
2025-07-18 07:00:00,8,2025-07-18 15:00:00,379.29,47.8,3
2025-07-18 07:00:00,9,2025-07-18 16:00:00,379.27,46.1,3
2025-07-18 07:00:00,10,2025-07-18 17:00:00,379.26,44.8,3
2025-07-18 07:00:00,11,2025-07-18 18:00:00,379.25,43.7,3
2025-07-18 07:00:00,12,2025-07-18 19:00:00,379.23,42.5,3
2025-07-19 07:00:00,7,2025-07-19 14:00:00,379.16,35.6,3
2025-07-19 07:00:00,8,2025-07-19 15:00:00,379.14,34.3,3
2025-07-19 07:00:00,9,2025-07-19 16:00:00,379.13,33.2,3
2025-07-19 07:00:00,10,2025-07-19 17:00:00,379.12,31.9,3
2025-07-19 07:00:00,11,2025-07-19 18:00:00,379.12,32.3,3
2025-07-19 07:00:00,12,2025-07-19 19:00:00,379.11,31.5,3
2025-07-20 07:00:00,7,2025-07-20 14:00:00,379.3,48.7,3
2025-07-20 07:00:00,8,2025-07-20 15:00:00,379.29,47.2,3
2025-07-20 07:00:00,9,2025-07-20 16:00:00,379.27,45.9,3
2025-07-20 07:00:00,10,2025-07-20 17:00:00,379.26,44.7,3
2025-07-20 07:00:00,11,2025-07-20 18:00:00,379.25,43.7,3
2025-07-20 07:00:00,12,2025-07-20 19:00:00,379.24,42.8,3
2025-07-21 07:00:00,7,2025-07-21 14:00:00,379.94,117.8,3
2025-07-21 07:00:00,8,2025-07-21 15:00:00,379.9,113.3,3
2025-07-21 07:00:00,9,2025-07-21 16:00:00,379.88,110.3,3
2025-07-21 07:00:00,10,2025-07-21 17:00:00,379.86,108.1,3
2025-07-21 07:00:00,11,2025-07-21 18:00:00,379.82,103.9,3
2025-07-21 07:00:00,12,2025-07-21 19:00:00,379.79,99.4,3
2025-07-22 07:00:00,7,2025-07-22 14:00:00,379.6,78.5,3
2025-07-22 07:00:00,8,2025-07-22 15:00:00,379.57,75.7,3
2025-07-22 07:00:00,9,2025-07-22 16:00:00,379.55,72.8,3
2025-07-22 07:00:00,10,2025-07-22 17:00:00,379.53,70.8,3
2025-07-22 07:00:00,11,2025-07-22 18:00:00,379.5,68.5,3
2025-07-22 07:00:00,12,2025-07-22 19:00:00,379.48,66.5,3
2025-07-23 07:00:00,7,2025-07-23 14:00:00,379.37,55.5,3
2025-07-23 07:00:00,8,2025-07-23 15:00:00,379.36,53.8,3
2025-07-23 07:00:00,9,2025-07-23 16:00:00,379.34,52.8,3
2025-07-23 07:00:00,10,2025-07-23 17:00:00,379.34,51.9,3
2025-07-23 07:00:00,11,2025-07-23 18:00:00,379.32,50.9,3
2025-07-23 07:00:00,12,2025-07-23 19:00:00,379.31,49.5,3
2025-07-24 07:00:00,7,2025-07-24 14:00:00,379.18,37.3,3
2025-07-24 07:00:00,8,2025-07-24 15:00:00,379.17,36.3,3
2025-07-24 07:00:00,9,2025-07-24 16:00:00,379.15,35.1,3
2025-07-24 07:00:00,10,2025-07-24 17:00:00,379.14,34.0,3
2025-07-24 07:00:00,11,2025-07-24 18:00:00,379.13,33.2,3
2025-07-24 07:00:00,12,2025-07-24 19:00:00,379.12,32.6,3
2025-07-25 07:00:00,7,2025-07-25 14:00:00,379.28,46.5,3
2025-07-25 07:00:00,8,2025-07-25 15:00:00,379.28,46.3,3
2025-07-25 07:00:00,9,2025-07-25 16:00:00,379.27,46.1,3
2025-07-25 07:00:00,10,2025-07-25 17:00:00,379.27,45.9,3
2025-07-25 07:00:00,11,2025-07-25 18:00:00,379.27,45.5,3
2025-07-25 07:00:00,12,2025-07-25 19:00:00,379.26,44.6,3
2025-07-26 07:00:00,7,2025-07-26 14:00:00,379.23,42.5,3
2025-07-26 07:00:00,8,2025-07-26 15:00:00,379.23,42.0,3
2025-07-26 07:00:00,9,2025-07-26 16:00:00,379.22,41.3,3
2025-07-26 07:00:00,10,2025-07-26 17:00:00,379.22,40.8,3
2025-07-26 07:00:00,11,2025-07-26 18:00:00,379.21,40.4,3
2025-07-26 07:00:00,12,2025-07-26 19:00:00,379.21,39.9,3
2025-07-27 07:00:00,7,2025-07-27 14:00:00,379.25,44.1,3
2025-07-27 07:00:00,8,2025-07-27 15:00:00,379.24,43.4,3
2025-07-27 07:00:00,9,2025-07-27 16:00:00,379.24,42.7,3
2025-07-27 07:00:00,10,2025-07-27 17:00:00,379.23,42.1,3
2025-07-27 07:00:00,11,2025-07-27 18:00:00,379.23,41.7,3
2025-07-27 07:00:00,12,2025-07-27 19:00:00,379.22,41.3,3
2025-07-28 07:00:00,7,2025-07-28 14:00:00,379.85,107.3,3
2025-07-28 07:00:00,8,2025-07-28 15:00:00,379.82,103.6,3
2025-07-28 07:00:00,9,2025-07-28 16:00:00,379.78,99.2,3
2025-07-28 07:00:00,10,2025-07-28 17:00:00,379.75,95.6,3
2025-07-28 07:00:00,11,2025-07-28 18:00:00,379.72,91.7,3
2025-07-28 07:00:00,12,2025-07-28 19:00:00,379.68,87.6,3
2025-07-29 07:00:00,7,2025-07-29 14:00:00,379.6,78.1,3
2025-07-29 07:00:00,8,2025-07-29 15:00:00,379.58,76.8,3
2025-07-29 07:00:00,9,2025-07-29 16:00:00,379.57,75.3,3
2025-07-29 07:00:00,10,2025-07-29 17:00:00,379.55,73.7,3
2025-07-29 07:00:00,11,2025-07-29 18:00:00,379.54,72.4,3
2025-07-29 07:00:00,12,2025-07-29 19:00:00,379.53,70.9,3
2025-07-30 07:00:00,7,2025-07-30 14:00:00,379.33,51.4,3
2025-07-30 07:00:00,8,2025-07-30 15:00:00,379.32,50.7,3
2025-07-30 07:00:00,9,2025-07-30 16:00:00,379.31,49.9,3
2025-07-30 07:00:00,10,2025-07-30 17:00:00,379.31,49.2,3
2025-07-30 07:00:00,11,2025-07-30 18:00:00,379.3,48.6,3
2025-07-30 07:00:00,12,2025-07-30 19:00:00,379.29,48.0,3
2025-07-31 07:00:00,7,2025-07-31 14:00:00,379.2,39.6,3
2025-07-31 07:00:00,8,2025-07-31 15:00:00,379.2,39.0,3
2025-07-31 07:00:00,9,2025-07-31 16:00:00,379.19,38.3,3
2025-07-31 07:00:00,10,2025-07-31 17:00:00,379.18,37.6,3
2025-07-31 07:00:00,11,2025-07-31 18:00:00,379.17,37.0,3
2025-07-31 07:00:00,12,2025-07-31 19:00:00,379.17,36.5,3
2025-08-01 07:00:00,7,2025-08-01 14:00:00,379.23,42.2,3
2025-08-01 07:00:00,8,2025-08-01 15:00:00,379.22,41.4,3
2025-08-01 07:00:00,9,2025-08-01 16:00:00,379.21,40.4,3
2025-08-01 07:00:00,10,2025-08-01 17:00:00,379.2,39.6,3
2025-08-01 07:00:00,11,2025-08-01 18:00:00,379.19,38.7,3
2025-08-01 07:00:00,12,2025-08-01 19:00:00,379.19,37.9,3
2025-08-02 07:00:00,7,2025-08-02 14:00:00,379.31,49.2,3
2025-08-02 07:00:00,8,2025-08-02 15:00:00,379.33,51.3,3
2025-08-02 07:00:00,9,2025-08-02 16:00:00,379.35,52.9,3
2025-08-02 07:00:00,10,2025-08-02 17:00:00,379.34,52.8,3
2025-08-02 07:00:00,11,2025-08-02 18:00:00,379.36,53.9,3
2025-08-02 07:00:00,12,2025-08-02 19:00:00,379.38,56.5,3
2025-08-03 07:00:00,7,2025-08-03 14:00:00,379.23,42.5,3
2025-08-03 07:00:00,8,2025-08-03 15:00:00,379.23,41.8,3
2025-08-03 07:00:00,9,2025-08-03 16:00:00,379.22,41.0,3
2025-08-03 07:00:00,10,2025-08-03 17:00:00,379.21,40.1,3
2025-08-03 07:00:00,11,2025-08-03 18:00:00,379.2,39.3,3
2025-08-03 07:00:00,12,2025-08-03 19:00:00,379.19,38.7,3
2025-08-04 07:00:00,7,2025-08-04 14:00:00,379.14,33.6,3
2025-08-04 07:00:00,8,2025-08-04 15:00:00,379.13,33.0,3
2025-08-04 07:00:00,9,2025-08-04 16:00:00,379.12,32.5,3
2025-08-04 07:00:00,10,2025-08-04 17:00:00,379.12,32.0,3
2025-08-04 07:00:00,11,2025-08-04 18:00:00,379.11,31.5,3
2025-08-04 07:00:00,12,2025-08-04 19:00:00,379.11,31.1,3
2025-08-05 07:00:00,7,2025-08-05 14:00:00,379.2,39.6,3
2025-08-05 07:00:00,8,2025-08-05 15:00:00,379.2,38.9,3
2025-08-05 07:00:00,9,2025-08-05 16:00:00,379.19,38.2,3
2025-08-05 07:00:00,10,2025-08-05 17:00:00,379.18,37.6,3
2025-08-05 07:00:00,11,2025-08-05 18:00:00,379.18,37.1,3
2025-08-05 07:00:00,12,2025-08-05 19:00:00,379.17,36.8,3
2025-08-06 07:00:00,7,2025-08-06 14:00:00,379.09,30.2,3
2025-08-06 07:00:00,8,2025-08-06 15:00:00,379.08,29.2,3
2025-08-06 07:00:00,9,2025-08-06 16:00:00,379.07,28.3,3
2025-08-06 07:00:00,10,2025-08-06 17:00:00,379.06,27.3,3
2025-08-06 07:00:00,11,2025-08-06 18:00:00,379.05,26.8,3
2025-08-06 07:00:00,12,2025-08-06 19:00:00,379.04,25.9,3
2025-08-07 07:00:00,7,2025-08-07 14:00:00,379.14,33.6,3
2025-08-07 07:00:00,8,2025-08-07 15:00:00,379.12,32.6,3
2025-08-07 07:00:00,9,2025-08-07 16:00:00,379.11,31.6,3
2025-08-07 07:00:00,10,2025-08-07 17:00:00,379.1,30.7,3
2025-08-07 07:00:00,11,2025-08-07 18:00:00,379.09,30.0,3
2025-08-07 07:00:00,12,2025-08-07 19:00:00,379.09,29.6,3
2025-08-08 07:00:00,7,2025-08-08 14:00:00,379.11,31.4,3
2025-08-08 07:00:00,8,2025-08-08 15:00:00,379.09,30.2,3
2025-08-08 07:00:00,9,2025-08-08 16:00:00,379.08,28.6,3
2025-08-08 07:00:00,10,2025-08-08 17:00:00,379.06,27.2,3
2025-08-08 07:00:00,11,2025-08-08 18:00:00,379.04,26.0,3
2025-08-08 07:00:00,12,2025-08-08 19:00:00,379.02,24.6,3
2025-08-09 07:00:00,7,2025-08-09 14:00:00,379.08,29.0,3
2025-08-09 07:00:00,8,2025-08-09 15:00:00,379.06,27.4,3
2025-08-09 07:00:00,9,2025-08-09 16:00:00,379.04,26.0,3
2025-08-09 07:00:00,10,2025-08-09 17:00:00,379.02,24.3,3
2025-08-09 07:00:00,11,2025-08-09 18:00:00,379.0,23.0,3
2025-08-09 07:00:00,12,2025-08-09 19:00:00,378.99,22.0,3
2025-08-10 07:00:00,7,2025-08-10 14:00:00,379.14,34.0,3
2025-08-10 07:00:00,8,2025-08-10 15:00:00,379.11,31.8,3
2025-08-10 07:00:00,9,2025-08-10 16:00:00,379.09,29.4,3
2025-08-10 07:00:00,10,2025-08-10 17:00:00,379.06,27.6,3
2025-08-10 07:00:00,11,2025-08-10 18:00:00,379.04,25.7,3
2025-08-10 07:00:00,12,2025-08-10 19:00:00,379.02,24.2,3
2025-08-11 07:00:00,7,2025-08-11 14:00:00,379.27,45.6,3
2025-08-11 07:00:00,8,2025-08-11 15:00:00,379.24,43.4,3
2025-08-11 07:00:00,9,2025-08-11 16:00:00,379.22,41.0,3
2025-08-11 07:00:00,10,2025-08-11 17:00:00,379.2,39.4,3
2025-08-11 07:00:00,11,2025-08-11 18:00:00,379.18,37.7,3
2025-08-11 07:00:00,12,2025-08-11 19:00:00,379.16,36.0,3
2025-08-12 07:00:00,7,2025-08-12 14:00:00,379.27,45.4,3
2025-08-12 07:00:00,8,2025-08-12 15:00:00,379.24,42.7,3
2025-08-12 07:00:00,9,2025-08-12 16:00:00,379.21,40.2,3
2025-08-12 07:00:00,10,2025-08-12 17:00:00,379.19,37.9,3
2025-08-12 07:00:00,11,2025-08-12 18:00:00,379.16,36.0,3
2025-08-12 07:00:00,12,2025-08-12 19:00:00,379.14,34.2,3
2025-08-13 07:00:00,7,2025-08-13 14:00:00,379.29,47.4,3
2025-08-13 07:00:00,8,2025-08-13 15:00:00,379.26,45.0,3
2025-08-13 07:00:00,9,2025-08-13 16:00:00,379.24,42.7,3
2025-08-13 07:00:00,10,2025-08-13 17:00:00,379.22,41.3,3
2025-08-13 07:00:00,11,2025-08-13 18:00:00,379.2,39.3,3
2025-08-13 07:00:00,12,2025-08-13 19:00:00,379.19,38.0,3
2025-08-14 07:00:00,7,2025-08-14 14:00:00,379.29,48.0,3
2025-08-14 07:00:00,8,2025-08-14 15:00:00,379.27,46.1,3
2025-08-14 07:00:00,9,2025-08-14 16:00:00,379.26,44.4,3
2025-08-14 07:00:00,10,2025-08-14 17:00:00,379.24,42.6,3
2025-08-14 07:00:00,11,2025-08-14 18:00:00,379.22,41.5,3
2025-08-14 07:00:00,12,2025-08-14 19:00:00,379.21,40.0,3
2025-08-15 07:00:00,7,2025-08-15 14:00:00,379.41,59.0,3
2025-08-15 07:00:00,8,2025-08-15 15:00:00,379.39,57.2,3
2025-08-15 07:00:00,9,2025-08-15 16:00:00,379.38,55.9,3
2025-08-15 07:00:00,10,2025-08-15 17:00:00,379.36,54.7,3
2025-08-15 07:00:00,11,2025-08-15 18:00:00,379.35,53.2,3
2025-08-15 07:00:00,12,2025-08-15 19:00:00,379.33,51.7,3
2025-08-16 07:00:00,7,2025-08-16 14:00:00,379.2,39.6,3
2025-08-16 07:00:00,8,2025-08-16 15:00:00,379.19,38.0,3
2025-08-16 07:00:00,9,2025-08-16 16:00:00,379.17,36.5,3
2025-08-16 07:00:00,10,2025-08-16 17:00:00,379.15,34.9,3
2025-08-16 07:00:00,11,2025-08-16 18:00:00,379.14,34.0,3
2025-08-16 07:00:00,12,2025-08-16 19:00:00,379.12,32.4,3
2025-08-17 07:00:00,7,2025-08-17 14:00:00,379.2,38.9,3
2025-08-17 07:00:00,8,2025-08-17 15:00:00,379.18,37.5,3
2025-08-17 07:00:00,9,2025-08-17 16:00:00,379.16,35.8,3
2025-08-17 07:00:00,10,2025-08-17 17:00:00,379.14,34.0,3
2025-08-17 07:00:00,11,2025-08-17 18:00:00,379.12,32.4,3
2025-08-17 07:00:00,12,2025-08-17 19:00:00,379.11,31.3,3
2025-08-18 07:00:00,7,2025-08-18 14:00:00,379.11,31.8,3
2025-08-18 07:00:00,8,2025-08-18 15:00:00,379.1,30.4,3
2025-08-18 07:00:00,9,2025-08-18 16:00:00,379.08,29.2,3
2025-08-18 07:00:00,10,2025-08-18 17:00:00,379.07,28.1,3
2025-08-18 07:00:00,11,2025-08-18 18:00:00,379.05,26.7,3
2025-08-18 07:00:00,12,2025-08-18 19:00:00,379.04,25.8,3
2025-08-19 07:00:00,7,2025-08-19 14:00:00,379.15,34.5,3
2025-08-19 07:00:00,8,2025-08-19 15:00:00,379.13,33.5,3
2025-08-19 07:00:00,9,2025-08-19 16:00:00,379.12,32.3,3
2025-08-19 07:00:00,10,2025-08-19 17:00:00,379.11,31.3,3
2025-08-19 07:00:00,11,2025-08-19 18:00:00,379.1,30.4,3
2025-08-19 07:00:00,12,2025-08-19 19:00:00,379.08,29.4,3
2025-08-20 07:00:00,7,2025-08-20 14:00:00,379.19,38.6,3
2025-08-20 07:00:00,8,2025-08-20 15:00:00,379.18,37.3,3
2025-08-20 07:00:00,9,2025-08-20 16:00:00,379.17,36.5,3
2025-08-20 07:00:00,10,2025-08-20 17:00:00,379.16,35.9,3
2025-08-20 07:00:00,11,2025-08-20 18:00:00,379.16,35.4,3
2025-08-20 07:00:00,12,2025-08-20 19:00:00,379.15,35.2,3
2025-08-21 07:00:00,7,2025-08-21 14:00:00,379.27,45.9,3
2025-08-21 07:00:00,8,2025-08-21 15:00:00,379.26,45.0,3
2025-08-21 07:00:00,9,2025-08-21 16:00:00,379.25,43.7,3
2025-08-21 07:00:00,10,2025-08-21 17:00:00,379.24,42.7,3
2025-08-21 07:00:00,11,2025-08-21 18:00:00,379.23,42.0,3
2025-08-21 07:00:00,12,2025-08-21 19:00:00,379.22,41.0,3
2025-08-22 07:00:00,7,2025-08-22 14:00:00,379.19,38.4,3
2025-08-22 07:00:00,8,2025-08-22 15:00:00,379.18,37.8,3
2025-08-22 07:00:00,9,2025-08-22 16:00:00,379.18,37.4,3
2025-08-22 07:00:00,10,2025-08-22 17:00:00,379.17,36.8,3
2025-08-22 07:00:00,11,2025-08-22 18:00:00,379.16,35.8,3
2025-08-22 07:00:00,12,2025-08-22 19:00:00,379.15,35.1,3
2025-08-23 07:00:00,7,2025-08-23 14:00:00,379.16,35.8,3
2025-08-23 07:00:00,8,2025-08-23 15:00:00,379.15,35.0,3
2025-08-23 07:00:00,9,2025-08-23 16:00:00,379.14,34.1,3
2025-08-23 07:00:00,10,2025-08-23 17:00:00,379.13,33.3,3
2025-08-23 07:00:00,11,2025-08-23 18:00:00,379.12,32.4,3
2025-08-23 07:00:00,12,2025-08-23 19:00:00,379.11,31.9,3
2025-08-24 07:00:00,7,2025-08-24 14:00:00,379.11,31.4,3
2025-08-24 07:00:00,8,2025-08-24 15:00:00,379.1,31.0,3
2025-08-24 07:00:00,9,2025-08-24 16:00:00,379.1,30.2,3
2025-08-24 07:00:00,10,2025-08-24 17:00:00,379.09,29.4,3
2025-08-24 07:00:00,11,2025-08-24 18:00:00,379.08,28.8,3
2025-08-24 07:00:00,12,2025-08-24 19:00:00,379.07,28.0,3
2025-08-25 07:00:00,7,2025-08-25 14:00:00,379.08,28.8,3
2025-08-25 07:00:00,8,2025-08-25 15:00:00,379.07,27.9,3
2025-08-25 07:00:00,9,2025-08-25 16:00:00,379.06,27.1,3
2025-08-25 07:00:00,10,2025-08-25 17:00:00,379.05,26.4,3
2025-08-25 07:00:00,11,2025-08-25 18:00:00,379.04,25.6,3
2025-08-25 07:00:00,12,2025-08-25 19:00:00,379.03,24.9,3
2025-08-26 07:00:00,7,2025-08-26 14:00:00,379.05,26.7,3
2025-08-26 07:00:00,8,2025-08-26 15:00:00,379.04,25.7,3
2025-08-26 07:00:00,9,2025-08-26 16:00:00,379.02,24.5,3
2025-08-26 07:00:00,10,2025-08-26 17:00:00,379.01,23.6,3
2025-08-26 07:00:00,11,2025-08-26 18:00:00,379.0,22.9,3
2025-08-26 07:00:00,12,2025-08-26 19:00:00,378.99,22.1,3
2025-08-27 07:00:00,7,2025-08-27 14:00:00,379.13,33.1,3
2025-08-27 07:00:00,8,2025-08-27 15:00:00,379.12,32.6,3
2025-08-27 07:00:00,9,2025-08-27 16:00:00,379.12,32.3,3
2025-08-27 07:00:00,10,2025-08-27 17:00:00,379.12,31.9,3
2025-08-27 07:00:00,11,2025-08-27 18:00:00,379.11,31.4,3
2025-08-27 07:00:00,12,2025-08-27 19:00:00,379.1,30.7,3
2025-08-28 07:00:00,7,2025-08-28 14:00:00,379.34,52.6,3
2025-08-28 07:00:00,8,2025-08-28 15:00:00,379.38,55.8,3
2025-08-28 07:00:00,9,2025-08-28 16:00:00,379.41,59.5,3
2025-08-28 07:00:00,10,2025-08-28 17:00:00,379.44,62.1,3
2025-08-28 07:00:00,11,2025-08-28 18:00:00,379.5,67.7,3
2025-08-28 07:00:00,12,2025-08-28 19:00:00,379.6,78.2,3
2025-08-29 07:00:00,7,2025-08-29 14:00:00,380.0,125.7,3
2025-08-29 07:00:00,8,2025-08-29 15:00:00,379.95,118.7,3
2025-08-29 07:00:00,9,2025-08-29 16:00:00,379.91,113.7,3
2025-08-29 07:00:00,10,2025-08-29 17:00:00,379.86,107.8,3
2025-08-29 07:00:00,11,2025-08-29 18:00:00,379.82,103.6,3
2025-08-29 07:00:00,12,2025-08-29 19:00:00,379.8,100.9,3
2025-08-30 07:00:00,7,2025-08-30 14:00:00,379.66,85.2,3
2025-08-30 07:00:00,8,2025-08-30 15:00:00,379.63,81.9,3
2025-08-30 07:00:00,9,2025-08-30 16:00:00,379.6,78.7,3
2025-08-30 07:00:00,10,2025-08-30 17:00:00,379.58,76.7,3
2025-08-30 07:00:00,11,2025-08-30 18:00:00,379.56,74.1,3
2025-08-30 07:00:00,12,2025-08-30 19:00:00,379.54,71.8,3
2025-08-31 07:00:00,7,2025-08-31 14:00:00,379.42,60.6,3
2025-08-31 07:00:00,8,2025-08-31 15:00:00,379.41,59.4,3
2025-08-31 07:00:00,9,2025-08-31 16:00:00,379.4,58.4,3
2025-08-31 07:00:00,10,2025-08-31 17:00:00,379.39,57.4,3
2025-08-31 07:00:00,11,2025-08-31 18:00:00,379.38,56.3,3
2025-08-31 07:00:00,12,2025-08-31 19:00:00,379.37,55.4,3
2025-09-01 07:00:00,7,2025-09-01 14:00:00,379.65,83.9,3
2025-09-01 07:00:00,8,2025-09-01 15:00:00,379.7,89.4,3
2025-09-01 07:00:00,9,2025-09-01 16:00:00,379.74,93.6,3
2025-09-01 07:00:00,10,2025-09-01 17:00:00,379.78,98.9,3
2025-09-01 07:00:00,11,2025-09-01 18:00:00,379.88,111.1,3
2025-09-01 07:00:00,12,2025-09-01 19:00:00,379.94,117.5,3
2025-09-02 07:00:00,7,2025-09-02 14:00:00,379.9,113.3,3
2025-09-02 07:00:00,8,2025-09-02 15:00:00,379.87,109.9,3
2025-09-02 07:00:00,9,2025-09-02 16:00:00,379.85,106.9,3
2025-09-02 07:00:00,10,2025-09-02 17:00:00,379.82,103.6,3
2025-09-02 07:00:00,11,2025-09-02 18:00:00,379.8,101.0,3
2025-09-02 07:00:00,12,2025-09-02 19:00:00,379.78,98.2,3
2025-09-03 07:00:00,7,2025-09-03 14:00:00,379.56,73.8,3
2025-09-03 07:00:00,8,2025-09-03 15:00:00,379.54,72.4,3
2025-09-03 07:00:00,9,2025-09-03 16:00:00,379.53,70.8,3
2025-09-03 07:00:00,10,2025-09-03 17:00:00,379.51,69.3,3
2025-09-03 07:00:00,11,2025-09-03 18:00:00,379.5,68.2,3
2025-09-03 07:00:00,12,2025-09-03 19:00:00,379.49,67.0,3
2025-09-04 07:00:00,7,2025-09-04 14:00:00,379.45,63.2,3
2025-09-04 07:00:00,8,2025-09-04 15:00:00,379.45,62.6,3
2025-09-04 07:00:00,9,2025-09-04 16:00:00,379.44,62.2,3
2025-09-04 07:00:00,10,2025-09-04 17:00:00,379.45,62.8,3
2025-09-04 07:00:00,11,2025-09-04 18:00:00,379.45,62.9,3
2025-09-04 07:00:00,12,2025-09-04 19:00:00,379.44,62.1,3
2025-09-05 07:00:00,7,2025-09-05 14:00:00,380.1,138.1,3
2025-09-05 07:00:00,8,2025-09-05 15:00:00,380.07,135.0,3
2025-09-05 07:00:00,9,2025-09-05 16:00:00,380.05,131.9,3
2025-09-05 07:00:00,10,2025-09-05 17:00:00,380.01,127.2,3
2025-09-05 07:00:00,11,2025-09-05 18:00:00,379.97,121.8,3
2025-09-05 07:00:00,12,2025-09-05 19:00:00,379.93,117.1,3
2025-09-06 07:00:00,7,2025-09-06 14:00:00,379.59,78.0,3
2025-09-06 07:00:00,8,2025-09-06 15:00:00,379.58,76.5,3
2025-09-06 07:00:00,9,2025-09-06 16:00:00,379.57,75.2,3
2025-09-06 07:00:00,10,2025-09-06 17:00:00,379.56,74.1,3
2025-09-06 07:00:00,11,2025-09-06 18:00:00,379.55,72.9,3
2025-09-06 07:00:00,12,2025-09-06 19:00:00,379.53,71.7,3
2025-09-07 07:00:00,7,2025-09-07 14:00:00,379.49,66.7,3
2025-09-07 07:00:00,8,2025-09-07 15:00:00,379.48,65.8,3
2025-09-07 07:00:00,9,2025-09-07 16:00:00,379.47,64.9,3
2025-09-07 07:00:00,10,2025-09-07 17:00:00,379.46,64.0,3
2025-09-07 07:00:00,11,2025-09-07 18:00:00,379.45,63.4,3
2025-09-07 07:00:00,12,2025-09-07 19:00:00,379.44,62.5,3
2025-09-08 07:00:00,7,2025-09-08 14:00:00,379.39,57.1,3
2025-09-08 07:00:00,8,2025-09-08 15:00:00,379.39,56.8,3
2025-09-08 07:00:00,9,2025-09-08 16:00:00,379.38,56.6,3
2025-09-08 07:00:00,10,2025-09-08 17:00:00,379.38,56.1,3
2025-09-08 07:00:00,11,2025-09-08 18:00:00,379.38,55.7,3
2025-09-08 07:00:00,12,2025-09-08 19:00:00,379.37,55.1,3
2025-09-09 07:00:00,7,2025-09-09 14:00:00,379.56,74.0,3
2025-09-09 07:00:00,8,2025-09-09 15:00:00,379.59,77.2,3
2025-09-09 07:00:00,9,2025-09-09 16:00:00,379.59,78.0,3
2025-09-09 07:00:00,10,2025-09-09 17:00:00,379.6,78.9,3
2025-09-09 07:00:00,11,2025-09-09 18:00:00,379.61,79.6,3
2025-09-09 07:00:00,12,2025-09-09 19:00:00,379.6,78.8,3
2025-09-10 07:00:00,7,2025-09-10 14:00:00,379.6,78.9,3
2025-09-10 07:00:00,8,2025-09-10 15:00:00,379.6,78.9,3
2025-09-10 07:00:00,9,2025-09-10 16:00:00,379.59,77.9,3
2025-09-10 07:00:00,10,2025-09-10 17:00:00,379.58,76.7,3
2025-09-10 07:00:00,11,2025-09-10 18:00:00,379.57,75.2,3
2025-09-10 07:00:00,12,2025-09-10 19:00:00,379.55,73.7,3
2025-09-11 07:00:00,7,2025-09-11 14:00:00,379.45,63.6,3
2025-09-11 07:00:00,8,2025-09-11 15:00:00,379.45,63.4,3
2025-09-11 07:00:00,9,2025-09-11 16:00:00,379.45,63.0,3
2025-09-11 07:00:00,10,2025-09-11 17:00:00,379.44,62.4,3
2025-09-11 07:00:00,11,2025-09-11 18:00:00,379.44,61.7,3
2025-09-11 07:00:00,12,2025-09-11 19:00:00,379.43,60.9,3
2025-09-12 07:00:00,7,2025-09-12 14:00:00,379.32,50.4,3
2025-09-12 07:00:00,8,2025-09-12 15:00:00,379.31,49.9,3
2025-09-12 07:00:00,9,2025-09-12 16:00:00,379.31,49.6,3
2025-09-12 07:00:00,10,2025-09-12 17:00:00,379.31,49.1,3
2025-09-12 07:00:00,11,2025-09-12 18:00:00,379.3,48.7,3
2025-09-12 07:00:00,12,2025-09-12 19:00:00,379.3,48.4,3
2025-09-13 07:00:00,7,2025-09-13 14:00:00,379.24,42.6,3
2025-09-13 07:00:00,8,2025-09-13 15:00:00,379.23,42.3,3
2025-09-13 07:00:00,9,2025-09-13 16:00:00,379.23,41.9,3
2025-09-13 07:00:00,10,2025-09-13 17:00:00,379.23,41.6,3
2025-09-13 07:00:00,11,2025-09-13 18:00:00,379.22,41.5,3
2025-09-13 07:00:00,12,2025-09-13 19:00:00,379.22,41.2,3
2025-09-14 07:00:00,7,2025-09-14 14:00:00,379.59,77.2,3
2025-09-14 07:00:00,8,2025-09-14 15:00:00,379.58,76.2,3
2025-09-14 07:00:00,9,2025-09-14 16:00:00,379.56,74.3,3
2025-09-14 07:00:00,10,2025-09-14 17:00:00,379.54,72.6,3
2025-09-14 07:00:00,11,2025-09-14 18:00:00,379.52,69.7,3
2025-09-14 07:00:00,12,2025-09-14 19:00:00,379.49,67.5,3
2025-09-15 07:00:00,7,2025-09-15 14:00:00,379.48,65.8,3
2025-09-15 07:00:00,8,2025-09-15 15:00:00,379.47,65.0,3
2025-09-15 07:00:00,9,2025-09-15 16:00:00,379.46,64.1,3
2025-09-15 07:00:00,10,2025-09-15 17:00:00,379.45,63.3,3
2025-09-15 07:00:00,11,2025-09-15 18:00:00,379.44,62.5,3
2025-09-15 07:00:00,12,2025-09-15 19:00:00,379.44,61.9,3
2025-09-16 07:00:00,7,2025-09-16 14:00:00,379.68,87.4,3
2025-09-16 07:00:00,8,2025-09-16 15:00:00,379.66,84.8,3
2025-09-16 07:00:00,9,2025-09-16 16:00:00,379.64,82.4,3
2025-09-16 07:00:00,10,2025-09-16 17:00:00,379.61,80.2,3
2025-09-16 07:00:00,11,2025-09-16 18:00:00,379.59,77.9,3
2025-09-16 07:00:00,12,2025-09-16 19:00:00,379.58,76.0,3
2025-09-17 07:00:00,7,2025-09-17 14:00:00,379.4,58.1,3
2025-09-17 07:00:00,8,2025-09-17 15:00:00,379.4,57.7,3
2025-09-17 07:00:00,9,2025-09-17 16:00:00,379.39,57.2,3
2025-09-17 07:00:00,10,2025-09-17 17:00:00,379.39,56.8,3
2025-09-17 07:00:00,11,2025-09-17 18:00:00,379.38,56.4,3
2025-09-17 07:00:00,12,2025-09-17 19:00:00,379.38,56.0,3
2025-09-18 07:00:00,7,2025-09-18 14:00:00,379.36,54.2,3
2025-09-18 07:00:00,8,2025-09-18 15:00:00,379.35,53.8,3
2025-09-18 07:00:00,9,2025-09-18 16:00:00,379.35,53.4,3
2025-09-18 07:00:00,10,2025-09-18 17:00:00,379.35,53.1,3
2025-09-18 07:00:00,11,2025-09-18 18:00:00,379.35,52.9,3
2025-09-18 07:00:00,12,2025-09-18 19:00:00,379.35,52.9,3
2025-09-19 07:00:00,7,2025-09-19 14:00:00,379.34,52.2,3
2025-09-19 07:00:00,8,2025-09-19 15:00:00,379.34,52.0,3
2025-09-19 07:00:00,9,2025-09-19 16:00:00,379.33,51.8,3
2025-09-19 07:00:00,10,2025-09-19 17:00:00,379.33,51.8,3
2025-09-19 07:00:00,11,2025-09-19 18:00:00,379.33,51.7,3
2025-09-19 07:00:00,12,2025-09-19 19:00:00,379.33,51.7,3
2025-09-20 07:00:00,7,2025-09-20 14:00:00,379.24,42.7,3
2025-09-20 07:00:00,8,2025-09-20 15:00:00,379.23,41.8,3
2025-09-20 07:00:00,9,2025-09-20 16:00:00,379.22,41.0,3
2025-09-20 07:00:00,10,2025-09-20 17:00:00,379.21,40.3,3
2025-09-20 07:00:00,11,2025-09-20 18:00:00,379.21,40.0,3
2025-09-20 07:00:00,12,2025-09-20 19:00:00,379.2,39.5,3
2025-09-21 07:00:00,7,2025-09-21 14:00:00,379.26,44.7,3
2025-09-21 07:00:00,8,2025-09-21 15:00:00,379.25,43.9,3
2025-09-21 07:00:00,9,2025-09-21 16:00:00,379.24,43.0,3
2025-09-21 07:00:00,10,2025-09-21 17:00:00,379.23,42.3,3
2025-09-21 07:00:00,11,2025-09-21 18:00:00,379.24,42.8,3
2025-09-21 07:00:00,12,2025-09-21 19:00:00,379.24,42.7,3
2025-09-22 07:00:00,7,2025-09-22 14:00:00,379.94,117.9,3
2025-09-22 07:00:00,8,2025-09-22 15:00:00,379.93,116.4,3
2025-09-22 07:00:00,9,2025-09-22 16:00:00,379.91,113.7,3
2025-09-22 07:00:00,10,2025-09-22 17:00:00,379.89,111.4,3
2025-09-22 07:00:00,11,2025-09-22 18:00:00,379.87,108.8,3
2025-09-22 07:00:00,12,2025-09-22 19:00:00,379.84,105.6,3
2025-09-23 07:00:00,7,2025-09-23 14:00:00,379.74,94.1,3
2025-09-23 07:00:00,8,2025-09-23 15:00:00,379.72,92.1,3
2025-09-23 07:00:00,9,2025-09-23 16:00:00,379.7,90.0,3
2025-09-23 07:00:00,10,2025-09-23 17:00:00,379.69,88.1,3
2025-09-23 07:00:00,11,2025-09-23 18:00:00,379.67,86.6,3
2025-09-23 07:00:00,12,2025-09-23 19:00:00,379.66,85.1,3
2025-09-24 07:00:00,7,2025-09-24 14:00:00,379.78,98.1,3
2025-09-24 07:00:00,8,2025-09-24 15:00:00,379.74,93.7,3
2025-09-24 07:00:00,9,2025-09-24 16:00:00,379.71,90.2,3
2025-09-24 07:00:00,10,2025-09-24 17:00:00,379.68,87.6,3
2025-09-24 07:00:00,11,2025-09-24 18:00:00,379.67,86.2,3
2025-09-24 07:00:00,12,2025-09-24 19:00:00,379.66,84.6,3
2025-09-25 07:00:00,7,2025-09-25 14:00:00,379.77,97.4,3
2025-09-25 07:00:00,8,2025-09-25 15:00:00,379.75,95.3,3
2025-09-25 07:00:00,9,2025-09-25 16:00:00,379.73,93.3,3
2025-09-25 07:00:00,10,2025-09-25 17:00:00,379.72,91.5,3
2025-09-25 07:00:00,11,2025-09-25 18:00:00,379.7,89.8,3
2025-09-25 07:00:00,12,2025-09-25 19:00:00,379.69,88.5,3
2025-09-26 07:00:00,7,2025-09-26 14:00:00,379.61,80.0,3
2025-09-26 07:00:00,8,2025-09-26 15:00:00,379.63,82.3,3
2025-09-26 07:00:00,9,2025-09-26 16:00:00,379.65,84.1,3
2025-09-26 07:00:00,10,2025-09-26 17:00:00,379.67,85.7,3
2025-09-26 07:00:00,11,2025-09-26 18:00:00,379.68,87.2,3
2025-09-26 07:00:00,12,2025-09-26 19:00:00,379.68,87.8,3
2025-09-27 07:00:00,7,2025-09-27 14:00:00,379.69,88.9,3
2025-09-27 07:00:00,8,2025-09-27 15:00:00,379.68,87.2,3
2025-09-27 07:00:00,9,2025-09-27 16:00:00,379.67,85.7,3
2025-09-27 07:00:00,10,2025-09-27 17:00:00,379.65,84.2,3
2025-09-27 07:00:00,11,2025-09-27 18:00:00,379.64,82.8,3
2025-09-27 07:00:00,12,2025-09-27 19:00:00,379.63,81.6,3
2025-09-28 07:00:00,7,2025-09-28 14:00:00,379.53,70.7,3
2025-09-28 07:00:00,8,2025-09-28 15:00:00,379.52,69.9,3
2025-09-28 07:00:00,9,2025-09-28 16:00:00,379.51,69.2,3
2025-09-28 07:00:00,10,2025-09-28 17:00:00,379.5,68.4,3
2025-09-28 07:00:00,11,2025-09-28 18:00:00,379.49,67.6,3
2025-09-28 07:00:00,12,2025-09-28 19:00:00,379.49,66.9,3
2025-09-29 07:00:00,7,2025-09-29 14:00:00,379.37,55.1,3
2025-09-29 07:00:00,8,2025-09-29 15:00:00,379.36,54.6,3
2025-09-29 07:00:00,9,2025-09-29 16:00:00,379.36,54.0,3
2025-09-29 07:00:00,10,2025-09-29 17:00:00,379.35,53.5,3
2025-09-29 07:00:00,11,2025-09-29 18:00:00,379.35,53.0,3
2025-09-29 07:00:00,12,2025-09-29 19:00:00,379.34,52.6,3
2025-09-30 07:00:00,7,2025-09-30 14:00:00,379.27,46.0,3
2025-09-30 07:00:00,8,2025-09-30 15:00:00,379.27,45.5,3
2025-09-30 07:00:00,9,2025-09-30 16:00:00,379.26,45.1,3
2025-09-30 07:00:00,10,2025-09-30 17:00:00,379.26,44.7,3
2025-09-30 07:00:00,11,2025-09-30 18:00:00,379.25,44.3,3
2025-09-30 07:00:00,12,2025-09-30 19:00:00,379.25,43.9,3
2025-10-01 07:00:00,7,2025-10-01 14:00:00,379.21,40.1,3
2025-10-01 07:00:00,8,2025-10-01 15:00:00,379.21,39.8,3
2025-10-01 07:00:00,9,2025-10-01 16:00:00,379.2,39.6,3
2025-10-01 07:00:00,10,2025-10-01 17:00:00,379.2,39.3,3
2025-10-01 07:00:00,11,2025-10-01 18:00:00,379.2,39.1,3
2025-10-01 07:00:00,12,2025-10-01 19:00:00,379.19,38.8,3
2025-10-02 07:00:00,7,2025-10-02 14:00:00,379.11,31.6,3
2025-10-02 07:00:00,8,2025-10-02 15:00:00,379.11,31.5,3
2025-10-02 07:00:00,9,2025-10-02 16:00:00,379.11,31.6,3
2025-10-02 07:00:00,10,2025-10-02 17:00:00,379.11,31.5,3
2025-10-02 07:00:00,11,2025-10-02 18:00:00,379.11,31.4,3
2025-10-02 07:00:00,12,2025-10-02 19:00:00,379.11,31.3,3
2025-10-03 07:00:00,7,2025-10-03 14:00:00,379.08,28.8,3
2025-10-03 07:00:00,8,2025-10-03 15:00:00,379.08,28.7,3
2025-10-03 07:00:00,9,2025-10-03 16:00:00,379.08,28.7,3
2025-10-03 07:00:00,10,2025-10-03 17:00:00,379.07,28.6,3
2025-10-03 07:00:00,11,2025-10-03 18:00:00,379.07,28.4,3
2025-10-03 07:00:00,12,2025-10-03 19:00:00,379.07,28.3,3
2025-10-04 07:00:00,7,2025-10-04 14:00:00,379.06,27.3,3
2025-10-04 07:00:00,8,2025-10-04 15:00:00,379.06,27.4,3
2025-10-04 07:00:00,9,2025-10-04 16:00:00,379.06,27.6,3
2025-10-04 07:00:00,10,2025-10-04 17:00:00,379.06,27.7,3
2025-10-04 07:00:00,11,2025-10-04 18:00:00,379.07,28.0,3
2025-10-04 07:00:00,12,2025-10-04 19:00:00,379.08,29.2,3
2025-10-05 07:00:00,7,2025-10-05 14:00:00,379.33,51.8,3
2025-10-05 07:00:00,8,2025-10-05 15:00:00,379.32,50.4,3
2025-10-05 07:00:00,9,2025-10-05 16:00:00,379.3,48.5,3
2025-10-05 07:00:00,10,2025-10-05 17:00:00,379.29,47.6,3
2025-10-05 07:00:00,11,2025-10-05 18:00:00,379.27,46.0,3
2025-10-05 07:00:00,12,2025-10-05 19:00:00,379.26,44.6,3
2025-10-06 07:00:00,7,2025-10-06 14:00:00,379.26,44.6,3
2025-10-06 07:00:00,8,2025-10-06 15:00:00,379.26,44.5,3
2025-10-06 07:00:00,9,2025-10-06 16:00:00,379.25,44.2,3
2025-10-06 07:00:00,10,2025-10-06 17:00:00,379.25,43.9,3
2025-10-06 07:00:00,11,2025-10-06 18:00:00,379.25,43.7,3
2025-10-06 07:00:00,12,2025-10-06 19:00:00,379.25,43.5,3
2025-10-07 07:00:00,7,2025-10-07 14:00:00,379.15,34.8,3
2025-10-07 07:00:00,8,2025-10-07 15:00:00,379.15,34.7,3
2025-10-07 07:00:00,9,2025-10-07 16:00:00,379.15,34.6,3
2025-10-07 07:00:00,10,2025-10-07 17:00:00,379.15,34.6,3
2025-10-07 07:00:00,11,2025-10-07 18:00:00,379.15,34.5,3
2025-10-07 07:00:00,12,2025-10-07 19:00:00,379.15,34.5,3
2025-10-08 07:00:00,7,2025-10-08 14:00:00,379.17,36.5,3
2025-10-08 07:00:00,8,2025-10-08 15:00:00,379.17,36.4,3
2025-10-08 07:00:00,9,2025-10-08 16:00:00,379.17,36.3,3
2025-10-08 07:00:00,10,2025-10-08 17:00:00,379.16,36.1,3
2025-10-08 07:00:00,11,2025-10-08 18:00:00,379.16,36.0,3
2025-10-08 07:00:00,12,2025-10-08 19:00:00,379.16,36.0,3
2025-10-09 07:00:00,7,2025-10-09 14:00:00,379.11,31.2,3
2025-10-09 07:00:00,8,2025-10-09 15:00:00,379.1,31.0,3
2025-10-09 07:00:00,9,2025-10-09 16:00:00,379.1,31.0,3
2025-10-09 07:00:00,10,2025-10-09 17:00:00,379.1,30.8,3
2025-10-09 07:00:00,11,2025-10-09 18:00:00,379.1,30.6,3
2025-10-09 07:00:00,12,2025-10-09 19:00:00,379.1,30.4,3
2025-10-10 07:00:00,7,2025-10-10 14:00:00,379.08,29.3,3
2025-10-10 07:00:00,8,2025-10-10 15:00:00,379.08,29.1,3
2025-10-10 07:00:00,9,2025-10-10 16:00:00,379.08,29.0,3
2025-10-10 07:00:00,10,2025-10-10 17:00:00,379.08,28.7,3
2025-10-10 07:00:00,11,2025-10-10 18:00:00,379.07,28.6,3
2025-10-10 07:00:00,12,2025-10-10 19:00:00,379.07,28.4,3
2025-10-11 07:00:00,7,2025-10-11 14:00:00,379.08,29.0,3
2025-10-11 07:00:00,8,2025-10-11 15:00:00,379.08,29.0,3
2025-10-11 07:00:00,9,2025-10-11 16:00:00,379.08,29.0,3
2025-10-11 07:00:00,10,2025-10-11 17:00:00,379.08,29.1,3
2025-10-11 07:00:00,11,2025-10-11 18:00:00,379.08,29.1,3
2025-10-11 07:00:00,12,2025-10-11 19:00:00,379.08,29.0,3
2025-10-12 07:00:00,7,2025-10-12 14:00:00,379.05,26.9,3
2025-10-12 07:00:00,8,2025-10-12 15:00:00,379.05,26.6,3
2025-10-12 07:00:00,9,2025-10-12 16:00:00,379.05,26.3,3
2025-10-12 07:00:00,10,2025-10-12 17:00:00,379.04,26.0,3
2025-10-12 07:00:00,11,2025-10-12 18:00:00,379.04,25.7,3
2025-10-12 07:00:00,12,2025-10-12 19:00:00,379.04,25.6,3
2025-10-13 07:00:00,7,2025-10-13 14:00:00,379.0,22.7,3
2025-10-13 07:00:00,8,2025-10-13 15:00:00,378.99,22.6,3
2025-10-13 07:00:00,9,2025-10-13 16:00:00,378.99,22.4,3
2025-10-13 07:00:00,10,2025-10-13 17:00:00,378.99,22.1,3
2025-10-13 07:00:00,11,2025-10-13 18:00:00,378.98,21.9,3
2025-10-13 07:00:00,12,2025-10-13 19:00:00,378.98,21.7,3
2025-10-14 07:00:00,7,2025-10-14 14:00:00,378.97,20.8,3
2025-10-14 07:00:00,8,2025-10-14 15:00:00,378.97,20.7,3
2025-10-14 07:00:00,9,2025-10-14 16:00:00,378.96,20.5,3
2025-10-14 07:00:00,10,2025-10-14 17:00:00,378.96,20.4,3
2025-10-14 07:00:00,11,2025-10-14 18:00:00,378.96,20.3,3
2025-10-14 07:00:00,12,2025-10-14 19:00:00,378.96,20.1,3
2025-10-15 07:00:00,7,2025-10-15 14:00:00,378.95,19.8,3
2025-10-15 07:00:00,8,2025-10-15 15:00:00,378.95,19.8,3
2025-10-15 07:00:00,9,2025-10-15 16:00:00,378.95,19.7,3
2025-10-15 07:00:00,10,2025-10-15 17:00:00,378.95,19.6,3
2025-10-15 07:00:00,11,2025-10-15 18:00:00,378.95,19.6,3
2025-10-15 07:00:00,12,2025-10-15 19:00:00,378.95,19.6,3
2025-10-16 07:00:00,7,2025-10-16 14:00:00,378.93,18.5,3
2025-10-16 07:00:00,8,2025-10-16 15:00:00,378.93,18.4,3
2025-10-16 07:00:00,9,2025-10-16 16:00:00,378.93,18.2,3
2025-10-16 07:00:00,10,2025-10-16 17:00:00,378.93,18.0,3
2025-10-16 07:00:00,11,2025-10-16 18:00:00,378.92,17.8,3
2025-10-16 07:00:00,12,2025-10-16 19:00:00,378.92,17.6,3
2025-10-17 07:00:00,7,2025-10-17 14:00:00,378.93,18.2,3
2025-10-17 07:00:00,8,2025-10-17 15:00:00,378.93,18.1,3
2025-10-17 07:00:00,9,2025-10-17 16:00:00,378.93,18.1,3
2025-10-17 07:00:00,10,2025-10-17 17:00:00,378.93,18.0,3
2025-10-17 07:00:00,11,2025-10-17 18:00:00,378.92,17.9,3
2025-10-17 07:00:00,12,2025-10-17 19:00:00,378.92,17.8,3
2025-10-18 07:00:00,7,2025-10-18 14:00:00,378.95,19.2,3
2025-10-18 07:00:00,8,2025-10-18 15:00:00,378.95,19.3,3
2025-10-18 07:00:00,9,2025-10-18 16:00:00,378.95,19.3,3
2025-10-18 07:00:00,10,2025-10-18 17:00:00,378.95,19.2,3
2025-10-18 07:00:00,11,2025-10-18 18:00:00,378.94,19.2,3
2025-10-18 07:00:00,12,2025-10-18 19:00:00,378.94,19.1,3
2025-10-19 07:00:00,7,2025-10-19 14:00:00,378.92,17.7,3
2025-10-19 07:00:00,8,2025-10-19 15:00:00,378.92,17.7,3
2025-10-19 07:00:00,9,2025-10-19 16:00:00,378.92,17.6,3
2025-10-19 07:00:00,10,2025-10-19 17:00:00,378.92,17.5,3
2025-10-19 07:00:00,11,2025-10-19 18:00:00,378.92,17.4,3
2025-10-19 07:00:00,12,2025-10-19 19:00:00,378.92,17.4,3
2025-10-20 07:00:00,7,2025-10-20 14:00:00,378.92,17.4,3
2025-10-20 07:00:00,8,2025-10-20 15:00:00,378.94,18.7,3
2025-10-20 07:00:00,9,2025-10-20 16:00:00,378.96,20.5,3
2025-10-20 07:00:00,10,2025-10-20 17:00:00,378.97,21.0,3
2025-10-20 07:00:00,11,2025-10-20 18:00:00,378.98,21.5,3
2025-10-20 07:00:00,12,2025-10-20 19:00:00,378.99,22.3,3
2025-10-21 07:00:00,7,2025-10-21 14:00:00,379.06,27.7,3
2025-10-21 07:00:00,8,2025-10-21 15:00:00,379.05,26.9,3
2025-10-21 07:00:00,9,2025-10-21 16:00:00,379.04,25.5,3
2025-10-21 07:00:00,10,2025-10-21 17:00:00,379.03,25.1,3
2025-10-21 07:00:00,11,2025-10-21 18:00:00,379.03,24.8,3
2025-10-21 07:00:00,12,2025-10-21 19:00:00,379.02,24.5,3
2025-10-22 07:00:00,7,2025-10-22 14:00:00,379.78,98.3,3
2025-10-22 07:00:00,8,2025-10-22 15:00:00,379.83,104.6,3
2025-10-22 07:00:00,9,2025-10-22 16:00:00,379.88,110.1,3
2025-10-22 07:00:00,10,2025-10-22 17:00:00,379.88,110.8,3
2025-10-22 07:00:00,11,2025-10-22 18:00:00,379.87,109.4,3
2025-10-22 07:00:00,12,2025-10-22 19:00:00,379.83,104.9,3
2025-10-23 07:00:00,7,2025-10-23 14:00:00,381.37,358.2,3
2025-10-23 07:00:00,8,2025-10-23 15:00:00,381.48,383.5,3
2025-10-23 07:00:00,9,2025-10-23 16:00:00,381.55,399.2,3
2025-10-23 07:00:00,10,2025-10-23 17:00:00,381.6,409.9,3
2025-10-23 07:00:00,11,2025-10-23 18:00:00,381.6,409.1,3
2025-10-23 07:00:00,12,2025-10-23 19:00:00,381.54,395.9,3
2025-10-24 07:00:00,7,2025-10-24 14:00:00,380.4,181.5,3
2025-10-24 07:00:00,8,2025-10-24 15:00:00,380.36,175.6,3
2025-10-24 07:00:00,9,2025-10-24 16:00:00,380.33,170.2,3
2025-10-24 07:00:00,10,2025-10-24 17:00:00,380.29,165.1,3
2025-10-24 07:00:00,11,2025-10-24 18:00:00,380.26,160.8,3
2025-10-24 07:00:00,12,2025-10-24 19:00:00,380.23,156.6,3
2025-10-25 07:00:00,7,2025-10-25 14:00:00,380.21,153.0,3
2025-10-25 07:00:00,8,2025-10-25 15:00:00,380.23,156.8,3
2025-10-25 07:00:00,9,2025-10-25 16:00:00,380.27,161.8,3
2025-10-25 07:00:00,10,2025-10-25 17:00:00,380.32,168.7,3
2025-10-25 07:00:00,11,2025-10-25 18:00:00,380.36,174.9,3
2025-10-25 07:00:00,12,2025-10-25 19:00:00,380.42,184.1,3
2025-10-26 07:00:00,7,2025-10-26 14:00:00,380.4,180.6,3
2025-10-26 07:00:00,8,2025-10-26 15:00:00,380.36,176.0,3
2025-10-26 07:00:00,9,2025-10-26 16:00:00,380.33,170.8,3
2025-10-26 07:00:00,10,2025-10-26 17:00:00,380.29,165.6,3
2025-10-26 07:00:00,11,2025-10-26 18:00:00,380.26,161.2,3
2025-10-26 07:00:00,12,2025-10-26 19:00:00,380.23,156.9,3
2025-10-27 07:00:00,7,2025-10-27 14:00:00,379.99,124.6,3
2025-10-27 07:00:00,8,2025-10-27 15:00:00,380.01,126.6,3
2025-10-27 07:00:00,9,2025-10-27 16:00:00,380.04,131.1,3
2025-10-27 07:00:00,10,2025-10-27 17:00:00,380.09,136.6,3
2025-10-27 07:00:00,11,2025-10-27 18:00:00,380.15,145.1,3
2025-10-27 07:00:00,12,2025-10-27 19:00:00,380.25,158.7,3
2025-10-28 07:00:00,7,2025-10-28 14:00:00,380.13,142.3,3
2025-10-28 07:00:00,8,2025-10-28 15:00:00,380.1,139.1,3
2025-10-28 07:00:00,9,2025-10-28 16:00:00,380.08,136.5,3
2025-10-28 07:00:00,10,2025-10-28 17:00:00,380.07,134.4,3
2025-10-28 07:00:00,11,2025-10-28 18:00:00,380.05,132.5,3
2025-10-28 07:00:00,12,2025-10-28 19:00:00,380.04,131.3,3
2025-10-29 07:00:00,7,2025-10-29 14:00:00,379.87,108.9,3
2025-10-29 07:00:00,8,2025-10-29 15:00:00,379.86,107.7,3
2025-10-29 07:00:00,9,2025-10-29 16:00:00,379.85,106.3,3
2025-10-29 07:00:00,10,2025-10-29 17:00:00,379.83,105.1,3
2025-10-29 07:00:00,11,2025-10-29 18:00:00,379.83,104.4,3
2025-10-29 07:00:00,12,2025-10-29 19:00:00,379.82,103.8,3
2025-10-30 07:00:00,7,2025-10-30 14:00:00,380.6,212.6,3
2025-10-30 07:00:00,8,2025-10-30 15:00:00,380.49,195.0,3
2025-10-30 07:00:00,9,2025-10-30 16:00:00,380.42,184.3,3
2025-10-30 07:00:00,10,2025-10-30 17:00:00,380.37,177.1,3
2025-10-30 07:00:00,11,2025-10-30 18:00:00,380.32,169.2,3
2025-10-30 07:00:00,12,2025-10-30 19:00:00,380.28,163.8,3
2025-10-31 07:00:00,7,2025-10-31 14:00:00,380.1,138.1,3
2025-10-31 07:00:00,8,2025-10-31 15:00:00,380.08,135.4,3
2025-10-31 07:00:00,9,2025-10-31 16:00:00,380.06,133.3,3
2025-10-31 07:00:00,10,2025-10-31 17:00:00,380.04,131.3,3
2025-10-31 07:00:00,11,2025-10-31 18:00:00,380.03,129.4,3
2025-10-31 07:00:00,12,2025-10-31 19:00:00,380.02,127.7,3
2025-11-01 07:00:00,7,2025-11-01 14:00:00,379.86,108.1,3
2025-11-01 07:00:00,8,2025-11-01 15:00:00,379.85,107.3,3
2025-11-01 07:00:00,9,2025-11-01 16:00:00,379.85,106.5,3
2025-11-01 07:00:00,10,2025-11-01 17:00:00,379.84,105.8,3
2025-11-01 07:00:00,11,2025-11-01 18:00:00,379.84,105.4,3
2025-11-01 07:00:00,12,2025-11-01 19:00:00,379.83,105.1,3
2025-11-02 07:00:00,7,2025-11-02 14:00:00,381.47,379.4,3
2025-11-02 07:00:00,8,2025-11-02 15:00:00,381.5,387.7,3
2025-11-02 07:00:00,9,2025-11-02 16:00:00,381.49,384.0,3
2025-11-02 07:00:00,10,2025-11-02 17:00:00,381.44,373.5,3
2025-11-02 07:00:00,11,2025-11-02 18:00:00,381.34,353.0,3
2025-11-02 07:00:00,12,2025-11-02 19:00:00,381.26,334.4,3
2025-11-03 07:00:00,7,2025-11-03 14:00:00,380.32,169.4,3
2025-11-03 07:00:00,8,2025-11-03 15:00:00,380.28,163.6,3
2025-11-03 07:00:00,9,2025-11-03 16:00:00,380.25,158.7,3
2025-11-03 07:00:00,10,2025-11-03 17:00:00,380.22,154.7,3
2025-11-03 07:00:00,11,2025-11-03 18:00:00,380.19,151.5,3
2025-11-03 07:00:00,12,2025-11-03 19:00:00,380.18,148.8,3
2025-11-04 07:00:00,7,2025-11-04 14:00:00,379.97,121.4,3
2025-11-04 07:00:00,8,2025-11-04 15:00:00,379.95,119.2,3
2025-11-04 07:00:00,9,2025-11-04 16:00:00,379.93,117.2,3
2025-11-04 07:00:00,10,2025-11-04 17:00:00,379.92,115.3,3
2025-11-04 07:00:00,11,2025-11-04 18:00:00,379.9,113.6,3
2025-11-04 07:00:00,12,2025-11-04 19:00:00,379.89,111.9,3
2025-11-05 07:00:00,7,2025-11-05 14:00:00,379.77,97.0,3
2025-11-05 07:00:00,8,2025-11-05 15:00:00,379.76,95.9,3
2025-11-05 07:00:00,9,2025-11-05 16:00:00,379.75,94.8,3
2025-11-05 07:00:00,10,2025-11-05 17:00:00,379.74,93.7,3
2025-11-05 07:00:00,11,2025-11-05 18:00:00,379.73,92.8,3
2025-11-05 07:00:00,12,2025-11-05 19:00:00,379.72,91.7,3
2025-11-06 07:00:00,7,2025-11-06 14:00:00,379.62,80.3,3
2025-11-06 07:00:00,8,2025-11-06 15:00:00,379.61,79.8,3
2025-11-06 07:00:00,9,2025-11-06 16:00:00,379.61,79.3,3
2025-11-06 07:00:00,10,2025-11-06 17:00:00,379.6,78.9,3
2025-11-06 07:00:00,11,2025-11-06 18:00:00,379.6,78.5,3
2025-11-06 07:00:00,12,2025-11-06 19:00:00,379.6,78.1,3
2025-11-07 07:00:00,7,2025-11-07 14:00:00,379.52,70.1,3
2025-11-07 07:00:00,8,2025-11-07 15:00:00,379.52,69.9,3
2025-11-07 07:00:00,9,2025-11-07 16:00:00,379.52,69.7,3
2025-11-07 07:00:00,10,2025-11-07 17:00:00,379.51,69.5,3
2025-11-07 07:00:00,11,2025-11-07 18:00:00,379.51,69.2,3
2025-11-07 07:00:00,12,2025-11-07 19:00:00,379.51,69.0,3
2025-11-08 07:00:00,7,2025-11-08 14:00:00,379.44,61.7,3
2025-11-08 07:00:00,8,2025-11-08 15:00:00,379.44,62.0,3
2025-11-08 07:00:00,9,2025-11-08 16:00:00,379.44,62.3,3
2025-11-08 07:00:00,10,2025-11-08 17:00:00,379.44,62.4,3
2025-11-08 07:00:00,11,2025-11-08 18:00:00,379.44,62.4,3
2025-11-08 07:00:00,12,2025-11-08 19:00:00,379.44,62.4,3
2025-11-09 07:00:00,7,2025-11-09 14:00:00,379.38,56.0,3
2025-11-09 07:00:00,8,2025-11-09 15:00:00,379.38,56.5,3
2025-11-09 07:00:00,9,2025-11-09 16:00:00,379.39,56.8,3
2025-11-09 07:00:00,10,2025-11-09 17:00:00,379.39,57.0,3
2025-11-09 07:00:00,11,2025-11-09 18:00:00,379.39,57.2,3
2025-11-09 07:00:00,12,2025-11-09 19:00:00,379.39,57.3,3
2025-11-10 07:00:00,7,2025-11-10 14:00:00,379.29,47.2,3
2025-11-10 07:00:00,8,2025-11-10 15:00:00,379.29,47.3,3
2025-11-10 07:00:00,9,2025-11-10 16:00:00,379.29,47.4,3
2025-11-10 07:00:00,10,2025-11-10 17:00:00,379.29,47.3,3
2025-11-10 07:00:00,11,2025-11-10 18:00:00,379.29,47.3,3
2025-11-10 07:00:00,12,2025-11-10 19:00:00,379.29,47.3,3
2025-11-11 07:00:00,7,2025-11-11 14:00:00,379.24,43.0,3
2025-11-11 07:00:00,8,2025-11-11 15:00:00,379.24,43.1,3
2025-11-11 07:00:00,9,2025-11-11 16:00:00,379.24,43.2,3
2025-11-11 07:00:00,10,2025-11-11 17:00:00,379.24,43.2,3
2025-11-11 07:00:00,11,2025-11-11 18:00:00,379.24,43.3,3
2025-11-11 07:00:00,12,2025-11-11 19:00:00,379.24,43.3,3
2025-11-12 07:00:00,7,2025-11-12 14:00:00,379.2,39.2,3
2025-11-12 07:00:00,8,2025-11-12 15:00:00,379.2,39.3,3
2025-11-12 07:00:00,9,2025-11-12 16:00:00,379.2,39.4,3
2025-11-12 07:00:00,10,2025-11-12 17:00:00,379.2,39.4,3
2025-11-12 07:00:00,11,2025-11-12 18:00:00,379.2,39.5,3
2025-11-12 07:00:00,12,2025-11-12 19:00:00,379.2,39.6,3
2025-11-13 07:00:00,7,2025-11-13 14:00:00,379.14,34.0,3
2025-11-13 07:00:00,8,2025-11-13 15:00:00,379.14,33.9,3
2025-11-13 07:00:00,9,2025-11-13 16:00:00,379.14,33.8,3
2025-11-13 07:00:00,10,2025-11-13 17:00:00,379.14,33.7,3
2025-11-13 07:00:00,11,2025-11-13 18:00:00,379.14,33.6,3
2025-11-13 07:00:00,12,2025-11-13 19:00:00,379.13,33.5,3
2025-11-14 07:00:00,7,2025-11-14 14:00:00,379.14,34.2,3
2025-11-14 07:00:00,8,2025-11-14 15:00:00,379.14,34.2,3
2025-11-14 07:00:00,9,2025-11-14 16:00:00,379.14,34.1,3
2025-11-14 07:00:00,10,2025-11-14 17:00:00,379.14,34.2,3
2025-11-14 07:00:00,11,2025-11-14 18:00:00,379.14,34.1,3
2025-11-14 07:00:00,12,2025-11-14 19:00:00,379.14,34.0,3
2025-11-15 07:00:00,7,2025-11-15 14:00:00,379.14,34.0,3
2025-11-15 07:00:00,8,2025-11-15 15:00:00,379.14,34.2,3
2025-11-15 07:00:00,9,2025-11-15 16:00:00,379.14,34.4,3
2025-11-15 07:00:00,10,2025-11-15 17:00:00,379.15,34.5,3
2025-11-15 07:00:00,11,2025-11-15 18:00:00,379.15,34.6,3
2025-11-15 07:00:00,12,2025-11-15 19:00:00,379.15,34.6,3
2025-11-16 07:00:00,7,2025-11-16 14:00:00,379.21,39.9,3
2025-11-16 07:00:00,8,2025-11-16 15:00:00,379.23,42.4,3
2025-11-16 07:00:00,9,2025-11-16 16:00:00,379.26,44.8,3
2025-11-16 07:00:00,10,2025-11-16 17:00:00,379.29,47.5,3
2025-11-16 07:00:00,11,2025-11-16 18:00:00,379.33,51.0,3
2025-11-16 07:00:00,12,2025-11-16 19:00:00,379.36,54.7,3
2025-11-17 07:00:00,7,2025-11-17 14:00:00,379.53,71.7,3
2025-11-17 07:00:00,8,2025-11-17 15:00:00,379.58,76.3,3
2025-11-17 07:00:00,9,2025-11-17 16:00:00,379.63,81.5,3
2025-11-17 07:00:00,10,2025-11-17 17:00:00,379.72,91.8,3
2025-11-17 07:00:00,11,2025-11-17 18:00:00,379.83,104.0,3
2025-11-17 07:00:00,12,2025-11-17 19:00:00,379.89,111.3,3
2025-11-18 07:00:00,7,2025-11-18 14:00:00,379.5,68.2,3
2025-11-18 07:00:00,8,2025-11-18 15:00:00,379.49,67.5,3
2025-11-18 07:00:00,9,2025-11-18 16:00:00,379.49,66.8,3
2025-11-18 07:00:00,10,2025-11-18 17:00:00,379.48,66.3,3
2025-11-18 07:00:00,11,2025-11-18 18:00:00,379.48,65.8,3
2025-11-18 07:00:00,12,2025-11-18 19:00:00,379.47,65.3,3
2025-11-19 07:00:00,7,2025-11-19 14:00:00,379.31,49.5,3
2025-11-19 07:00:00,8,2025-11-19 15:00:00,379.31,49.3,3
2025-11-19 07:00:00,9,2025-11-19 16:00:00,379.31,49.1,3
2025-11-19 07:00:00,10,2025-11-19 17:00:00,379.3,48.8,3
2025-11-19 07:00:00,11,2025-11-19 18:00:00,379.3,48.5,3
2025-11-19 07:00:00,12,2025-11-19 19:00:00,379.3,48.3,3
2025-11-20 07:00:00,7,2025-11-20 14:00:00,379.25,43.5,3
2025-11-20 07:00:00,8,2025-11-20 15:00:00,379.25,43.5,3
2025-11-20 07:00:00,9,2025-11-20 16:00:00,379.25,43.5,3
2025-11-20 07:00:00,10,2025-11-20 17:00:00,379.25,43.7,3
2025-11-20 07:00:00,11,2025-11-20 18:00:00,379.25,44.1,3
2025-11-20 07:00:00,12,2025-11-20 19:00:00,379.26,44.5,3
2025-11-21 07:00:00,7,2025-11-21 14:00:00,379.2,39.7,3
2025-11-21 07:00:00,8,2025-11-21 15:00:00,379.2,39.6,3
2025-11-21 07:00:00,9,2025-11-21 16:00:00,379.2,39.5,3
2025-11-21 07:00:00,10,2025-11-21 17:00:00,379.2,39.6,3
2025-11-21 07:00:00,11,2025-11-21 18:00:00,379.2,39.6,3
2025-11-21 07:00:00,12,2025-11-21 19:00:00,379.2,39.6,3
2025-11-22 07:00:00,7,2025-11-22 14:00:00,379.16,35.8,3
2025-11-22 07:00:00,8,2025-11-22 15:00:00,379.16,35.8,3
2025-11-22 07:00:00,9,2025-11-22 16:00:00,379.16,35.9,3
2025-11-22 07:00:00,10,2025-11-22 17:00:00,379.16,35.9,3
2025-11-22 07:00:00,11,2025-11-22 18:00:00,379.16,36.1,3
2025-11-22 07:00:00,12,2025-11-22 19:00:00,379.17,36.2,3
2025-11-23 07:00:00,7,2025-11-23 14:00:00,379.14,33.7,3
2025-11-23 07:00:00,8,2025-11-23 15:00:00,379.14,33.8,3
2025-11-23 07:00:00,9,2025-11-23 16:00:00,379.14,33.9,3
2025-11-23 07:00:00,10,2025-11-23 17:00:00,379.14,34.1,3
2025-11-23 07:00:00,11,2025-11-23 18:00:00,379.15,34.4,3
2025-11-23 07:00:00,12,2025-11-23 19:00:00,379.15,34.8,3
2025-11-24 07:00:00,7,2025-11-24 14:00:00,380.26,160.1,3
2025-11-24 07:00:00,8,2025-11-24 15:00:00,380.34,171.9,3
2025-11-24 07:00:00,9,2025-11-24 16:00:00,380.39,180.2,3
2025-11-24 07:00:00,10,2025-11-24 17:00:00,380.44,187.4,3
2025-11-24 07:00:00,11,2025-11-24 18:00:00,380.5,196.2,3
2025-11-24 07:00:00,12,2025-11-24 19:00:00,380.59,210.3,3
2025-11-25 07:00:00,7,2025-11-25 14:00:00,380.2,151.7,3
2025-11-25 07:00:00,8,2025-11-25 15:00:00,380.16,146.9,3
2025-11-25 07:00:00,9,2025-11-25 16:00:00,380.12,141.4,3
2025-11-25 07:00:00,10,2025-11-25 17:00:00,380.09,136.7,3
2025-11-25 07:00:00,11,2025-11-25 18:00:00,380.06,133.2,3
2025-11-25 07:00:00,12,2025-11-25 19:00:00,380.03,129.5,3
2025-11-26 07:00:00,7,2025-11-26 14:00:00,379.82,102.8,3
2025-11-26 07:00:00,8,2025-11-26 15:00:00,379.8,101.2,3
2025-11-26 07:00:00,9,2025-11-26 16:00:00,379.79,99.7,3
2025-11-26 07:00:00,10,2025-11-26 17:00:00,379.78,98.5,3
2025-11-26 07:00:00,11,2025-11-26 18:00:00,379.77,97.2,3
2025-11-26 07:00:00,12,2025-11-26 19:00:00,379.76,96.1,3
2025-11-27 07:00:00,7,2025-11-27 14:00:00,379.57,75.2,3
2025-11-27 07:00:00,8,2025-11-27 15:00:00,379.56,74.4,3
2025-11-27 07:00:00,9,2025-11-27 16:00:00,379.55,73.6,3
2025-11-27 07:00:00,10,2025-11-27 17:00:00,379.55,73.1,3
2025-11-27 07:00:00,11,2025-11-27 18:00:00,379.54,72.5,3
2025-11-27 07:00:00,12,2025-11-27 19:00:00,379.54,71.9,3
2025-11-28 07:00:00,7,2025-11-28 14:00:00,379.44,62.4,3
2025-11-28 07:00:00,8,2025-11-28 15:00:00,379.44,61.9,3
2025-11-28 07:00:00,9,2025-11-28 16:00:00,379.43,61.5,3
2025-11-28 07:00:00,10,2025-11-28 17:00:00,379.43,61.1,3
2025-11-28 07:00:00,11,2025-11-28 18:00:00,379.43,60.8,3
2025-11-28 07:00:00,12,2025-11-28 19:00:00,379.42,60.4,3
2025-11-29 07:00:00,7,2025-11-29 14:00:00,379.38,55.8,3
2025-11-29 07:00:00,8,2025-11-29 15:00:00,379.38,55.9,3
2025-11-29 07:00:00,9,2025-11-29 16:00:00,379.38,56.0,3
2025-11-29 07:00:00,10,2025-11-29 17:00:00,379.38,56.2,3
2025-11-29 07:00:00,11,2025-11-29 18:00:00,379.38,56.6,3
2025-11-29 07:00:00,12,2025-11-29 19:00:00,379.39,57.2,3
2025-11-30 07:00:00,7,2025-11-30 14:00:00,379.41,59.0,3
2025-11-30 07:00:00,8,2025-11-30 15:00:00,379.42,59.7,3
2025-11-30 07:00:00,9,2025-11-30 16:00:00,379.42,60.6,3
2025-11-30 07:00:00,10,2025-11-30 17:00:00,379.44,62.6,3
2025-11-30 07:00:00,11,2025-11-30 18:00:00,379.47,65.0,3
2025-11-30 07:00:00,12,2025-11-30 19:00:00,379.5,68.1,3
2025-12-01 07:00:00,7,2025-12-01 14:00:00,379.39,57.0,3
2025-12-01 07:00:00,8,2025-12-01 15:00:00,379.38,56.0,3
2025-12-01 07:00:00,9,2025-12-01 16:00:00,379.37,55.3,3
2025-12-01 07:00:00,10,2025-12-01 17:00:00,379.36,54.6,3
2025-12-01 07:00:00,11,2025-12-01 18:00:00,379.36,54.1,3
2025-12-01 07:00:00,12,2025-12-01 19:00:00,379.36,53.8,3
2025-12-02 07:00:00,7,2025-12-02 14:00:00,379.35,52.9,3
2025-12-02 07:00:00,8,2025-12-02 15:00:00,379.34,52.7,3
2025-12-02 07:00:00,9,2025-12-02 16:00:00,379.34,52.3,3
2025-12-02 07:00:00,10,2025-12-02 17:00:00,379.34,52.0,3
2025-12-02 07:00:00,11,2025-12-02 18:00:00,379.33,51.8,3
2025-12-02 07:00:00,12,2025-12-02 19:00:00,379.33,51.7,3
2025-12-03 07:00:00,7,2025-12-03 14:00:00,379.33,51.0,3
2025-12-03 07:00:00,8,2025-12-03 15:00:00,379.33,51.4,3
2025-12-03 07:00:00,9,2025-12-03 16:00:00,379.33,51.8,3
2025-12-03 07:00:00,10,2025-12-03 17:00:00,379.34,52.4,3
2025-12-03 07:00:00,11,2025-12-03 18:00:00,379.35,53.0,3
2025-12-03 07:00:00,12,2025-12-03 19:00:00,379.35,53.5,3
2025-12-04 07:00:00,7,2025-12-04 14:00:00,379.26,45.1,3
2025-12-04 07:00:00,8,2025-12-04 15:00:00,379.26,45.0,3
2025-12-04 07:00:00,9,2025-12-04 16:00:00,379.26,44.9,3
2025-12-04 07:00:00,10,2025-12-04 17:00:00,379.26,44.8,3
2025-12-04 07:00:00,11,2025-12-04 18:00:00,379.26,44.8,3
2025-12-04 07:00:00,12,2025-12-04 19:00:00,379.26,45.1,3
2025-12-05 07:00:00,7,2025-12-05 14:00:00,379.26,44.6,3
2025-12-05 07:00:00,8,2025-12-05 15:00:00,379.26,44.7,3
2025-12-05 07:00:00,9,2025-12-05 16:00:00,379.26,44.5,3
2025-12-05 07:00:00,10,2025-12-05 17:00:00,379.25,44.3,3
2025-12-05 07:00:00,11,2025-12-05 18:00:00,379.25,44.0,3
2025-12-05 07:00:00,12,2025-12-05 19:00:00,379.25,43.8,3
2025-12-06 07:00:00,7,2025-12-06 14:00:00,379.24,43.1,3
2025-12-06 07:00:00,8,2025-12-06 15:00:00,379.25,43.5,3
2025-12-06 07:00:00,9,2025-12-06 16:00:00,379.25,44.0,3
2025-12-06 07:00:00,10,2025-12-06 17:00:00,379.26,44.7,3
2025-12-06 07:00:00,11,2025-12-06 18:00:00,379.27,45.5,3
2025-12-06 07:00:00,12,2025-12-06 19:00:00,379.28,46.5,3
2025-12-07 07:00:00,7,2025-12-07 14:00:00,379.46,63.9,3
2025-12-07 07:00:00,8,2025-12-07 15:00:00,379.47,64.8,3
2025-12-07 07:00:00,9,2025-12-07 16:00:00,379.5,68.1,3
2025-12-07 07:00:00,10,2025-12-07 17:00:00,379.57,75.9,3
2025-12-07 07:00:00,11,2025-12-07 18:00:00,379.69,88.4,3
2025-12-07 07:00:00,12,2025-12-07 19:00:00,379.85,106.9,3
2025-12-08 07:00:00,7,2025-12-08 14:00:00,379.8,101.0,3
2025-12-08 07:00:00,8,2025-12-08 15:00:00,379.78,98.9,3
2025-12-08 07:00:00,9,2025-12-08 16:00:00,379.77,97.1,3
2025-12-08 07:00:00,10,2025-12-08 17:00:00,379.76,96.1,3
2025-12-08 07:00:00,11,2025-12-08 18:00:00,379.75,95.7,3
2025-12-08 07:00:00,12,2025-12-08 19:00:00,379.75,95.3,3
2025-12-09 07:00:00,7,2025-12-09 14:00:00,379.67,86.0,3
2025-12-09 07:00:00,8,2025-12-09 15:00:00,379.66,84.8,3
2025-12-09 07:00:00,9,2025-12-09 16:00:00,379.65,84.1,3
2025-12-09 07:00:00,10,2025-12-09 17:00:00,379.65,83.5,3
2025-12-09 07:00:00,11,2025-12-09 18:00:00,379.64,83.2,3
2025-12-09 07:00:00,12,2025-12-09 19:00:00,379.64,83.1,3
2025-12-10 07:00:00,7,2025-12-10 14:00:00,379.52,70.7,3
2025-12-10 07:00:00,8,2025-12-10 15:00:00,379.52,69.9,3
2025-12-10 07:00:00,9,2025-12-10 16:00:00,379.51,69.5,3
2025-12-10 07:00:00,10,2025-12-10 17:00:00,379.51,69.3,3
2025-12-10 07:00:00,11,2025-12-10 18:00:00,379.51,69.1,3
2025-12-10 07:00:00,12,2025-12-10 19:00:00,379.51,69.4,3
2025-12-11 07:00:00,7,2025-12-11 14:00:00,379.42,60.3,3
2025-12-11 07:00:00,8,2025-12-11 15:00:00,379.42,60.6,3
2025-12-11 07:00:00,9,2025-12-11 16:00:00,379.43,61.0,3
2025-12-11 07:00:00,10,2025-12-11 17:00:00,379.43,61.5,3
2025-12-11 07:00:00,11,2025-12-11 18:00:00,379.44,62.2,3
2025-12-11 07:00:00,12,2025-12-11 19:00:00,379.45,63.1,3
2025-12-12 07:00:00,7,2025-12-12 14:00:00,379.36,54.7,3
2025-12-12 07:00:00,8,2025-12-12 15:00:00,379.37,54.9,3
2025-12-12 07:00:00,9,2025-12-12 16:00:00,379.37,55.1,3
2025-12-12 07:00:00,10,2025-12-12 17:00:00,379.37,55.4,3
2025-12-12 07:00:00,11,2025-12-12 18:00:00,379.38,55.7,3
2025-12-12 07:00:00,12,2025-12-12 19:00:00,379.38,56.0,3
2025-12-13 07:00:00,7,2025-12-13 14:00:00,379.29,47.8,3
2025-12-13 07:00:00,8,2025-12-13 15:00:00,379.3,48.2,3
2025-12-13 07:00:00,9,2025-12-13 16:00:00,379.3,48.4,3
2025-12-13 07:00:00,10,2025-12-13 17:00:00,379.3,48.6,3
2025-12-13 07:00:00,11,2025-12-13 18:00:00,379.3,48.7,3
2025-12-13 07:00:00,12,2025-12-13 19:00:00,379.3,48.9,3
2025-12-14 07:00:00,7,2025-12-14 14:00:00,379.25,43.6,3
2025-12-14 07:00:00,8,2025-12-14 15:00:00,379.25,43.8,3
2025-12-14 07:00:00,9,2025-12-14 16:00:00,379.25,44.0,3
2025-12-14 07:00:00,10,2025-12-14 17:00:00,379.25,44.3,3
2025-12-14 07:00:00,11,2025-12-14 18:00:00,379.26,44.5,3
2025-12-14 07:00:00,12,2025-12-14 19:00:00,379.26,44.6,3
2025-12-15 07:00:00,7,2025-12-15 14:00:00,379.21,39.8,3
2025-12-15 07:00:00,8,2025-12-15 15:00:00,379.21,40.1,3
2025-12-15 07:00:00,9,2025-12-15 16:00:00,379.21,40.4,3
2025-12-15 07:00:00,10,2025-12-15 17:00:00,379.21,40.5,3
2025-12-15 07:00:00,11,2025-12-15 18:00:00,379.22,40.7,3
2025-12-15 07:00:00,12,2025-12-15 19:00:00,379.22,40.9,3
2025-12-16 07:00:00,7,2025-12-16 14:00:00,379.18,37.4,3
2025-12-16 07:00:00,8,2025-12-16 15:00:00,379.19,38.1,3
2025-12-16 07:00:00,9,2025-12-16 16:00:00,379.19,38.6,3
2025-12-16 07:00:00,10,2025-12-16 17:00:00,379.2,39.3,3
2025-12-16 07:00:00,11,2025-12-16 18:00:00,379.21,40.0,3
2025-12-16 07:00:00,12,2025-12-16 19:00:00,379.22,40.8,3
2025-12-17 07:00:00,7,2025-12-17 14:00:00,379.19,38.1,3
2025-12-17 07:00:00,8,2025-12-17 15:00:00,379.19,38.6,3
2025-12-17 07:00:00,9,2025-12-17 16:00:00,379.2,39.0,3
2025-12-17 07:00:00,10,2025-12-17 17:00:00,379.2,39.4,3
2025-12-17 07:00:00,11,2025-12-17 18:00:00,379.21,39.9,3
2025-12-17 07:00:00,12,2025-12-17 19:00:00,379.21,40.6,3
2025-12-18 07:00:00,7,2025-12-18 14:00:00,379.1,30.4,3
2025-12-18 07:00:00,8,2025-12-18 15:00:00,379.1,30.5,3
2025-12-18 07:00:00,9,2025-12-18 16:00:00,379.1,30.5,3
2025-12-18 07:00:00,10,2025-12-18 17:00:00,379.1,30.6,3
2025-12-18 07:00:00,11,2025-12-18 18:00:00,379.1,30.7,3
2025-12-18 07:00:00,12,2025-12-18 19:00:00,379.1,30.8,3
2025-12-19 07:00:00,7,2025-12-19 14:00:00,379.08,29.4,3
2025-12-19 07:00:00,8,2025-12-19 15:00:00,379.09,29.5,3
2025-12-19 07:00:00,9,2025-12-19 16:00:00,379.09,29.6,3
2025-12-19 07:00:00,10,2025-12-19 17:00:00,379.09,29.7,3
2025-12-19 07:00:00,11,2025-12-19 18:00:00,379.09,30.0,3
2025-12-19 07:00:00,12,2025-12-19 19:00:00,379.1,30.2,3
2025-12-20 07:00:00,7,2025-12-20 14:00:00,379.12,32.1,3
2025-12-20 07:00:00,8,2025-12-20 15:00:00,379.12,32.3,3
2025-12-20 07:00:00,9,2025-12-20 16:00:00,379.12,32.3,3
2025-12-20 07:00:00,10,2025-12-20 17:00:00,379.12,32.4,3
2025-12-20 07:00:00,11,2025-12-20 18:00:00,379.12,32.7,3
2025-12-20 07:00:00,12,2025-12-20 19:00:00,379.13,33.0,3
2025-12-21 07:00:00,7,2025-12-21 14:00:00,379.06,27.5,3
2025-12-21 07:00:00,8,2025-12-21 15:00:00,379.06,27.5,3
2025-12-21 07:00:00,9,2025-12-21 16:00:00,379.06,27.5,3
2025-12-21 07:00:00,10,2025-12-21 17:00:00,379.06,27.6,3
2025-12-21 07:00:00,11,2025-12-21 18:00:00,379.06,27.7,3
2025-12-21 07:00:00,12,2025-12-21 19:00:00,379.07,27.8,3
2025-12-22 07:00:00,7,2025-12-22 14:00:00,379.04,25.6,3
2025-12-22 07:00:00,8,2025-12-22 15:00:00,379.04,25.6,3
2025-12-22 07:00:00,9,2025-12-22 16:00:00,379.04,25.6,3
2025-12-22 07:00:00,10,2025-12-22 17:00:00,379.04,25.6,3
2025-12-22 07:00:00,11,2025-12-22 18:00:00,379.04,25.6,3
2025-12-22 07:00:00,12,2025-12-22 19:00:00,379.04,25.7,3
2025-12-23 07:00:00,7,2025-12-23 14:00:00,379.05,26.4,3
2025-12-23 07:00:00,8,2025-12-23 15:00:00,379.05,26.4,3
2025-12-23 07:00:00,9,2025-12-23 16:00:00,379.05,26.5,3
2025-12-23 07:00:00,10,2025-12-23 17:00:00,379.05,26.5,3
2025-12-23 07:00:00,11,2025-12-23 18:00:00,379.05,26.6,3
2025-12-23 07:00:00,12,2025-12-23 19:00:00,379.05,26.7,3
2025-12-24 07:00:00,7,2025-12-24 14:00:00,379.02,24.3,3
2025-12-24 07:00:00,8,2025-12-24 15:00:00,379.02,24.4,3
2025-12-24 07:00:00,9,2025-12-24 16:00:00,379.02,24.4,3
2025-12-24 07:00:00,10,2025-12-24 17:00:00,379.02,24.4,3
2025-12-24 07:00:00,11,2025-12-24 18:00:00,379.02,24.4,3
2025-12-24 07:00:00,12,2025-12-24 19:00:00,379.02,24.4,3
2025-12-25 07:00:00,7,2025-12-25 14:00:00,379.01,23.8,3
2025-12-25 07:00:00,8,2025-12-25 15:00:00,379.01,23.9,3
2025-12-25 07:00:00,9,2025-12-25 16:00:00,379.01,23.9,3
2025-12-25 07:00:00,10,2025-12-25 17:00:00,379.01,24.0,3
2025-12-25 07:00:00,11,2025-12-25 18:00:00,379.01,24.0,3
2025-12-25 07:00:00,12,2025-12-25 19:00:00,379.02,24.1,3
2025-12-26 07:00:00,7,2025-12-26 14:00:00,378.96,20.0,3
2025-12-26 07:00:00,8,2025-12-26 15:00:00,378.96,20.1,3
2025-12-26 07:00:00,9,2025-12-26 16:00:00,378.96,20.2,3
2025-12-26 07:00:00,10,2025-12-26 17:00:00,378.96,20.3,3
2025-12-26 07:00:00,11,2025-12-26 18:00:00,378.96,20.4,3
2025-12-26 07:00:00,12,2025-12-26 19:00:00,378.96,20.4,3
2025-12-27 07:00:00,7,2025-12-27 14:00:00,378.96,20.4,3
2025-12-27 07:00:00,8,2025-12-27 15:00:00,378.96,20.4,3
2025-12-27 07:00:00,9,2025-12-27 16:00:00,378.96,20.5,3
2025-12-27 07:00:00,10,2025-12-27 17:00:00,378.96,20.5,3
2025-12-27 07:00:00,11,2025-12-27 18:00:00,378.97,20.6,3
2025-12-27 07:00:00,12,2025-12-27 19:00:00,378.97,20.7,3
2025-12-28 07:00:00,7,2025-12-28 14:00:00,378.95,19.6,3
2025-12-28 07:00:00,8,2025-12-28 15:00:00,378.95,19.5,3
2025-12-28 07:00:00,9,2025-12-28 16:00:00,378.95,19.5,3
2025-12-28 07:00:00,10,2025-12-28 17:00:00,378.95,19.6,3
2025-12-28 07:00:00,11,2025-12-28 18:00:00,378.95,19.7,3
2025-12-28 07:00:00,12,2025-12-28 19:00:00,378.95,19.8,3
2025-12-29 07:00:00,7,2025-12-29 14:00:00,378.93,18.4,3
2025-12-29 07:00:00,8,2025-12-29 15:00:00,378.93,18.3,3
2025-12-29 07:00:00,9,2025-12-29 16:00:00,378.93,18.4,3
2025-12-29 07:00:00,10,2025-12-29 17:00:00,378.93,18.5,3
2025-12-29 07:00:00,11,2025-12-29 18:00:00,378.93,18.5,3
2025-12-29 07:00:00,12,2025-12-29 19:00:00,378.93,18.5,3
2025-12-30 07:00:00,7,2025-12-30 14:00:00,378.95,19.6,3
2025-12-30 07:00:00,8,2025-12-30 15:00:00,378.95,19.6,3
2025-12-30 07:00:00,9,2025-12-30 16:00:00,378.95,19.7,3
2025-12-30 07:00:00,10,2025-12-30 17:00:00,378.95,19.7,3
2025-12-30 07:00:00,11,2025-12-30 18:00:00,378.95,19.8,3
2025-12-30 07:00:00,12,2025-12-30 19:00:00,378.96,19.9,3
2025-12-31 07:00:00,7,2025-12-31 14:00:00,378.93,18.1,2
2025-12-31 07:00:00,8,2025-12-31 15:00:00,378.93,18.2,2
2025-12-31 07:00:00,9,2025-12-31 16:00:00,378.93,18.3,2
2025-12-31 07:00:00,10,2025-12-31 17:00:00,378.93,18.4,2
2025-12-31 07:00:00,11,2025-12-31 18:00:00,378.93,18.5,2
2025-12-31 07:00:00,12,2025-12-31 19:00:00,378.935,18.55,2
