issue_time,lead_time_h,valid_time,H_median,Q_median,n_models
2020-06-11 07:00:00,0,2020-06-11 07:00:00,379.92,111.8,5
2020-06-11 07:00:00,1,2020-06-11 08:00:00,379.92,111.5,5
2020-06-11 07:00:00,2,2020-06-11 09:00:00,379.92,110.8,5
2020-06-11 07:00:00,3,2020-06-11 10:00:00,379.91,109.8,5
2020-06-11 07:00:00,4,2020-06-11 11:00:00,379.94,113.6,5
2020-06-11 07:00:00,5,2020-06-11 12:00:00,379.94,114.5,5
2020-06-11 07:00:00,6,2020-06-11 13:00:00,379.94,113.9,5
2020-06-12 08:00:00,0,2020-06-12 08:00:00,379.86,103.8,5
2020-06-12 08:00:00,1,2020-06-12 09:00:00,379.81,96.7,5
2020-06-12 08:00:00,2,2020-06-12 10:00:00,379.79,95.0,5
2020-06-12 08:00:00,3,2020-06-12 11:00:00,379.82,98.2,5
2020-06-12 08:00:00,4,2020-06-12 12:00:00,379.86,103.3,5
2020-06-12 08:00:00,5,2020-06-12 13:00:00,379.86,104.2,5
2020-06-12 08:00:00,6,2020-06-12 14:00:00,379.81,97.1,5
2020-06-13 07:00:00,0,2020-06-13 07:00:00,379.79,94.8,5
2020-06-13 07:00:00,1,2020-06-13 08:00:00,379.81,96.7,5
2020-06-13 07:00:00,2,2020-06-13 09:00:00,379.8,96.1,5
2020-06-13 07:00:00,3,2020-06-13 10:00:00,379.77,92.7,5
2020-06-13 07:00:00,4,2020-06-13 11:00:00,379.74,88.9,5
2020-06-13 07:00:00,5,2020-06-13 12:00:00,379.76,90.9,5
2020-06-13 07:00:00,6,2020-06-13 13:00:00,379.8,95.8,5
2020-06-13 19:00:00,0,2020-06-13 19:00:00,379.72,86.5,5
2020-06-13 19:00:00,1,2020-06-13 20:00:00,379.74,88.0,5
2020-06-13 19:00:00,2,2020-06-13 21:00:00,379.73,86.8,5
2020-06-13 19:00:00,3,2020-06-13 22:00:00,379.75,89.2,5
2020-06-13 19:00:00,4,2020-06-13 23:00:00,379.85,102.3,5
2020-06-13 19:00:00,5,2020-06-14 00:00:00,379.93,113.3,5
2020-06-13 19:00:00,6,2020-06-14 01:00:00,380.01,123.5,5
2020-06-13 21:00:00,0,2020-06-13 21:00:00,379.68,81.7,5
2020-06-13 21:00:00,1,2020-06-13 22:00:00,379.68,80.9,5
2020-06-13 21:00:00,2,2020-06-13 23:00:00,379.67,80.4,5
2020-06-13 21:00:00,3,2020-06-14 00:00:00,379.68,81.5,5
2020-06-13 21:00:00,4,2020-06-14 01:00:00,379.73,87.5,5
2020-06-13 21:00:00,5,2020-06-14 02:00:00,379.79,94.2,5
2020-06-13 21:00:00,6,2020-06-14 03:00:00,379.83,100.3,5
2020-06-14 07:00:00,0,2020-06-14 07:00:00,379.76,91.4,5
2020-06-14 07:00:00,1,2020-06-14 08:00:00,379.76,90.9,5
2020-06-14 07:00:00,2,2020-06-14 09:00:00,379.77,91.7,5
2020-06-14 07:00:00,3,2020-06-14 10:00:00,379.74,89.1,5
2020-06-14 07:00:00,4,2020-06-14 11:00:00,379.76,91.0,5
2020-06-14 07:00:00,5,2020-06-14 12:00:00,379.8,95.9,5
2020-06-14 07:00:00,6,2020-06-14 13:00:00,379.85,102.9,5
2020-06-15 07:00:00,0,2020-06-15 07:00:00,379.67,80.3,5
2020-06-15 07:00:00,1,2020-06-15 08:00:00,379.64,75.9,5
2020-06-15 07:00:00,2,2020-06-15 09:00:00,379.63,75.0,5
2020-06-15 07:00:00,3,2020-06-15 10:00:00,379.63,75.1,5
2020-06-15 07:00:00,4,2020-06-15 11:00:00,379.64,75.8,5
2020-06-15 07:00:00,5,2020-06-15 12:00:00,379.71,85.0,5
2020-06-15 07:00:00,6,2020-06-15 13:00:00,379.73,86.9,5
2020-06-16 06:00:00,0,2020-06-16 06:00:00,379.71,84.4,5
2020-06-16 06:00:00,1,2020-06-16 07:00:00,379.71,84.7,5
2020-06-16 06:00:00,2,2020-06-16 08:00:00,379.71,85.4,5
2020-06-16 06:00:00,3,2020-06-16 09:00:00,379.67,80.1,5
2020-06-16 06:00:00,4,2020-06-16 10:00:00,379.66,79.2,5
2020-06-16 06:00:00,5,2020-06-16 11:00:00,379.69,81.9,5
2020-06-16 06:00:00,6,2020-06-16 12:00:00,379.71,85.1,5
2020-06-17 06:00:00,0,2020-06-17 06:00:00,380.11,136.2,5
2020-06-17 06:00:00,1,2020-06-17 07:00:00,380.09,134.5,5
2020-06-17 06:00:00,2,2020-06-17 08:00:00,380.03,126.4,5
2020-06-17 06:00:00,3,2020-06-17 09:00:00,380.08,132.2,5
2020-06-17 06:00:00,4,2020-06-17 10:00:00,380.31,164.7,5
2020-06-17 06:00:00,5,2020-06-17 11:00:00,380.34,169.8,5
2020-06-17 06:00:00,6,2020-06-17 12:00:00,380.32,167.0,5
2020-06-17 12:00:00,0,2020-06-17 12:00:00,379.9,109.0,5
2020-06-17 12:00:00,1,2020-06-17 13:00:00,379.94,114.6,5
2020-06-17 12:00:00,2,2020-06-17 14:00:00,379.93,112.5,5
2020-06-17 12:00:00,3,2020-06-17 15:00:00,379.99,120.6,5
2020-06-17 12:00:00,4,2020-06-17 16:00:00,380.18,146.2,5
2020-06-17 12:00:00,5,2020-06-17 17:00:00,380.15,142.8,5
2020-06-17 12:00:00,6,2020-06-17 18:00:00,380.13,139.6,5
2020-06-18 06:00:00,0,2020-06-18 06:00:00,379.91,109.9,5
2020-06-18 06:00:00,1,2020-06-18 07:00:00,379.91,110.4,5
2020-06-18 06:00:00,2,2020-06-18 08:00:00,379.95,115.7,5
2020-06-18 06:00:00,3,2020-06-18 09:00:00,379.93,112.4,5
2020-06-18 06:00:00,4,2020-06-18 10:00:00,379.91,110.2,5
2020-06-18 06:00:00,5,2020-06-18 11:00:00,379.91,110.1,5
2020-06-18 06:00:00,6,2020-06-18 12:00:00,379.92,111.7,5
2020-06-19 07:00:00,0,2020-06-19 07:00:00,379.97,118.0,5
2020-06-19 07:00:00,1,2020-06-19 08:00:00,379.98,118.6,5
2020-06-19 07:00:00,2,2020-06-19 09:00:00,379.92,111.6,5
2020-06-19 07:00:00,3,2020-06-19 10:00:00,379.98,119.2,5
2020-06-19 07:00:00,4,2020-06-19 11:00:00,379.98,118.9,5
2020-06-19 07:00:00,5,2020-06-19 12:00:00,379.98,119.1,5
2020-06-19 07:00:00,6,2020-06-19 13:00:00,380.01,122.6,5
2020-06-20 08:00:00,0,2020-06-20 08:00:00,379.74,88.1,5
2020-06-20 08:00:00,1,2020-06-20 09:00:00,379.75,90.4,5
2020-06-20 08:00:00,2,2020-06-20 10:00:00,379.77,92.3,5
2020-06-20 08:00:00,3,2020-06-20 11:00:00,379.73,87.6,5
2020-06-20 08:00:00,4,2020-06-20 12:00:00,379.75,89.7,5
2020-06-20 08:00:00,5,2020-06-20 13:00:00,379.78,93.1,5
2020-06-20 08:00:00,6,2020-06-20 14:00:00,379.76,90.7,5
2020-06-21 07:00:00,0,2020-06-21 07:00:00,379.61,72.7,5
2020-06-21 07:00:00,1,2020-06-21 08:00:00,379.6,72.2,5
2020-06-21 07:00:00,2,2020-06-21 09:00:00,379.62,74.4,5
2020-06-21 07:00:00,3,2020-06-21 10:00:00,379.62,74.1,5
2020-06-21 07:00:00,4,2020-06-21 11:00:00,379.61,73.0,5
2020-06-21 07:00:00,5,2020-06-21 12:00:00,379.66,79.3,5
2020-06-21 07:00:00,6,2020-06-21 13:00:00,379.66,79.0,5
2020-06-22 07:00:00,0,2020-06-22 07:00:00,379.61,73.2,5
2020-06-22 07:00:00,1,2020-06-22 08:00:00,379.6,71.1,5
2020-06-22 07:00:00,2,2020-06-22 09:00:00,379.59,69.8,5
2020-06-22 07:00:00,3,2020-06-22 10:00:00,379.59,69.9,5
2020-06-22 07:00:00,4,2020-06-22 11:00:00,379.58,69.0,5
2020-06-22 07:00:00,5,2020-06-22 12:00:00,379.6,71.0,5
2020-06-22 07:00:00,6,2020-06-22 13:00:00,379.62,73.8,5
2020-06-23 07:00:00,0,2020-06-23 07:00:00,379.59,70.6,5
2020-06-23 07:00:00,1,2020-06-23 08:00:00,379.57,68.2,5
2020-06-23 07:00:00,2,2020-06-23 09:00:00,379.58,69.6,5
2020-06-23 07:00:00,3,2020-06-23 10:00:00,379.61,72.4,5
2020-06-23 07:00:00,4,2020-06-23 11:00:00,379.61,73.0,5
2020-06-23 07:00:00,5,2020-06-23 12:00:00,379.61,72.3,5
2020-06-23 07:00:00,6,2020-06-23 13:00:00,379.61,73.0,5
2020-06-25 06:00:00,0,2020-06-25 06:00:00,379.73,87.2,5
2020-06-25 06:00:00,1,2020-06-25 07:00:00,379.73,87.5,5
2020-06-25 06:00:00,2,2020-06-25 08:00:00,379.76,91.4,5
2020-06-25 06:00:00,3,2020-06-25 09:00:00,379.76,91.0,5
2020-06-25 06:00:00,4,2020-06-25 10:00:00,379.76,91.2,5
2020-06-25 06:00:00,5,2020-06-25 11:00:00,379.76,91.3,5
2020-06-25 06:00:00,6,2020-06-25 12:00:00,379.76,90.6,5
2020-06-26 07:00:00,0,2020-06-26 07:00:00,379.73,87.7,5
2020-06-26 07:00:00,1,2020-06-26 08:00:00,379.75,89.5,5
2020-06-26 07:00:00,2,2020-06-26 09:00:00,379.76,91.4,5
2020-06-26 07:00:00,3,2020-06-26 10:00:00,379.77,92.1,5
2020-06-26 07:00:00,4,2020-06-26 11:00:00,379.75,89.7,5
2020-06-26 07:00:00,5,2020-06-26 12:00:00,379.75,89.6,5
2020-06-26 07:00:00,6,2020-06-26 13:00:00,379.77,92.5,5
2020-06-27 07:00:00,0,2020-06-27 07:00:00,379.75,89.8,5
2020-06-27 07:00:00,1,2020-06-27 08:00:00,379.74,89.0,5
2020-06-27 07:00:00,2,2020-06-27 09:00:00,379.74,88.7,5
2020-06-27 07:00:00,3,2020-06-27 10:00:00,379.73,87.3,5
2020-06-27 07:00:00,4,2020-06-27 11:00:00,379.72,86.4,5
2020-06-27 07:00:00,5,2020-06-27 12:00:00,379.72,85.6,5
2020-06-27 07:00:00,6,2020-06-27 13:00:00,379.73,87.8,5
2020-06-28 07:00:00,0,2020-06-28 07:00:00,379.64,76.8,5
2020-06-28 07:00:00,1,2020-06-28 08:00:00,379.68,80.7,5
2020-06-28 07:00:00,2,2020-06-28 09:00:00,379.67,79.5,5
2020-06-28 07:00:00,3,2020-06-28 10:00:00,379.67,79.7,5
2020-06-28 07:00:00,4,2020-06-28 11:00:00,379.66,79.3,5
2020-06-28 07:00:00,5,2020-06-28 12:00:00,379.64,76.9,5
2020-06-28 07:00:00,6,2020-06-28 13:00:00,379.64,76.0,5
2020-06-29 07:00:00,0,2020-06-29 07:00:00,379.69,82.6,5
2020-06-29 07:00:00,1,2020-06-29 08:00:00,379.7,83.1,5
2020-06-29 07:00:00,2,2020-06-29 09:00:00,379.74,88.6,5
2020-06-29 07:00:00,3,2020-06-29 10:00:00,379.74,88.1,5
2020-06-29 07:00:00,4,2020-06-29 11:00:00,379.89,106.9,5
2020-06-29 07:00:00,5,2020-06-29 12:00:00,379.98,119.6,5
2020-06-29 07:00:00,6,2020-06-29 13:00:00,380.06,129.9,5
2020-06-30 10:00:00,0,2020-06-30 10:00:00,379.97,118.0,5
2020-06-30 10:00:00,1,2020-06-30 11:00:00,379.98,119.0,5
2020-06-30 10:00:00,2,2020-06-30 12:00:00,379.94,114.4,5
2020-06-30 10:00:00,3,2020-06-30 13:00:00,380.01,123.1,5
2020-06-30 10:00:00,4,2020-06-30 14:00:00,380.01,122.9,5
2020-06-30 10:00:00,5,2020-06-30 15:00:00,379.99,120.3,5
2020-06-30 10:00:00,6,2020-06-30 16:00:00,379.97,117.4,5
2020-06-30 12:00:00,0,2020-06-30 12:00:00,379.93,113.0,5
2020-06-30 12:00:00,1,2020-06-30 13:00:00,379.91,110.3,5
2020-06-30 12:00:00,2,2020-06-30 14:00:00,379.9,108.5,5
2020-06-30 12:00:00,3,2020-06-30 15:00:00,379.9,108.5,5
2020-06-30 12:00:00,4,2020-06-30 16:00:00,379.89,107.2,5
2020-06-30 12:00:00,5,2020-06-30 17:00:00,379.88,106.5,5
2020-06-30 12:00:00,6,2020-06-30 18:00:00,379.83,99.6,5
2020-07-01 07:00:00,0,2020-07-01 07:00:00,379.78,93.7,5
2020-07-01 07:00:00,1,2020-07-01 08:00:00,379.84,100.4,5
2020-07-01 07:00:00,2,2020-07-01 09:00:00,379.83,100.0,5
2020-07-01 07:00:00,3,2020-07-01 10:00:00,379.83,99.6,5
2020-07-01 07:00:00,4,2020-07-01 11:00:00,379.82,98.2,5
2020-07-01 07:00:00,5,2020-07-01 12:00:00,379.78,93.2,5
2020-07-01 07:00:00,6,2020-07-01 13:00:00,379.78,93.4,5
2020-07-01 16:00:00,0,2020-07-01 16:00:00,379.77,91.9,5
2020-07-01 16:00:00,1,2020-07-01 17:00:00,379.69,81.9,5
2020-07-01 16:00:00,2,2020-07-01 18:00:00,379.67,79.7,5
2020-07-01 16:00:00,3,2020-07-01 19:00:00,379.61,73.0,5
2020-07-01 16:00:00,4,2020-07-01 20:00:00,379.6,71.8,5
2020-07-01 16:00:00,5,2020-07-01 21:00:00,379.6,71.9,5
2020-07-01 16:00:00,6,2020-07-01 22:00:00,379.67,79.7,5
2020-07-02 07:00:00,0,2020-07-02 07:00:00,380.15,141.8,5
2020-07-02 07:00:00,1,2020-07-02 08:00:00,380.12,138.1,5
2020-07-02 07:00:00,2,2020-07-02 09:00:00,380.08,132.1,5
2020-07-02 07:00:00,3,2020-07-02 10:00:00,380.09,134.4,5
2020-07-02 07:00:00,4,2020-07-02 11:00:00,380.13,139.4,5
2020-07-02 07:00:00,5,2020-07-02 12:00:00,380.06,130.2,5
2020-07-02 07:00:00,6,2020-07-02 13:00:00,380.11,136.4,5
2020-07-03 07:00:00,0,2020-07-03 07:00:00,379.93,112.5,5
2020-07-03 07:00:00,1,2020-07-03 08:00:00,379.93,112.4,5
2020-07-03 07:00:00,2,2020-07-03 09:00:00,379.9,109.3,5
2020-07-03 07:00:00,3,2020-07-03 10:00:00,379.89,107.3,5
2020-07-03 07:00:00,4,2020-07-03 11:00:00,379.99,120.4,5
2020-07-03 07:00:00,5,2020-07-03 12:00:00,379.99,120.9,5
2020-07-03 07:00:00,6,2020-07-03 13:00:00,380.21,151.0,5
2020-07-04 07:00:00,0,2020-07-04 07:00:00,379.71,85.0,5
2020-07-04 07:00:00,1,2020-07-04 08:00:00,379.68,81.1,5
2020-07-04 07:00:00,2,2020-07-04 09:00:00,379.67,79.7,5
2020-07-04 07:00:00,3,2020-07-04 10:00:00,379.67,80.4,5
2020-07-04 07:00:00,4,2020-07-04 11:00:00,379.66,79.2,5
2020-07-04 07:00:00,5,2020-07-04 12:00:00,379.62,74.6,5
2020-07-04 07:00:00,6,2020-07-04 13:00:00,379.69,82.8,5
2020-07-05 07:00:00,0,2020-07-05 07:00:00,379.66,79.2,5
2020-07-05 07:00:00,1,2020-07-05 08:00:00,379.66,78.8,5
2020-07-05 07:00:00,2,2020-07-05 09:00:00,379.66,79.1,5
2020-07-05 07:00:00,3,2020-07-05 10:00:00,379.66,78.7,5
2020-07-05 07:00:00,4,2020-07-05 11:00:00,379.66,78.9,5
2020-07-05 07:00:00,5,2020-07-05 12:00:00,379.64,76.7,5
2020-07-05 07:00:00,6,2020-07-05 13:00:00,379.67,80.1,5
2020-07-06 07:00:00,0,2020-07-06 07:00:00,379.7,83.1,5
2020-07-06 07:00:00,1,2020-07-06 08:00:00,379.71,84.3,5
2020-07-06 07:00:00,2,2020-07-06 09:00:00,379.72,85.6,5
2020-07-06 07:00:00,3,2020-07-06 10:00:00,379.77,91.8,5
2020-07-06 07:00:00,4,2020-07-06 11:00:00,379.79,94.8,5
2020-07-06 07:00:00,5,2020-07-06 12:00:00,379.74,89.0,5
2020-07-06 07:00:00,6,2020-07-06 13:00:00,379.74,88.2,5
2020-07-07 08:00:00,0,2020-07-07 08:00:00,379.66,79.3,5
2020-07-07 08:00:00,1,2020-07-07 09:00:00,379.66,78.7,5
2020-07-07 08:00:00,2,2020-07-07 10:00:00,379.64,76.7,5
2020-07-07 08:00:00,3,2020-07-07 11:00:00,379.61,73.2,5
2020-07-07 08:00:00,4,2020-07-07 12:00:00,379.61,72.5,5
2020-07-07 08:00:00,5,2020-07-07 13:00:00,379.59,70.1,5
2020-07-07 08:00:00,6,2020-07-07 14:00:00,379.59,70.8,5
2020-07-08 07:00:00,0,2020-07-08 07:00:00,379.54,65.0,5
2020-07-08 07:00:00,1,2020-07-08 08:00:00,379.55,65.6,5
2020-07-08 07:00:00,2,2020-07-08 09:00:00,379.55,66.1,5
2020-07-08 07:00:00,3,2020-07-08 10:00:00,379.56,67.3,5
2020-07-08 07:00:00,4,2020-07-08 11:00:00,379.56,67.2,5
2020-07-08 07:00:00,5,2020-07-08 12:00:00,379.54,64.8,5
2020-07-08 07:00:00,6,2020-07-08 13:00:00,379.5,59.7,5
2020-07-09 07:00:00,0,2020-07-09 07:00:00,379.57,68.1,5
2020-07-09 07:00:00,1,2020-07-09 08:00:00,379.57,67.8,5
2020-07-09 07:00:00,2,2020-07-09 09:00:00,379.56,66.5,5
2020-07-09 07:00:00,3,2020-07-09 10:00:00,379.61,72.7,5
2020-07-09 07:00:00,4,2020-07-09 11:00:00,379.56,66.9,5
2020-07-09 07:00:00,5,2020-07-09 12:00:00,379.54,64.5,5
2020-07-09 07:00:00,6,2020-07-09 13:00:00,379.53,62.9,5
2020-07-10 06:00:00,0,2020-07-10 06:00:00,379.6,71.3,5
2020-07-10 06:00:00,1,2020-07-10 07:00:00,379.58,69.4,5
2020-07-10 06:00:00,2,2020-07-10 08:00:00,379.57,68.5,5
2020-07-10 06:00:00,3,2020-07-10 09:00:00,379.62,74.0,5
2020-07-10 06:00:00,4,2020-07-10 10:00:00,379.58,68.7,5
2020-07-10 06:00:00,5,2020-07-10 11:00:00,379.56,67.2,5
2020-07-10 06:00:00,6,2020-07-10 12:00:00,379.56,67.2,5
2020-07-10 12:00:00,0,2020-07-10 12:00:00,379.58,69.6,5
2020-07-10 12:00:00,1,2020-07-10 13:00:00,379.56,67.1,5
2020-07-10 12:00:00,2,2020-07-10 14:00:00,379.54,64.8,5
2020-07-10 12:00:00,3,2020-07-10 15:00:00,379.54,64.3,5
2020-07-10 12:00:00,4,2020-07-10 16:00:00,379.49,59.1,5
2020-07-10 12:00:00,5,2020-07-10 17:00:00,379.49,58.2,5
2020-07-10 12:00:00,6,2020-07-10 18:00:00,379.51,60.9,5
2020-07-10 18:00:00,0,2020-07-10 18:00:00,379.5,59.6,5
2020-07-10 18:00:00,1,2020-07-10 19:00:00,379.48,57.9,5
2020-07-10 18:00:00,2,2020-07-10 20:00:00,379.47,56.2,5
2020-07-10 18:00:00,3,2020-07-10 21:00:00,379.46,55.2,5
2020-07-10 18:00:00,4,2020-07-10 22:00:00,379.44,52.4,5
2020-07-10 18:00:00,5,2020-07-10 23:00:00,379.42,51.1,5
2020-07-10 18:00:00,6,2020-07-11 00:00:00,379.45,53.6,5
2020-07-11 01:00:00,0,2020-07-11 01:00:00,379.49,58.1,5
2020-07-11 01:00:00,1,2020-07-11 02:00:00,379.52,61.8,5
2020-07-11 01:00:00,2,2020-07-11 03:00:00,379.52,62.0,5
2020-07-11 01:00:00,3,2020-07-11 04:00:00,379.53,63.1,5
2020-07-11 01:00:00,4,2020-07-11 05:00:00,379.54,64.6,5
2020-07-11 01:00:00,5,2020-07-11 06:00:00,379.56,67.2,5
2020-07-11 01:00:00,6,2020-07-11 07:00:00,379.77,91.7,5
2020-07-11 07:00:00,0,2020-07-11 07:00:00,379.6,71.9,5
2020-07-11 07:00:00,1,2020-07-11 08:00:00,379.61,72.4,5
2020-07-11 07:00:00,2,2020-07-11 09:00:00,379.58,69.6,5
2020-07-11 07:00:00,3,2020-07-11 10:00:00,379.59,70.1,5
2020-07-11 07:00:00,4,2020-07-11 11:00:00,379.65,78.0,5
2020-07-11 07:00:00,5,2020-07-11 12:00:00,379.63,75.1,5
2020-07-11 07:00:00,6,2020-07-11 13:00:00,379.74,88.2,5
2020-07-12 08:00:00,0,2020-07-12 08:00:00,379.67,79.8,5
2020-07-12 08:00:00,1,2020-07-12 09:00:00,379.66,78.6,5
2020-07-12 08:00:00,2,2020-07-12 10:00:00,379.64,76.9,5
2020-07-12 08:00:00,3,2020-07-12 11:00:00,379.59,70.8,5
2020-07-12 08:00:00,4,2020-07-12 12:00:00,379.58,69.1,5
2020-07-12 08:00:00,5,2020-07-12 13:00:00,379.57,68.2,5
2020-07-12 08:00:00,6,2020-07-12 14:00:00,379.61,72.4,5
2020-07-13 07:00:00,0,2020-07-13 07:00:00,379.53,63.8,5
2020-07-13 07:00:00,1,2020-07-13 08:00:00,379.55,66.1,5
2020-07-13 07:00:00,2,2020-07-13 09:00:00,379.55,65.8,5
2020-07-13 07:00:00,3,2020-07-13 10:00:00,379.54,64.7,5
2020-07-13 07:00:00,4,2020-07-13 11:00:00,379.53,63.2,5
2020-07-13 07:00:00,5,2020-07-13 12:00:00,379.49,59.1,5
2020-07-13 07:00:00,6,2020-07-13 13:00:00,379.49,58.9,5
2020-07-14 07:00:00,0,2020-07-14 07:00:00,379.5,59.3,5
2020-07-14 07:00:00,1,2020-07-14 08:00:00,379.5,59.7,5
2020-07-14 07:00:00,2,2020-07-14 09:00:00,379.48,57.8,5
2020-07-14 07:00:00,3,2020-07-14 10:00:00,379.47,56.1,5
2020-07-14 07:00:00,4,2020-07-14 11:00:00,379.47,56.1,5
2020-07-14 07:00:00,5,2020-07-14 12:00:00,379.47,56.7,5
2020-07-14 07:00:00,6,2020-07-14 13:00:00,379.46,55.7,5
2020-07-15 07:00:00,0,2020-07-15 07:00:00,379.47,56.6,5
2020-07-15 07:00:00,1,2020-07-15 08:00:00,379.46,55.3,5
2020-07-15 07:00:00,2,2020-07-15 09:00:00,379.45,53.8,5
2020-07-15 07:00:00,3,2020-07-15 10:00:00,379.44,53.5,5
2020-07-15 07:00:00,4,2020-07-15 11:00:00,379.42,51.1,5
2020-07-15 07:00:00,5,2020-07-15 12:00:00,379.42,50.8,5
2020-07-15 07:00:00,6,2020-07-15 13:00:00,379.42,50.3,5
2020-07-16 08:00:00,0,2020-07-16 08:00:00,379.37,45.6,5
2020-07-16 08:00:00,1,2020-07-16 09:00:00,379.38,46.5,5
2020-07-16 08:00:00,2,2020-07-16 10:00:00,379.38,46.4,5
2020-07-16 08:00:00,3,2020-07-16 11:00:00,379.38,46.7,5
2020-07-16 08:00:00,4,2020-07-16 12:00:00,379.37,45.1,5
2020-07-16 08:00:00,5,2020-07-16 13:00:00,379.35,42.8,5
2020-07-16 08:00:00,6,2020-07-16 14:00:00,379.35,43.2,5
2020-07-17 07:00:00,0,2020-07-17 07:00:00,379.34,42.1,5
2020-07-17 07:00:00,1,2020-07-17 08:00:00,379.36,43.7,5
2020-07-17 07:00:00,2,2020-07-17 09:00:00,379.37,45.1,5
2020-07-17 07:00:00,3,2020-07-17 10:00:00,379.36,44.6,5
2020-07-17 07:00:00,4,2020-07-17 11:00:00,379.37,45.1,5
2020-07-17 07:00:00,5,2020-07-17 12:00:00,379.37,45.2,5
2020-07-17 07:00:00,6,2020-07-17 13:00:00,379.36,44.4,5
2020-07-18 08:00:00,0,2020-07-18 08:00:00,379.43,51.9,5
2020-07-18 08:00:00,1,2020-07-18 09:00:00,379.45,53.7,5
2020-07-18 08:00:00,2,2020-07-18 10:00:00,379.44,52.8,5
2020-07-18 08:00:00,3,2020-07-18 11:00:00,379.42,50.3,5
2020-07-18 08:00:00,4,2020-07-18 12:00:00,379.4,48.6,5
2020-07-18 08:00:00,5,2020-07-18 13:00:00,379.4,48.4,5
2020-07-18 08:00:00,6,2020-07-18 14:00:00,379.4,48.4,5
2020-07-19 07:00:00,0,2020-07-19 07:00:00,379.46,55.3,5
2020-07-19 07:00:00,1,2020-07-19 08:00:00,379.5,59.3,5
2020-07-19 07:00:00,2,2020-07-19 09:00:00,379.49,58.9,5
2020-07-19 07:00:00,3,2020-07-19 10:00:00,379.47,56.7,5
2020-07-19 07:00:00,4,2020-07-19 11:00:00,379.46,55.4,5
2020-07-19 07:00:00,5,2020-07-19 12:00:00,379.46,55.6,5
2020-07-19 07:00:00,6,2020-07-19 13:00:00,379.45,54.5,5
2020-07-20 07:00:00,0,2020-07-20 07:00:00,379.44,52.9,5
2020-07-20 07:00:00,1,2020-07-20 08:00:00,379.47,56.0,5
2020-07-20 07:00:00,2,2020-07-20 09:00:00,379.47,56.2,5
2020-07-20 07:00:00,3,2020-07-20 10:00:00,379.47,56.3,5
2020-07-20 07:00:00,4,2020-07-20 11:00:00,379.45,53.8,5
2020-07-20 07:00:00,5,2020-07-20 12:00:00,379.43,51.3,5
2020-07-20 07:00:00,6,2020-07-20 13:00:00,379.42,50.9,5
2020-07-21 07:00:00,0,2020-07-21 07:00:00,379.48,58.0,5
2020-07-21 07:00:00,1,2020-07-21 08:00:00,379.5,59.5,5
2020-07-21 07:00:00,2,2020-07-21 09:00:00,379.5,59.7,5
2020-07-21 07:00:00,3,2020-07-21 10:00:00,379.5,59.7,5
2020-07-21 07:00:00,4,2020-07-21 11:00:00,379.49,58.3,5
2020-07-21 07:00:00,5,2020-07-21 12:00:00,379.47,56.3,5
2020-07-21 07:00:00,6,2020-07-21 13:00:00,379.46,55.5,5
2020-07-21 22:00:00,0,2020-07-21 22:00:00,379.4,48.0,5
2020-07-21 22:00:00,1,2020-07-21 23:00:00,379.38,46.0,5
2020-07-21 22:00:00,2,2020-07-22 00:00:00,379.38,46.0,5
2020-07-21 22:00:00,3,2020-07-22 01:00:00,379.4,48.0,5
2020-07-21 22:00:00,4,2020-07-22 02:00:00,379.41,49.8,5
2020-07-21 22:00:00,5,2020-07-22 03:00:00,379.41,49.3,5
2020-07-21 22:00:00,6,2020-07-22 04:00:00,379.49,59.0,5
2020-07-22 07:00:00,0,2020-07-22 07:00:00,379.55,65.9,5
2020-07-22 07:00:00,1,2020-07-22 08:00:00,379.55,65.1,5
2020-07-22 07:00:00,2,2020-07-22 09:00:00,379.55,66.0,5
2020-07-22 07:00:00,3,2020-07-22 10:00:00,379.55,65.8,5
2020-07-22 07:00:00,4,2020-07-22 11:00:00,379.56,67.1,5
2020-07-22 07:00:00,5,2020-07-22 12:00:00,379.68,81.5,5
2020-07-22 07:00:00,6,2020-07-22 13:00:00,379.68,81.8,5
2020-07-23 00:00:00,0,2020-07-23 00:00:00,379.46,55.2,5
2020-07-23 00:00:00,1,2020-07-23 01:00:00,379.52,62.1,5
2020-07-23 00:00:00,2,2020-07-23 02:00:00,379.57,67.9,5
2020-07-23 00:00:00,3,2020-07-23 03:00:00,379.57,67.8,5
2020-07-23 00:00:00,4,2020-07-23 04:00:00,379.56,66.4,5
2020-07-23 00:00:00,5,2020-07-23 05:00:00,379.81,97.8,5
2020-07-23 00:00:00,6,2020-07-23 06:00:00,380.23,154.2,5
2020-07-23 07:00:00,0,2020-07-23 07:00:00,379.83,99.7,5
2020-07-23 07:00:00,1,2020-07-23 08:00:00,379.88,106.1,5
2020-07-23 07:00:00,2,2020-07-23 09:00:00,380.04,126.7,5
2020-07-23 07:00:00,3,2020-07-23 10:00:00,379.98,119.8,5
2020-07-23 07:00:00,4,2020-07-23 11:00:00,379.91,110.5,5
2020-07-23 07:00:00,5,2020-07-23 12:00:00,379.87,104.5,5
2020-07-23 07:00:00,6,2020-07-23 13:00:00,379.92,110.9,5
2020-07-24 07:00:00,0,2020-07-24 07:00:00,379.6,71.5,5
2020-07-24 07:00:00,1,2020-07-24 08:00:00,379.61,72.6,5
2020-07-24 07:00:00,2,2020-07-24 09:00:00,379.59,70.6,5
2020-07-24 07:00:00,3,2020-07-24 10:00:00,379.59,69.9,5
2020-07-24 07:00:00,4,2020-07-24 11:00:00,379.57,67.9,5
2020-07-24 07:00:00,5,2020-07-24 12:00:00,379.54,64.9,5
2020-07-24 07:00:00,6,2020-07-24 13:00:00,379.52,62.3,5
2020-07-25 07:00:00,0,2020-07-25 07:00:00,379.52,62.4,5
2020-07-25 07:00:00,1,2020-07-25 08:00:00,379.51,61.2,5
2020-07-25 07:00:00,2,2020-07-25 09:00:00,379.49,58.9,5
2020-07-25 07:00:00,3,2020-07-25 10:00:00,379.48,57.6,5
2020-07-25 07:00:00,4,2020-07-25 11:00:00,379.46,55.4,5
2020-07-25 07:00:00,5,2020-07-25 12:00:00,379.43,52.4,5
2020-07-25 07:00:00,6,2020-07-25 13:00:00,379.44,53.3,5
2020-07-26 08:00:00,0,2020-07-26 08:00:00,379.43,52.0,5
2020-07-26 08:00:00,1,2020-07-26 09:00:00,379.45,54.0,5
2020-07-26 08:00:00,2,2020-07-26 10:00:00,379.44,52.8,5
2020-07-26 08:00:00,3,2020-07-26 11:00:00,379.43,51.4,5
2020-07-26 08:00:00,4,2020-07-26 12:00:00,379.42,50.7,5
2020-07-26 08:00:00,5,2020-07-26 13:00:00,379.42,50.2,5
2020-07-26 08:00:00,6,2020-07-26 14:00:00,379.41,49.8,5
2020-07-27 07:00:00,0,2020-07-27 07:00:00,379.46,54.8,5
2020-07-27 07:00:00,1,2020-07-27 08:00:00,379.47,56.9,5
2020-07-27 07:00:00,2,2020-07-27 09:00:00,379.48,58.0,5
2020-07-27 07:00:00,3,2020-07-27 10:00:00,379.45,54.5,5
2020-07-27 07:00:00,4,2020-07-27 11:00:00,379.44,53.1,5
2020-07-27 07:00:00,5,2020-07-27 12:00:00,379.46,55.0,5
2020-07-27 07:00:00,6,2020-07-27 13:00:00,379.47,56.7,5
2020-07-28 07:00:00,0,2020-07-28 07:00:00,379.53,63.0,5
2020-07-28 07:00:00,1,2020-07-28 08:00:00,379.54,64.7,5
2020-07-28 07:00:00,2,2020-07-28 09:00:00,379.54,64.5,5
2020-07-28 07:00:00,3,2020-07-28 10:00:00,379.53,63.5,5
2020-07-28 07:00:00,4,2020-07-28 11:00:00,379.52,62.7,5
2020-07-28 07:00:00,5,2020-07-28 12:00:00,379.52,62.2,5
2020-07-28 07:00:00,6,2020-07-28 13:00:00,379.51,61.0,5
2020-07-29 07:00:00,0,2020-07-29 07:00:00,379.69,82.7,5
2020-07-29 07:00:00,1,2020-07-29 08:00:00,379.7,83.9,5
2020-07-29 07:00:00,2,2020-07-29 09:00:00,379.68,81.1,5
2020-07-29 07:00:00,3,2020-07-29 10:00:00,379.69,82.7,5
2020-07-29 07:00:00,4,2020-07-29 11:00:00,379.69,82.8,5
2020-07-29 07:00:00,5,2020-07-29 12:00:00,379.7,83.6,5
2020-07-29 07:00:00,6,2020-07-29 13:00:00,379.72,85.9,5
2020-07-30 07:00:00,0,2020-07-30 07:00:00,379.89,107.7,5
2020-07-30 07:00:00,1,2020-07-30 08:00:00,379.88,105.6,5
2020-07-30 07:00:00,2,2020-07-30 09:00:00,379.86,103.3,5
2020-07-30 07:00:00,3,2020-07-30 10:00:00,379.84,100.6,5
2020-07-30 07:00:00,4,2020-07-30 11:00:00,379.82,98.3,5
2020-07-30 07:00:00,5,2020-07-30 12:00:00,379.8,95.9,5
2020-07-30 07:00:00,6,2020-07-30 13:00:00,379.79,94.4,5
2020-08-01 07:00:00,0,2020-08-01 07:00:00,379.71,85.3,5
2020-08-01 07:00:00,1,2020-08-01 08:00:00,379.71,84.5,5
2020-08-01 07:00:00,2,2020-08-01 09:00:00,379.74,88.2,5
2020-08-01 07:00:00,3,2020-08-01 10:00:00,379.74,88.8,5
2020-08-01 07:00:00,4,2020-08-01 11:00:00,379.7,83.8,5
2020-08-01 07:00:00,5,2020-08-01 12:00:00,379.68,81.1,5
2020-08-01 07:00:00,6,2020-08-01 13:00:00,379.65,77.7,5
2020-08-02 07:00:00,0,2020-08-02 07:00:00,379.91,109.9,5
2020-08-02 07:00:00,1,2020-08-02 08:00:00,379.88,105.7,5
2020-08-02 07:00:00,2,2020-08-02 09:00:00,379.85,102.5,5
2020-08-02 07:00:00,3,2020-08-02 10:00:00,379.83,100.2,5
2020-08-02 07:00:00,4,2020-08-02 11:00:00,379.75,89.3,5
2020-08-02 07:00:00,5,2020-08-02 12:00:00,379.81,97.4,5
2020-08-02 07:00:00,6,2020-08-02 13:00:00,379.79,94.2,5
2020-08-02 11:00:00,0,2020-08-02 11:00:00,379.78,93.3,5
2020-08-02 11:00:00,1,2020-08-02 12:00:00,379.76,91.6,5
2020-08-02 11:00:00,2,2020-08-02 13:00:00,379.74,88.8,5
2020-08-02 11:00:00,3,2020-08-02 14:00:00,379.74,89.0,5
2020-08-02 11:00:00,4,2020-08-02 15:00:00,379.7,83.3,5
2020-08-02 11:00:00,5,2020-08-02 16:00:00,379.63,74.7,5
2020-08-02 11:00:00,6,2020-08-02 17:00:00,379.6,72.1,5
2020-08-02 17:00:00,0,2020-08-02 17:00:00,379.6,71.9,5
2020-08-02 17:00:00,1,2020-08-02 18:00:00,379.61,73.3,5
2020-08-02 17:00:00,2,2020-08-02 19:00:00,379.57,68.0,5
2020-08-02 17:00:00,3,2020-08-02 20:00:00,379.56,66.8,5
2020-08-02 17:00:00,4,2020-08-02 21:00:00,379.55,65.9,5
2020-08-02 17:00:00,5,2020-08-02 22:00:00,379.55,65.3,5
2020-08-02 17:00:00,6,2020-08-02 23:00:00,379.53,63.7,5
2020-08-02 23:00:00,0,2020-08-02 23:00:00,379.6,71.3,5
2020-08-02 23:00:00,1,2020-08-03 00:00:00,379.61,72.5,5
2020-08-02 23:00:00,2,2020-08-03 01:00:00,379.61,73.2,5
2020-08-02 23:00:00,3,2020-08-03 02:00:00,379.67,79.5,5
2020-08-02 23:00:00,4,2020-08-03 03:00:00,379.8,96.0,5
2020-08-02 23:00:00,5,2020-08-03 04:00:00,380.02,124.7,5
2020-08-02 23:00:00,6,2020-08-03 05:00:00,380.04,127.9,5
2020-08-03 12:00:00,0,2020-08-03 12:00:00,379.68,81.3,5
2020-08-03 12:00:00,1,2020-08-03 13:00:00,379.66,79.1,5
2020-08-03 12:00:00,2,2020-08-03 14:00:00,379.66,79.1,5
2020-08-03 12:00:00,3,2020-08-03 15:00:00,379.66,78.7,5
2020-08-03 12:00:00,4,2020-08-03 16:00:00,379.62,74.1,5
2020-08-03 12:00:00,5,2020-08-03 17:00:00,379.56,66.6,5
2020-08-03 12:00:00,6,2020-08-03 18:00:00,379.52,62.5,5
2020-08-03 19:00:00,0,2020-08-03 19:00:00,379.67,80.1,5
2020-08-03 19:00:00,1,2020-08-03 20:00:00,379.65,77.5,5
2020-08-03 19:00:00,2,2020-08-03 21:00:00,379.92,111.4,5
2020-08-03 19:00:00,3,2020-08-03 22:00:00,380.18,146.7,5
2020-08-03 19:00:00,4,2020-08-03 23:00:00,380.34,169.4,5
2020-08-03 19:00:00,5,2020-08-04 00:00:00,380.68,223.5,5
2020-08-03 19:00:00,6,2020-08-04 01:00:00,380.57,205.9,5
2020-08-03 21:00:00,0,2020-08-03 21:00:00,379.65,77.0,5
2020-08-03 21:00:00,1,2020-08-03 22:00:00,379.63,75.0,5
2020-08-03 21:00:00,2,2020-08-03 23:00:00,379.84,100.8,5
2020-08-03 21:00:00,3,2020-08-04 00:00:00,380.28,160.5,5
2020-08-03 21:00:00,4,2020-08-04 01:00:00,380.27,160.1,5
2020-08-03 21:00:00,5,2020-08-04 02:00:00,380.26,157.9,5
2020-08-03 21:00:00,6,2020-08-04 03:00:00,380.27,160.1,5
2020-08-04 00:00:00,0,2020-08-04 00:00:00,380.08,132.8,5
2020-08-04 00:00:00,1,2020-08-04 01:00:00,380.05,128.2,5
2020-08-04 00:00:00,2,2020-08-04 02:00:00,380.23,153.6,5
2020-08-04 00:00:00,3,2020-08-04 03:00:00,380.18,147.2,5
2020-08-04 00:00:00,4,2020-08-04 04:00:00,380.18,146.3,5
2020-08-04 00:00:00,5,2020-08-04 05:00:00,380.19,148.5,5
2020-08-04 00:00:00,6,2020-08-04 06:00:00,380.31,165.3,5
2020-08-04 07:00:00,0,2020-08-04 07:00:00,380.11,136.3,5
2020-08-04 07:00:00,1,2020-08-04 08:00:00,380.04,127.8,5
2020-08-04 07:00:00,2,2020-08-04 09:00:00,380.01,123.5,5
2020-08-04 07:00:00,3,2020-08-04 10:00:00,380.16,144.0,5
2020-08-04 07:00:00,4,2020-08-04 11:00:00,380.17,145.1,5
2020-08-04 07:00:00,5,2020-08-04 12:00:00,380.13,139.2,5
2020-08-04 07:00:00,6,2020-08-04 13:00:00,380.11,137.2,5
2020-08-05 07:00:00,0,2020-08-05 07:00:00,379.59,70.1,5
2020-08-05 07:00:00,1,2020-08-05 08:00:00,379.6,71.1,5
2020-08-05 07:00:00,2,2020-08-05 09:00:00,379.6,71.6,5
2020-08-05 07:00:00,3,2020-08-05 10:00:00,379.56,67.0,5
2020-08-05 07:00:00,4,2020-08-05 11:00:00,379.54,64.2,5
2020-08-05 07:00:00,5,2020-08-05 12:00:00,379.54,64.1,5
2020-08-05 07:00:00,6,2020-08-05 13:00:00,379.54,64.9,5
2020-08-05 09:00:00,0,2020-08-05 09:00:00,379.6,71.6,5
2020-08-05 09:00:00,1,2020-08-05 10:00:00,379.56,67.0,5
2020-08-05 09:00:00,2,2020-08-05 11:00:00,379.54,64.2,5
2020-08-05 09:00:00,3,2020-08-05 12:00:00,379.54,64.1,5
2020-08-05 09:00:00,4,2020-08-05 13:00:00,379.54,64.9,5
2020-08-05 09:00:00,5,2020-08-05 14:00:00,379.54,64.9,5
2020-08-05 09:00:00,6,2020-08-05 15:00:00,379.66,78.8,5
2020-08-06 07:00:00,0,2020-08-06 07:00:00,379.42,50.8,5
2020-08-06 07:00:00,1,2020-08-06 08:00:00,379.44,52.5,5
2020-08-06 07:00:00,2,2020-08-06 09:00:00,379.41,49.8,5
2020-08-06 07:00:00,3,2020-08-06 10:00:00,379.41,49.2,5
2020-08-06 07:00:00,4,2020-08-06 11:00:00,379.42,50.4,5
2020-08-06 07:00:00,5,2020-08-06 12:00:00,379.4,49.0,5
2020-08-06 07:00:00,6,2020-08-06 13:00:00,379.44,53.5,5
2020-08-07 07:00:00,0,2020-08-07 07:00:00,379.43,51.8,5
2020-08-07 07:00:00,1,2020-08-07 08:00:00,379.41,49.6,5
2020-08-07 07:00:00,2,2020-08-07 09:00:00,379.41,49.2,5
2020-08-07 07:00:00,3,2020-08-07 10:00:00,379.41,49.1,5
2020-08-07 07:00:00,4,2020-08-07 11:00:00,379.4,48.0,5
2020-08-07 07:00:00,5,2020-08-07 12:00:00,379.4,48.8,5
2020-08-07 07:00:00,6,2020-08-07 13:00:00,379.43,52.2,5
2020-08-10 07:00:00,0,2020-08-10 07:00:00,379.55,65.2,5
2020-08-10 07:00:00,1,2020-08-10 08:00:00,379.53,63.7,5
2020-08-10 07:00:00,2,2020-08-10 09:00:00,379.51,61.2,5
2020-08-10 07:00:00,3,2020-08-10 10:00:00,379.54,64.8,5
2020-08-10 07:00:00,4,2020-08-10 11:00:00,379.55,65.8,5
2020-08-10 07:00:00,5,2020-08-10 12:00:00,379.55,66.0,5
2020-08-10 07:00:00,6,2020-08-10 13:00:00,379.61,73.0,5
2020-08-11 07:00:00,0,2020-08-11 07:00:00,379.69,82.2,5
2020-08-11 07:00:00,1,2020-08-11 08:00:00,379.73,86.7,5
2020-08-11 07:00:00,2,2020-08-11 09:00:00,379.77,92.0,5
2020-08-11 07:00:00,3,2020-08-11 10:00:00,379.71,84.4,5
2020-08-11 07:00:00,4,2020-08-11 11:00:00,379.67,79.7,5
2020-08-11 07:00:00,5,2020-08-11 12:00:00,379.65,77.3,5
2020-08-11 07:00:00,6,2020-08-11 13:00:00,379.71,85.3,5
2020-08-12 07:00:00,0,2020-08-12 07:00:00,379.61,72.2,5
2020-08-12 07:00:00,1,2020-08-12 08:00:00,379.6,71.6,5
2020-08-12 07:00:00,2,2020-08-12 09:00:00,379.6,71.2,5
2020-08-12 07:00:00,3,2020-08-12 10:00:00,379.56,66.9,5
2020-08-12 07:00:00,4,2020-08-12 11:00:00,379.55,65.8,5
2020-08-12 07:00:00,5,2020-08-12 12:00:00,379.53,63.2,5
2020-08-12 07:00:00,6,2020-08-12 13:00:00,379.52,62.7,5
2020-08-13 07:00:00,0,2020-08-13 07:00:00,379.62,74.5,5
2020-08-13 07:00:00,1,2020-08-13 08:00:00,379.74,89.0,5
2020-08-13 07:00:00,2,2020-08-13 09:00:00,379.68,81.6,5
2020-08-13 07:00:00,3,2020-08-13 10:00:00,379.67,80.2,5
2020-08-13 07:00:00,4,2020-08-13 11:00:00,379.65,77.8,5
2020-08-13 07:00:00,5,2020-08-13 12:00:00,379.59,70.8,5
2020-08-13 07:00:00,6,2020-08-13 13:00:00,379.61,72.4,5
2020-08-14 07:00:00,0,2020-08-14 07:00:00,379.61,73.3,5
2020-08-14 07:00:00,1,2020-08-14 08:00:00,379.61,72.2,5
2020-08-14 07:00:00,2,2020-08-14 09:00:00,379.68,80.7,5
2020-08-14 07:00:00,3,2020-08-14 10:00:00,379.68,81.0,5
2020-08-14 07:00:00,4,2020-08-14 11:00:00,379.83,99.9,5
2020-08-14 07:00:00,5,2020-08-14 12:00:00,379.89,107.7,5
2020-08-14 07:00:00,6,2020-08-14 13:00:00,379.83,99.7,5
2020-08-15 07:00:00,0,2020-08-15 07:00:00,379.54,64.2,5
2020-08-15 07:00:00,1,2020-08-15 08:00:00,379.53,63.6,5
2020-08-15 07:00:00,2,2020-08-15 09:00:00,379.53,63.5,5
2020-08-15 07:00:00,3,2020-08-15 10:00:00,379.55,65.1,5
2020-08-15 07:00:00,4,2020-08-15 11:00:00,379.54,64.8,5
2020-08-15 07:00:00,5,2020-08-15 12:00:00,379.52,61.7,5
2020-08-15 07:00:00,6,2020-08-15 13:00:00,379.48,58.0,5
2020-08-16 07:00:00,0,2020-08-16 07:00:00,379.47,56.5,5
2020-08-16 07:00:00,1,2020-08-16 08:00:00,379.48,57.2,5
2020-08-16 07:00:00,2,2020-08-16 09:00:00,379.48,57.4,5
2020-08-16 07:00:00,3,2020-08-16 10:00:00,379.48,57.1,5
2020-08-16 07:00:00,4,2020-08-16 11:00:00,379.44,53.1,5
2020-08-16 07:00:00,5,2020-08-16 12:00:00,379.42,50.5,5
2020-08-16 07:00:00,6,2020-08-16 13:00:00,379.43,51.7,5
2020-08-17 07:00:00,0,2020-08-17 07:00:00,379.63,75.5,5
2020-08-17 07:00:00,1,2020-08-17 08:00:00,379.6,71.6,5
2020-08-17 07:00:00,2,2020-08-17 09:00:00,379.59,70.9,5
2020-08-17 07:00:00,3,2020-08-17 10:00:00,379.85,102.2,5
2020-08-17 07:00:00,4,2020-08-17 11:00:00,380.04,126.7,5
2020-08-17 07:00:00,5,2020-08-17 12:00:00,380.11,136.4,5
2020-08-17 07:00:00,6,2020-08-17 13:00:00,380.11,137.0,5
2020-08-19 07:00:00,0,2020-08-19 07:00:00,379.43,51.8,5
2020-08-19 07:00:00,1,2020-08-19 08:00:00,379.43,51.4,5
2020-08-19 07:00:00,2,2020-08-19 09:00:00,379.41,49.5,5
2020-08-19 07:00:00,3,2020-08-19 10:00:00,379.4,48.8,5
2020-08-19 07:00:00,4,2020-08-19 11:00:00,379.41,49.2,5
2020-08-19 07:00:00,5,2020-08-19 12:00:00,379.4,48.7,5
2020-08-19 07:00:00,6,2020-08-19 13:00:00,379.44,52.4,5
2020-08-20 07:00:00,0,2020-08-20 07:00:00,379.34,42.4,5
2020-08-20 07:00:00,1,2020-08-20 08:00:00,379.36,43.7,5
2020-08-20 07:00:00,2,2020-08-20 09:00:00,379.36,44.4,5
2020-08-20 07:00:00,3,2020-08-20 10:00:00,379.38,46.5,5
2020-08-20 07:00:00,4,2020-08-20 11:00:00,379.38,46.7,5
2020-08-20 07:00:00,5,2020-08-20 12:00:00,379.38,45.8,5
2020-08-20 07:00:00,6,2020-08-20 13:00:00,379.37,44.9,5
2020-08-21 07:00:00,0,2020-08-21 07:00:00,379.46,55.1,5
2020-08-21 07:00:00,1,2020-08-21 08:00:00,379.48,57.4,5
2020-08-21 07:00:00,2,2020-08-21 09:00:00,379.47,56.5,5
2020-08-21 07:00:00,3,2020-08-21 10:00:00,379.46,55.3,5
2020-08-21 07:00:00,4,2020-08-21 11:00:00,379.45,54.3,5
2020-08-21 07:00:00,5,2020-08-21 12:00:00,379.44,53.1,5
2020-08-21 07:00:00,6,2020-08-21 13:00:00,379.45,53.5,5
2020-08-22 07:00:00,0,2020-08-22 07:00:00,379.54,64.8,5
2020-08-22 07:00:00,1,2020-08-22 08:00:00,379.56,66.8,5
2020-08-22 07:00:00,2,2020-08-22 09:00:00,379.57,68.0,5
2020-08-22 07:00:00,3,2020-08-22 10:00:00,379.53,63.7,5
2020-08-22 07:00:00,4,2020-08-22 11:00:00,379.52,62.7,5
2020-08-22 07:00:00,5,2020-08-22 12:00:00,379.48,57.6,5
2020-08-22 07:00:00,6,2020-08-22 13:00:00,379.5,59.8,5
2020-08-23 07:00:00,0,2020-08-23 07:00:00,379.53,63.4,5
2020-08-23 07:00:00,1,2020-08-23 08:00:00,379.49,59.2,5
2020-08-23 07:00:00,2,2020-08-23 09:00:00,379.47,56.7,5
2020-08-23 07:00:00,3,2020-08-23 10:00:00,379.49,58.3,5
2020-08-23 07:00:00,4,2020-08-23 11:00:00,379.49,59.1,5
2020-08-23 07:00:00,5,2020-08-23 12:00:00,379.43,52.3,5
2020-08-23 07:00:00,6,2020-08-23 13:00:00,379.39,47.4,5
2020-08-24 07:00:00,0,2020-08-24 07:00:00,379.37,45.4,5
2020-08-24 07:00:00,1,2020-08-24 08:00:00,379.38,46.5,5
2020-08-24 07:00:00,2,2020-08-24 09:00:00,379.39,47.5,5
2020-08-24 07:00:00,3,2020-08-24 10:00:00,379.38,45.8,5
2020-08-24 07:00:00,4,2020-08-24 11:00:00,379.38,45.9,5
2020-08-24 07:00:00,5,2020-08-24 12:00:00,379.37,44.8,5
2020-08-24 07:00:00,6,2020-08-24 13:00:00,379.34,42.2,5
2020-08-25 07:00:00,0,2020-08-25 07:00:00,379.32,40.0,5
2020-08-25 07:00:00,1,2020-08-25 08:00:00,379.32,39.9,5
2020-08-25 07:00:00,2,2020-08-25 09:00:00,379.32,39.6,5
2020-08-25 07:00:00,3,2020-08-25 10:00:00,379.32,39.5,5
2020-08-25 07:00:00,4,2020-08-25 11:00:00,379.32,39.8,5
2020-08-25 07:00:00,5,2020-08-25 12:00:00,379.31,39.4,5
2020-08-25 07:00:00,6,2020-08-25 13:00:00,379.29,37.1,5
2020-08-26 07:00:00,0,2020-08-26 07:00:00,379.31,38.6,5
2020-08-26 07:00:00,1,2020-08-26 08:00:00,379.28,35.8,5
2020-08-26 07:00:00,2,2020-08-26 09:00:00,379.27,35.2,5
2020-08-26 07:00:00,3,2020-08-26 10:00:00,379.3,38.0,5
2020-08-26 07:00:00,4,2020-08-26 11:00:00,379.27,35.5,5
2020-08-26 07:00:00,5,2020-08-26 12:00:00,379.27,35.3,5
2020-08-26 07:00:00,6,2020-08-26 13:00:00,379.29,36.5,5
2020-08-27 07:00:00,0,2020-08-27 07:00:00,379.32,40.2,5
2020-08-27 07:00:00,1,2020-08-27 08:00:00,379.32,39.6,5
2020-08-27 07:00:00,2,2020-08-27 09:00:00,379.32,40.2,5
2020-08-27 07:00:00,3,2020-08-27 10:00:00,379.33,41.0,5
2020-08-27 07:00:00,4,2020-08-27 11:00:00,379.33,40.8,5
2020-08-27 07:00:00,5,2020-08-27 12:00:00,379.32,40.4,5
2020-08-27 07:00:00,6,2020-08-27 13:00:00,379.32,39.7,5
2020-08-27 14:00:00,0,2020-08-27 14:00:00,379.3,38.1,5
2020-08-27 14:00:00,1,2020-08-27 15:00:00,379.27,34.9,5
2020-08-27 14:00:00,2,2020-08-27 16:00:00,379.29,36.5,5
2020-08-27 14:00:00,3,2020-08-27 17:00:00,379.28,36.2,5
2020-08-27 14:00:00,4,2020-08-27 18:00:00,379.26,34.1,5
2020-08-27 14:00:00,5,2020-08-27 19:00:00,379.25,33.2,5
2020-08-27 14:00:00,6,2020-08-27 20:00:00,379.24,32.5,5
2020-08-28 07:00:00,0,2020-08-28 07:00:00,379.18,27.1,5
2020-08-28 07:00:00,1,2020-08-28 08:00:00,379.22,30.5,5
2020-08-28 07:00:00,2,2020-08-28 09:00:00,379.27,34.7,5
2020-08-28 07:00:00,3,2020-08-28 10:00:00,379.27,35.3,5
2020-08-28 07:00:00,4,2020-08-28 11:00:00,379.28,36.1,5
2020-08-28 07:00:00,5,2020-08-28 12:00:00,379.28,35.8,5
2020-08-28 07:00:00,6,2020-08-28 13:00:00,379.27,35.1,5
2020-08-28 14:00:00,0,2020-08-28 14:00:00,379.29,37.2,5
2020-08-28 14:00:00,1,2020-08-28 15:00:00,379.28,36.0,5
2020-08-28 14:00:00,2,2020-08-28 16:00:00,379.28,35.9,5
2020-08-28 14:00:00,3,2020-08-28 17:00:00,379.28,36.2,5
2020-08-28 14:00:00,4,2020-08-28 18:00:00,379.3,38.0,5
2020-08-28 14:00:00,5,2020-08-28 19:00:00,379.32,40.0,5
2020-08-28 14:00:00,6,2020-08-28 20:00:00,379.34,41.6,5
2020-08-28 19:00:00,0,2020-08-28 19:00:00,379.32,40.1,5
2020-08-28 19:00:00,1,2020-08-28 20:00:00,379.35,43.0,5
2020-08-28 19:00:00,2,2020-08-28 21:00:00,379.37,45.5,5
2020-08-28 19:00:00,3,2020-08-28 22:00:00,379.39,46.9,5
2020-08-28 19:00:00,4,2020-08-28 23:00:00,379.4,49.0,5
2020-08-28 19:00:00,5,2020-08-29 00:00:00,379.44,53.5,5
2020-08-28 19:00:00,6,2020-08-29 01:00:00,379.47,56.9,5
2020-08-29 06:00:00,0,2020-08-29 06:00:00,379.79,95.3,5
2020-08-29 06:00:00,1,2020-08-29 07:00:00,379.78,93.6,5
2020-08-29 06:00:00,2,2020-08-29 08:00:00,379.94,114.0,5
2020-08-29 06:00:00,3,2020-08-29 09:00:00,380.41,179.9,5
2020-08-29 06:00:00,4,2020-08-29 10:00:00,380.46,187.3,5
2020-08-29 06:00:00,5,2020-08-29 11:00:00,380.37,174.2,5
2020-08-29 06:00:00,6,2020-08-29 12:00:00,380.25,156.0,5
2020-08-29 12:00:00,0,2020-08-29 12:00:00,380.28,161.1,5
2020-08-29 12:00:00,1,2020-08-29 13:00:00,380.23,153.2,5
2020-08-29 12:00:00,2,2020-08-29 14:00:00,380.12,137.8,5
2020-08-29 12:00:00,3,2020-08-29 15:00:00,380.04,126.9,5
2020-08-29 12:00:00,4,2020-08-29 16:00:00,380.04,127.6,5
2020-08-29 12:00:00,5,2020-08-29 17:00:00,380.15,142.3,5
2020-08-29 12:00:00,6,2020-08-29 18:00:00,380.28,160.7,5
2020-08-29 15:00:00,0,2020-08-29 15:00:00,380.02,124.9,5
2020-08-29 15:00:00,1,2020-08-29 16:00:00,379.93,112.9,5
2020-08-29 15:00:00,2,2020-08-29 17:00:00,380.01,123.7,5
2020-08-29 15:00:00,3,2020-08-29 18:00:00,380.21,151.0,5
2020-08-29 15:00:00,4,2020-08-29 19:00:00,380.3,164.1,5
2020-08-29 15:00:00,5,2020-08-29 20:00:00,380.36,173.1,5
2020-08-29 15:00:00,6,2020-08-29 21:00:00,380.53,199.4,5
2020-08-29 17:00:00,0,2020-08-29 17:00:00,379.95,115.8,5
2020-08-29 17:00:00,1,2020-08-29 18:00:00,379.95,115.3,5
2020-08-29 17:00:00,2,2020-08-29 19:00:00,380.06,130.3,5
2020-08-29 17:00:00,3,2020-08-29 20:00:00,380.34,169.9,5
2020-08-29 17:00:00,4,2020-08-29 21:00:00,380.33,169.0,5
2020-08-29 17:00:00,5,2020-08-29 22:00:00,380.3,163.3,5
2020-08-29 17:00:00,6,2020-08-29 23:00:00,380.26,158.2,5
2020-08-29 22:00:00,0,2020-08-29 22:00:00,380.17,145.4,5
2020-08-29 22:00:00,1,2020-08-29 23:00:00,380.15,142.9,5
2020-08-29 22:00:00,2,2020-08-30 00:00:00,380.11,136.2,5
2020-08-29 22:00:00,3,2020-08-30 01:00:00,380.0,122.4,5
2020-08-29 22:00:00,4,2020-08-30 02:00:00,379.99,120.2,5
2020-08-29 22:00:00,5,2020-08-30 03:00:00,380.02,124.2,5
2020-08-29 22:00:00,6,2020-08-30 04:00:00,380.03,125.8,5
2020-08-30 06:00:00,0,2020-08-30 06:00:00,379.9,108.8,5
2020-08-30 06:00:00,1,2020-08-30 07:00:00,379.93,112.9,5
2020-08-30 06:00:00,2,2020-08-30 08:00:00,379.87,104.6,5
2020-08-30 06:00:00,3,2020-08-30 09:00:00,379.95,114.7,5
2020-08-30 06:00:00,4,2020-08-30 10:00:00,380.15,142.0,5
2020-08-30 06:00:00,5,2020-08-30 11:00:00,380.18,146.7,5
2020-08-30 06:00:00,6,2020-08-30 12:00:00,380.32,166.8,5
2020-08-30 11:00:00,0,2020-08-30 11:00:00,380.1,135.1,5
2020-08-30 11:00:00,1,2020-08-30 12:00:00,380.07,130.8,5
2020-08-30 11:00:00,2,2020-08-30 13:00:00,380.14,140.4,5
2020-08-30 11:00:00,3,2020-08-30 14:00:00,380.43,182.8,5
2020-08-30 11:00:00,4,2020-08-30 15:00:00,380.59,208.4,5
2020-08-30 11:00:00,5,2020-08-30 16:00:00,380.58,207.2,5
2020-08-30 11:00:00,6,2020-08-30 17:00:00,380.54,200.6,5
2020-08-30 12:00:00,0,2020-08-30 12:00:00,380.07,130.8,5
2020-08-30 12:00:00,1,2020-08-30 13:00:00,380.14,140.4,5
2020-08-30 12:00:00,2,2020-08-30 14:00:00,380.43,182.8,5
2020-08-30 12:00:00,3,2020-08-30 15:00:00,380.59,208.4,5
2020-08-30 12:00:00,4,2020-08-30 16:00:00,380.58,207.2,5
2020-08-30 12:00:00,5,2020-08-30 17:00:00,380.54,200.6,5
2020-08-30 12:00:00,6,2020-08-30 18:00:00,380.52,197.0,5
2020-08-30 13:00:00,0,2020-08-30 13:00:00,380.22,152.6,5
2020-08-30 13:00:00,1,2020-08-30 14:00:00,380.24,154.8,5
2020-08-30 13:00:00,2,2020-08-30 15:00:00,380.35,171.4,5
2020-08-30 13:00:00,3,2020-08-30 16:00:00,380.48,191.8,5
2020-08-30 13:00:00,4,2020-08-30 17:00:00,380.55,202.0,5
2020-08-30 13:00:00,5,2020-08-30 18:00:00,380.51,195.1,5
2020-08-30 13:00:00,6,2020-08-30 19:00:00,380.5,193.8,5
2020-08-30 20:00:00,0,2020-08-30 20:00:00,380.29,162.4,5
2020-08-30 20:00:00,1,2020-08-30 21:00:00,380.16,143.4,5
2020-08-30 20:00:00,2,2020-08-30 22:00:00,380.21,150.2,5
2020-08-30 20:00:00,3,2020-08-30 23:00:00,380.18,146.0,5
2020-08-30 20:00:00,4,2020-08-31 00:00:00,380.19,147.8,5
2020-08-30 20:00:00,5,2020-08-31 01:00:00,380.18,146.9,5
2020-08-30 20:00:00,6,2020-08-31 02:00:00,380.17,144.5,5
2020-08-31 06:00:00,0,2020-08-31 06:00:00,379.9,109.1,5
2020-08-31 06:00:00,1,2020-08-31 07:00:00,379.88,106.6,5
2020-08-31 06:00:00,2,2020-08-31 08:00:00,379.86,103.0,5
2020-08-31 06:00:00,3,2020-08-31 09:00:00,379.85,101.8,5
2020-08-31 06:00:00,4,2020-08-31 10:00:00,379.8,95.8,5
2020-08-31 06:00:00,5,2020-08-31 11:00:00,379.86,103.1,5
2020-08-31 06:00:00,6,2020-08-31 12:00:00,379.83,100.2,5
2020-08-31 12:00:00,0,2020-08-31 12:00:00,379.74,88.0,5
2020-08-31 12:00:00,1,2020-08-31 13:00:00,379.72,86.4,5
2020-08-31 12:00:00,2,2020-08-31 14:00:00,379.71,84.4,5
2020-08-31 12:00:00,3,2020-08-31 15:00:00,379.66,79.3,5
2020-08-31 12:00:00,4,2020-08-31 16:00:00,379.7,83.4,5
2020-08-31 12:00:00,5,2020-08-31 17:00:00,379.69,82.1,5
2020-08-31 12:00:00,6,2020-08-31 18:00:00,379.68,81.1,5
2020-09-01 07:00:00,0,2020-09-01 07:00:00,379.56,67.0,5
2020-09-01 07:00:00,1,2020-09-01 08:00:00,379.56,67.0,5
2020-09-01 07:00:00,2,2020-09-01 09:00:00,379.58,69.2,5
2020-09-01 07:00:00,3,2020-09-01 10:00:00,379.58,69.8,5
2020-09-01 07:00:00,4,2020-09-01 11:00:00,379.55,65.6,5
2020-09-01 07:00:00,5,2020-09-01 12:00:00,379.53,63.1,5
2020-09-01 07:00:00,6,2020-09-01 13:00:00,379.53,63.5,5
2020-09-02 07:00:00,0,2020-09-02 07:00:00,379.43,51.8,5
2020-09-02 07:00:00,1,2020-09-02 08:00:00,379.43,52.1,5
2020-09-02 07:00:00,2,2020-09-02 09:00:00,379.44,53.0,5
2020-09-02 07:00:00,3,2020-09-02 10:00:00,379.43,52.1,5
2020-09-02 07:00:00,4,2020-09-02 11:00:00,379.42,51.0,5
2020-09-02 07:00:00,5,2020-09-02 12:00:00,379.42,50.7,5
2020-09-02 07:00:00,6,2020-09-02 13:00:00,379.42,50.2,5
2020-09-03 07:00:00,0,2020-09-03 07:00:00,379.36,44.1,5
2020-09-03 07:00:00,1,2020-09-03 08:00:00,379.37,45.5,5
2020-09-03 07:00:00,2,2020-09-03 09:00:00,379.4,48.4,5
2020-09-03 07:00:00,3,2020-09-03 10:00:00,379.38,46.1,5
2020-09-03 07:00:00,4,2020-09-03 11:00:00,379.38,45.9,5
2020-09-03 07:00:00,5,2020-09-03 12:00:00,379.36,44.1,5
2020-09-03 07:00:00,6,2020-09-03 13:00:00,379.36,43.8,5
2020-09-04 08:00:00,0,2020-09-04 08:00:00,379.24,32.2,5
2020-09-04 08:00:00,1,2020-09-04 09:00:00,379.24,32.5,5
2020-09-04 08:00:00,2,2020-09-04 10:00:00,379.23,31.4,5
2020-09-04 08:00:00,3,2020-09-04 11:00:00,379.22,30.8,5
2020-09-04 08:00:00,4,2020-09-04 12:00:00,379.26,34.4,5
2020-09-04 08:00:00,5,2020-09-04 13:00:00,379.26,33.9,5
2020-09-04 08:00:00,6,2020-09-04 14:00:00,379.29,37.2,5
2020-09-05 07:00:00,0,2020-09-05 07:00:00,379.28,35.6,5
2020-09-05 07:00:00,1,2020-09-05 08:00:00,379.27,35.2,5
2020-09-05 07:00:00,2,2020-09-05 09:00:00,379.27,34.9,5
2020-09-05 07:00:00,3,2020-09-05 10:00:00,379.27,35.3,5
2020-09-05 07:00:00,4,2020-09-05 11:00:00,379.29,36.5,5
2020-09-05 07:00:00,5,2020-09-05 12:00:00,379.28,36.4,5
2020-09-05 07:00:00,6,2020-09-05 13:00:00,379.28,35.7,5
2020-09-06 07:00:00,0,2020-09-06 07:00:00,379.28,35.8,5
2020-09-06 07:00:00,1,2020-09-06 08:00:00,379.3,38.4,5
2020-09-06 07:00:00,2,2020-09-06 09:00:00,379.33,40.8,5
2020-09-06 07:00:00,3,2020-09-06 10:00:00,379.33,41.4,5
2020-09-06 07:00:00,4,2020-09-06 11:00:00,379.33,41.2,5
2020-09-06 07:00:00,5,2020-09-06 12:00:00,379.31,38.8,5
2020-09-06 07:00:00,6,2020-09-06 13:00:00,379.29,36.9,5
2020-09-07 07:00:00,0,2020-09-07 07:00:00,379.28,36.2,5
2020-09-07 07:00:00,1,2020-09-07 08:00:00,379.27,35.2,5
2020-09-07 07:00:00,2,2020-09-07 09:00:00,379.28,36.3,5
2020-09-07 07:00:00,3,2020-09-07 10:00:00,379.28,35.9,5
2020-09-07 07:00:00,4,2020-09-07 11:00:00,379.28,36.2,5
2020-09-07 07:00:00,5,2020-09-07 12:00:00,379.27,35.1,5
2020-09-07 07:00:00,6,2020-09-07 13:00:00,379.27,35.2,5
2020-09-08 07:00:00,0,2020-09-08 07:00:00,379.22,30.4,5
2020-09-08 07:00:00,1,2020-09-08 08:00:00,379.22,30.8,5
2020-09-08 07:00:00,2,2020-09-08 09:00:00,379.22,30.3,5
2020-09-08 07:00:00,3,2020-09-08 10:00:00,379.23,31.1,5
2020-09-08 07:00:00,4,2020-09-08 11:00:00,379.24,32.1,5
2020-09-08 07:00:00,5,2020-09-08 12:00:00,379.25,32.7,5
2020-09-08 07:00:00,6,2020-09-08 13:00:00,379.23,31.7,5
2020-09-09 07:00:00,0,2020-09-09 07:00:00,379.21,29.4,5
2020-09-09 07:00:00,1,2020-09-09 08:00:00,379.23,31.5,5
2020-09-09 07:00:00,2,2020-09-09 09:00:00,379.22,30.7,5
2020-09-09 07:00:00,3,2020-09-09 10:00:00,379.24,32.5,5
2020-09-09 07:00:00,4,2020-09-09 11:00:00,379.25,32.9,5
2020-09-09 07:00:00,5,2020-09-09 12:00:00,379.27,35.1,5
2020-09-09 07:00:00,6,2020-09-09 13:00:00,379.31,39.4,5
2020-09-10 07:00:00,0,2020-09-10 07:00:00,379.24,31.8,5
2020-09-10 07:00:00,1,2020-09-10 08:00:00,379.24,32.4,5
2020-09-10 07:00:00,2,2020-09-10 09:00:00,379.26,33.7,5
2020-09-10 07:00:00,3,2020-09-10 10:00:00,379.24,32.4,5
2020-09-10 07:00:00,4,2020-09-10 11:00:00,379.24,32.2,5
2020-09-10 07:00:00,5,2020-09-10 12:00:00,379.24,32.6,5
2020-09-10 07:00:00,6,2020-09-10 13:00:00,379.24,32.3,5
2020-09-11 07:00:00,0,2020-09-11 07:00:00,379.25,33.5,5
2020-09-11 07:00:00,1,2020-09-11 08:00:00,379.24,32.1,5
2020-09-11 07:00:00,2,2020-09-11 09:00:00,379.28,36.0,5
2020-09-11 07:00:00,3,2020-09-11 10:00:00,379.33,40.5,5
2020-09-11 07:00:00,4,2020-09-11 11:00:00,379.31,39.4,5
2020-09-11 07:00:00,5,2020-09-11 12:00:00,379.29,37.3,5
2020-09-11 07:00:00,6,2020-09-11 13:00:00,379.29,36.7,5
2020-09-12 08:00:00,0,2020-09-12 08:00:00,379.32,40.1,4
2020-09-12 08:00:00,1,2020-09-12 09:00:00,379.31,38.9,4
2020-09-12 08:00:00,2,2020-09-12 10:00:00,379.31,39.4,4
2020-09-12 08:00:00,3,2020-09-12 11:00:00,379.32,39.55,4
2020-09-12 08:00:00,4,2020-09-12 12:00:00,379.29,37.1,4
2020-09-12 08:00:00,5,2020-09-12 13:00:00,379.29,37.05,4
2020-09-12 08:00:00,6,2020-09-12 14:00:00,379.3,38.150000000000006,4
2020-09-12 13:00:00,0,2020-09-12 13:00:00,379.3,37.5,5
2020-09-12 13:00:00,1,2020-09-12 14:00:00,379.28,35.8,5
2020-09-12 13:00:00,2,2020-09-12 15:00:00,379.26,34.0,5
2020-09-12 13:00:00,3,2020-09-12 16:00:00,379.25,33.5,5
2020-09-12 13:00:00,4,2020-09-12 17:00:00,379.24,32.5,5
2020-09-12 13:00:00,5,2020-09-12 18:00:00,379.22,30.6,5
2020-09-12 13:00:00,6,2020-09-12 19:00:00,379.22,30.6,5
2020-09-13 07:00:00,0,2020-09-13 07:00:00,379.23,31.5,5
2020-09-13 07:00:00,1,2020-09-13 08:00:00,379.25,32.9,5
2020-09-13 07:00:00,2,2020-09-13 09:00:00,379.25,33.5,5
2020-09-13 07:00:00,3,2020-09-13 10:00:00,379.27,35.1,5
2020-09-13 07:00:00,4,2020-09-13 11:00:00,379.25,33.4,5
2020-09-13 07:00:00,5,2020-09-13 12:00:00,379.25,33.2,5
2020-09-13 07:00:00,6,2020-09-13 13:00:00,379.24,32.2,5
2020-09-14 07:00:00,0,2020-09-14 07:00:00,379.27,35.1,5
2020-09-14 07:00:00,1,2020-09-14 08:00:00,379.28,35.8,5
2020-09-14 07:00:00,2,2020-09-14 09:00:00,379.28,36.2,5
2020-09-14 07:00:00,3,2020-09-14 10:00:00,379.3,37.7,5
2020-09-14 07:00:00,4,2020-09-14 11:00:00,379.3,38.3,5
2020-09-14 07:00:00,5,2020-09-14 12:00:00,379.29,37.2,5
2020-09-14 07:00:00,6,2020-09-14 13:00:00,379.28,35.9,5
2020-09-15 07:00:00,0,2020-09-15 07:00:00,379.48,57.6,7
2020-09-15 07:00:00,1,2020-09-15 08:00:00,379.48,57.3,7
2020-09-15 07:00:00,2,2020-09-15 09:00:00,379.47,56.7,7
2020-09-15 07:00:00,3,2020-09-15 10:00:00,379.43,52.25,6
2020-09-15 07:00:00,4,2020-09-15 11:00:00,379.425,51.4,6
2020-09-15 07:00:00,5,2020-09-15 12:00:00,379.42,50.45,6
2020-09-15 07:00:00,6,2020-09-15 13:00:00,379.40999999999997,49.55,6
2020-09-15 18:00:00,0,2020-09-15 18:00:00,379.29,36.5,3
2020-09-15 18:00:00,1,2020-09-15 19:00:00,379.24,32.6,3
2020-09-15 18:00:00,2,2020-09-15 20:00:00,379.23,31.2,3
2020-09-15 18:00:00,3,2020-09-15 21:00:00,379.23,31.5,3
2020-09-15 18:00:00,4,2020-09-15 22:00:00,379.19,27.9,3
2020-09-15 18:00:00,5,2020-09-15 23:00:00,379.2,28.7,3
2020-09-15 18:00:00,6,2020-09-16 00:00:00,379.2,29.0,3
2020-09-16 07:00:00,0,2020-09-16 07:00:00,379.44,53.0,3
2020-09-16 07:00:00,1,2020-09-16 08:00:00,379.44,53.1,3
2020-09-16 07:00:00,2,2020-09-16 09:00:00,379.44,52.6,3
2020-09-16 07:00:00,3,2020-09-16 10:00:00,379.43,51.9,3
2020-09-16 07:00:00,4,2020-09-16 11:00:00,379.43,51.3,3
2020-09-16 07:00:00,5,2020-09-16 12:00:00,379.42,51.0,3
2020-09-16 07:00:00,6,2020-09-16 13:00:00,379.42,50.5,3
2020-09-17 07:00:00,0,2020-09-17 07:00:00,379.29,36.7,3
2020-09-17 07:00:00,1,2020-09-17 08:00:00,379.3,37.8,3
2020-09-17 07:00:00,2,2020-09-17 09:00:00,379.32,40.4,3
2020-09-17 07:00:00,3,2020-09-17 10:00:00,379.35,42.7,3
2020-09-17 07:00:00,4,2020-09-17 11:00:00,379.32,39.5,3
2020-09-17 07:00:00,5,2020-09-17 12:00:00,379.3,38.1,3
2020-09-17 07:00:00,6,2020-09-17 13:00:00,379.3,37.9,3
2020-09-18 07:00:00,0,2020-09-18 07:00:00,379.28,35.5,3
2020-09-18 07:00:00,1,2020-09-18 08:00:00,379.27,34.8,3
2020-09-18 07:00:00,2,2020-09-18 09:00:00,379.28,36.2,3
2020-09-18 07:00:00,3,2020-09-18 10:00:00,379.29,37.3,3
2020-09-18 07:00:00,4,2020-09-18 11:00:00,379.29,37.2,3
2020-09-18 07:00:00,5,2020-09-18 12:00:00,379.3,37.9,3
2020-09-18 07:00:00,6,2020-09-18 13:00:00,379.29,36.8,3
2020-09-19 07:00:00,0,2020-09-19 07:00:00,379.29,37.0,3
2020-09-19 07:00:00,1,2020-09-19 08:00:00,379.31,38.5,3
2020-09-19 07:00:00,2,2020-09-19 09:00:00,379.32,39.5,3
2020-09-19 07:00:00,3,2020-09-19 10:00:00,379.29,37.0,3
2020-09-19 07:00:00,4,2020-09-19 11:00:00,379.3,37.5,3
2020-09-19 07:00:00,5,2020-09-19 12:00:00,379.3,37.9,3
2020-09-19 07:00:00,6,2020-09-19 13:00:00,379.29,37.2,3
2020-09-20 07:00:00,0,2020-09-20 07:00:00,379.33,40.8,3
2020-09-20 07:00:00,1,2020-09-20 08:00:00,379.31,38.8,3
2020-09-20 07:00:00,2,2020-09-20 09:00:00,379.33,40.9,3
2020-09-20 07:00:00,3,2020-09-20 10:00:00,379.34,41.6,3
2020-09-20 07:00:00,4,2020-09-20 11:00:00,379.32,40.2,3
2020-09-20 07:00:00,5,2020-09-20 12:00:00,379.34,41.7,3
2020-09-20 07:00:00,6,2020-09-20 13:00:00,379.32,40.4,3
2020-09-21 07:00:00,0,2020-09-21 07:00:00,379.35,42.9,3
2020-09-21 07:00:00,1,2020-09-21 08:00:00,379.35,42.9,3
2020-09-21 07:00:00,2,2020-09-21 09:00:00,379.33,40.7,3
2020-09-21 07:00:00,3,2020-09-21 10:00:00,379.3,37.6,3
2020-09-21 07:00:00,4,2020-09-21 11:00:00,379.29,37.2,3
2020-09-21 07:00:00,5,2020-09-21 12:00:00,379.34,42.3,3
2020-09-21 07:00:00,6,2020-09-21 13:00:00,379.41,49.5,3
2020-09-22 07:00:00,0,2020-09-22 07:00:00,379.25,33.5,3
2020-09-22 07:00:00,1,2020-09-22 08:00:00,379.23,31.6,3
2020-09-22 07:00:00,2,2020-09-22 09:00:00,379.21,29.5,3
2020-09-22 07:00:00,3,2020-09-22 10:00:00,379.25,33.0,3
2020-09-22 07:00:00,4,2020-09-22 11:00:00,379.25,33.3,3
2020-09-22 07:00:00,5,2020-09-22 12:00:00,379.23,31.7,3
2020-09-22 07:00:00,6,2020-09-22 13:00:00,379.24,31.8,3
2020-09-23 07:00:00,0,2020-09-23 07:00:00,379.34,42.1,3
2020-09-23 07:00:00,1,2020-09-23 08:00:00,379.32,39.7,3
2020-09-23 07:00:00,2,2020-09-23 09:00:00,379.45,54.2,3
2020-09-23 07:00:00,3,2020-09-23 10:00:00,379.54,64.4,3
2020-09-23 07:00:00,4,2020-09-23 11:00:00,379.59,70.6,3
2020-09-23 07:00:00,5,2020-09-23 12:00:00,379.64,75.8,3
2020-09-23 07:00:00,6,2020-09-23 13:00:00,379.62,74.1,3
2020-09-24 07:00:00,0,2020-09-24 07:00:00,379.31,39.0,3
2020-09-24 07:00:00,1,2020-09-24 08:00:00,379.32,39.6,3
2020-09-24 07:00:00,2,2020-09-24 09:00:00,379.31,38.9,3
2020-09-24 07:00:00,3,2020-09-24 10:00:00,379.3,37.5,3
2020-09-24 07:00:00,4,2020-09-24 11:00:00,379.27,35.2,3
2020-09-24 07:00:00,5,2020-09-24 12:00:00,379.27,34.8,3
2020-09-24 07:00:00,6,2020-09-24 13:00:00,379.26,33.9,3
2020-09-25 08:00:00,0,2020-09-25 08:00:00,379.51,61.1,3
2020-09-25 08:00:00,1,2020-09-25 09:00:00,379.7,83.8,3
2020-09-25 08:00:00,2,2020-09-25 10:00:00,379.75,89.4,3
2020-09-25 08:00:00,3,2020-09-25 11:00:00,379.88,105.8,3
2020-09-25 08:00:00,4,2020-09-25 12:00:00,379.89,107.2,3
2020-09-25 08:00:00,5,2020-09-25 13:00:00,379.86,103.2,3
2020-09-25 08:00:00,6,2020-09-25 14:00:00,379.85,102.1,3
2020-09-25 17:00:00,0,2020-09-25 17:00:00,379.77,92.0,3
2020-09-25 17:00:00,1,2020-09-25 18:00:00,379.83,99.7,3
2020-09-25 17:00:00,2,2020-09-25 19:00:00,379.76,90.9,3
2020-09-25 17:00:00,3,2020-09-25 20:00:00,379.74,88.6,3
2020-09-25 17:00:00,4,2020-09-25 21:00:00,379.73,87.5,3
2020-09-25 17:00:00,5,2020-09-25 22:00:00,379.8,96.5,3
2020-09-25 17:00:00,6,2020-09-25 23:00:00,379.79,94.7,3
2020-09-26 07:00:00,0,2020-09-26 07:00:00,379.7,83.6,3
2020-09-26 07:00:00,1,2020-09-26 08:00:00,379.7,84.1,3
2020-09-26 07:00:00,2,2020-09-26 09:00:00,379.68,81.7,3
2020-09-26 07:00:00,3,2020-09-26 10:00:00,379.73,87.1,3
2020-09-26 07:00:00,4,2020-09-26 11:00:00,379.79,95.3,3
2020-09-26 07:00:00,5,2020-09-26 12:00:00,379.76,90.7,3
2020-09-26 07:00:00,6,2020-09-26 13:00:00,379.73,87.7,3
2020-09-26 14:00:00,0,2020-09-26 14:00:00,379.61,72.9,3
2020-09-26 14:00:00,1,2020-09-26 15:00:00,379.59,70.3,3
2020-09-26 14:00:00,2,2020-09-26 16:00:00,379.59,69.8,3
2020-09-26 14:00:00,3,2020-09-26 17:00:00,379.58,69.0,3
2020-09-26 14:00:00,4,2020-09-26 18:00:00,379.58,68.8,3
2020-09-26 14:00:00,5,2020-09-26 19:00:00,379.64,75.8,3
2020-09-26 14:00:00,6,2020-09-26 20:00:00,379.66,78.2,3
2020-09-27 07:00:00,0,2020-09-27 07:00:00,379.44,52.5,3
2020-09-27 07:00:00,1,2020-09-27 08:00:00,379.46,54.7,3
2020-09-27 07:00:00,2,2020-09-27 09:00:00,379.45,53.9,3
2020-09-27 07:00:00,3,2020-09-27 10:00:00,379.43,52.1,3
2020-09-27 07:00:00,4,2020-09-27 11:00:00,379.43,51.4,3
2020-09-27 07:00:00,5,2020-09-27 12:00:00,379.44,53.3,3
2020-09-27 07:00:00,6,2020-09-27 13:00:00,379.47,56.0,3
2020-09-28 07:00:00,0,2020-09-28 07:00:00,379.31,38.8,3
2020-09-28 07:00:00,1,2020-09-28 08:00:00,379.32,40.4,3
2020-09-28 07:00:00,2,2020-09-28 09:00:00,379.32,40.1,3
2020-09-28 07:00:00,3,2020-09-28 10:00:00,379.31,39.3,3
2020-09-28 07:00:00,4,2020-09-28 11:00:00,379.31,39.3,3
2020-09-28 07:00:00,5,2020-09-28 12:00:00,379.29,37.4,3
2020-09-28 07:00:00,6,2020-09-28 13:00:00,379.37,45.3,3
2020-09-29 08:00:00,0,2020-09-29 08:00:00,379.33,40.9,3
2020-09-29 08:00:00,1,2020-09-29 09:00:00,379.35,43.1,3
2020-09-29 08:00:00,2,2020-09-29 10:00:00,379.35,43.0,3
2020-09-29 08:00:00,3,2020-09-29 11:00:00,379.35,43.1,3
2020-09-29 08:00:00,4,2020-09-29 12:00:00,379.47,56.2,3
2020-09-29 08:00:00,5,2020-09-29 13:00:00,379.48,57.7,3
2020-09-29 08:00:00,6,2020-09-29 14:00:00,379.47,56.0,3
2020-09-30 07:00:00,0,2020-09-30 07:00:00,379.39,47.0,3
2020-09-30 07:00:00,1,2020-09-30 08:00:00,379.46,55.7,3
2020-09-30 07:00:00,2,2020-09-30 09:00:00,379.48,57.9,3
2020-09-30 07:00:00,3,2020-09-30 10:00:00,379.48,57.1,3
2020-09-30 07:00:00,4,2020-09-30 11:00:00,379.47,56.0,3
2020-09-30 07:00:00,5,2020-09-30 12:00:00,379.51,61.5,3
2020-09-30 07:00:00,6,2020-09-30 13:00:00,379.51,60.9,3
2020-09-30 14:00:00,0,2020-09-30 14:00:00,379.42,51.2,3
2020-09-30 14:00:00,1,2020-09-30 15:00:00,379.41,49.7,3
2020-09-30 14:00:00,2,2020-09-30 16:00:00,379.42,50.3,3
2020-09-30 14:00:00,3,2020-09-30 17:00:00,379.43,52.1,3
2020-09-30 14:00:00,4,2020-09-30 18:00:00,379.42,51.2,3
2020-09-30 14:00:00,5,2020-09-30 19:00:00,379.41,49.9,3
2020-09-30 14:00:00,6,2020-09-30 20:00:00,379.47,56.9,3
2020-10-01 07:00:00,0,2020-10-01 07:00:00,379.36,43.6,3
2020-10-01 07:00:00,1,2020-10-01 08:00:00,379.41,49.4,3
2020-10-01 07:00:00,2,2020-10-01 09:00:00,379.41,49.5,3
2020-10-01 07:00:00,3,2020-10-01 10:00:00,379.41,49.2,3
2020-10-01 07:00:00,4,2020-10-01 11:00:00,379.41,50.0,3
2020-10-01 07:00:00,5,2020-10-01 12:00:00,379.47,56.7,3
2020-10-01 07:00:00,6,2020-10-01 13:00:00,379.47,56.5,3
2020-10-01 14:00:00,0,2020-10-01 14:00:00,379.41,49.0,3
2020-10-01 14:00:00,1,2020-10-01 15:00:00,379.37,45.1,3
2020-10-01 14:00:00,2,2020-10-01 16:00:00,379.36,44.4,3
2020-10-01 14:00:00,3,2020-10-01 17:00:00,379.35,43.5,3
2020-10-01 14:00:00,4,2020-10-01 18:00:00,379.36,43.8,3
2020-10-01 14:00:00,5,2020-10-01 19:00:00,379.37,45.6,3
2020-10-01 14:00:00,6,2020-10-01 20:00:00,379.41,49.8,3
2020-10-02 07:00:00,0,2020-10-02 07:00:00,379.31,39.0,3
2020-10-02 07:00:00,1,2020-10-02 08:00:00,379.3,38.3,3
2020-10-02 07:00:00,2,2020-10-02 09:00:00,379.31,38.8,3
2020-10-02 07:00:00,3,2020-10-02 10:00:00,379.32,40.3,3
2020-10-02 07:00:00,4,2020-10-02 11:00:00,379.34,41.7,3
2020-10-02 07:00:00,5,2020-10-02 12:00:00,379.39,47.1,3
2020-10-02 07:00:00,6,2020-10-02 13:00:00,379.43,51.7,3
2020-10-02 15:00:00,0,2020-10-02 15:00:00,379.39,46.9,3
2020-10-02 15:00:00,1,2020-10-02 16:00:00,379.38,46.2,3
2020-10-02 15:00:00,2,2020-10-02 17:00:00,379.39,47.5,3
2020-10-02 15:00:00,3,2020-10-02 18:00:00,379.4,48.3,3
2020-10-02 15:00:00,4,2020-10-02 19:00:00,379.4,48.7,3
2020-10-02 15:00:00,5,2020-10-02 20:00:00,379.49,58.9,3
2020-10-02 15:00:00,6,2020-10-02 21:00:00,379.57,67.9,3
2020-10-02 22:00:00,0,2020-10-02 22:00:00,379.39,47.4,3
2020-10-02 22:00:00,1,2020-10-02 23:00:00,379.39,47.5,3
2020-10-02 22:00:00,2,2020-10-03 00:00:00,379.43,51.3,3
2020-10-02 22:00:00,3,2020-10-03 01:00:00,379.45,54.0,3
2020-10-02 22:00:00,4,2020-10-03 02:00:00,379.47,56.6,3
2020-10-02 22:00:00,5,2020-10-03 03:00:00,379.61,72.3,3
2020-10-02 22:00:00,6,2020-10-03 04:00:00,379.65,77.1,3
2020-10-03 06:00:00,0,2020-10-03 06:00:00,379.69,81.8,3
2020-10-03 06:00:00,1,2020-10-03 07:00:00,379.75,90.2,3
2020-10-03 06:00:00,2,2020-10-03 08:00:00,379.79,94.3,3
2020-10-03 06:00:00,3,2020-10-03 09:00:00,380.22,152.9,3
2020-10-03 06:00:00,4,2020-10-03 10:00:00,380.46,187.5,3
2020-10-03 06:00:00,5,2020-10-03 11:00:00,380.49,193.3,3
2020-10-03 06:00:00,6,2020-10-03 12:00:00,380.46,187.8,3
2020-10-03 11:00:00,0,2020-10-03 11:00:00,380.05,128.0,3
2020-10-03 11:00:00,1,2020-10-03 12:00:00,379.95,114.8,3
2020-10-03 11:00:00,2,2020-10-03 13:00:00,379.93,112.3,3
2020-10-03 11:00:00,3,2020-10-03 14:00:00,380.39,177.7,3
2020-10-03 11:00:00,4,2020-10-03 15:00:00,380.59,208.8,3
2020-10-03 11:00:00,5,2020-10-03 16:00:00,380.51,196.3,3
2020-10-03 11:00:00,6,2020-10-03 17:00:00,380.48,190.3,3
2020-10-03 16:00:00,0,2020-10-03 16:00:00,380.14,141.0,3
2020-10-03 16:00:00,1,2020-10-03 17:00:00,380.12,138.8,3
2020-10-03 16:00:00,2,2020-10-03 18:00:00,380.07,131.0,3
2020-10-03 16:00:00,3,2020-10-03 19:00:00,380.01,123.8,3
2020-10-03 16:00:00,4,2020-10-03 20:00:00,380.2,148.8,3
2020-10-03 16:00:00,5,2020-10-03 21:00:00,380.21,150.8,3
2020-10-03 16:00:00,6,2020-10-03 22:00:00,380.19,148.6,3
2020-10-04 09:00:00,0,2020-10-04 09:00:00,380.29,162.5,3
2020-10-04 09:00:00,1,2020-10-04 10:00:00,380.37,174.6,3
2020-10-04 09:00:00,2,2020-10-04 11:00:00,380.31,165.0,3
2020-10-04 09:00:00,3,2020-10-04 12:00:00,380.24,154.6,3
2020-10-04 09:00:00,4,2020-10-04 13:00:00,380.25,156.4,3
2020-10-04 09:00:00,5,2020-10-04 14:00:00,380.34,170.2,3
2020-10-04 09:00:00,6,2020-10-04 15:00:00,380.32,166.9,3
2020-10-04 16:00:00,0,2020-10-04 16:00:00,379.93,112.3,3
2020-10-04 16:00:00,1,2020-10-04 17:00:00,379.86,103.2,3
2020-10-04 16:00:00,2,2020-10-04 18:00:00,379.86,103.8,3
2020-10-04 16:00:00,3,2020-10-04 19:00:00,379.84,100.5,3
2020-10-04 16:00:00,4,2020-10-04 20:00:00,379.79,95.1,3
2020-10-04 16:00:00,5,2020-10-04 21:00:00,379.93,112.0,3
2020-10-04 16:00:00,6,2020-10-04 22:00:00,380.01,123.9,3
2020-10-05 07:00:00,0,2020-10-05 07:00:00,379.74,88.1,3
2020-10-05 07:00:00,1,2020-10-05 08:00:00,379.74,88.0,3
2020-10-05 07:00:00,2,2020-10-05 09:00:00,379.72,85.8,3
2020-10-05 07:00:00,3,2020-10-05 10:00:00,379.85,102.0,3
2020-10-05 07:00:00,4,2020-10-05 11:00:00,379.95,115.1,3
2020-10-05 07:00:00,5,2020-10-05 12:00:00,379.92,111.3,3
2020-10-05 07:00:00,6,2020-10-05 13:00:00,379.89,107.8,3
2020-10-06 07:00:00,0,2020-10-06 07:00:00,379.66,78.4,3
2020-10-06 07:00:00,1,2020-10-06 08:00:00,379.66,78.7,3
2020-10-06 07:00:00,2,2020-10-06 09:00:00,379.68,81.7,3
2020-10-06 07:00:00,3,2020-10-06 10:00:00,379.74,88.1,3
2020-10-06 07:00:00,4,2020-10-06 11:00:00,379.8,96.4,3
2020-10-06 07:00:00,5,2020-10-06 12:00:00,379.79,94.9,3
2020-10-06 07:00:00,6,2020-10-06 13:00:00,379.79,94.4,3
2020-10-07 07:00:00,0,2020-10-07 07:00:00,379.97,118.0,3
2020-10-07 07:00:00,1,2020-10-07 08:00:00,380.19,147.6,3
2020-10-07 07:00:00,2,2020-10-07 09:00:00,380.36,172.2,3
2020-10-07 07:00:00,3,2020-10-07 10:00:00,380.39,177.6,3
2020-10-07 07:00:00,4,2020-10-07 11:00:00,380.37,173.6,3
2020-10-07 07:00:00,5,2020-10-07 12:00:00,380.3,164.5,3
2020-10-07 07:00:00,6,2020-10-07 13:00:00,380.32,166.2,3
2020-10-08 07:00:00,0,2020-10-08 07:00:00,379.69,82.9,3
2020-10-08 07:00:00,1,2020-10-08 08:00:00,379.7,83.1,3
2020-10-08 07:00:00,2,2020-10-08 09:00:00,379.69,81.9,3
2020-10-08 07:00:00,3,2020-10-08 10:00:00,379.67,80.4,3
2020-10-08 07:00:00,4,2020-10-08 11:00:00,379.74,88.3,3
2020-10-08 07:00:00,5,2020-10-08 12:00:00,379.74,88.2,3
2020-10-08 07:00:00,6,2020-10-08 13:00:00,379.73,86.7,3
2020-10-09 07:00:00,0,2020-10-09 07:00:00,379.53,63.7,3
2020-10-09 07:00:00,1,2020-10-09 08:00:00,379.55,65.9,3
2020-10-09 07:00:00,2,2020-10-09 09:00:00,379.54,65.0,3
2020-10-09 07:00:00,3,2020-10-09 10:00:00,379.53,63.1,3
2020-10-09 07:00:00,4,2020-10-09 11:00:00,379.53,63.3,3
2020-10-09 07:00:00,5,2020-10-09 12:00:00,379.59,70.7,3
2020-10-09 07:00:00,6,2020-10-09 13:00:00,379.61,72.3,3
2020-10-09 12:00:00,0,2020-10-09 12:00:00,379.5,59.7,3
2020-10-09 12:00:00,1,2020-10-09 13:00:00,379.5,59.3,3
2020-10-09 12:00:00,2,2020-10-09 14:00:00,379.5,60.2,3
2020-10-09 12:00:00,3,2020-10-09 15:00:00,379.5,59.7,3
2020-10-09 12:00:00,4,2020-10-09 16:00:00,379.49,58.2,3
2020-10-09 12:00:00,5,2020-10-09 17:00:00,379.48,57.6,3
2020-10-09 12:00:00,6,2020-10-09 18:00:00,379.57,67.7,3
2020-10-10 07:00:00,0,2020-10-10 07:00:00,379.41,49.9,3
2020-10-10 07:00:00,1,2020-10-10 08:00:00,379.41,49.7,3
2020-10-10 07:00:00,2,2020-10-10 09:00:00,379.44,52.5,3
2020-10-10 07:00:00,3,2020-10-10 10:00:00,379.45,54.6,3
2020-10-10 07:00:00,4,2020-10-10 11:00:00,379.45,54.5,3
2020-10-10 07:00:00,5,2020-10-10 12:00:00,379.49,59.2,3
2020-10-10 07:00:00,6,2020-10-10 13:00:00,379.55,66.0,3
2020-10-11 08:00:00,0,2020-10-11 08:00:00,379.54,64.7,3
2020-10-11 08:00:00,1,2020-10-11 09:00:00,379.52,62.6,3
2020-10-11 08:00:00,2,2020-10-11 10:00:00,379.51,60.5,3
2020-10-11 08:00:00,3,2020-10-11 11:00:00,379.57,67.6,3
2020-10-11 08:00:00,4,2020-10-11 12:00:00,379.6,71.4,3
2020-10-11 08:00:00,5,2020-10-11 13:00:00,379.6,71.3,3
2020-10-11 08:00:00,6,2020-10-11 14:00:00,379.59,71.0,3
2020-10-12 07:00:00,0,2020-10-12 07:00:00,379.39,47.1,3
2020-10-12 07:00:00,1,2020-10-12 08:00:00,379.38,46.3,3
2020-10-12 07:00:00,2,2020-10-12 09:00:00,379.38,46.3,3
2020-10-12 07:00:00,3,2020-10-12 10:00:00,379.39,47.3,3
2020-10-12 07:00:00,4,2020-10-12 11:00:00,379.39,47.2,3
2020-10-12 07:00:00,5,2020-10-12 12:00:00,379.43,51.3,3
2020-10-12 07:00:00,6,2020-10-12 13:00:00,379.48,57.1,3
2020-10-13 07:00:00,0,2020-10-13 07:00:00,379.28,35.9,3
2020-10-13 07:00:00,1,2020-10-13 08:00:00,379.3,37.9,3
2020-10-13 07:00:00,2,2020-10-13 09:00:00,379.33,41.1,3
2020-10-13 07:00:00,3,2020-10-13 10:00:00,379.3,38.3,3
2020-10-13 07:00:00,4,2020-10-13 11:00:00,379.3,38.1,3
2020-10-13 07:00:00,5,2020-10-13 12:00:00,379.32,40.4,3
2020-10-13 07:00:00,6,2020-10-13 13:00:00,379.4,48.0,3
2020-10-15 12:00:00,0,2020-10-15 12:00:00,379.28,35.8,3
2020-10-15 12:00:00,1,2020-10-15 13:00:00,379.23,30.9,3
2020-10-15 12:00:00,2,2020-10-15 14:00:00,379.26,33.9,3
2020-10-15 12:00:00,3,2020-10-15 15:00:00,379.22,30.6,3
2020-10-15 12:00:00,4,2020-10-15 16:00:00,379.23,30.9,3
2020-10-15 12:00:00,5,2020-10-15 17:00:00,379.23,30.9,3
2020-10-15 12:00:00,6,2020-10-15 18:00:00,379.21,29.3,3
2020-10-16 07:00:00,0,2020-10-16 07:00:00,379.3,37.8,3
2020-10-16 07:00:00,1,2020-10-16 08:00:00,379.31,39.1,3
2020-10-16 07:00:00,2,2020-10-16 09:00:00,379.3,37.7,3
2020-10-16 07:00:00,3,2020-10-16 10:00:00,379.32,40.0,3
2020-10-16 07:00:00,4,2020-10-16 11:00:00,379.34,42.0,3
2020-10-16 07:00:00,5,2020-10-16 12:00:00,379.39,46.9,3
2020-10-16 07:00:00,6,2020-10-16 13:00:00,379.39,47.0,3
2020-10-16 09:00:00,0,2020-10-16 09:00:00,379.3,37.7,3
2020-10-16 09:00:00,1,2020-10-16 10:00:00,379.32,40.0,3
2020-10-16 09:00:00,2,2020-10-16 11:00:00,379.34,42.0,3
2020-10-16 09:00:00,3,2020-10-16 12:00:00,379.39,46.9,3
2020-10-16 09:00:00,4,2020-10-16 13:00:00,379.39,47.0,3
2020-10-16 09:00:00,5,2020-10-16 14:00:00,379.39,46.9,3
2020-10-16 09:00:00,6,2020-10-16 15:00:00,379.39,47.8,3
2020-10-17 07:00:00,0,2020-10-17 07:00:00,379.24,32.0,3
2020-10-17 07:00:00,1,2020-10-17 08:00:00,379.24,32.2,3
2020-10-17 07:00:00,2,2020-10-17 09:00:00,379.18,27.4,3
2020-10-17 07:00:00,3,2020-10-17 10:00:00,379.18,27.0,3
2020-10-17 07:00:00,4,2020-10-17 11:00:00,379.18,27.1,3
2020-10-17 07:00:00,5,2020-10-17 12:00:00,379.19,27.6,3
2020-10-17 07:00:00,6,2020-10-17 13:00:00,379.23,30.9,3
2020-10-18 07:00:00,0,2020-10-18 07:00:00,379.12,22.2,3
2020-10-18 07:00:00,1,2020-10-18 08:00:00,379.12,22.3,3
2020-10-18 07:00:00,2,2020-10-18 09:00:00,379.14,24.0,3
2020-10-18 07:00:00,3,2020-10-18 10:00:00,379.15,24.6,3
2020-10-18 07:00:00,4,2020-10-18 11:00:00,379.15,25.0,3
2020-10-18 07:00:00,5,2020-10-18 12:00:00,379.15,24.8,3
2020-10-18 07:00:00,6,2020-10-18 13:00:00,379.16,25.4,3
2020-10-19 07:00:00,0,2020-10-19 07:00:00,379.11,21.7,3
2020-10-19 07:00:00,1,2020-10-19 08:00:00,379.11,21.9,3
2020-10-19 07:00:00,2,2020-10-19 09:00:00,379.13,23.1,3
2020-10-19 07:00:00,3,2020-10-19 10:00:00,379.13,23.5,3
2020-10-19 07:00:00,4,2020-10-19 11:00:00,379.13,23.1,3
2020-10-19 07:00:00,5,2020-10-19 12:00:00,379.13,23.3,3
2020-10-19 07:00:00,6,2020-10-19 13:00:00,379.14,24.1,3
2020-10-19 09:00:00,0,2020-10-19 09:00:00,379.13,23.1,3
2020-10-19 09:00:00,1,2020-10-19 10:00:00,379.13,23.5,3
2020-10-19 09:00:00,2,2020-10-19 11:00:00,379.13,23.1,3
2020-10-19 09:00:00,3,2020-10-19 12:00:00,379.13,23.3,3
2020-10-19 09:00:00,4,2020-10-19 13:00:00,379.14,24.1,3
2020-10-19 09:00:00,5,2020-10-19 14:00:00,379.24,31.9,3
2020-10-19 09:00:00,6,2020-10-19 15:00:00,379.27,34.9,3
2020-10-20 07:00:00,0,2020-10-20 07:00:00,379.11,21.5,3
2020-10-20 07:00:00,1,2020-10-20 08:00:00,379.09,20.4,3
2020-10-20 07:00:00,2,2020-10-20 09:00:00,379.12,22.3,3
2020-10-20 07:00:00,3,2020-10-20 10:00:00,379.13,22.9,3
2020-10-20 07:00:00,4,2020-10-20 11:00:00,379.12,22.2,3
2020-10-20 07:00:00,5,2020-10-20 12:00:00,379.13,22.9,3
2020-10-20 07:00:00,6,2020-10-20 13:00:00,379.13,23.2,3
2020-10-21 07:00:00,0,2020-10-21 07:00:00,379.1,21.2,3
2020-10-21 07:00:00,1,2020-10-21 08:00:00,379.1,21.3,3
2020-10-21 07:00:00,2,2020-10-21 09:00:00,379.11,21.9,3
2020-10-21 07:00:00,3,2020-10-21 10:00:00,379.11,21.5,3
2020-10-21 07:00:00,4,2020-10-21 11:00:00,379.09,20.4,3
2020-10-21 07:00:00,5,2020-10-21 12:00:00,379.09,20.4,3
2020-10-21 07:00:00,6,2020-10-21 13:00:00,379.13,23.2,3
2020-10-22 07:00:00,0,2020-10-22 07:00:00,379.12,22.4,3
2020-10-22 07:00:00,1,2020-10-22 08:00:00,379.11,21.5,3
2020-10-22 07:00:00,2,2020-10-22 09:00:00,379.09,20.1,3
2020-10-22 07:00:00,3,2020-10-22 10:00:00,379.09,20.2,3
2020-10-22 07:00:00,4,2020-10-22 11:00:00,379.09,20.4,3
2020-10-22 07:00:00,5,2020-10-22 12:00:00,379.11,21.8,3
2020-10-22 07:00:00,6,2020-10-22 13:00:00,379.12,22.6,3
2020-10-23 07:00:00,0,2020-10-23 07:00:00,379.37,45.0,3
2020-10-23 07:00:00,1,2020-10-23 08:00:00,379.39,47.5,3
2020-10-23 07:00:00,2,2020-10-23 09:00:00,379.39,47.3,3
2020-10-23 07:00:00,3,2020-10-23 10:00:00,379.46,55.8,3
2020-10-23 07:00:00,4,2020-10-23 11:00:00,379.7,83.7,3
2020-10-23 07:00:00,5,2020-10-23 12:00:00,379.72,85.8,3
2020-10-23 07:00:00,6,2020-10-23 13:00:00,379.71,85.4,3
2020-10-23 14:00:00,0,2020-10-23 14:00:00,379.69,82.8,3
2020-10-23 14:00:00,1,2020-10-23 15:00:00,379.76,91.6,3
2020-10-23 14:00:00,2,2020-10-23 16:00:00,379.78,93.6,3
2020-10-23 14:00:00,3,2020-10-23 17:00:00,380.04,127.5,3
2020-10-23 14:00:00,4,2020-10-23 18:00:00,380.2,149.8,3
2020-10-23 14:00:00,5,2020-10-23 19:00:00,380.22,151.9,3
2020-10-23 14:00:00,6,2020-10-23 20:00:00,380.28,161.2,3
2020-10-23 21:00:00,0,2020-10-23 21:00:00,380.53,199.3,3
2020-10-23 21:00:00,1,2020-10-23 22:00:00,380.58,207.4,3
2020-10-23 21:00:00,2,2020-10-23 23:00:00,380.94,267.9,3
2020-10-23 21:00:00,3,2020-10-24 00:00:00,381.14,306.8,3
2020-10-23 21:00:00,4,2020-10-24 01:00:00,381.11,299.6,3
2020-10-23 21:00:00,5,2020-10-24 02:00:00,381.07,293.4,3
2020-10-23 21:00:00,6,2020-10-24 03:00:00,380.95,270.9,3
2020-10-23 23:00:00,0,2020-10-23 23:00:00,380.67,221.4,3
2020-10-23 23:00:00,1,2020-10-24 00:00:00,380.79,241.3,3
2020-10-23 23:00:00,2,2020-10-24 01:00:00,381.15,308.0,3
2020-10-23 23:00:00,3,2020-10-24 02:00:00,381.11,299.5,3
2020-10-23 23:00:00,4,2020-10-24 03:00:00,380.98,275.0,3
2020-10-23 23:00:00,5,2020-10-24 04:00:00,381.18,314.5,3
2020-10-23 23:00:00,6,2020-10-24 05:00:00,381.03,284.9,3
2020-10-24 07:00:00,0,2020-10-24 07:00:00,380.62,212.6,3
2020-10-24 07:00:00,1,2020-10-24 08:00:00,380.55,202.1,3
2020-10-24 07:00:00,2,2020-10-24 09:00:00,380.51,195.6,3
2020-10-24 07:00:00,3,2020-10-24 10:00:00,380.39,176.5,3
2020-10-24 07:00:00,4,2020-10-24 11:00:00,380.33,167.7,3
2020-10-24 07:00:00,5,2020-10-24 12:00:00,380.29,161.7,3
2020-10-24 07:00:00,6,2020-10-24 13:00:00,380.25,156.9,3
2020-10-25 07:00:00,0,2020-10-25 07:00:00,379.71,85.1,3
2020-10-25 07:00:00,1,2020-10-25 08:00:00,379.68,81.1,3
2020-10-25 07:00:00,2,2020-10-25 09:00:00,379.7,83.4,3
2020-10-25 07:00:00,3,2020-10-25 10:00:00,379.65,78.1,3
2020-10-25 07:00:00,4,2020-10-25 11:00:00,379.68,81.7,3
2020-10-25 07:00:00,5,2020-10-25 12:00:00,379.7,84.2,3
2020-10-25 07:00:00,6,2020-10-25 13:00:00,379.72,86.1,3
2020-10-25 22:00:00,0,2020-10-25 22:00:00,379.68,81.1,3
2020-10-25 22:00:00,1,2020-10-25 23:00:00,379.53,63.2,3
2020-10-25 22:00:00,2,2020-10-26 00:00:00,379.51,61.2,3
2020-10-25 22:00:00,3,2020-10-26 01:00:00,379.5,59.6,3
2020-10-25 22:00:00,4,2020-10-26 02:00:00,379.49,59.0,3
2020-10-25 22:00:00,5,2020-10-26 03:00:00,379.5,60.2,3
2020-10-25 22:00:00,6,2020-10-26 04:00:00,379.53,63.3,3
2020-10-26 06:00:00,0,2020-10-26 06:00:00,379.53,63.2,3
2020-10-26 06:00:00,1,2020-10-26 07:00:00,379.56,67.1,3
2020-10-26 06:00:00,2,2020-10-26 08:00:00,379.61,73.3,3
2020-10-26 06:00:00,3,2020-10-26 09:00:00,379.77,92.5,3
2020-10-26 06:00:00,4,2020-10-26 10:00:00,379.87,104.4,3
2020-10-26 06:00:00,5,2020-10-26 11:00:00,379.9,109.4,3
2020-10-26 06:00:00,6,2020-10-26 12:00:00,379.98,119.4,3
2020-10-26 15:00:00,0,2020-10-26 15:00:00,380.35,171.1,3
2020-10-26 15:00:00,1,2020-10-26 16:00:00,380.3,164.5,3
2020-10-26 15:00:00,2,2020-10-26 17:00:00,380.05,128.0,3
2020-10-26 15:00:00,3,2020-10-26 18:00:00,379.98,119.6,3
2020-10-26 15:00:00,4,2020-10-26 19:00:00,379.97,118.6,3
2020-10-26 15:00:00,5,2020-10-26 20:00:00,380.06,129.5,3
2020-10-26 15:00:00,6,2020-10-26 21:00:00,380.18,146.7,3
2020-10-27 07:00:00,0,2020-10-27 07:00:00,379.88,105.8,3
2020-10-27 07:00:00,1,2020-10-27 08:00:00,379.86,103.1,3
2020-10-27 07:00:00,2,2020-10-27 09:00:00,379.82,98.0,3
2020-10-27 07:00:00,3,2020-10-27 10:00:00,379.8,95.8,3
2020-10-27 07:00:00,4,2020-10-27 11:00:00,379.84,101.5,3
2020-10-27 07:00:00,5,2020-10-27 12:00:00,379.84,100.9,3
2020-10-27 07:00:00,6,2020-10-27 13:00:00,379.81,97.7,3
2020-10-28 09:00:00,0,2020-10-28 09:00:00,379.63,74.7,3
2020-10-28 09:00:00,1,2020-10-28 10:00:00,379.65,77.1,3
2020-10-28 09:00:00,2,2020-10-28 11:00:00,379.69,81.9,3
2020-10-28 09:00:00,3,2020-10-28 12:00:00,379.75,89.7,3
2020-10-28 09:00:00,4,2020-10-28 13:00:00,379.77,91.8,3
2020-10-28 09:00:00,5,2020-10-28 14:00:00,379.79,95.3,3
2020-10-28 09:00:00,6,2020-10-28 15:00:00,379.84,101.3,3
2020-10-29 07:00:00,0,2020-10-29 07:00:00,379.95,115.9,3
2020-10-29 07:00:00,1,2020-10-29 08:00:00,379.97,118.3,3
2020-10-29 07:00:00,2,2020-10-29 09:00:00,380.07,131.8,3
2020-10-29 07:00:00,3,2020-10-29 10:00:00,380.23,153.8,3
2020-10-29 07:00:00,4,2020-10-29 11:00:00,380.23,153.5,3
2020-10-29 07:00:00,5,2020-10-29 12:00:00,380.22,152.9,3
2020-10-29 07:00:00,6,2020-10-29 13:00:00,380.21,151.3,3
2020-10-29 13:00:00,0,2020-10-29 13:00:00,380.33,168.3,3
2020-10-29 13:00:00,1,2020-10-29 14:00:00,380.28,161.2,3
2020-10-29 13:00:00,2,2020-10-29 15:00:00,380.26,158.7,3
2020-10-29 13:00:00,3,2020-10-29 16:00:00,380.15,142.7,3
2020-10-29 13:00:00,4,2020-10-29 17:00:00,380.19,147.3,3
2020-10-29 13:00:00,5,2020-10-29 18:00:00,380.21,150.7,3
2020-10-29 13:00:00,6,2020-10-29 19:00:00,380.15,142.9,3
2020-10-29 14:00:00,0,2020-10-29 14:00:00,380.28,161.2,3
2020-10-29 14:00:00,1,2020-10-29 15:00:00,380.26,158.7,3
2020-10-29 14:00:00,2,2020-10-29 16:00:00,380.15,142.7,3
2020-10-29 14:00:00,3,2020-10-29 17:00:00,380.19,147.3,3
2020-10-29 14:00:00,4,2020-10-29 18:00:00,380.21,150.7,3
2020-10-29 14:00:00,5,2020-10-29 19:00:00,380.15,142.9,3
2020-10-29 14:00:00,6,2020-10-29 20:00:00,380.09,134.0,3
2020-10-30 07:00:00,0,2020-10-30 07:00:00,379.83,99.8,3
2020-10-30 07:00:00,1,2020-10-30 08:00:00,379.82,98.4,3
2020-10-30 07:00:00,2,2020-10-30 09:00:00,379.79,95.4,3
2020-10-30 07:00:00,3,2020-10-30 10:00:00,379.8,95.8,3
2020-10-30 07:00:00,4,2020-10-30 11:00:00,379.83,99.6,3
2020-10-30 07:00:00,5,2020-10-30 12:00:00,379.79,94.2,3
2020-10-30 07:00:00,6,2020-10-30 13:00:00,379.79,95.3,3
2020-10-31 07:00:00,0,2020-10-31 07:00:00,379.6,72.0,3
2020-10-31 07:00:00,1,2020-10-31 08:00:00,379.61,72.3,3
2020-10-31 07:00:00,2,2020-10-31 09:00:00,379.6,71.9,3
2020-10-31 07:00:00,3,2020-10-31 10:00:00,379.6,71.4,3
2020-10-31 07:00:00,4,2020-10-31 11:00:00,379.6,72.1,3
2020-10-31 07:00:00,5,2020-10-31 12:00:00,379.65,77.8,3
2020-10-31 07:00:00,6,2020-10-31 13:00:00,379.65,77.3,3
2020-11-01 08:00:00,0,2020-11-01 08:00:00,379.48,57.6,3
2020-11-01 08:00:00,1,2020-11-01 09:00:00,379.49,58.4,3
2020-11-01 08:00:00,2,2020-11-01 10:00:00,379.49,59.1,3
2020-11-01 08:00:00,3,2020-11-01 11:00:00,379.49,59.1,3
2020-11-01 08:00:00,4,2020-11-01 12:00:00,379.52,62.7,3
2020-11-01 08:00:00,5,2020-11-01 13:00:00,379.56,66.7,3
2020-11-01 08:00:00,6,2020-11-01 14:00:00,379.57,68.4,3
2020-11-02 07:00:00,0,2020-11-02 07:00:00,379.41,49.5,3
2020-11-02 07:00:00,1,2020-11-02 08:00:00,379.43,51.4,3
2020-11-02 07:00:00,2,2020-11-02 09:00:00,379.42,51.0,3
2020-11-02 07:00:00,3,2020-11-02 10:00:00,379.42,50.7,3
2020-11-02 07:00:00,4,2020-11-02 11:00:00,379.4,48.4,3
2020-11-02 07:00:00,5,2020-11-02 12:00:00,379.45,54.6,3
2020-11-02 07:00:00,6,2020-11-02 13:00:00,379.52,62.6,3
2020-11-03 07:00:00,0,2020-11-03 07:00:00,379.36,44.3,3
2020-11-03 07:00:00,1,2020-11-03 08:00:00,379.39,47.1,3
2020-11-03 07:00:00,2,2020-11-03 09:00:00,379.4,49.0,3
2020-11-03 07:00:00,3,2020-11-03 10:00:00,379.4,48.2,3
2020-11-03 07:00:00,4,2020-11-03 11:00:00,379.39,47.4,3
2020-11-03 07:00:00,5,2020-11-03 12:00:00,379.41,49.2,3
2020-11-03 07:00:00,6,2020-11-03 13:00:00,379.46,55.2,3
2020-11-04 06:00:00,0,2020-11-04 06:00:00,379.52,62.7,3
2020-11-04 06:00:00,1,2020-11-04 07:00:00,379.52,61.8,3
2020-11-04 06:00:00,2,2020-11-04 08:00:00,379.55,66.0,3
2020-11-04 06:00:00,3,2020-11-04 09:00:00,379.58,68.8,3
2020-11-04 06:00:00,4,2020-11-04 10:00:00,379.59,70.6,3
2020-11-04 06:00:00,5,2020-11-04 11:00:00,379.6,71.8,3
2020-11-04 06:00:00,6,2020-11-04 12:00:00,379.6,71.5,3
2020-11-05 06:00:00,0,2020-11-05 06:00:00,379.34,42.5,3
2020-11-05 06:00:00,1,2020-11-05 07:00:00,379.33,41.5,3
2020-11-05 06:00:00,2,2020-11-05 08:00:00,379.33,41.2,3
2020-11-05 06:00:00,3,2020-11-05 09:00:00,379.32,40.0,3
2020-11-05 06:00:00,4,2020-11-05 10:00:00,379.32,40.2,3
2020-11-05 06:00:00,5,2020-11-05 11:00:00,379.33,40.9,3
2020-11-05 06:00:00,6,2020-11-05 12:00:00,379.34,41.9,3
2020-11-06 07:00:00,0,2020-11-06 07:00:00,379.23,31.6,3
2020-11-06 07:00:00,1,2020-11-06 08:00:00,379.25,32.8,3
2020-11-06 07:00:00,2,2020-11-06 09:00:00,379.25,33.5,3
2020-11-06 07:00:00,3,2020-11-06 10:00:00,379.28,36.3,3
2020-11-06 07:00:00,4,2020-11-06 11:00:00,379.28,35.5,3
2020-11-06 07:00:00,5,2020-11-06 12:00:00,379.24,32.4,3
2020-11-06 07:00:00,6,2020-11-06 13:00:00,379.35,43.1,3
2020-11-07 07:00:00,0,2020-11-07 07:00:00,379.2,28.7,3
2020-11-07 07:00:00,1,2020-11-07 08:00:00,379.2,28.5,3
2020-11-07 07:00:00,2,2020-11-07 09:00:00,379.22,30.3,3
2020-11-07 07:00:00,3,2020-11-07 10:00:00,379.24,31.9,3
2020-11-07 07:00:00,4,2020-11-07 11:00:00,379.24,32.5,3
2020-11-07 07:00:00,5,2020-11-07 12:00:00,379.25,33.0,3
2020-11-07 07:00:00,6,2020-11-07 13:00:00,379.27,35.3,3
2020-11-08 07:00:00,0,2020-11-08 07:00:00,379.17,26.4,3
2020-11-08 07:00:00,1,2020-11-08 08:00:00,379.16,25.8,3
2020-11-08 07:00:00,2,2020-11-08 09:00:00,379.17,26.4,3
2020-11-08 07:00:00,3,2020-11-08 10:00:00,379.19,27.6,3
2020-11-08 07:00:00,4,2020-11-08 11:00:00,379.19,27.9,3
2020-11-08 07:00:00,5,2020-11-08 12:00:00,379.2,28.3,3
2020-11-08 07:00:00,6,2020-11-08 13:00:00,379.23,31.2,3
2020-11-09 07:00:00,0,2020-11-09 07:00:00,379.15,25.0,3
2020-11-09 07:00:00,1,2020-11-09 08:00:00,379.15,24.8,3
2020-11-09 07:00:00,2,2020-11-09 09:00:00,379.15,24.8,3
2020-11-09 07:00:00,3,2020-11-09 10:00:00,379.16,25.2,3
2020-11-09 07:00:00,4,2020-11-09 11:00:00,379.17,26.5,3
2020-11-09 07:00:00,5,2020-11-09 12:00:00,379.18,26.7,3
2020-11-09 07:00:00,6,2020-11-09 13:00:00,379.19,27.9,3
2020-11-10 08:00:00,0,2020-11-10 08:00:00,379.14,23.8,3
2020-11-10 08:00:00,1,2020-11-10 09:00:00,379.14,24.2,3
2020-11-10 08:00:00,2,2020-11-10 10:00:00,379.16,25.4,3
2020-11-10 08:00:00,3,2020-11-10 11:00:00,379.15,24.8,3
2020-11-10 08:00:00,4,2020-11-10 12:00:00,379.15,24.4,3
2020-11-10 08:00:00,5,2020-11-10 13:00:00,379.15,24.7,3
2020-11-10 08:00:00,6,2020-11-10 14:00:00,379.26,34.0,3
2020-11-11 07:00:00,0,2020-11-11 07:00:00,379.15,24.7,3
2020-11-11 07:00:00,1,2020-11-11 08:00:00,379.16,25.1,3
2020-11-11 07:00:00,2,2020-11-11 09:00:00,379.16,25.5,3
2020-11-11 07:00:00,3,2020-11-11 10:00:00,379.22,30.0,3
2020-11-11 07:00:00,4,2020-11-11 11:00:00,379.22,30.7,3
2020-11-11 07:00:00,5,2020-11-11 12:00:00,379.22,30.7,3
2020-11-11 07:00:00,6,2020-11-11 13:00:00,379.27,34.6,3
2020-11-12 07:00:00,0,2020-11-12 07:00:00,379.21,29.5,3
2020-11-12 07:00:00,1,2020-11-12 08:00:00,379.22,30.1,3
2020-11-12 07:00:00,2,2020-11-12 09:00:00,379.22,30.2,3
2020-11-12 07:00:00,3,2020-11-12 10:00:00,379.22,30.3,3
2020-11-12 07:00:00,4,2020-11-12 11:00:00,379.22,30.3,3
2020-11-12 07:00:00,5,2020-11-12 12:00:00,379.22,30.3,3
2020-11-12 07:00:00,6,2020-11-12 13:00:00,379.26,33.7,3
2020-11-13 06:00:00,0,2020-11-13 06:00:00,379.13,22.9,3
2020-11-13 06:00:00,1,2020-11-13 07:00:00,379.12,22.7,3
2020-11-13 06:00:00,2,2020-11-13 08:00:00,379.12,22.4,3
2020-11-13 06:00:00,3,2020-11-13 09:00:00,379.12,22.4,3
2020-11-13 06:00:00,4,2020-11-13 10:00:00,379.12,22.8,3
2020-11-13 06:00:00,5,2020-11-13 11:00:00,379.12,22.2,3
2020-11-13 06:00:00,6,2020-11-13 12:00:00,379.11,21.9,3
2020-11-14 07:00:00,0,2020-11-14 07:00:00,379.12,22.1,3
2020-11-14 07:00:00,1,2020-11-14 08:00:00,379.12,22.2,3
2020-11-14 07:00:00,2,2020-11-14 09:00:00,379.12,22.3,3
2020-11-14 07:00:00,3,2020-11-14 10:00:00,379.12,22.6,3
2020-11-14 07:00:00,4,2020-11-14 11:00:00,379.12,22.2,3
2020-11-14 07:00:00,5,2020-11-14 12:00:00,379.11,21.8,3
2020-11-14 07:00:00,6,2020-11-14 13:00:00,379.11,21.8,3
2020-11-15 08:00:00,0,2020-11-15 08:00:00,379.11,21.8,3
2020-11-15 08:00:00,1,2020-11-15 09:00:00,379.12,22.3,3
2020-11-15 08:00:00,2,2020-11-15 10:00:00,379.12,22.5,3
2020-11-15 08:00:00,3,2020-11-15 11:00:00,379.12,22.1,3
2020-11-15 08:00:00,4,2020-11-15 12:00:00,379.12,22.2,3
2020-11-15 08:00:00,5,2020-11-15 13:00:00,379.11,21.8,3
2020-11-15 08:00:00,6,2020-11-15 14:00:00,379.11,21.6,3
2020-11-16 07:00:00,0,2020-11-16 07:00:00,379.59,70.5,3
2020-11-16 07:00:00,1,2020-11-16 08:00:00,379.57,67.5,3
2020-11-16 07:00:00,2,2020-11-16 09:00:00,379.84,101.2,3
2020-11-16 07:00:00,3,2020-11-16 10:00:00,380.01,123.0,3
2020-11-16 07:00:00,4,2020-11-16 11:00:00,379.97,117.9,3
2020-11-16 07:00:00,5,2020-11-16 12:00:00,379.88,106.2,3
2020-11-16 07:00:00,6,2020-11-16 13:00:00,379.79,95.1,3
2020-11-17 07:00:00,0,2020-11-17 07:00:00,379.29,36.7,3
2020-11-17 07:00:00,1,2020-11-17 08:00:00,379.27,35.4,3
2020-11-17 07:00:00,2,2020-11-17 09:00:00,379.25,33.0,3
2020-11-17 07:00:00,3,2020-11-17 10:00:00,379.25,32.9,3
2020-11-17 07:00:00,4,2020-11-17 11:00:00,379.24,32.3,3
2020-11-17 07:00:00,5,2020-11-17 12:00:00,379.24,32.3,3
2020-11-17 07:00:00,6,2020-11-17 13:00:00,379.33,41.1,3
2020-11-18 07:00:00,0,2020-11-18 07:00:00,379.35,43.5,3
2020-11-18 07:00:00,1,2020-11-18 08:00:00,379.35,43.5,3
2020-11-18 07:00:00,2,2020-11-18 09:00:00,379.35,43.6,3
2020-11-18 07:00:00,3,2020-11-18 10:00:00,379.35,43.6,3
2020-11-18 07:00:00,4,2020-11-18 11:00:00,379.35,43.5,3
2020-11-18 07:00:00,5,2020-11-18 12:00:00,379.35,43.4,3
2020-11-18 07:00:00,6,2020-11-18 13:00:00,379.35,43.3,3
2020-11-19 07:00:00,0,2020-11-19 07:00:00,379.16,25.7,3
2020-11-19 07:00:00,1,2020-11-19 08:00:00,379.16,25.6,3
2020-11-19 07:00:00,2,2020-11-19 09:00:00,379.16,25.5,3
2020-11-19 07:00:00,3,2020-11-19 10:00:00,379.18,27.0,3
2020-11-19 07:00:00,4,2020-11-19 11:00:00,379.18,26.8,3
2020-11-19 07:00:00,5,2020-11-19 12:00:00,379.18,27.1,3
2020-11-19 07:00:00,6,2020-11-19 13:00:00,379.16,25.5,3
2020-11-20 07:00:00,0,2020-11-20 07:00:00,379.23,31.1,3
2020-11-20 07:00:00,1,2020-11-20 08:00:00,379.22,30.6,3
2020-11-20 07:00:00,2,2020-11-20 09:00:00,379.23,31.0,3
2020-11-20 07:00:00,3,2020-11-20 10:00:00,379.23,31.0,3
2020-11-20 07:00:00,4,2020-11-20 11:00:00,379.23,31.3,3
2020-11-20 07:00:00,5,2020-11-20 12:00:00,379.28,36.1,3
2020-11-20 07:00:00,6,2020-11-20 13:00:00,379.34,41.6,3
2020-11-21 07:00:00,0,2020-11-21 07:00:00,379.27,35.3,3
2020-11-21 07:00:00,1,2020-11-21 08:00:00,379.26,34.1,3
2020-11-21 07:00:00,2,2020-11-21 09:00:00,379.25,33.5,3
2020-11-21 07:00:00,3,2020-11-21 10:00:00,379.27,35.2,3
2020-11-21 07:00:00,4,2020-11-21 11:00:00,379.27,35.0,3
2020-11-21 07:00:00,5,2020-11-21 12:00:00,379.26,34.0,3
2020-11-21 07:00:00,6,2020-11-21 13:00:00,379.3,38.4,3
2020-11-22 07:00:00,0,2020-11-22 07:00:00,379.14,24.0,3
2020-11-22 07:00:00,1,2020-11-22 08:00:00,379.14,24.0,3
2020-11-22 07:00:00,2,2020-11-22 09:00:00,379.16,25.1,3
2020-11-22 07:00:00,3,2020-11-22 10:00:00,379.16,25.4,3
2020-11-22 07:00:00,4,2020-11-22 11:00:00,379.15,24.8,3
2020-11-22 07:00:00,5,2020-11-22 12:00:00,379.14,24.1,3
2020-11-22 07:00:00,6,2020-11-22 13:00:00,379.14,24.1,3
2020-11-23 07:00:00,0,2020-11-23 07:00:00,379.16,25.3,3
2020-11-23 07:00:00,1,2020-11-23 08:00:00,379.16,25.4,3
2020-11-23 07:00:00,2,2020-11-23 09:00:00,379.16,25.7,3
2020-11-23 07:00:00,3,2020-11-23 10:00:00,379.15,25.0,3
2020-11-23 07:00:00,4,2020-11-23 11:00:00,379.15,24.3,3
2020-11-23 07:00:00,5,2020-11-23 12:00:00,379.14,24.2,3
2020-11-23 07:00:00,6,2020-11-23 13:00:00,379.14,24.0,3
2020-11-24 07:00:00,0,2020-11-24 07:00:00,379.13,22.9,3
2020-11-24 07:00:00,1,2020-11-24 08:00:00,379.13,23.4,3
2020-11-24 07:00:00,2,2020-11-24 09:00:00,379.14,23.7,3
2020-11-24 07:00:00,3,2020-11-24 10:00:00,379.13,23.5,3
2020-11-24 07:00:00,4,2020-11-24 11:00:00,379.13,23.2,3
2020-11-24 07:00:00,5,2020-11-24 12:00:00,379.12,22.7,3
2020-11-24 07:00:00,6,2020-11-24 13:00:00,379.11,21.9,3
2020-11-25 07:00:00,0,2020-11-25 07:00:00,379.12,22.2,3
2020-11-25 07:00:00,1,2020-11-25 08:00:00,379.12,22.2,3
2020-11-25 07:00:00,2,2020-11-25 09:00:00,379.12,22.3,3
2020-11-25 07:00:00,3,2020-11-25 10:00:00,379.12,22.1,3
2020-11-25 07:00:00,4,2020-11-25 11:00:00,379.12,22.3,3
2020-11-25 07:00:00,5,2020-11-25 12:00:00,379.12,22.4,3
2020-11-25 07:00:00,6,2020-11-25 13:00:00,379.11,22.0,3
2020-11-26 07:00:00,0,2020-11-26 07:00:00,379.12,22.2,3
2020-11-26 07:00:00,1,2020-11-26 08:00:00,379.1,21.2,3
2020-11-26 07:00:00,2,2020-11-26 09:00:00,379.11,21.7,3
2020-11-26 07:00:00,3,2020-11-26 10:00:00,379.11,21.9,3
2020-11-26 07:00:00,4,2020-11-26 11:00:00,379.1,21.0,3
2020-11-26 07:00:00,5,2020-11-26 12:00:00,379.1,21.1,3
2020-11-26 07:00:00,6,2020-11-26 13:00:00,379.1,20.7,3
2020-11-26 08:00:00,0,2020-11-26 08:00:00,379.1,21.2,3
2020-11-26 08:00:00,1,2020-11-26 09:00:00,379.11,21.7,3
2020-11-26 08:00:00,2,2020-11-26 10:00:00,379.11,21.9,3
2020-11-26 08:00:00,3,2020-11-26 11:00:00,379.1,21.0,3
2020-11-26 08:00:00,4,2020-11-26 12:00:00,379.1,21.1,3
2020-11-26 08:00:00,5,2020-11-26 13:00:00,379.1,20.7,3
2020-11-26 08:00:00,6,2020-11-26 14:00:00,379.11,21.7,3
2020-11-26 11:00:00,0,2020-11-26 11:00:00,379.14,24.1,3
2020-11-26 11:00:00,1,2020-11-26 12:00:00,379.13,23.1,3
2020-11-26 11:00:00,2,2020-11-26 13:00:00,379.09,20.2,3
2020-11-26 11:00:00,3,2020-11-26 14:00:00,379.1,20.8,3
2020-11-26 11:00:00,4,2020-11-26 15:00:00,379.1,21.3,3
2020-11-26 11:00:00,5,2020-11-26 16:00:00,379.11,21.4,3
2020-11-26 11:00:00,6,2020-11-26 17:00:00,379.12,22.2,3
2020-11-26 16:00:00,0,2020-11-26 16:00:00,379.25,32.9,3
2020-11-26 16:00:00,1,2020-11-26 17:00:00,379.25,32.7,3
2020-11-26 16:00:00,2,2020-11-26 18:00:00,379.15,24.9,3
2020-11-26 16:00:00,3,2020-11-26 19:00:00,379.15,24.5,3
2020-11-26 16:00:00,4,2020-11-26 20:00:00,379.15,24.6,3
2020-11-26 16:00:00,5,2020-11-26 21:00:00,379.15,24.6,3
2020-11-26 16:00:00,6,2020-11-26 22:00:00,379.14,24.0,3
2020-11-27 07:00:00,0,2020-11-27 07:00:00,379.1,21.2,3
2020-11-27 07:00:00,1,2020-11-27 08:00:00,379.12,22.2,3
2020-11-27 07:00:00,2,2020-11-27 09:00:00,379.12,22.5,3
2020-11-27 07:00:00,3,2020-11-27 10:00:00,379.11,21.9,3
2020-11-27 07:00:00,4,2020-11-27 11:00:00,379.1,20.8,3
2020-11-27 07:00:00,5,2020-11-27 12:00:00,379.1,20.8,3
2020-11-27 07:00:00,6,2020-11-27 13:00:00,379.1,20.9,3
2020-11-28 06:00:00,0,2020-11-28 06:00:00,379.09,20.6,3
2020-11-28 06:00:00,1,2020-11-28 07:00:00,379.09,20.4,3
2020-11-28 06:00:00,2,2020-11-28 08:00:00,379.11,21.9,3
2020-11-28 06:00:00,3,2020-11-28 09:00:00,379.14,23.9,3
2020-11-28 06:00:00,4,2020-11-28 10:00:00,379.13,23.5,3
2020-11-28 06:00:00,5,2020-11-28 11:00:00,379.13,22.9,3
2020-11-28 06:00:00,6,2020-11-28 12:00:00,379.12,22.2,3
2020-11-29 06:00:00,0,2020-11-29 06:00:00,379.13,23.4,3
2020-11-29 06:00:00,1,2020-11-29 07:00:00,379.13,23.3,3
2020-11-29 06:00:00,2,2020-11-29 08:00:00,379.13,23.0,3
2020-11-29 06:00:00,3,2020-11-29 09:00:00,379.13,23.2,3
2020-11-29 06:00:00,4,2020-11-29 10:00:00,379.13,23.0,3
2020-11-29 06:00:00,5,2020-11-29 11:00:00,379.14,23.7,3
2020-11-29 06:00:00,6,2020-11-29 12:00:00,379.13,22.8,3
2020-11-30 07:00:00,0,2020-11-30 07:00:00,379.12,22.4,3
2020-11-30 07:00:00,1,2020-11-30 08:00:00,379.11,21.6,3
2020-11-30 07:00:00,2,2020-11-30 09:00:00,379.13,23.3,3
2020-11-30 07:00:00,3,2020-11-30 10:00:00,379.14,24.1,3
2020-11-30 07:00:00,4,2020-11-30 11:00:00,379.14,23.7,3
2020-11-30 07:00:00,5,2020-11-30 12:00:00,379.13,23.4,3
2020-11-30 07:00:00,6,2020-11-30 13:00:00,379.12,22.5,3
2020-12-01 08:00:00,0,2020-12-01 08:00:00,379.12,22.5,3
2020-12-01 08:00:00,1,2020-12-01 09:00:00,379.1,21.0,3
2020-12-01 08:00:00,2,2020-12-01 10:00:00,379.14,23.7,3
2020-12-01 08:00:00,3,2020-12-01 11:00:00,379.14,23.7,3
2020-12-01 08:00:00,4,2020-12-01 12:00:00,379.12,22.4,3
2020-12-01 08:00:00,5,2020-12-01 13:00:00,379.12,22.1,3
2020-12-01 08:00:00,6,2020-12-01 14:00:00,379.12,22.4,3
2020-12-02 07:00:00,0,2020-12-02 07:00:00,379.15,24.3,3
2020-12-02 07:00:00,1,2020-12-02 08:00:00,379.14,23.8,3
2020-12-02 07:00:00,2,2020-12-02 09:00:00,379.13,23.1,3
2020-12-02 07:00:00,3,2020-12-02 10:00:00,379.16,25.8,3
2020-12-02 07:00:00,4,2020-12-02 11:00:00,379.16,25.7,3
2020-12-02 07:00:00,5,2020-12-02 12:00:00,379.16,25.4,3
2020-12-02 07:00:00,6,2020-12-02 13:00:00,379.14,24.3,3
2020-12-03 07:00:00,0,2020-12-03 07:00:00,379.14,24.2,3
2020-12-03 07:00:00,1,2020-12-03 08:00:00,379.14,23.8,3
2020-12-03 07:00:00,2,2020-12-03 09:00:00,379.13,23.4,3
2020-12-03 07:00:00,3,2020-12-03 10:00:00,379.17,26.0,3
2020-12-03 07:00:00,4,2020-12-03 11:00:00,379.17,26.0,3
2020-12-03 07:00:00,5,2020-12-03 12:00:00,379.15,25.0,3
2020-12-03 07:00:00,6,2020-12-03 13:00:00,379.14,23.6,3
2020-12-04 07:00:00,0,2020-12-04 07:00:00,379.12,22.3,3
2020-12-04 07:00:00,1,2020-12-04 08:00:00,379.12,22.4,3
2020-12-04 07:00:00,2,2020-12-04 09:00:00,379.13,23.4,3
2020-12-04 07:00:00,3,2020-12-04 10:00:00,379.16,25.8,3
2020-12-04 07:00:00,4,2020-12-04 11:00:00,379.17,26.3,3
2020-12-04 07:00:00,5,2020-12-04 12:00:00,379.18,26.9,3
2020-12-04 07:00:00,6,2020-12-04 13:00:00,379.18,27.2,3
2020-12-05 07:00:00,0,2020-12-05 07:00:00,379.2,28.7,3
2020-12-05 07:00:00,1,2020-12-05 08:00:00,379.2,28.6,3
2020-12-05 07:00:00,2,2020-12-05 09:00:00,379.21,29.3,3
2020-12-05 07:00:00,3,2020-12-05 10:00:00,379.22,30.4,3
2020-12-05 07:00:00,4,2020-12-05 11:00:00,379.21,29.8,3
2020-12-05 07:00:00,5,2020-12-05 12:00:00,379.2,28.5,3
2020-12-05 07:00:00,6,2020-12-05 13:00:00,379.2,28.6,3
2020-12-06 07:00:00,0,2020-12-06 07:00:00,379.22,30.1,3
2020-12-06 07:00:00,1,2020-12-06 08:00:00,379.21,29.7,3
2020-12-06 07:00:00,2,2020-12-06 09:00:00,379.21,29.5,3
2020-12-06 07:00:00,3,2020-12-06 10:00:00,379.2,29.1,3
2020-12-06 07:00:00,4,2020-12-06 11:00:00,379.2,28.5,3
2020-12-06 07:00:00,5,2020-12-06 12:00:00,379.19,28.2,3
2020-12-06 07:00:00,6,2020-12-06 13:00:00,379.19,27.8,3
2020-12-07 07:00:00,0,2020-12-07 07:00:00,379.19,28.0,3
2020-12-07 07:00:00,1,2020-12-07 08:00:00,379.18,27.2,3
2020-12-07 07:00:00,2,2020-12-07 09:00:00,379.18,27.5,3
2020-12-07 07:00:00,3,2020-12-07 10:00:00,379.18,27.5,3
2020-12-07 07:00:00,4,2020-12-07 11:00:00,379.18,27.2,3
2020-12-07 07:00:00,5,2020-12-07 12:00:00,379.18,27.3,3
2020-12-07 07:00:00,6,2020-12-07 13:00:00,379.18,27.2,3
2020-12-08 06:00:00,0,2020-12-08 06:00:00,379.16,25.6,3
2020-12-08 06:00:00,1,2020-12-08 07:00:00,379.16,25.4,3
2020-12-08 06:00:00,2,2020-12-08 08:00:00,379.18,26.9,3
2020-12-08 06:00:00,3,2020-12-08 09:00:00,379.18,27.1,3
2020-12-08 06:00:00,4,2020-12-08 10:00:00,379.18,27.1,3
2020-12-08 06:00:00,5,2020-12-08 11:00:00,379.16,25.5,3
2020-12-08 06:00:00,6,2020-12-08 12:00:00,379.16,25.2,3
2020-12-08 11:00:00,0,2020-12-08 11:00:00,379.17,26.4,3
2020-12-08 11:00:00,1,2020-12-08 12:00:00,379.17,25.9,3
2020-12-08 11:00:00,2,2020-12-08 13:00:00,379.16,25.7,3
2020-12-08 11:00:00,3,2020-12-08 14:00:00,379.16,25.5,3
2020-12-08 11:00:00,4,2020-12-08 15:00:00,379.16,25.5,3
2020-12-08 11:00:00,5,2020-12-08 16:00:00,379.16,25.7,3
2020-12-08 11:00:00,6,2020-12-08 17:00:00,379.18,27.4,3
2020-12-10 07:00:00,0,2020-12-10 07:00:00,379.19,28.2,3
2020-12-10 07:00:00,1,2020-12-10 08:00:00,379.17,26.6,3
2020-12-10 07:00:00,2,2020-12-10 09:00:00,379.16,25.3,3
2020-12-10 07:00:00,3,2020-12-10 10:00:00,379.16,25.2,3
2020-12-10 07:00:00,4,2020-12-10 11:00:00,379.16,25.2,3
2020-12-10 07:00:00,5,2020-12-10 12:00:00,379.15,25.0,3
2020-12-10 07:00:00,6,2020-12-10 13:00:00,379.14,24.2,3
2020-12-11 07:00:00,0,2020-12-11 07:00:00,379.18,26.8,3
2020-12-11 07:00:00,1,2020-12-11 08:00:00,379.18,27.1,3
2020-12-11 07:00:00,2,2020-12-11 09:00:00,379.16,25.7,3
2020-12-11 07:00:00,3,2020-12-11 10:00:00,379.16,25.6,3
2020-12-11 07:00:00,4,2020-12-11 11:00:00,379.16,25.6,3
2020-12-11 07:00:00,5,2020-12-11 12:00:00,379.16,25.2,3
2020-12-11 07:00:00,6,2020-12-11 13:00:00,379.14,23.7,3
2020-12-12 07:00:00,0,2020-12-12 07:00:00,379.36,44.5,3
2020-12-12 07:00:00,1,2020-12-12 08:00:00,379.35,43.6,3
2020-12-12 07:00:00,2,2020-12-12 09:00:00,379.33,40.6,3
2020-12-12 07:00:00,3,2020-12-12 10:00:00,379.32,39.9,3
2020-12-12 07:00:00,4,2020-12-12 11:00:00,379.32,40.3,3
2020-12-12 07:00:00,5,2020-12-12 12:00:00,379.33,41.4,3
2020-12-12 07:00:00,6,2020-12-12 13:00:00,379.41,49.9,3
2020-12-13 07:00:00,0,2020-12-13 07:00:00,379.43,52.3,3
2020-12-13 07:00:00,1,2020-12-13 08:00:00,379.43,51.3,3
2020-12-13 07:00:00,2,2020-12-13 09:00:00,379.41,50.0,3
2020-12-13 07:00:00,3,2020-12-13 10:00:00,379.37,45.7,3
2020-12-13 07:00:00,4,2020-12-13 11:00:00,379.36,44.1,3
2020-12-13 07:00:00,5,2020-12-13 12:00:00,379.35,43.5,3
2020-12-13 07:00:00,6,2020-12-13 13:00:00,379.41,49.3,3
2020-12-14 07:00:00,0,2020-12-14 07:00:00,379.29,37.4,3
2020-12-14 07:00:00,1,2020-12-14 08:00:00,379.29,37.2,3
2020-12-14 07:00:00,2,2020-12-14 09:00:00,379.28,35.7,3
2020-12-14 07:00:00,3,2020-12-14 10:00:00,379.27,35.4,3
2020-12-14 07:00:00,4,2020-12-14 11:00:00,379.27,35.3,3
2020-12-14 07:00:00,5,2020-12-14 12:00:00,379.26,33.8,3
2020-12-14 07:00:00,6,2020-12-14 13:00:00,379.25,32.7,3
2020-12-14 09:00:00,0,2020-12-14 09:00:00,379.28,35.7,3
2020-12-14 09:00:00,1,2020-12-14 10:00:00,379.27,35.4,3
2020-12-14 09:00:00,2,2020-12-14 11:00:00,379.27,35.3,3
2020-12-14 09:00:00,3,2020-12-14 12:00:00,379.26,33.8,3
2020-12-14 09:00:00,4,2020-12-14 13:00:00,379.25,32.7,3
2020-12-14 09:00:00,5,2020-12-14 14:00:00,379.25,33.4,3
2020-12-14 09:00:00,6,2020-12-14 15:00:00,379.28,35.9,3
2020-12-15 08:00:00,0,2020-12-15 08:00:00,379.27,34.7,3
2020-12-15 08:00:00,1,2020-12-15 09:00:00,379.28,35.5,3
2020-12-15 08:00:00,2,2020-12-15 10:00:00,379.29,36.8,3
2020-12-15 08:00:00,3,2020-12-15 11:00:00,379.33,40.5,3
2020-12-15 08:00:00,4,2020-12-15 12:00:00,379.35,43.5,3
2020-12-15 08:00:00,5,2020-12-15 13:00:00,379.39,47.8,3
2020-12-15 08:00:00,6,2020-12-15 14:00:00,379.47,56.0,3
2020-12-16 07:00:00,0,2020-12-16 07:00:00,379.42,50.9,3
2020-12-16 07:00:00,1,2020-12-16 08:00:00,379.42,50.5,3
2020-12-16 07:00:00,2,2020-12-16 09:00:00,379.42,50.5,3
2020-12-16 07:00:00,3,2020-12-16 10:00:00,379.42,50.3,3
2020-12-16 07:00:00,4,2020-12-16 11:00:00,379.43,52.0,3
2020-12-16 07:00:00,5,2020-12-16 12:00:00,379.5,59.4,3
2020-12-16 07:00:00,6,2020-12-16 13:00:00,379.51,60.5,3
2020-12-16 08:00:00,0,2020-12-16 08:00:00,379.42,50.5,3
2020-12-16 08:00:00,1,2020-12-16 09:00:00,379.42,50.5,3
2020-12-16 08:00:00,2,2020-12-16 10:00:00,379.42,50.3,3
2020-12-16 08:00:00,3,2020-12-16 11:00:00,379.43,52.0,3
2020-12-16 08:00:00,4,2020-12-16 12:00:00,379.5,59.4,3
2020-12-16 08:00:00,5,2020-12-16 13:00:00,379.51,60.5,3
2020-12-16 08:00:00,6,2020-12-16 14:00:00,379.5,59.4,3
2020-12-17 07:00:00,0,2020-12-17 07:00:00,379.35,42.8,3
2020-12-17 07:00:00,1,2020-12-17 08:00:00,379.36,44.6,3
2020-12-17 07:00:00,2,2020-12-17 09:00:00,379.34,42.3,3
2020-12-17 07:00:00,3,2020-12-17 10:00:00,379.34,42.1,3
2020-12-17 07:00:00,4,2020-12-17 11:00:00,379.35,43.4,3
2020-12-17 07:00:00,5,2020-12-17 12:00:00,379.35,42.9,3
2020-12-17 07:00:00,6,2020-12-17 13:00:00,379.38,46.6,3
2020-12-18 07:00:00,0,2020-12-18 07:00:00,379.33,41.1,3
2020-12-18 07:00:00,1,2020-12-18 08:00:00,379.31,38.7,3
2020-12-18 07:00:00,2,2020-12-18 09:00:00,379.3,38.3,3
2020-12-18 07:00:00,3,2020-12-18 10:00:00,379.34,41.9,3
2020-12-18 07:00:00,4,2020-12-18 11:00:00,379.35,42.6,3
2020-12-18 07:00:00,5,2020-12-18 12:00:00,379.34,42.5,3
2020-12-18 07:00:00,6,2020-12-18 13:00:00,379.41,49.7,3
2020-12-19 07:00:00,0,2020-12-19 07:00:00,379.33,41.1,3
2020-12-19 07:00:00,1,2020-12-19 08:00:00,379.32,40.5,3
2020-12-19 07:00:00,2,2020-12-19 09:00:00,379.32,40.4,3
2020-12-19 07:00:00,3,2020-12-19 10:00:00,379.31,39.4,3
2020-12-19 07:00:00,4,2020-12-19 11:00:00,379.31,39.3,3
2020-12-19 07:00:00,5,2020-12-19 12:00:00,379.3,38.1,3
2020-12-19 07:00:00,6,2020-12-19 13:00:00,379.34,41.6,3
2020-12-20 08:00:00,0,2020-12-20 08:00:00,379.32,39.9,3
2020-12-20 08:00:00,1,2020-12-20 09:00:00,379.3,37.7,3
2020-12-20 08:00:00,2,2020-12-20 10:00:00,379.3,37.8,3
2020-12-20 08:00:00,3,2020-12-20 11:00:00,379.3,38.1,3
2020-12-20 08:00:00,4,2020-12-20 12:00:00,379.28,36.1,3
2020-12-20 08:00:00,5,2020-12-20 13:00:00,379.32,39.8,3
2020-12-20 08:00:00,6,2020-12-20 14:00:00,379.35,43.2,3
2020-12-21 07:00:00,0,2020-12-21 07:00:00,379.33,41.5,3
2020-12-21 07:00:00,1,2020-12-21 08:00:00,379.3,37.5,3
2020-12-21 07:00:00,2,2020-12-21 09:00:00,379.29,37.1,3
2020-12-21 07:00:00,3,2020-12-21 10:00:00,379.29,37.2,3
2020-12-21 07:00:00,4,2020-12-21 11:00:00,379.29,37.2,3
2020-12-21 07:00:00,5,2020-12-21 12:00:00,379.27,34.9,3
2020-12-21 07:00:00,6,2020-12-21 13:00:00,379.26,34.2,3
2020-12-22 09:00:00,0,2020-12-22 09:00:00,379.36,43.9,3
2020-12-22 09:00:00,1,2020-12-22 10:00:00,379.36,43.7,3
2020-12-22 09:00:00,2,2020-12-22 11:00:00,379.35,42.7,3
2020-12-22 09:00:00,3,2020-12-22 12:00:00,379.46,55.5,3
2020-12-22 09:00:00,4,2020-12-22 13:00:00,379.44,53.3,3
2020-12-22 09:00:00,5,2020-12-22 14:00:00,379.48,57.3,3
2020-12-22 09:00:00,6,2020-12-22 15:00:00,379.49,58.6,3
2020-12-23 07:00:00,0,2020-12-23 07:00:00,379.35,42.6,3
2020-12-23 07:00:00,1,2020-12-23 08:00:00,379.33,41.1,3
2020-12-23 07:00:00,2,2020-12-23 09:00:00,379.33,41.1,3
2020-12-23 07:00:00,3,2020-12-23 10:00:00,379.33,41.2,3
2020-12-23 07:00:00,4,2020-12-23 11:00:00,379.3,38.3,3
2020-12-23 07:00:00,5,2020-12-23 12:00:00,379.3,37.9,3
2020-12-23 07:00:00,6,2020-12-23 13:00:00,379.38,46.0,3
2020-12-24 07:00:00,0,2020-12-24 07:00:00,379.64,75.8,3
2020-12-24 07:00:00,1,2020-12-24 08:00:00,379.65,77.2,3
2020-12-24 07:00:00,2,2020-12-24 09:00:00,379.67,80.0,3
2020-12-24 07:00:00,3,2020-12-24 10:00:00,379.9,109.2,3
2020-12-24 07:00:00,4,2020-12-24 11:00:00,379.9,108.3,3
2020-12-24 07:00:00,5,2020-12-24 12:00:00,379.88,105.8,3
2020-12-24 07:00:00,6,2020-12-24 13:00:00,379.84,100.5,3
2020-12-25 08:00:00,0,2020-12-25 08:00:00,379.88,106.4,3
2020-12-25 08:00:00,1,2020-12-25 09:00:00,379.65,77.1,3
2020-12-25 08:00:00,2,2020-12-25 10:00:00,379.61,72.8,3
2020-12-25 08:00:00,3,2020-12-25 11:00:00,379.64,76.4,3
2020-12-25 08:00:00,4,2020-12-25 12:00:00,379.62,73.5,3
2020-12-25 08:00:00,5,2020-12-25 13:00:00,379.6,71.0,3
2020-12-25 08:00:00,6,2020-12-25 14:00:00,379.59,70.8,3
2020-12-26 07:00:00,0,2020-12-26 07:00:00,379.41,49.5,3
2020-12-26 07:00:00,1,2020-12-26 08:00:00,379.41,50.1,3
2020-12-26 07:00:00,2,2020-12-26 09:00:00,379.42,50.9,3
2020-12-26 07:00:00,3,2020-12-26 10:00:00,379.4,48.7,3
2020-12-26 07:00:00,4,2020-12-26 11:00:00,379.39,47.8,3
2020-12-26 07:00:00,5,2020-12-26 12:00:00,379.39,47.2,3
2020-12-26 07:00:00,6,2020-12-26 13:00:00,379.42,50.7,3
2020-12-27 08:00:00,0,2020-12-27 08:00:00,379.33,41.4,3
2020-12-27 08:00:00,1,2020-12-27 09:00:00,379.33,41.5,3
2020-12-27 08:00:00,2,2020-12-27 10:00:00,379.33,41.4,3
2020-12-27 08:00:00,3,2020-12-27 11:00:00,379.3,38.3,3
2020-12-27 08:00:00,4,2020-12-27 12:00:00,379.3,38.0,3
2020-12-27 08:00:00,5,2020-12-27 13:00:00,379.34,41.6,3
2020-12-27 08:00:00,6,2020-12-27 14:00:00,379.43,51.6,3
2020-12-27 23:00:00,0,2020-12-27 23:00:00,379.36,44.1,3
2020-12-27 23:00:00,1,2020-12-28 00:00:00,379.29,37.0,3
2020-12-27 23:00:00,2,2020-12-28 01:00:00,379.29,36.9,3
2020-12-27 23:00:00,3,2020-12-28 02:00:00,379.3,38.1,3
2020-12-27 23:00:00,4,2020-12-28 03:00:00,379.38,46.5,3
2020-12-27 23:00:00,5,2020-12-28 04:00:00,379.39,47.4,3
2020-12-27 23:00:00,6,2020-12-28 05:00:00,379.37,44.8,3
2020-12-28 07:00:00,0,2020-12-28 07:00:00,379.41,50.1,3
2020-12-28 07:00:00,1,2020-12-28 08:00:00,379.39,47.3,3
2020-12-28 07:00:00,2,2020-12-28 09:00:00,379.38,46.6,3
2020-12-28 07:00:00,3,2020-12-28 10:00:00,379.38,46.5,3
2020-12-28 07:00:00,4,2020-12-28 11:00:00,379.36,43.9,3
2020-12-28 07:00:00,5,2020-12-28 12:00:00,379.37,44.8,3
2020-12-28 07:00:00,6,2020-12-28 13:00:00,379.42,51.0,3
2020-12-29 08:00:00,0,2020-12-29 08:00:00,379.36,44.1,3
2020-12-29 08:00:00,1,2020-12-29 09:00:00,379.37,45.0,3
2020-12-29 08:00:00,2,2020-12-29 10:00:00,379.38,46.0,3
2020-12-29 08:00:00,3,2020-12-29 11:00:00,379.36,44.0,3
2020-12-29 08:00:00,4,2020-12-29 12:00:00,379.36,44.0,3
2020-12-29 08:00:00,5,2020-12-29 13:00:00,379.42,50.9,3
2020-12-29 08:00:00,6,2020-12-29 14:00:00,379.48,57.6,3
2020-12-30 08:00:00,0,2020-12-30 08:00:00,379.32,40.0,3
2020-12-30 08:00:00,1,2020-12-30 09:00:00,379.3,38.1,3
2020-12-30 08:00:00,2,2020-12-30 10:00:00,379.3,37.9,3
2020-12-30 08:00:00,3,2020-12-30 11:00:00,379.28,35.9,3
2020-12-30 08:00:00,4,2020-12-30 12:00:00,379.27,35.3,3
2020-12-30 08:00:00,5,2020-12-30 13:00:00,379.28,36.0,3
2020-12-30 08:00:00,6,2020-12-30 14:00:00,379.37,45.5,3
2020-12-31 08:00:00,0,2020-12-31 08:00:00,379.27,35.1,3
2020-12-31 08:00:00,1,2020-12-31 09:00:00,379.26,34.5,3
2020-12-31 08:00:00,2,2020-12-31 10:00:00,379.26,34.5,3
2020-12-31 08:00:00,3,2020-12-31 11:00:00,379.24,32.4,3
2020-12-31 08:00:00,4,2020-12-31 12:00:00,379.23,31.6,3
2020-12-31 08:00:00,5,2020-12-31 13:00:00,379.24,31.9,3
2020-12-31 08:00:00,6,2020-12-31 14:00:00,379.26,34.4,3
2021-01-01 07:00:00,0,2021-01-01 07:00:00,379.4,48.3,3
2021-01-01 07:00:00,1,2021-01-01 08:00:00,379.38,46.6,3
2021-01-01 07:00:00,2,2021-01-01 09:00:00,379.38,46.4,3
2021-01-01 07:00:00,3,2021-01-01 10:00:00,379.37,45.7,3
2021-01-01 07:00:00,4,2021-01-01 11:00:00,379.34,41.6,3
2021-01-01 07:00:00,5,2021-01-01 12:00:00,379.33,40.7,3
2021-01-01 07:00:00,6,2021-01-01 13:00:00,379.33,40.7,3
2021-01-02 07:00:00,0,2021-01-02 07:00:00,379.3,37.7,3
2021-01-02 07:00:00,1,2021-01-02 08:00:00,379.26,33.8,3
2021-01-02 07:00:00,2,2021-01-02 09:00:00,379.25,32.9,3
2021-01-02 07:00:00,3,2021-01-02 10:00:00,379.25,32.9,3
2021-01-02 07:00:00,4,2021-01-02 11:00:00,379.25,33.0,3
2021-01-02 07:00:00,5,2021-01-02 12:00:00,379.23,31.6,3
2021-01-02 07:00:00,6,2021-01-02 13:00:00,379.22,30.5,3
2021-01-03 07:00:00,0,2021-01-03 07:00:00,379.26,33.8,3
2021-01-03 07:00:00,1,2021-01-03 08:00:00,379.24,32.2,3
2021-01-03 07:00:00,2,2021-01-03 09:00:00,379.24,32.2,3
2021-01-03 07:00:00,3,2021-01-03 10:00:00,379.24,32.2,3
2021-01-03 07:00:00,4,2021-01-03 11:00:00,379.24,32.3,3
2021-01-03 07:00:00,5,2021-01-03 12:00:00,379.22,30.8,3
2021-01-03 07:00:00,6,2021-01-03 13:00:00,379.21,29.5,3
2021-01-04 07:00:00,0,2021-01-04 07:00:00,379.24,32.1,3
2021-01-04 07:00:00,1,2021-01-04 08:00:00,379.22,30.8,3
2021-01-04 07:00:00,2,2021-01-04 09:00:00,379.22,30.6,3
2021-01-04 07:00:00,3,2021-01-04 10:00:00,379.22,30.6,3
2021-01-04 07:00:00,4,2021-01-04 11:00:00,379.22,30.6,3
2021-01-04 07:00:00,5,2021-01-04 12:00:00,379.21,29.2,3
2021-01-04 07:00:00,6,2021-01-04 13:00:00,379.19,27.6,3
2021-01-05 07:00:00,0,2021-01-05 07:00:00,379.23,31.1,3
2021-01-05 07:00:00,1,2021-01-05 08:00:00,379.22,30.3,3
2021-01-05 07:00:00,2,2021-01-05 09:00:00,379.22,30.2,3
2021-01-05 07:00:00,3,2021-01-05 10:00:00,379.22,30.2,3
2021-01-05 07:00:00,4,2021-01-05 11:00:00,379.19,28.3,3
2021-01-05 07:00:00,5,2021-01-05 12:00:00,379.17,26.4,3
2021-01-05 07:00:00,6,2021-01-05 13:00:00,379.16,25.8,3
2021-01-06 07:00:00,0,2021-01-06 07:00:00,379.21,29.6,3
2021-01-06 07:00:00,1,2021-01-06 08:00:00,379.21,29.6,3
2021-01-06 07:00:00,2,2021-01-06 09:00:00,379.2,28.4,3
2021-01-06 07:00:00,3,2021-01-06 10:00:00,379.19,27.6,3
2021-01-06 07:00:00,4,2021-01-06 11:00:00,379.19,27.6,3
2021-01-06 07:00:00,5,2021-01-06 12:00:00,379.17,26.2,3
2021-01-06 07:00:00,6,2021-01-06 13:00:00,379.15,24.6,3
2021-01-07 07:00:00,0,2021-01-07 07:00:00,379.2,29.1,3
2021-01-07 07:00:00,1,2021-01-07 08:00:00,379.21,29.2,3
2021-01-07 07:00:00,2,2021-01-07 09:00:00,379.21,29.2,3
2021-01-07 07:00:00,3,2021-01-07 10:00:00,379.19,28.0,3
2021-01-07 07:00:00,4,2021-01-07 11:00:00,379.17,26.1,3
2021-01-07 07:00:00,5,2021-01-07 12:00:00,379.17,26.0,3
2021-01-07 07:00:00,6,2021-01-07 13:00:00,379.17,26.0,3
2021-01-08 07:00:00,0,2021-01-08 07:00:00,379.22,30.2,3
2021-01-08 07:00:00,1,2021-01-08 08:00:00,379.2,28.6,3
2021-01-08 07:00:00,2,2021-01-08 09:00:00,379.17,26.3,3
2021-01-08 07:00:00,3,2021-01-08 10:00:00,379.17,26.1,3
2021-01-08 07:00:00,4,2021-01-08 11:00:00,379.17,26.1,3
2021-01-08 07:00:00,5,2021-01-08 12:00:00,379.17,26.1,3
2021-01-08 07:00:00,6,2021-01-08 13:00:00,379.16,25.8,3
2021-01-09 08:00:00,0,2021-01-09 08:00:00,379.2,28.9,3
2021-01-09 08:00:00,1,2021-01-09 09:00:00,379.18,26.9,3
2021-01-09 08:00:00,2,2021-01-09 10:00:00,379.16,25.2,3
2021-01-09 08:00:00,3,2021-01-09 11:00:00,379.15,24.5,3
2021-01-09 08:00:00,4,2021-01-09 12:00:00,379.15,24.5,3
2021-01-09 08:00:00,5,2021-01-09 13:00:00,379.15,24.5,3
2021-01-09 08:00:00,6,2021-01-09 14:00:00,379.15,24.4,3
2021-01-10 08:00:00,0,2021-01-10 08:00:00,379.2,29.1,3
2021-01-10 08:00:00,1,2021-01-10 09:00:00,379.19,28.2,3
2021-01-10 08:00:00,2,2021-01-10 10:00:00,379.18,27.0,3
2021-01-10 08:00:00,3,2021-01-10 11:00:00,379.18,26.9,3
2021-01-10 08:00:00,4,2021-01-10 12:00:00,379.16,25.8,3
2021-01-10 08:00:00,5,2021-01-10 13:00:00,379.15,24.4,3
2021-01-10 08:00:00,6,2021-01-10 14:00:00,379.14,24.2,3
2021-01-11 07:00:00,0,2021-01-11 07:00:00,379.19,28.1,3
2021-01-11 07:00:00,1,2021-01-11 08:00:00,379.2,28.4,3
2021-01-11 07:00:00,2,2021-01-11 09:00:00,379.18,26.8,3
2021-01-11 07:00:00,3,2021-01-11 10:00:00,379.15,24.8,3
2021-01-11 07:00:00,4,2021-01-11 11:00:00,379.14,24.2,3
2021-01-11 07:00:00,5,2021-01-11 12:00:00,379.14,24.2,3
2021-01-11 07:00:00,6,2021-01-11 13:00:00,379.14,24.2,3
2021-01-12 07:00:00,0,2021-01-12 07:00:00,379.18,27.0,3
2021-01-12 07:00:00,1,2021-01-12 08:00:00,379.18,27.3,3
2021-01-12 07:00:00,2,2021-01-12 09:00:00,379.19,27.9,3
2021-01-12 07:00:00,3,2021-01-12 10:00:00,379.18,27.2,3
2021-01-12 07:00:00,4,2021-01-12 11:00:00,379.16,25.5,3
2021-01-12 07:00:00,5,2021-01-12 12:00:00,379.14,23.7,3
2021-01-12 07:00:00,6,2021-01-12 13:00:00,379.13,23.2,3
2021-01-13 07:00:00,0,2021-01-13 07:00:00,379.2,28.7,3
2021-01-13 07:00:00,1,2021-01-13 08:00:00,379.2,28.9,3
2021-01-13 07:00:00,2,2021-01-13 09:00:00,379.19,27.9,3
2021-01-13 07:00:00,3,2021-01-13 10:00:00,379.17,26.5,3
2021-01-13 07:00:00,4,2021-01-13 11:00:00,379.17,26.5,3
2021-01-13 07:00:00,5,2021-01-13 12:00:00,379.19,27.5,3
2021-01-13 07:00:00,6,2021-01-13 13:00:00,379.2,28.7,3
2021-01-13 20:00:00,0,2021-01-13 20:00:00,379.23,31.5,3
2021-01-13 20:00:00,1,2021-01-13 21:00:00,379.26,34.2,3
2021-01-13 20:00:00,2,2021-01-13 22:00:00,379.24,32.1,3
2021-01-13 20:00:00,3,2021-01-13 23:00:00,379.26,33.8,3
2021-01-13 20:00:00,4,2021-01-14 00:00:00,379.27,35.4,3
2021-01-13 20:00:00,5,2021-01-14 01:00:00,379.29,37.2,3
2021-01-13 20:00:00,6,2021-01-14 02:00:00,379.31,38.9,3
2021-01-14 07:00:00,0,2021-01-14 07:00:00,379.38,46.7,3
2021-01-14 07:00:00,1,2021-01-14 08:00:00,379.38,46.1,3
2021-01-14 07:00:00,2,2021-01-14 09:00:00,379.36,44.2,3
2021-01-14 07:00:00,3,2021-01-14 10:00:00,379.36,43.8,3
2021-01-14 07:00:00,4,2021-01-14 11:00:00,379.35,43.6,3
2021-01-14 07:00:00,5,2021-01-14 12:00:00,379.34,42.1,3
2021-01-14 07:00:00,6,2021-01-14 13:00:00,379.42,50.9,3
2021-01-15 06:00:00,0,2021-01-15 06:00:00,379.66,78.4,3
2021-01-15 06:00:00,1,2021-01-15 07:00:00,379.61,72.9,3
2021-01-15 06:00:00,2,2021-01-15 08:00:00,379.54,64.6,3
2021-01-15 06:00:00,3,2021-01-15 09:00:00,379.49,58.1,3
2021-01-15 06:00:00,4,2021-01-15 10:00:00,379.44,52.4,3
2021-01-15 06:00:00,5,2021-01-15 11:00:00,379.48,57.5,3
2021-01-15 06:00:00,6,2021-01-15 12:00:00,379.57,67.9,3
2021-01-16 07:00:00,0,2021-01-16 07:00:00,379.31,39.2,3
2021-01-16 07:00:00,1,2021-01-16 08:00:00,379.28,36.5,3
2021-01-16 07:00:00,2,2021-01-16 09:00:00,379.28,36.0,3
2021-01-16 07:00:00,3,2021-01-16 10:00:00,379.28,36.0,3
2021-01-16 07:00:00,4,2021-01-16 11:00:00,379.26,34.2,3
2021-01-16 07:00:00,5,2021-01-16 12:00:00,379.25,32.8,3
2021-01-16 07:00:00,6,2021-01-16 13:00:00,379.25,32.8,3
2021-01-17 07:00:00,0,2021-01-17 07:00:00,379.26,34.4,3
2021-01-17 07:00:00,1,2021-01-17 08:00:00,379.26,34.0,3
2021-01-17 07:00:00,2,2021-01-17 09:00:00,379.26,34.1,3
2021-01-17 07:00:00,3,2021-01-17 10:00:00,379.26,33.7,3
2021-01-17 07:00:00,4,2021-01-17 11:00:00,379.26,33.7,3
2021-01-17 07:00:00,5,2021-01-17 12:00:00,379.23,31.7,3
2021-01-17 07:00:00,6,2021-01-17 13:00:00,379.22,30.8,3
2021-01-18 07:00:00,0,2021-01-18 07:00:00,379.22,30.6,3
2021-01-18 07:00:00,1,2021-01-18 08:00:00,379.22,30.7,3
2021-01-18 07:00:00,2,2021-01-18 09:00:00,379.22,30.7,3
2021-01-18 07:00:00,3,2021-01-18 10:00:00,379.22,30.7,3
2021-01-18 07:00:00,4,2021-01-18 11:00:00,379.22,30.8,3
2021-01-18 07:00:00,5,2021-01-18 12:00:00,379.22,30.0,3
2021-01-18 07:00:00,6,2021-01-18 13:00:00,379.2,28.8,3
2021-01-19 07:00:00,0,2021-01-19 07:00:00,379.29,36.8,3
2021-01-19 07:00:00,1,2021-01-19 08:00:00,379.24,32.7,3
2021-01-19 07:00:00,2,2021-01-19 09:00:00,379.23,30.9,3
2021-01-19 07:00:00,3,2021-01-19 10:00:00,379.23,31.0,3
2021-01-19 07:00:00,4,2021-01-19 11:00:00,379.25,32.9,3
2021-01-19 07:00:00,5,2021-01-19 12:00:00,379.24,32.1,3
2021-01-19 07:00:00,6,2021-01-19 13:00:00,379.23,30.9,3
2021-01-20 07:00:00,0,2021-01-20 07:00:00,379.23,31.2,3
2021-01-20 07:00:00,1,2021-01-20 08:00:00,379.23,31.3,3
2021-01-20 07:00:00,2,2021-01-20 09:00:00,379.24,32.2,3
2021-01-20 07:00:00,3,2021-01-20 10:00:00,379.24,32.4,3
2021-01-20 07:00:00,4,2021-01-20 11:00:00,379.24,31.9,3
2021-01-20 07:00:00,5,2021-01-20 12:00:00,379.24,32.2,3
2021-01-20 07:00:00,6,2021-01-20 13:00:00,379.25,33.0,3
2021-01-21 07:00:00,0,2021-01-21 07:00:00,379.27,34.8,3
2021-01-21 07:00:00,1,2021-01-21 08:00:00,379.29,36.9,3
2021-01-21 07:00:00,2,2021-01-21 09:00:00,379.28,35.8,3
2021-01-21 07:00:00,3,2021-01-21 10:00:00,379.27,35.2,3
2021-01-21 07:00:00,4,2021-01-21 11:00:00,379.27,35.5,3
2021-01-21 07:00:00,5,2021-01-21 12:00:00,379.28,36.0,3
2021-01-21 07:00:00,6,2021-01-21 13:00:00,379.29,37.2,3
2021-01-22 07:00:00,0,2021-01-22 07:00:00,379.54,64.6,3
2021-01-22 07:00:00,1,2021-01-22 08:00:00,379.51,61.3,3
2021-01-22 07:00:00,2,2021-01-22 09:00:00,379.48,57.7,3
2021-01-22 07:00:00,3,2021-01-22 10:00:00,379.45,54.0,3
2021-01-22 07:00:00,4,2021-01-22 11:00:00,379.57,68.0,3
2021-01-22 07:00:00,5,2021-01-22 12:00:00,379.62,73.8,3
2021-01-22 07:00:00,6,2021-01-22 13:00:00,379.61,72.3,3
2021-01-23 07:00:00,0,2021-01-23 07:00:00,379.55,65.8,3
2021-01-23 07:00:00,1,2021-01-23 08:00:00,379.53,63.5,3
2021-01-23 07:00:00,2,2021-01-23 09:00:00,379.51,61.3,3
2021-01-23 07:00:00,3,2021-01-23 10:00:00,379.5,59.4,3
2021-01-23 07:00:00,4,2021-01-23 11:00:00,379.5,59.3,3
2021-01-23 07:00:00,5,2021-01-23 12:00:00,379.54,64.4,3
2021-01-23 07:00:00,6,2021-01-23 13:00:00,379.52,62.0,3
2021-01-24 07:00:00,0,2021-01-24 07:00:00,379.43,51.8,3
2021-01-24 07:00:00,1,2021-01-24 08:00:00,379.42,50.2,3
2021-01-24 07:00:00,2,2021-01-24 09:00:00,379.38,46.0,3
2021-01-24 07:00:00,3,2021-01-24 10:00:00,379.37,44.9,3
2021-01-24 07:00:00,4,2021-01-24 11:00:00,379.39,47.2,3
2021-01-24 07:00:00,5,2021-01-24 12:00:00,379.38,46.7,3
2021-01-24 07:00:00,6,2021-01-24 13:00:00,379.4,48.9,3
2021-01-25 07:00:00,0,2021-01-25 07:00:00,379.32,40.0,3
2021-01-25 07:00:00,1,2021-01-25 08:00:00,379.32,40.0,3
2021-01-25 07:00:00,2,2021-01-25 09:00:00,379.3,38.1,3
2021-01-25 07:00:00,3,2021-01-25 10:00:00,379.29,37.4,3
2021-01-25 07:00:00,4,2021-01-25 11:00:00,379.29,37.3,3
2021-01-25 07:00:00,5,2021-01-25 12:00:00,379.31,39.1,3
2021-01-25 07:00:00,6,2021-01-25 13:00:00,379.29,37.2,3
2021-01-26 07:00:00,0,2021-01-26 07:00:00,379.25,33.3,3
2021-01-26 07:00:00,1,2021-01-26 08:00:00,379.25,33.3,3
2021-01-26 07:00:00,2,2021-01-26 09:00:00,379.25,33.3,3
2021-01-26 07:00:00,3,2021-01-26 10:00:00,379.25,33.2,3
2021-01-26 07:00:00,4,2021-01-26 11:00:00,379.25,33.0,3
2021-01-26 07:00:00,5,2021-01-26 12:00:00,379.25,32.8,3
2021-01-26 07:00:00,6,2021-01-26 13:00:00,379.24,32.6,3
2021-01-27 07:00:00,0,2021-01-27 07:00:00,379.23,30.9,3
2021-01-27 07:00:00,1,2021-01-27 08:00:00,379.22,30.7,3
2021-01-27 07:00:00,2,2021-01-27 09:00:00,379.22,30.7,3
2021-01-27 07:00:00,3,2021-01-27 10:00:00,379.22,30.7,3
2021-01-27 07:00:00,4,2021-01-27 11:00:00,379.22,30.7,3
2021-01-27 07:00:00,5,2021-01-27 12:00:00,379.22,30.7,3
2021-01-27 07:00:00,6,2021-01-27 13:00:00,379.23,30.9,3
2021-01-28 07:00:00,0,2021-01-28 07:00:00,379.51,61.5,3
2021-01-28 07:00:00,1,2021-01-28 08:00:00,379.52,62.6,3
2021-01-28 07:00:00,2,2021-01-28 09:00:00,379.54,64.8,3
2021-01-28 07:00:00,3,2021-01-28 10:00:00,379.56,67.4,3
2021-01-28 07:00:00,4,2021-01-28 11:00:00,379.6,71.3,3
2021-01-28 07:00:00,5,2021-01-28 12:00:00,379.71,85.0,3
2021-01-28 07:00:00,6,2021-01-28 13:00:00,379.79,94.7,3
2021-01-28 13:00:00,0,2021-01-28 13:00:00,379.52,62.2,3
2021-01-28 13:00:00,1,2021-01-28 14:00:00,379.74,88.8,3
2021-01-28 13:00:00,2,2021-01-28 15:00:00,379.82,98.4,3
2021-01-28 13:00:00,3,2021-01-28 16:00:00,379.87,104.8,3
2021-01-28 13:00:00,4,2021-01-28 17:00:00,379.96,116.9,3
2021-01-28 13:00:00,5,2021-01-28 18:00:00,380.27,159.8,3
2021-01-28 13:00:00,6,2021-01-28 19:00:00,380.36,173.5,3
2021-01-28 21:00:00,0,2021-01-28 21:00:00,380.14,140.8,3
2021-01-28 21:00:00,1,2021-01-28 22:00:00,380.14,140.8,3
2021-01-28 21:00:00,2,2021-01-28 23:00:00,380.28,161.6,3
2021-01-28 21:00:00,3,2021-01-29 00:00:00,380.51,195.6,3
2021-01-28 21:00:00,4,2021-01-29 01:00:00,380.4,179.4,3
2021-01-28 21:00:00,5,2021-01-29 02:00:00,380.33,168.8,3
2021-01-28 21:00:00,6,2021-01-29 03:00:00,380.29,163.0,3
2021-01-28 22:00:00,0,2021-01-28 22:00:00,380.29,162.5,3
2021-01-28 22:00:00,1,2021-01-28 23:00:00,380.21,151.3,3
2021-01-28 22:00:00,2,2021-01-29 00:00:00,380.16,144.2,3
2021-01-28 22:00:00,3,2021-01-29 01:00:00,380.31,165.7,3
2021-01-28 22:00:00,4,2021-01-29 02:00:00,380.44,185.5,3
2021-01-28 22:00:00,5,2021-01-29 03:00:00,380.42,181.4,3
2021-01-28 22:00:00,6,2021-01-29 04:00:00,380.4,179.4,3
2021-01-29 05:00:00,0,2021-01-29 05:00:00,380.36,172.9,3
2021-01-29 05:00:00,1,2021-01-29 06:00:00,380.5,193.4,3
2021-01-29 05:00:00,2,2021-01-29 07:00:00,380.52,197.6,3
2021-01-29 05:00:00,3,2021-01-29 08:00:00,380.57,205.0,3
2021-01-29 05:00:00,4,2021-01-29 09:00:00,380.86,254.2,3
2021-01-29 05:00:00,5,2021-01-29 10:00:00,380.92,265.0,3
2021-01-29 05:00:00,6,2021-01-29 11:00:00,380.89,260.1,3
2021-01-29 07:00:00,0,2021-01-29 07:00:00,380.52,197.6,3
2021-01-29 07:00:00,1,2021-01-29 08:00:00,380.57,205.0,3
2021-01-29 07:00:00,2,2021-01-29 09:00:00,380.86,254.2,3
2021-01-29 07:00:00,3,2021-01-29 10:00:00,380.92,265.0,3
2021-01-29 07:00:00,4,2021-01-29 11:00:00,380.89,260.1,3
2021-01-29 07:00:00,5,2021-01-29 12:00:00,380.83,249.5,3
2021-01-29 07:00:00,6,2021-01-29 13:00:00,380.76,236.3,3
2021-01-29 11:00:00,0,2021-01-29 11:00:00,380.92,264.1,3
2021-01-29 11:00:00,1,2021-01-29 12:00:00,380.84,250.8,3
2021-01-29 11:00:00,2,2021-01-29 13:00:00,380.82,246.6,3
2021-01-29 11:00:00,3,2021-01-29 14:00:00,380.9,261.5,3
2021-01-29 11:00:00,4,2021-01-29 15:00:00,380.87,256.4,3
2021-01-29 11:00:00,5,2021-01-29 16:00:00,380.76,236.9,3
2021-01-29 11:00:00,6,2021-01-29 17:00:00,380.7,226.8,3
2021-01-29 14:00:00,0,2021-01-29 14:00:00,380.83,248.9,3
2021-01-29 14:00:00,1,2021-01-29 15:00:00,380.74,233.2,3
2021-01-29 14:00:00,2,2021-01-29 16:00:00,380.77,238.5,3
2021-01-29 14:00:00,3,2021-01-29 17:00:00,380.73,231.3,3
2021-01-29 14:00:00,4,2021-01-29 18:00:00,380.63,214.8,3
2021-01-29 14:00:00,5,2021-01-29 19:00:00,380.58,207.7,3
2021-01-29 14:00:00,6,2021-01-29 20:00:00,380.57,204.8,3
2021-01-29 18:00:00,0,2021-01-29 18:00:00,380.62,213.5,3
2021-01-29 18:00:00,1,2021-01-29 19:00:00,380.68,223.0,3
2021-01-29 18:00:00,2,2021-01-29 20:00:00,380.67,221.7,3
2021-01-29 18:00:00,3,2021-01-29 21:00:00,380.61,211.5,3
2021-01-29 18:00:00,4,2021-01-29 22:00:00,380.55,201.9,3
2021-01-29 18:00:00,5,2021-01-29 23:00:00,380.48,190.6,3
2021-01-29 18:00:00,6,2021-01-30 00:00:00,380.43,183.6,3
2021-01-29 21:00:00,0,2021-01-29 21:00:00,380.8,243.3,3
2021-01-29 21:00:00,1,2021-01-29 22:00:00,380.7,227.1,3
2021-01-29 21:00:00,2,2021-01-29 23:00:00,380.6,210.1,3
2021-01-29 21:00:00,3,2021-01-30 00:00:00,380.59,208.9,3
2021-01-29 21:00:00,4,2021-01-30 01:00:00,380.52,196.9,3
2021-01-29 21:00:00,5,2021-01-30 02:00:00,380.44,184.4,3
2021-01-29 21:00:00,6,2021-01-30 03:00:00,380.36,173.4,3
2021-01-30 06:00:00,0,2021-01-30 06:00:00,380.39,176.7,3
2021-01-30 06:00:00,1,2021-01-30 07:00:00,380.36,172.2,3
2021-01-30 06:00:00,2,2021-01-30 08:00:00,380.32,166.6,3
2021-01-30 06:00:00,3,2021-01-30 09:00:00,380.26,157.8,3
2021-01-30 06:00:00,4,2021-01-30 10:00:00,380.2,149.6,3
2021-01-30 06:00:00,5,2021-01-30 11:00:00,380.12,138.5,3
2021-01-30 06:00:00,6,2021-01-30 12:00:00,380.09,134.6,3
2021-01-30 14:00:00,0,2021-01-30 14:00:00,380.16,143.3,3
2021-01-30 14:00:00,1,2021-01-30 15:00:00,380.16,143.5,3
2021-01-30 14:00:00,2,2021-01-30 16:00:00,380.22,152.1,3
2021-01-30 14:00:00,3,2021-01-30 17:00:00,380.28,160.8,3
2021-01-30 14:00:00,4,2021-01-30 18:00:00,380.35,170.6,3
2021-01-30 14:00:00,5,2021-01-30 19:00:00,380.48,191.7,3
2021-01-30 14:00:00,6,2021-01-30 20:00:00,380.58,207.3,3
2021-01-30 21:00:00,0,2021-01-30 21:00:00,380.58,207.6,3
2021-01-30 21:00:00,1,2021-01-30 22:00:00,380.53,199.0,3
2021-01-30 21:00:00,2,2021-01-30 23:00:00,380.44,184.4,3
2021-01-30 21:00:00,3,2021-01-31 00:00:00,380.38,175.8,3
2021-01-30 21:00:00,4,2021-01-31 01:00:00,380.35,171.9,3
2021-01-30 21:00:00,5,2021-01-31 02:00:00,380.4,178.4,3
2021-01-30 21:00:00,6,2021-01-31 03:00:00,380.33,169.0,3
2021-01-31 07:00:00,0,2021-01-31 07:00:00,380.18,146.6,3
2021-01-31 07:00:00,1,2021-01-31 08:00:00,380.22,152.8,3
2021-01-31 07:00:00,2,2021-01-31 09:00:00,380.21,151.5,3
2021-01-31 07:00:00,3,2021-01-31 10:00:00,380.12,138.1,3
2021-01-31 07:00:00,4,2021-01-31 11:00:00,380.08,133.4,3
2021-01-31 07:00:00,5,2021-01-31 12:00:00,380.04,127.8,3
2021-01-31 07:00:00,6,2021-01-31 13:00:00,380.02,124.3,3
2021-01-31 15:00:00,0,2021-01-31 15:00:00,380.25,157.3,3
2021-01-31 15:00:00,1,2021-01-31 16:00:00,380.18,145.9,3
2021-01-31 15:00:00,2,2021-01-31 17:00:00,379.96,117.0,3
2021-01-31 15:00:00,3,2021-01-31 18:00:00,379.96,116.4,3
2021-01-31 15:00:00,4,2021-01-31 19:00:00,379.94,113.6,3
2021-01-31 15:00:00,5,2021-01-31 20:00:00,379.92,111.2,3
2021-01-31 15:00:00,6,2021-01-31 21:00:00,379.9,109.3,3
2021-01-31 20:00:00,0,2021-01-31 20:00:00,380.13,139.9,3
2021-01-31 20:00:00,1,2021-01-31 21:00:00,379.92,111.2,3
2021-01-31 20:00:00,2,2021-01-31 22:00:00,379.9,109.2,3
2021-01-31 20:00:00,3,2021-01-31 23:00:00,379.91,110.2,3
2021-01-31 20:00:00,4,2021-02-01 00:00:00,379.92,111.7,3
2021-01-31 20:00:00,5,2021-02-01 01:00:00,379.92,111.4,3
2021-01-31 20:00:00,6,2021-02-01 02:00:00,379.9,108.6,3
2021-02-01 06:00:00,0,2021-02-01 06:00:00,380.01,122.7,3
2021-02-01 06:00:00,1,2021-02-01 07:00:00,380.01,123.8,3
2021-02-01 06:00:00,2,2021-02-01 08:00:00,380.02,124.7,3
2021-02-01 06:00:00,3,2021-02-01 09:00:00,380.05,128.1,3
2021-02-01 06:00:00,4,2021-02-01 10:00:00,380.12,137.8,3
2021-02-01 06:00:00,5,2021-02-01 11:00:00,380.17,145.4,3
2021-02-01 06:00:00,6,2021-02-01 12:00:00,380.21,151.0,3
2021-02-01 14:00:00,0,2021-02-01 14:00:00,380.31,164.9,3
2021-02-01 14:00:00,1,2021-02-01 15:00:00,380.24,155.5,3
2021-02-01 14:00:00,2,2021-02-01 16:00:00,380.24,155.8,3
2021-02-01 14:00:00,3,2021-02-01 17:00:00,380.38,175.1,3
2021-02-01 14:00:00,4,2021-02-01 18:00:00,380.42,181.5,3
2021-02-01 14:00:00,5,2021-02-01 19:00:00,380.36,172.4,3
2021-02-01 14:00:00,6,2021-02-01 20:00:00,380.32,167.4,3
2021-02-01 18:00:00,0,2021-02-01 18:00:00,380.38,176.1,3
2021-02-01 18:00:00,1,2021-02-01 19:00:00,380.31,164.9,3
2021-02-01 18:00:00,2,2021-02-01 20:00:00,380.44,185.4,3
2021-02-01 18:00:00,3,2021-02-01 21:00:00,380.45,186.7,3
2021-02-01 18:00:00,4,2021-02-01 22:00:00,380.41,180.2,3
2021-02-01 18:00:00,5,2021-02-01 23:00:00,380.44,185.0,3
2021-02-01 18:00:00,6,2021-02-02 00:00:00,380.43,182.8,3
2021-02-01 21:00:00,0,2021-02-01 21:00:00,380.51,195.1,3
2021-02-01 21:00:00,1,2021-02-01 22:00:00,380.53,198.5,3
2021-02-01 21:00:00,2,2021-02-01 23:00:00,380.59,207.9,3
2021-02-01 21:00:00,3,2021-02-02 00:00:00,380.54,200.0,3
2021-02-01 21:00:00,4,2021-02-02 01:00:00,380.47,190.0,3
2021-02-01 21:00:00,5,2021-02-02 02:00:00,380.4,178.3,3
2021-02-01 21:00:00,6,2021-02-02 03:00:00,380.35,171.9,3
2021-02-02 06:00:00,0,2021-02-02 06:00:00,380.21,151.6,3
2021-02-02 06:00:00,1,2021-02-02 07:00:00,380.19,147.5,3
2021-02-02 06:00:00,2,2021-02-02 08:00:00,380.16,143.4,3
2021-02-02 06:00:00,3,2021-02-02 09:00:00,380.11,137.1,3
2021-02-02 06:00:00,4,2021-02-02 10:00:00,380.07,131.9,3
2021-02-02 06:00:00,5,2021-02-02 11:00:00,380.06,129.4,3
2021-02-02 06:00:00,6,2021-02-02 12:00:00,380.04,127.6,3
2021-02-02 07:00:00,0,2021-02-02 07:00:00,380.19,147.5,3
2021-02-02 07:00:00,1,2021-02-02 08:00:00,380.16,143.4,3
2021-02-02 07:00:00,2,2021-02-02 09:00:00,380.11,137.1,3
2021-02-02 07:00:00,3,2021-02-02 10:00:00,380.07,131.9,3
2021-02-02 07:00:00,4,2021-02-02 11:00:00,380.06,129.4,3
2021-02-02 07:00:00,5,2021-02-02 12:00:00,380.04,127.6,3
2021-02-02 07:00:00,6,2021-02-02 13:00:00,380.04,126.8,3
2021-02-03 06:00:00,0,2021-02-03 06:00:00,380.35,171.6,3
2021-02-03 06:00:00,1,2021-02-03 07:00:00,380.31,165.3,3
2021-02-03 06:00:00,2,2021-02-03 08:00:00,380.28,161.6,3
2021-02-03 06:00:00,3,2021-02-03 09:00:00,380.32,166.3,3
2021-02-03 06:00:00,4,2021-02-03 10:00:00,380.27,159.6,3
2021-02-03 06:00:00,5,2021-02-03 11:00:00,380.27,159.2,3
2021-02-03 06:00:00,6,2021-02-03 12:00:00,380.25,156.4,3
2021-02-03 07:00:00,0,2021-02-03 07:00:00,380.31,165.3,3
2021-02-03 07:00:00,1,2021-02-03 08:00:00,380.28,161.6,3
2021-02-03 07:00:00,2,2021-02-03 09:00:00,380.32,166.3,3
2021-02-03 07:00:00,3,2021-02-03 10:00:00,380.27,159.6,3
2021-02-03 07:00:00,4,2021-02-03 11:00:00,380.27,159.2,3
2021-02-03 07:00:00,5,2021-02-03 12:00:00,380.25,156.4,3
2021-02-03 07:00:00,6,2021-02-03 13:00:00,380.22,152.1,3
2021-02-03 09:00:00,0,2021-02-03 09:00:00,380.32,166.3,3
2021-02-03 09:00:00,1,2021-02-03 10:00:00,380.27,159.6,3
2021-02-03 09:00:00,2,2021-02-03 11:00:00,380.27,159.2,3
2021-02-03 09:00:00,3,2021-02-03 12:00:00,380.25,156.4,3
2021-02-03 09:00:00,4,2021-02-03 13:00:00,380.22,152.1,3
2021-02-03 09:00:00,5,2021-02-03 14:00:00,380.17,145.5,3
2021-02-03 09:00:00,6,2021-02-03 15:00:00,380.18,146.4,3
2021-02-03 12:00:00,0,2021-02-03 12:00:00,380.53,199.4,3
2021-02-03 12:00:00,1,2021-02-03 13:00:00,380.44,184.4,3
2021-02-03 12:00:00,2,2021-02-03 14:00:00,380.28,160.4,3
2021-02-03 12:00:00,3,2021-02-03 15:00:00,380.26,158.5,3
2021-02-03 12:00:00,4,2021-02-03 16:00:00,380.3,164.4,3
2021-02-03 12:00:00,5,2021-02-03 17:00:00,380.45,186.5,3
2021-02-03 12:00:00,6,2021-02-03 18:00:00,380.5,194.7,3
2021-02-03 17:00:00,0,2021-02-03 17:00:00,380.41,180.6,3
2021-02-03 17:00:00,1,2021-02-03 18:00:00,380.43,182.6,3
2021-02-03 17:00:00,2,2021-02-03 19:00:00,380.49,191.9,3
2021-02-03 17:00:00,3,2021-02-03 20:00:00,380.69,224.2,3
2021-02-03 17:00:00,4,2021-02-03 21:00:00,380.74,232.6,3
2021-02-03 17:00:00,5,2021-02-03 22:00:00,380.73,231.3,3
2021-02-03 17:00:00,6,2021-02-03 23:00:00,380.68,222.4,3
2021-02-03 18:00:00,0,2021-02-03 18:00:00,380.43,182.6,3
2021-02-03 18:00:00,1,2021-02-03 19:00:00,380.49,191.9,3
2021-02-03 18:00:00,2,2021-02-03 20:00:00,380.69,224.2,3
2021-02-03 18:00:00,3,2021-02-03 21:00:00,380.74,232.6,3
2021-02-03 18:00:00,4,2021-02-03 22:00:00,380.73,231.3,3
2021-02-03 18:00:00,5,2021-02-03 23:00:00,380.68,222.4,3
2021-02-03 18:00:00,6,2021-02-04 00:00:00,380.62,213.0,3
2021-02-04 07:00:00,0,2021-02-04 07:00:00,380.53,198.2,3
2021-02-04 07:00:00,1,2021-02-04 08:00:00,380.5,193.6,3
2021-02-04 07:00:00,2,2021-02-04 09:00:00,380.43,182.9,3
2021-02-04 07:00:00,3,2021-02-04 10:00:00,380.33,168.1,3
2021-02-04 07:00:00,4,2021-02-04 11:00:00,380.31,164.7,3
2021-02-04 07:00:00,5,2021-02-04 12:00:00,380.26,158.3,3
2021-02-04 07:00:00,6,2021-02-04 13:00:00,380.24,154.6,3
2021-02-04 10:00:00,0,2021-02-04 10:00:00,380.63,214.3,3
2021-02-04 10:00:00,1,2021-02-04 11:00:00,380.53,199.5,3
2021-02-04 10:00:00,2,2021-02-04 12:00:00,380.37,174.7,3
2021-02-04 10:00:00,3,2021-02-04 13:00:00,380.34,169.6,3
2021-02-04 10:00:00,4,2021-02-04 14:00:00,380.27,159.9,3
2021-02-04 10:00:00,5,2021-02-04 15:00:00,380.26,157.9,3
2021-02-04 10:00:00,6,2021-02-04 16:00:00,380.22,152.2,3
2021-02-04 12:00:00,0,2021-02-04 12:00:00,380.56,203.6,3
2021-02-04 12:00:00,1,2021-02-04 13:00:00,380.46,188.6,3
2021-02-04 12:00:00,2,2021-02-04 14:00:00,380.29,162.4,3
2021-02-04 12:00:00,3,2021-02-04 15:00:00,380.28,161.6,3
2021-02-04 12:00:00,4,2021-02-04 16:00:00,380.3,164.2,3
2021-02-04 12:00:00,5,2021-02-04 17:00:00,380.26,158.1,3
2021-02-04 12:00:00,6,2021-02-04 18:00:00,380.2,149.6,3
2021-02-04 15:00:00,0,2021-02-04 15:00:00,380.48,191.3,3
2021-02-04 15:00:00,1,2021-02-04 16:00:00,380.41,180.1,3
2021-02-04 15:00:00,2,2021-02-04 17:00:00,380.28,161.3,3
2021-02-04 15:00:00,3,2021-02-04 18:00:00,380.23,154.2,3
2021-02-04 15:00:00,4,2021-02-04 19:00:00,380.22,152.2,3
2021-02-04 15:00:00,5,2021-02-04 20:00:00,380.22,152.4,3
2021-02-04 15:00:00,6,2021-02-04 21:00:00,380.25,157.1,3
2021-02-04 16:00:00,0,2021-02-04 16:00:00,380.41,180.1,3
2021-02-04 16:00:00,1,2021-02-04 17:00:00,380.28,161.3,3
2021-02-04 16:00:00,2,2021-02-04 18:00:00,380.23,154.2,3
2021-02-04 16:00:00,3,2021-02-04 19:00:00,380.22,152.2,3
2021-02-04 16:00:00,4,2021-02-04 20:00:00,380.22,152.4,3
2021-02-04 16:00:00,5,2021-02-04 21:00:00,380.25,157.1,3
2021-02-04 16:00:00,6,2021-02-04 22:00:00,380.23,153.8,3
2021-02-05 06:00:00,0,2021-02-05 06:00:00,380.05,128.6,3
2021-02-05 06:00:00,1,2021-02-05 07:00:00,380.03,125.8,3
2021-02-05 06:00:00,2,2021-02-05 08:00:00,380.05,128.4,3
2021-02-05 06:00:00,3,2021-02-05 09:00:00,380.0,122.3,3
2021-02-05 06:00:00,4,2021-02-05 10:00:00,380.01,122.6,3
2021-02-05 06:00:00,5,2021-02-05 11:00:00,380.01,122.6,3
2021-02-05 06:00:00,6,2021-02-05 12:00:00,379.98,119.8,3
2021-02-06 08:00:00,0,2021-02-06 08:00:00,379.89,107.1,3
2021-02-06 08:00:00,1,2021-02-06 09:00:00,379.92,111.0,3
2021-02-06 08:00:00,2,2021-02-06 10:00:00,379.95,115.4,3
2021-02-06 08:00:00,3,2021-02-06 11:00:00,379.98,119.6,3
2021-02-06 08:00:00,4,2021-02-06 12:00:00,379.94,114.4,3
2021-02-06 08:00:00,5,2021-02-06 13:00:00,379.95,115.1,3
2021-02-06 08:00:00,6,2021-02-06 14:00:00,379.98,119.3,3
2021-02-07 08:00:00,0,2021-02-07 08:00:00,379.92,110.9,3
2021-02-07 08:00:00,1,2021-02-07 09:00:00,379.94,113.5,3
2021-02-07 08:00:00,2,2021-02-07 10:00:00,379.96,116.3,3
2021-02-07 08:00:00,3,2021-02-07 11:00:00,380.07,130.8,3
2021-02-07 08:00:00,4,2021-02-07 12:00:00,380.06,130.6,3
2021-02-07 08:00:00,5,2021-02-07 13:00:00,380.03,126.0,3
2021-02-07 08:00:00,6,2021-02-07 14:00:00,380.03,125.8,3
2021-02-08 07:00:00,0,2021-02-08 07:00:00,379.82,98.4,3
2021-02-08 07:00:00,1,2021-02-08 08:00:00,379.83,99.5,3
2021-02-08 07:00:00,2,2021-02-08 09:00:00,379.81,96.8,3
2021-02-08 07:00:00,3,2021-02-08 10:00:00,379.79,95.3,3
2021-02-08 07:00:00,4,2021-02-08 11:00:00,379.78,94.1,3
2021-02-08 07:00:00,5,2021-02-08 12:00:00,379.78,93.5,3
2021-02-08 07:00:00,6,2021-02-08 13:00:00,379.75,89.7,3
2021-02-09 07:00:00,0,2021-02-09 07:00:00,379.66,79.2,3
2021-02-09 07:00:00,1,2021-02-09 08:00:00,379.66,78.3,3
2021-02-09 07:00:00,2,2021-02-09 09:00:00,379.64,76.9,3
2021-02-09 07:00:00,3,2021-02-09 10:00:00,379.67,79.6,3
2021-02-09 07:00:00,4,2021-02-09 11:00:00,379.67,80.1,3
2021-02-09 07:00:00,5,2021-02-09 12:00:00,379.67,80.5,3
2021-02-09 07:00:00,6,2021-02-09 13:00:00,379.65,77.6,3
2021-02-10 08:00:00,0,2021-02-10 08:00:00,379.67,80.2,3
2021-02-10 08:00:00,1,2021-02-10 09:00:00,379.66,78.4,3
2021-02-10 08:00:00,2,2021-02-10 10:00:00,379.67,80.5,3
2021-02-10 08:00:00,3,2021-02-10 11:00:00,379.67,80.3,3
2021-02-10 08:00:00,4,2021-02-10 12:00:00,379.72,85.8,3
2021-02-10 08:00:00,5,2021-02-10 13:00:00,379.75,89.8,3
2021-02-10 08:00:00,6,2021-02-10 14:00:00,379.76,91.2,3
2021-02-11 07:00:00,0,2021-02-11 07:00:00,379.63,74.9,3
2021-02-11 07:00:00,1,2021-02-11 08:00:00,379.62,73.4,3
2021-02-11 07:00:00,2,2021-02-11 09:00:00,379.62,73.9,3
2021-02-11 07:00:00,3,2021-02-11 10:00:00,379.63,74.6,3
2021-02-11 07:00:00,4,2021-02-11 11:00:00,379.65,77.0,3
2021-02-11 07:00:00,5,2021-02-11 12:00:00,379.67,80.5,3
2021-02-11 07:00:00,6,2021-02-11 13:00:00,379.65,77.7,3
2021-02-12 07:00:00,0,2021-02-12 07:00:00,379.46,55.3,3
2021-02-12 07:00:00,1,2021-02-12 08:00:00,379.45,53.9,3
2021-02-12 07:00:00,2,2021-02-12 09:00:00,379.47,56.4,3
2021-02-12 07:00:00,3,2021-02-12 10:00:00,379.46,55.1,3
2021-02-12 07:00:00,4,2021-02-12 11:00:00,379.44,52.6,3
2021-02-12 07:00:00,5,2021-02-12 12:00:00,379.45,54.4,3
2021-02-12 07:00:00,6,2021-02-12 13:00:00,379.51,60.8,3
2021-02-13 08:00:00,0,2021-02-13 08:00:00,379.39,47.9,3
2021-02-13 08:00:00,1,2021-02-13 09:00:00,379.41,49.1,3
2021-02-13 08:00:00,2,2021-02-13 10:00:00,379.4,48.2,3
2021-02-13 08:00:00,3,2021-02-13 11:00:00,379.39,47.2,3
2021-02-13 08:00:00,4,2021-02-13 12:00:00,379.41,50.0,3
2021-02-13 08:00:00,5,2021-02-13 13:00:00,379.47,56.9,3
2021-02-13 08:00:00,6,2021-02-13 14:00:00,379.47,56.1,3
2021-02-14 08:00:00,0,2021-02-14 08:00:00,379.43,51.4,3
2021-02-14 08:00:00,1,2021-02-14 09:00:00,379.42,51.0,3
2021-02-14 08:00:00,2,2021-02-14 10:00:00,379.42,50.7,3
2021-02-14 08:00:00,3,2021-02-14 11:00:00,379.41,49.4,3
2021-02-14 08:00:00,4,2021-02-14 12:00:00,379.43,52.3,3
2021-02-14 08:00:00,5,2021-02-14 13:00:00,379.47,56.8,3
2021-02-14 08:00:00,6,2021-02-14 14:00:00,379.48,57.2,3
2021-02-15 07:00:00,0,2021-02-15 07:00:00,379.33,41.5,3
2021-02-15 07:00:00,1,2021-02-15 08:00:00,379.33,41.0,3
2021-02-15 07:00:00,2,2021-02-15 09:00:00,379.33,40.7,3
2021-02-15 07:00:00,3,2021-02-15 10:00:00,379.33,41.5,3
2021-02-15 07:00:00,4,2021-02-15 11:00:00,379.34,41.8,3
2021-02-15 07:00:00,5,2021-02-15 12:00:00,379.33,40.7,3
2021-02-15 07:00:00,6,2021-02-15 13:00:00,379.39,47.3,3
2021-02-16 07:00:00,0,2021-02-16 07:00:00,379.31,39.0,3
2021-02-16 07:00:00,1,2021-02-16 08:00:00,379.32,39.7,3
2021-02-16 07:00:00,2,2021-02-16 09:00:00,379.32,39.8,3
2021-02-16 07:00:00,3,2021-02-16 10:00:00,379.32,40.0,3
2021-02-16 07:00:00,4,2021-02-16 11:00:00,379.34,41.7,3
2021-02-16 07:00:00,5,2021-02-16 12:00:00,379.39,47.5,3
2021-02-16 07:00:00,6,2021-02-16 13:00:00,379.38,46.3,3
2021-02-17 07:00:00,0,2021-02-17 07:00:00,379.44,53.4,3
2021-02-17 07:00:00,1,2021-02-17 08:00:00,379.44,52.7,3
2021-02-17 07:00:00,2,2021-02-17 09:00:00,379.45,53.7,3
2021-02-17 07:00:00,3,2021-02-17 10:00:00,379.46,55.2,3
2021-02-17 07:00:00,4,2021-02-17 11:00:00,379.47,55.9,3
2021-02-17 07:00:00,5,2021-02-17 12:00:00,379.49,58.5,3
2021-02-17 07:00:00,6,2021-02-17 13:00:00,379.51,60.6,3
2021-02-18 07:00:00,0,2021-02-18 07:00:00,379.32,40.3,3
2021-02-18 07:00:00,1,2021-02-18 08:00:00,379.33,41.2,3
2021-02-18 07:00:00,2,2021-02-18 09:00:00,379.33,41.2,3
2021-02-18 07:00:00,3,2021-02-18 10:00:00,379.33,41.3,3
2021-02-18 07:00:00,4,2021-02-18 11:00:00,379.32,40.1,3
2021-02-18 07:00:00,5,2021-02-18 12:00:00,379.33,40.8,3
2021-02-18 07:00:00,6,2021-02-18 13:00:00,379.43,51.6,3
2021-02-20 07:00:00,0,2021-02-20 07:00:00,379.32,40.3,3
2021-02-20 07:00:00,1,2021-02-20 08:00:00,379.33,41.4,3
2021-02-20 07:00:00,2,2021-02-20 09:00:00,379.34,41.5,3
2021-02-20 07:00:00,3,2021-02-20 10:00:00,379.34,41.6,3
2021-02-20 07:00:00,4,2021-02-20 11:00:00,379.34,42.0,3
2021-02-20 07:00:00,5,2021-02-20 12:00:00,379.33,40.8,3
2021-02-20 07:00:00,6,2021-02-20 13:00:00,379.45,54.0,3
2021-02-21 07:00:00,0,2021-02-21 07:00:00,379.33,40.6,3
2021-02-21 07:00:00,1,2021-02-21 08:00:00,379.34,41.5,3
2021-02-21 07:00:00,2,2021-02-21 09:00:00,379.34,41.7,3
2021-02-21 07:00:00,3,2021-02-21 10:00:00,379.34,41.9,3
2021-02-21 07:00:00,4,2021-02-21 11:00:00,379.34,42.0,3
2021-02-21 07:00:00,5,2021-02-21 12:00:00,379.31,39.3,3
2021-02-21 07:00:00,6,2021-02-21 13:00:00,379.4,48.2,3
2021-02-22 07:00:00,0,2021-02-22 07:00:00,379.32,40.2,3
2021-02-22 07:00:00,1,2021-02-22 08:00:00,379.33,41.2,3
2021-02-22 07:00:00,2,2021-02-22 09:00:00,379.33,41.2,3
2021-02-22 07:00:00,3,2021-02-22 10:00:00,379.31,39.4,3
2021-02-22 07:00:00,4,2021-02-22 11:00:00,379.32,39.5,3
2021-02-22 07:00:00,5,2021-02-22 12:00:00,379.32,39.8,3
2021-02-22 07:00:00,6,2021-02-22 13:00:00,379.39,47.8,3
2021-02-23 07:00:00,0,2021-02-23 07:00:00,379.32,39.8,3
2021-02-23 07:00:00,1,2021-02-23 08:00:00,379.33,41.1,3
2021-02-23 07:00:00,2,2021-02-23 09:00:00,379.33,41.3,3
2021-02-23 07:00:00,3,2021-02-23 10:00:00,379.33,41.5,3
2021-02-23 07:00:00,4,2021-02-23 11:00:00,379.33,41.5,3
2021-02-23 07:00:00,5,2021-02-23 12:00:00,379.36,44.5,3
2021-02-23 07:00:00,6,2021-02-23 13:00:00,379.44,53.2,3
2021-02-24 07:00:00,0,2021-02-24 07:00:00,379.39,47.0,3
2021-02-24 07:00:00,1,2021-02-24 08:00:00,379.4,48.4,3
2021-02-24 07:00:00,2,2021-02-24 09:00:00,379.4,48.0,3
2021-02-24 07:00:00,3,2021-02-24 10:00:00,379.38,46.8,3
2021-02-24 07:00:00,4,2021-02-24 11:00:00,379.41,49.8,3
2021-02-24 07:00:00,5,2021-02-24 12:00:00,379.55,65.7,3
2021-02-24 07:00:00,6,2021-02-24 13:00:00,379.55,66.1,3
2021-02-25 07:00:00,0,2021-02-25 07:00:00,379.45,53.9,3
2021-02-25 07:00:00,1,2021-02-25 08:00:00,379.46,54.8,3
2021-02-25 07:00:00,2,2021-02-25 09:00:00,379.46,54.9,3
2021-02-25 07:00:00,3,2021-02-25 10:00:00,379.44,53.4,3
2021-02-25 07:00:00,4,2021-02-25 11:00:00,379.48,57.7,3
2021-02-25 07:00:00,5,2021-02-25 12:00:00,379.56,66.9,3
2021-02-25 07:00:00,6,2021-02-25 13:00:00,379.54,64.8,3
2021-02-26 06:00:00,0,2021-02-26 06:00:00,379.42,51.2,3
2021-02-26 06:00:00,1,2021-02-26 07:00:00,379.44,52.8,3
2021-02-26 06:00:00,2,2021-02-26 08:00:00,379.44,53.3,3
2021-02-26 06:00:00,3,2021-02-26 09:00:00,379.45,53.8,3
2021-02-26 06:00:00,4,2021-02-26 10:00:00,379.46,55.6,3
2021-02-26 06:00:00,5,2021-02-26 11:00:00,379.48,57.1,3
2021-02-26 06:00:00,6,2021-02-26 12:00:00,379.5,60.3,3
2021-02-27 07:00:00,0,2021-02-27 07:00:00,379.45,54.5,3
2021-02-27 07:00:00,1,2021-02-27 08:00:00,379.45,54.2,3
2021-02-27 07:00:00,2,2021-02-27 09:00:00,379.45,53.6,3
2021-02-27 07:00:00,3,2021-02-27 10:00:00,379.43,51.3,3
2021-02-27 07:00:00,4,2021-02-27 11:00:00,379.43,51.7,3
2021-02-27 07:00:00,5,2021-02-27 12:00:00,379.48,57.2,3
2021-02-27 07:00:00,6,2021-02-27 13:00:00,379.5,59.6,3
2021-02-28 07:00:00,0,2021-02-28 07:00:00,379.4,48.5,3
2021-02-28 07:00:00,1,2021-02-28 08:00:00,379.41,49.6,3
2021-02-28 07:00:00,2,2021-02-28 09:00:00,379.41,49.2,3
2021-02-28 07:00:00,3,2021-02-28 10:00:00,379.4,48.9,3
2021-02-28 07:00:00,4,2021-02-28 11:00:00,379.4,48.7,3
2021-02-28 07:00:00,5,2021-02-28 12:00:00,379.4,49.0,3
2021-02-28 07:00:00,6,2021-02-28 13:00:00,379.45,54.4,3
2021-03-01 07:00:00,0,2021-03-01 07:00:00,379.37,45.7,3
2021-03-01 07:00:00,1,2021-03-01 08:00:00,379.38,46.1,3
2021-03-01 07:00:00,2,2021-03-01 09:00:00,379.37,45.7,3
2021-03-01 07:00:00,3,2021-03-01 10:00:00,379.39,47.3,3
2021-03-01 07:00:00,4,2021-03-01 11:00:00,379.43,52.2,3
2021-03-01 07:00:00,5,2021-03-01 12:00:00,379.44,53.4,3
2021-03-01 07:00:00,6,2021-03-01 13:00:00,379.44,53.2,3
2021-03-02 07:00:00,0,2021-03-02 07:00:00,379.36,44.5,3
2021-03-02 07:00:00,1,2021-03-02 08:00:00,379.37,44.8,3
2021-03-02 07:00:00,2,2021-03-02 09:00:00,379.37,44.8,3
2021-03-02 07:00:00,3,2021-03-02 10:00:00,379.37,45.2,3
2021-03-02 07:00:00,4,2021-03-02 11:00:00,379.36,44.5,3
2021-03-02 07:00:00,5,2021-03-02 12:00:00,379.37,44.7,3
2021-03-02 07:00:00,6,2021-03-02 13:00:00,379.41,49.7,3
2021-03-03 07:00:00,0,2021-03-03 07:00:00,379.35,43.2,3
2021-03-03 07:00:00,1,2021-03-03 08:00:00,379.33,40.9,3
2021-03-03 07:00:00,2,2021-03-03 09:00:00,379.33,41.0,3
2021-03-03 07:00:00,3,2021-03-03 10:00:00,379.34,41.7,3
2021-03-03 07:00:00,4,2021-03-03 11:00:00,379.35,42.7,3
2021-03-03 07:00:00,5,2021-03-03 12:00:00,379.35,43.5,3
2021-03-03 07:00:00,6,2021-03-03 13:00:00,379.39,47.6,3
2021-03-04 07:00:00,0,2021-03-04 07:00:00,379.34,42.2,3
2021-03-04 07:00:00,1,2021-03-04 08:00:00,379.31,38.7,3
2021-03-04 07:00:00,2,2021-03-04 09:00:00,379.31,38.7,3
2021-03-04 07:00:00,3,2021-03-04 10:00:00,379.3,38.0,3
2021-03-04 07:00:00,4,2021-03-04 11:00:00,379.3,37.7,3
2021-03-04 07:00:00,5,2021-03-04 12:00:00,379.31,39.3,3
2021-03-04 07:00:00,6,2021-03-04 13:00:00,379.35,43.0,3
2021-03-05 07:00:00,0,2021-03-05 07:00:00,379.3,37.8,3
2021-03-05 07:00:00,1,2021-03-05 08:00:00,379.29,37.4,3
2021-03-05 07:00:00,2,2021-03-05 09:00:00,379.3,37.7,3
2021-03-05 07:00:00,3,2021-03-05 10:00:00,379.3,37.9,3
2021-03-05 07:00:00,4,2021-03-05 11:00:00,379.3,37.5,3
2021-03-05 07:00:00,5,2021-03-05 12:00:00,379.3,38.3,3
2021-03-05 07:00:00,6,2021-03-05 13:00:00,379.34,42.0,3
2021-03-06 08:00:00,0,2021-03-06 08:00:00,379.29,37.3,3
2021-03-06 08:00:00,1,2021-03-06 09:00:00,379.29,37.3,3
2021-03-06 08:00:00,2,2021-03-06 10:00:00,379.28,35.7,3
2021-03-06 08:00:00,3,2021-03-06 11:00:00,379.27,35.3,3
2021-03-06 08:00:00,4,2021-03-06 12:00:00,379.28,35.9,3
2021-03-06 08:00:00,5,2021-03-06 13:00:00,379.31,39.4,3
2021-03-06 08:00:00,6,2021-03-06 14:00:00,379.38,46.2,3
2021-03-07 07:00:00,0,2021-03-07 07:00:00,379.27,34.7,3
2021-03-07 07:00:00,1,2021-03-07 08:00:00,379.28,35.5,3
2021-03-07 07:00:00,2,2021-03-07 09:00:00,379.28,35.8,3
2021-03-07 07:00:00,3,2021-03-07 10:00:00,379.28,35.8,3
2021-03-07 07:00:00,4,2021-03-07 11:00:00,379.28,36.1,3
2021-03-07 07:00:00,5,2021-03-07 12:00:00,379.29,37.2,3
2021-03-07 07:00:00,6,2021-03-07 13:00:00,379.31,38.7,3
2021-03-08 07:00:00,0,2021-03-08 07:00:00,379.27,34.7,3
2021-03-08 07:00:00,1,2021-03-08 08:00:00,379.27,35.2,3
2021-03-08 07:00:00,2,2021-03-08 09:00:00,379.28,35.6,3
2021-03-08 07:00:00,3,2021-03-08 10:00:00,379.27,35.0,3
2021-03-08 07:00:00,4,2021-03-08 11:00:00,379.27,34.8,3
2021-03-08 07:00:00,5,2021-03-08 12:00:00,379.28,35.7,3
2021-03-08 07:00:00,6,2021-03-08 13:00:00,379.29,36.9,3
2021-03-09 07:00:00,0,2021-03-09 07:00:00,379.23,31.3,3
2021-03-09 07:00:00,1,2021-03-09 08:00:00,379.24,32.0,3
2021-03-09 07:00:00,2,2021-03-09 09:00:00,379.23,31.2,3
2021-03-09 07:00:00,3,2021-03-09 10:00:00,379.23,31.5,3
2021-03-09 07:00:00,4,2021-03-09 11:00:00,379.23,31.5,3
2021-03-09 07:00:00,5,2021-03-09 12:00:00,379.23,31.7,3
2021-03-09 07:00:00,6,2021-03-09 13:00:00,379.26,33.7,3
2021-03-10 07:00:00,0,2021-03-10 07:00:00,379.23,31.4,3
2021-03-10 07:00:00,1,2021-03-10 08:00:00,379.21,29.6,3
2021-03-10 07:00:00,2,2021-03-10 09:00:00,379.21,30.0,3
2021-03-10 07:00:00,3,2021-03-10 10:00:00,379.24,32.4,3
2021-03-10 07:00:00,4,2021-03-10 11:00:00,379.3,37.5,3
2021-03-10 07:00:00,5,2021-03-10 12:00:00,379.3,37.9,3
2021-03-10 07:00:00,6,2021-03-10 13:00:00,379.29,36.9,3
2021-03-11 07:00:00,0,2021-03-11 07:00:00,379.2,28.9,3
2021-03-11 07:00:00,1,2021-03-11 08:00:00,379.19,27.8,3
2021-03-11 07:00:00,2,2021-03-11 09:00:00,379.18,27.3,3
2021-03-11 07:00:00,3,2021-03-11 10:00:00,379.2,28.9,3
2021-03-11 07:00:00,4,2021-03-11 11:00:00,379.21,29.5,3
2021-03-11 07:00:00,5,2021-03-11 12:00:00,379.21,29.7,3
2021-03-11 07:00:00,6,2021-03-11 13:00:00,379.21,29.5,3
2021-03-12 08:00:00,0,2021-03-12 08:00:00,379.44,53.3,3
2021-03-12 08:00:00,1,2021-03-12 09:00:00,379.4,48.6,3
2021-03-12 08:00:00,2,2021-03-12 10:00:00,379.76,90.6,3
2021-03-12 08:00:00,3,2021-03-12 11:00:00,379.69,82.2,3
2021-03-12 08:00:00,4,2021-03-12 12:00:00,379.62,74.1,3
2021-03-12 08:00:00,5,2021-03-12 13:00:00,379.58,69.7,3
2021-03-12 08:00:00,6,2021-03-12 14:00:00,379.56,67.2,3
2021-03-13 07:00:00,0,2021-03-13 07:00:00,379.34,41.6,3
2021-03-13 07:00:00,1,2021-03-13 08:00:00,379.31,39.2,3
2021-03-13 07:00:00,2,2021-03-13 09:00:00,379.31,38.6,3
2021-03-13 07:00:00,3,2021-03-13 10:00:00,379.31,38.6,3
2021-03-13 07:00:00,4,2021-03-13 11:00:00,379.32,39.6,3
2021-03-13 07:00:00,5,2021-03-13 12:00:00,379.32,39.8,3
2021-03-13 07:00:00,6,2021-03-13 13:00:00,379.34,42.0,3
2021-03-14 08:00:00,0,2021-03-14 08:00:00,379.41,49.0,3
2021-03-14 08:00:00,1,2021-03-14 09:00:00,379.39,47.0,3
2021-03-14 08:00:00,2,2021-03-14 10:00:00,379.36,44.6,3
2021-03-14 08:00:00,3,2021-03-14 11:00:00,379.44,52.6,3
2021-03-14 08:00:00,4,2021-03-14 12:00:00,379.49,59.2,3
2021-03-14 08:00:00,5,2021-03-14 13:00:00,379.48,57.6,3
2021-03-14 08:00:00,6,2021-03-14 14:00:00,379.45,54.2,3
2021-03-15 08:00:00,0,2021-03-15 08:00:00,379.35,42.7,3
2021-03-15 08:00:00,1,2021-03-15 09:00:00,379.35,42.8,3
2021-03-15 08:00:00,2,2021-03-15 10:00:00,379.33,41.5,3
2021-03-15 08:00:00,3,2021-03-15 11:00:00,379.33,40.6,3
2021-03-15 08:00:00,4,2021-03-15 12:00:00,379.33,41.3,3
2021-03-15 08:00:00,5,2021-03-15 13:00:00,379.4,48.9,3
2021-03-15 08:00:00,6,2021-03-15 14:00:00,379.42,50.4,3
2021-03-16 07:00:00,0,2021-03-16 07:00:00,379.4,48.5,3
2021-03-16 07:00:00,1,2021-03-16 08:00:00,379.39,47.8,3
2021-03-16 07:00:00,2,2021-03-16 09:00:00,379.36,44.1,3
2021-03-16 07:00:00,3,2021-03-16 10:00:00,379.35,43.3,3
2021-03-16 07:00:00,4,2021-03-16 11:00:00,379.33,41.4,3
2021-03-16 07:00:00,5,2021-03-16 12:00:00,379.33,41.1,3
2021-03-16 07:00:00,6,2021-03-16 13:00:00,379.39,47.8,3
2021-03-17 06:00:00,0,2021-03-17 06:00:00,379.33,40.7,3
2021-03-17 06:00:00,1,2021-03-17 07:00:00,379.32,39.9,3
2021-03-17 06:00:00,2,2021-03-17 08:00:00,379.32,40.3,3
2021-03-17 06:00:00,3,2021-03-17 09:00:00,379.3,38.3,3
2021-03-17 06:00:00,4,2021-03-17 10:00:00,379.31,38.7,3
2021-03-17 06:00:00,5,2021-03-17 11:00:00,379.32,40.3,3
2021-03-17 06:00:00,6,2021-03-17 12:00:00,379.33,41.3,3
2021-03-18 07:00:00,0,2021-03-18 07:00:00,379.41,50.1,3
2021-03-18 07:00:00,1,2021-03-18 08:00:00,379.41,49.1,3
2021-03-18 07:00:00,2,2021-03-18 09:00:00,379.4,48.0,3
2021-03-18 07:00:00,3,2021-03-18 10:00:00,379.38,46.1,3
2021-03-18 07:00:00,4,2021-03-18 11:00:00,379.38,46.4,3
2021-03-18 07:00:00,5,2021-03-18 12:00:00,379.37,45.1,3
2021-03-18 07:00:00,6,2021-03-18 13:00:00,379.38,46.5,3
2021-03-19 08:00:00,0,2021-03-19 08:00:00,379.31,39.3,3
2021-03-19 08:00:00,1,2021-03-19 09:00:00,379.3,37.6,3
2021-03-19 08:00:00,2,2021-03-19 10:00:00,379.3,37.8,3
2021-03-19 08:00:00,3,2021-03-19 11:00:00,379.3,38.2,3
2021-03-19 08:00:00,4,2021-03-19 12:00:00,379.3,38.2,3
2021-03-19 08:00:00,5,2021-03-19 13:00:00,379.3,38.2,3
2021-03-19 08:00:00,6,2021-03-19 14:00:00,379.34,42.0,3
2021-03-19 13:00:00,0,2021-03-19 13:00:00,379.3,37.7,3
2021-03-19 13:00:00,1,2021-03-19 14:00:00,379.3,38.2,3
2021-03-19 13:00:00,2,2021-03-19 15:00:00,379.29,37.3,3
2021-03-19 13:00:00,3,2021-03-19 16:00:00,379.29,37.2,3
2021-03-19 13:00:00,4,2021-03-19 17:00:00,379.3,38.0,3
2021-03-19 13:00:00,5,2021-03-19 18:00:00,379.3,37.6,3
2021-03-19 13:00:00,6,2021-03-19 19:00:00,379.29,37.4,3
2021-03-19 16:00:00,0,2021-03-19 16:00:00,379.33,40.9,3
2021-03-19 16:00:00,1,2021-03-19 17:00:00,379.33,41.4,3
2021-03-19 16:00:00,2,2021-03-19 18:00:00,379.33,40.8,3
2021-03-19 16:00:00,3,2021-03-19 19:00:00,379.32,40.2,3
2021-03-19 16:00:00,4,2021-03-19 20:00:00,379.31,38.8,3
2021-03-19 16:00:00,5,2021-03-19 21:00:00,379.31,38.7,3
2021-03-19 16:00:00,6,2021-03-19 22:00:00,379.31,38.6,3
2021-03-20 07:00:00,0,2021-03-20 07:00:00,379.29,36.7,3
2021-03-20 07:00:00,1,2021-03-20 08:00:00,379.28,36.1,3
2021-03-20 07:00:00,2,2021-03-20 09:00:00,379.28,36.2,3
2021-03-20 07:00:00,3,2021-03-20 10:00:00,379.28,35.5,3
2021-03-20 07:00:00,4,2021-03-20 11:00:00,379.28,35.8,3
2021-03-20 07:00:00,5,2021-03-20 12:00:00,379.28,36.3,3
2021-03-20 07:00:00,6,2021-03-20 13:00:00,379.3,37.6,3
2021-03-20 10:00:00,0,2021-03-20 10:00:00,379.36,44.4,3
2021-03-20 10:00:00,1,2021-03-20 11:00:00,379.35,43.2,3
2021-03-20 10:00:00,2,2021-03-20 12:00:00,379.31,38.7,3
2021-03-20 10:00:00,3,2021-03-20 13:00:00,379.27,34.8,3
2021-03-20 10:00:00,4,2021-03-20 14:00:00,379.28,36.0,3
2021-03-20 10:00:00,5,2021-03-20 15:00:00,379.25,33.5,3
2021-03-20 10:00:00,6,2021-03-20 16:00:00,379.25,33.2,3
2021-03-20 11:00:00,0,2021-03-20 11:00:00,379.35,43.2,3
2021-03-20 11:00:00,1,2021-03-20 12:00:00,379.31,38.7,3
2021-03-20 11:00:00,2,2021-03-20 13:00:00,379.27,34.8,3
2021-03-20 11:00:00,3,2021-03-20 14:00:00,379.28,36.0,3
2021-03-20 11:00:00,4,2021-03-20 15:00:00,379.25,33.5,3
2021-03-20 11:00:00,5,2021-03-20 16:00:00,379.25,33.2,3
2021-03-20 11:00:00,6,2021-03-20 17:00:00,379.26,34.2,3
2021-03-20 12:00:00,0,2021-03-20 12:00:00,379.32,40.4,3
2021-03-20 12:00:00,1,2021-03-20 13:00:00,379.31,38.9,3
2021-03-20 12:00:00,2,2021-03-20 14:00:00,379.27,34.8,3
2021-03-20 12:00:00,3,2021-03-20 15:00:00,379.24,32.4,3
2021-03-20 12:00:00,4,2021-03-20 16:00:00,379.24,32.2,3
2021-03-20 12:00:00,5,2021-03-20 17:00:00,379.25,33.3,3
2021-03-20 12:00:00,6,2021-03-20 18:00:00,379.25,33.1,3
2021-03-20 15:00:00,0,2021-03-20 15:00:00,379.34,42.5,3
2021-03-20 15:00:00,1,2021-03-20 16:00:00,379.36,44.1,3
2021-03-20 15:00:00,2,2021-03-20 17:00:00,379.32,39.6,3
2021-03-20 15:00:00,3,2021-03-20 18:00:00,379.24,32.3,3
2021-03-20 15:00:00,4,2021-03-20 19:00:00,379.24,32.5,3
2021-03-20 15:00:00,5,2021-03-20 20:00:00,379.22,30.8,3
2021-03-20 15:00:00,6,2021-03-20 21:00:00,379.22,30.8,3
2021-03-20 20:00:00,0,2021-03-20 20:00:00,379.31,38.7,3
2021-03-20 20:00:00,1,2021-03-20 21:00:00,379.22,30.4,3
2021-03-20 20:00:00,2,2021-03-20 22:00:00,379.23,31.3,3
2021-03-20 20:00:00,3,2021-03-20 23:00:00,379.24,31.9,3
2021-03-20 20:00:00,4,2021-03-21 00:00:00,379.24,32.0,3
2021-03-20 20:00:00,5,2021-03-21 01:00:00,379.24,32.2,3
2021-03-20 20:00:00,6,2021-03-21 02:00:00,379.23,31.6,3
2021-03-20 21:00:00,0,2021-03-20 21:00:00,379.34,42.4,3
2021-03-20 21:00:00,1,2021-03-20 22:00:00,379.34,41.5,3
2021-03-20 21:00:00,2,2021-03-20 23:00:00,379.29,36.8,3
2021-03-20 21:00:00,3,2021-03-21 00:00:00,379.22,30.9,3
2021-03-20 21:00:00,4,2021-03-21 01:00:00,379.23,31.2,3
2021-03-20 21:00:00,5,2021-03-21 02:00:00,379.22,30.9,3
2021-03-20 21:00:00,6,2021-03-21 03:00:00,379.22,30.6,3
2021-03-21 07:00:00,0,2021-03-21 07:00:00,379.21,29.9,3
2021-03-21 07:00:00,1,2021-03-21 08:00:00,379.22,30.1,3
2021-03-21 07:00:00,2,2021-03-21 09:00:00,379.22,30.1,3
2021-03-21 07:00:00,3,2021-03-21 10:00:00,379.23,30.9,3
2021-03-21 07:00:00,4,2021-03-21 11:00:00,379.23,31.4,3
2021-03-21 07:00:00,5,2021-03-21 12:00:00,379.24,31.8,3
2021-03-21 07:00:00,6,2021-03-21 13:00:00,379.23,31.7,3
2021-03-22 06:00:00,0,2021-03-22 06:00:00,379.21,29.9,3
2021-03-22 06:00:00,1,2021-03-22 07:00:00,379.21,29.9,3
2021-03-22 06:00:00,2,2021-03-22 08:00:00,379.22,30.1,3
2021-03-22 06:00:00,3,2021-03-22 09:00:00,379.22,30.2,3
2021-03-22 06:00:00,4,2021-03-22 10:00:00,379.22,30.2,3
2021-03-22 06:00:00,5,2021-03-22 11:00:00,379.23,31.2,3
2021-03-22 06:00:00,6,2021-03-22 12:00:00,379.24,32.1,3
2021-03-22 11:00:00,0,2021-03-22 11:00:00,379.3,38.2,3
2021-03-22 11:00:00,1,2021-03-22 12:00:00,379.28,36.2,3
2021-03-22 11:00:00,2,2021-03-22 13:00:00,379.22,30.8,3
2021-03-22 11:00:00,3,2021-03-22 14:00:00,379.22,30.9,3
2021-03-22 11:00:00,4,2021-03-22 15:00:00,379.23,30.9,3
2021-03-22 11:00:00,5,2021-03-22 16:00:00,379.22,30.8,3
2021-03-22 11:00:00,6,2021-03-22 17:00:00,379.24,32.2,3
2021-03-22 14:00:00,0,2021-03-22 14:00:00,379.28,35.8,3
2021-03-22 14:00:00,1,2021-03-22 15:00:00,379.22,30.0,3
2021-03-22 14:00:00,2,2021-03-22 16:00:00,379.22,30.3,3
2021-03-22 14:00:00,3,2021-03-22 17:00:00,379.24,32.0,3
2021-03-22 14:00:00,4,2021-03-22 18:00:00,379.25,32.9,3
2021-03-22 14:00:00,5,2021-03-22 19:00:00,379.25,33.0,3
2021-03-22 14:00:00,6,2021-03-22 20:00:00,379.24,32.5,3
2021-03-23 07:00:00,0,2021-03-23 07:00:00,379.21,29.2,3
2021-03-23 07:00:00,1,2021-03-23 08:00:00,379.22,30.0,3
2021-03-23 07:00:00,2,2021-03-23 09:00:00,379.22,30.1,3
2021-03-23 07:00:00,3,2021-03-23 10:00:00,379.21,29.6,3
2021-03-23 07:00:00,4,2021-03-23 11:00:00,379.21,29.5,3
2021-03-23 07:00:00,5,2021-03-23 12:00:00,379.23,31.5,3
2021-03-23 07:00:00,6,2021-03-23 13:00:00,379.23,31.6,3
2021-03-24 07:00:00,0,2021-03-24 07:00:00,379.21,29.8,3
2021-03-24 07:00:00,1,2021-03-24 08:00:00,379.22,30.8,3
2021-03-24 07:00:00,2,2021-03-24 09:00:00,379.22,30.3,3
2021-03-24 07:00:00,3,2021-03-24 10:00:00,379.24,32.0,3
2021-03-24 07:00:00,4,2021-03-24 11:00:00,379.23,31.6,3
2021-03-24 07:00:00,5,2021-03-24 12:00:00,379.23,31.4,3
2021-03-24 07:00:00,6,2021-03-24 13:00:00,379.23,31.5,3
2021-03-25 07:00:00,0,2021-03-25 07:00:00,379.24,32.3,3
2021-03-25 07:00:00,1,2021-03-25 08:00:00,379.25,33.2,3
2021-03-25 07:00:00,2,2021-03-25 09:00:00,379.26,34.1,3
2021-03-25 07:00:00,3,2021-03-25 10:00:00,379.26,34.4,3
2021-03-25 07:00:00,4,2021-03-25 11:00:00,379.26,34.4,3
2021-03-25 07:00:00,5,2021-03-25 12:00:00,379.27,35.4,3
2021-03-25 07:00:00,6,2021-03-25 13:00:00,379.29,36.6,3
2021-03-26 07:00:00,0,2021-03-26 07:00:00,379.28,36.2,3
2021-03-26 07:00:00,1,2021-03-26 08:00:00,379.28,36.4,3
2021-03-26 07:00:00,2,2021-03-26 09:00:00,379.3,37.5,3
2021-03-26 07:00:00,3,2021-03-26 10:00:00,379.3,37.7,3
2021-03-26 07:00:00,4,2021-03-26 11:00:00,379.3,38.3,3
2021-03-26 07:00:00,5,2021-03-26 12:00:00,379.3,38.2,3
2021-03-26 07:00:00,6,2021-03-26 13:00:00,379.37,45.7,3
2021-03-27 07:00:00,0,2021-03-27 07:00:00,379.51,60.9,3
2021-03-27 07:00:00,1,2021-03-27 08:00:00,379.55,66.0,3
2021-03-27 07:00:00,2,2021-03-27 09:00:00,379.57,68.1,3
2021-03-27 07:00:00,3,2021-03-27 10:00:00,379.84,101.7,3
2021-03-27 07:00:00,4,2021-03-27 11:00:00,379.92,111.9,3
2021-03-27 07:00:00,5,2021-03-27 12:00:00,379.91,109.7,3
2021-03-27 07:00:00,6,2021-03-27 13:00:00,379.87,104.7,3
2021-03-28 08:00:00,0,2021-03-28 08:00:00,379.47,56.6,3
2021-03-28 08:00:00,1,2021-03-28 09:00:00,379.47,56.2,3
2021-03-28 08:00:00,2,2021-03-28 10:00:00,379.43,51.8,3
2021-03-28 08:00:00,3,2021-03-28 11:00:00,379.42,50.7,3
2021-03-28 08:00:00,4,2021-03-28 12:00:00,379.47,56.6,3
2021-03-28 08:00:00,5,2021-03-28 13:00:00,379.48,57.8,3
2021-03-28 08:00:00,6,2021-03-28 14:00:00,379.46,55.8,3
2021-03-29 07:00:00,0,2021-03-29 07:00:00,379.36,44.0,3
2021-03-29 07:00:00,1,2021-03-29 08:00:00,379.36,44.2,3
2021-03-29 07:00:00,2,2021-03-29 09:00:00,379.36,43.9,3
2021-03-29 07:00:00,3,2021-03-29 10:00:00,379.37,45.2,3
2021-03-29 07:00:00,4,2021-03-29 11:00:00,379.37,44.8,3
2021-03-29 07:00:00,5,2021-03-29 12:00:00,379.36,44.6,3
2021-03-29 07:00:00,6,2021-03-29 13:00:00,379.39,47.8,3
2021-03-30 07:00:00,0,2021-03-30 07:00:00,379.35,42.8,3
2021-03-30 07:00:00,1,2021-03-30 08:00:00,379.36,44.6,3
2021-03-30 07:00:00,2,2021-03-30 09:00:00,379.38,46.5,3
2021-03-30 07:00:00,3,2021-03-30 10:00:00,379.38,46.0,3
2021-03-30 07:00:00,4,2021-03-30 11:00:00,379.37,45.7,3
2021-03-30 07:00:00,5,2021-03-30 12:00:00,379.38,46.7,3
2021-03-30 07:00:00,6,2021-03-30 13:00:00,379.42,51.0,3
2021-03-31 07:00:00,0,2021-03-31 07:00:00,379.4,48.7,3
2021-03-31 07:00:00,1,2021-03-31 08:00:00,379.44,53.4,3
2021-03-31 07:00:00,2,2021-03-31 09:00:00,379.44,52.9,3
2021-03-31 07:00:00,3,2021-03-31 10:00:00,379.45,54.1,3
2021-03-31 07:00:00,4,2021-03-31 11:00:00,379.47,56.9,3
2021-03-31 07:00:00,5,2021-03-31 12:00:00,379.48,57.0,3
2021-03-31 07:00:00,6,2021-03-31 13:00:00,379.47,56.3,3
2021-04-01 07:00:00,0,2021-04-01 07:00:00,379.53,63.5,3
2021-04-01 07:00:00,1,2021-04-01 08:00:00,379.56,66.7,3
2021-04-01 07:00:00,2,2021-04-01 09:00:00,379.53,63.9,3
2021-04-01 07:00:00,3,2021-04-01 10:00:00,379.52,61.7,3
2021-04-01 07:00:00,4,2021-04-01 11:00:00,379.52,61.6,3
2021-04-01 07:00:00,5,2021-04-01 12:00:00,379.54,64.0,3
2021-04-01 07:00:00,6,2021-04-01 13:00:00,379.54,64.7,3
2021-04-01 08:00:00,0,2021-04-01 08:00:00,379.56,66.7,3
2021-04-01 08:00:00,1,2021-04-01 09:00:00,379.53,63.9,3
2021-04-01 08:00:00,2,2021-04-01 10:00:00,379.52,61.7,3
2021-04-01 08:00:00,3,2021-04-01 11:00:00,379.52,61.6,3
2021-04-01 08:00:00,4,2021-04-01 12:00:00,379.54,64.0,3
2021-04-01 08:00:00,5,2021-04-01 13:00:00,379.54,64.7,3
2021-04-01 08:00:00,6,2021-04-01 14:00:00,379.53,63.1,3
2021-04-02 07:00:00,0,2021-04-02 07:00:00,379.57,68.6,3
2021-04-02 07:00:00,1,2021-04-02 08:00:00,379.57,68.0,3
2021-04-02 07:00:00,2,2021-04-02 09:00:00,379.6,71.8,3
2021-04-02 07:00:00,3,2021-04-02 10:00:00,379.61,72.4,3
2021-04-02 07:00:00,4,2021-04-02 11:00:00,379.57,68.6,3
2021-04-02 07:00:00,5,2021-04-02 12:00:00,379.59,69.8,3
2021-04-02 07:00:00,6,2021-04-02 13:00:00,379.6,71.3,3
2021-04-03 08:00:00,0,2021-04-03 08:00:00,379.6,71.7,3
2021-04-03 08:00:00,1,2021-04-03 09:00:00,379.62,74.2,3
2021-04-03 08:00:00,2,2021-04-03 10:00:00,379.6,71.6,3
2021-04-03 08:00:00,3,2021-04-03 11:00:00,379.58,69.4,3
2021-04-03 08:00:00,4,2021-04-03 12:00:00,379.57,67.7,3
2021-04-03 08:00:00,5,2021-04-03 13:00:00,379.59,70.8,3
2021-04-03 08:00:00,6,2021-04-03 14:00:00,379.59,70.7,3
2021-04-04 07:00:00,0,2021-04-04 07:00:00,379.5,60.0,3
2021-04-04 07:00:00,1,2021-04-04 08:00:00,379.5,60.1,3
2021-04-04 07:00:00,2,2021-04-04 09:00:00,379.52,61.7,3
2021-04-04 07:00:00,3,2021-04-04 10:00:00,379.53,63.2,3
2021-04-04 07:00:00,4,2021-04-04 11:00:00,379.51,61.1,3
2021-04-04 07:00:00,5,2021-04-04 12:00:00,379.49,59.0,3
2021-04-04 07:00:00,6,2021-04-04 13:00:00,379.51,60.7,3
2021-04-05 08:00:00,0,2021-04-05 08:00:00,379.42,51.0,3
2021-04-05 08:00:00,1,2021-04-05 09:00:00,379.46,55.5,3
2021-04-05 08:00:00,2,2021-04-05 10:00:00,379.47,55.8,3
2021-04-05 08:00:00,3,2021-04-05 11:00:00,379.46,54.9,3
2021-04-05 08:00:00,4,2021-04-05 12:00:00,379.44,53.4,3
2021-04-05 08:00:00,5,2021-04-05 13:00:00,379.43,51.4,3
2021-04-05 08:00:00,6,2021-04-05 14:00:00,379.44,52.5,3
2021-04-06 06:00:00,0,2021-04-06 06:00:00,379.4,48.2,3
2021-04-06 06:00:00,1,2021-04-06 07:00:00,379.4,48.3,3
2021-04-06 06:00:00,2,2021-04-06 08:00:00,379.39,47.8,3
2021-04-06 06:00:00,3,2021-04-06 09:00:00,379.4,48.4,3
2021-04-06 06:00:00,4,2021-04-06 10:00:00,379.43,51.5,3
2021-04-06 06:00:00,5,2021-04-06 11:00:00,379.41,50.1,3
2021-04-06 06:00:00,6,2021-04-06 12:00:00,379.39,47.8,3
2021-04-07 06:00:00,0,2021-04-07 06:00:00,379.34,41.7,3
2021-04-07 06:00:00,1,2021-04-07 07:00:00,379.34,42.2,3
2021-04-07 06:00:00,2,2021-04-07 08:00:00,379.34,41.6,3
2021-04-07 06:00:00,3,2021-04-07 09:00:00,379.32,40.2,3
2021-04-07 06:00:00,4,2021-04-07 10:00:00,379.33,40.7,3
2021-04-07 06:00:00,5,2021-04-07 11:00:00,379.36,43.7,3
2021-04-07 06:00:00,6,2021-04-07 12:00:00,379.34,41.8,3
2021-04-08 06:00:00,0,2021-04-08 06:00:00,379.29,37.4,3
2021-04-08 06:00:00,1,2021-04-08 07:00:00,379.31,39.3,3
2021-04-08 06:00:00,2,2021-04-08 08:00:00,379.3,37.5,3
2021-04-08 06:00:00,3,2021-04-08 09:00:00,379.32,40.1,3
2021-04-08 06:00:00,4,2021-04-08 10:00:00,379.27,34.8,3
2021-04-08 06:00:00,5,2021-04-08 11:00:00,379.25,33.2,3
2021-04-08 06:00:00,6,2021-04-08 12:00:00,379.29,36.8,3
2021-04-09 07:00:00,0,2021-04-09 07:00:00,379.26,33.8,3
2021-04-09 07:00:00,1,2021-04-09 08:00:00,379.26,34.1,3
2021-04-09 07:00:00,2,2021-04-09 09:00:00,379.24,32.6,3
2021-04-09 07:00:00,3,2021-04-09 10:00:00,379.24,32.2,3
2021-04-09 07:00:00,4,2021-04-09 11:00:00,379.24,31.8,3
2021-04-09 07:00:00,5,2021-04-09 12:00:00,379.24,32.1,3
2021-04-09 07:00:00,6,2021-04-09 13:00:00,379.27,35.0,3
2021-04-10 07:00:00,0,2021-04-10 07:00:00,379.22,30.6,3
2021-04-10 07:00:00,1,2021-04-10 08:00:00,379.24,32.3,3
2021-04-10 07:00:00,2,2021-04-10 09:00:00,379.24,31.8,3
2021-04-10 07:00:00,3,2021-04-10 10:00:00,379.24,32.7,3
2021-04-10 07:00:00,4,2021-04-10 11:00:00,379.23,31.4,3
2021-04-10 07:00:00,5,2021-04-10 12:00:00,379.22,30.5,3
2021-04-10 07:00:00,6,2021-04-10 13:00:00,379.25,32.7,3
2021-04-11 07:00:00,0,2021-04-11 07:00:00,379.21,29.7,3
2021-04-11 07:00:00,1,2021-04-11 08:00:00,379.22,30.1,3
2021-04-11 07:00:00,2,2021-04-11 09:00:00,379.22,30.4,3
2021-04-11 07:00:00,3,2021-04-11 10:00:00,379.23,31.0,3
2021-04-11 07:00:00,4,2021-04-11 11:00:00,379.23,31.3,3
2021-04-11 07:00:00,5,2021-04-11 12:00:00,379.23,31.6,3
2021-04-11 07:00:00,6,2021-04-11 13:00:00,379.24,32.3,3
2021-04-12 07:00:00,0,2021-04-12 07:00:00,379.54,64.7,3
2021-04-12 07:00:00,1,2021-04-12 08:00:00,379.58,68.7,3
2021-04-12 07:00:00,2,2021-04-12 09:00:00,379.6,71.4,3
2021-04-12 07:00:00,3,2021-04-12 10:00:00,379.56,66.9,3
2021-04-12 07:00:00,4,2021-04-12 11:00:00,379.56,67.0,3
2021-04-12 07:00:00,5,2021-04-12 12:00:00,379.56,66.4,3
2021-04-12 07:00:00,6,2021-04-12 13:00:00,379.52,61.7,3
2021-04-13 07:00:00,0,2021-04-13 07:00:00,379.37,45.7,3
2021-04-13 07:00:00,1,2021-04-13 08:00:00,379.37,45.3,3
2021-04-13 07:00:00,2,2021-04-13 09:00:00,379.36,44.1,3
2021-04-13 07:00:00,3,2021-04-13 10:00:00,379.36,44.3,3
2021-04-13 07:00:00,4,2021-04-13 11:00:00,379.37,44.7,3
2021-04-13 07:00:00,5,2021-04-13 12:00:00,379.38,45.8,3
2021-04-13 07:00:00,6,2021-04-13 13:00:00,379.36,43.6,3
2021-04-14 07:00:00,0,2021-04-14 07:00:00,379.3,38.2,3
2021-04-14 07:00:00,1,2021-04-14 08:00:00,379.29,37.3,3
2021-04-14 07:00:00,2,2021-04-14 09:00:00,379.3,37.6,3
2021-04-14 07:00:00,3,2021-04-14 10:00:00,379.28,36.4,3
2021-04-14 07:00:00,4,2021-04-14 11:00:00,379.3,37.9,3
2021-04-14 07:00:00,5,2021-04-14 12:00:00,379.28,36.0,3
2021-04-14 07:00:00,6,2021-04-14 13:00:00,379.28,35.9,3
2021-04-14 10:00:00,0,2021-04-14 10:00:00,379.28,36.4,3
2021-04-14 10:00:00,1,2021-04-14 11:00:00,379.3,37.9,3
2021-04-14 10:00:00,2,2021-04-14 12:00:00,379.28,36.0,3
2021-04-14 10:00:00,3,2021-04-14 13:00:00,379.28,35.9,3
2021-04-14 10:00:00,4,2021-04-14 14:00:00,379.32,39.8,3
2021-04-14 10:00:00,5,2021-04-14 15:00:00,379.3,37.6,3
2021-04-14 10:00:00,6,2021-04-14 16:00:00,379.29,37.4,3
2021-04-15 07:00:00,0,2021-04-15 07:00:00,379.19,28.1,3
2021-04-15 07:00:00,1,2021-04-15 08:00:00,379.24,32.0,3
2021-04-15 07:00:00,2,2021-04-15 09:00:00,379.24,32.5,3
2021-04-15 07:00:00,3,2021-04-15 10:00:00,379.23,31.5,3
2021-04-15 07:00:00,4,2021-04-15 11:00:00,379.23,31.5,3
2021-04-15 07:00:00,5,2021-04-15 12:00:00,379.23,31.3,3
2021-04-15 07:00:00,6,2021-04-15 13:00:00,379.23,31.5,3
2021-04-16 07:00:00,0,2021-04-16 07:00:00,379.2,28.7,3
2021-04-16 07:00:00,1,2021-04-16 08:00:00,379.2,28.9,3
2021-04-16 07:00:00,2,2021-04-16 09:00:00,379.2,28.8,3
2021-04-16 07:00:00,3,2021-04-16 10:00:00,379.21,29.2,3
2021-04-16 07:00:00,4,2021-04-16 11:00:00,379.21,29.2,3
2021-04-16 07:00:00,5,2021-04-16 12:00:00,379.21,29.5,3
2021-04-16 07:00:00,6,2021-04-16 13:00:00,379.21,29.2,3
2021-04-16 08:00:00,0,2021-04-16 08:00:00,379.2,28.9,3
2021-04-16 08:00:00,1,2021-04-16 09:00:00,379.2,28.8,3
2021-04-16 08:00:00,2,2021-04-16 10:00:00,379.21,29.2,3
2021-04-16 08:00:00,3,2021-04-16 11:00:00,379.21,29.2,3
2021-04-16 08:00:00,4,2021-04-16 12:00:00,379.21,29.5,3
2021-04-16 08:00:00,5,2021-04-16 13:00:00,379.21,29.2,3
2021-04-16 08:00:00,6,2021-04-16 14:00:00,379.22,30.0,3
2021-04-17 08:00:00,0,2021-04-17 08:00:00,379.19,28.1,3
2021-04-17 08:00:00,1,2021-04-17 09:00:00,379.2,28.6,3
2021-04-17 08:00:00,2,2021-04-17 10:00:00,379.2,28.5,3
2021-04-17 08:00:00,3,2021-04-17 11:00:00,379.2,28.5,3
2021-04-17 08:00:00,4,2021-04-17 12:00:00,379.2,28.6,3
2021-04-17 08:00:00,5,2021-04-17 13:00:00,379.2,28.7,3
2021-04-17 08:00:00,6,2021-04-17 14:00:00,379.21,29.8,3
2021-04-18 07:00:00,0,2021-04-18 07:00:00,379.19,28.0,3
2021-04-18 07:00:00,1,2021-04-18 08:00:00,379.19,28.1,3
2021-04-18 07:00:00,2,2021-04-18 09:00:00,379.19,28.2,3
2021-04-18 07:00:00,3,2021-04-18 10:00:00,379.2,28.7,3
2021-04-18 07:00:00,4,2021-04-18 11:00:00,379.2,28.4,3
2021-04-18 07:00:00,5,2021-04-18 12:00:00,379.2,28.4,3
2021-04-18 07:00:00,6,2021-04-18 13:00:00,379.2,28.4,3
2021-04-18 08:00:00,0,2021-04-18 08:00:00,379.19,28.1,3
2021-04-18 08:00:00,1,2021-04-18 09:00:00,379.19,28.2,3
2021-04-18 08:00:00,2,2021-04-18 10:00:00,379.2,28.7,3
2021-04-18 08:00:00,3,2021-04-18 11:00:00,379.2,28.4,3
2021-04-18 08:00:00,4,2021-04-18 12:00:00,379.2,28.4,3
2021-04-18 08:00:00,5,2021-04-18 13:00:00,379.2,28.4,3
2021-04-18 08:00:00,6,2021-04-18 14:00:00,379.2,28.4,3
2021-04-19 07:00:00,0,2021-04-19 07:00:00,379.17,26.4,3
2021-04-19 07:00:00,1,2021-04-19 08:00:00,379.17,26.3,3
2021-04-19 07:00:00,2,2021-04-19 09:00:00,379.17,26.4,3
2021-04-19 07:00:00,3,2021-04-19 10:00:00,379.18,27.0,3
2021-04-19 07:00:00,4,2021-04-19 11:00:00,379.18,27.1,3
2021-04-19 07:00:00,5,2021-04-19 12:00:00,379.18,27.1,3
2021-04-19 07:00:00,6,2021-04-19 13:00:00,379.18,27.0,3
2021-04-20 07:00:00,0,2021-04-20 07:00:00,379.16,26.2,3
2021-04-20 07:00:00,1,2021-04-20 08:00:00,379.17,26.9,3
2021-04-20 07:00:00,2,2021-04-20 09:00:00,379.18,27.1,3
2021-04-20 07:00:00,3,2021-04-20 10:00:00,379.17,26.8,3
2021-04-20 07:00:00,4,2021-04-20 11:00:00,379.17,26.9,3
2021-04-20 07:00:00,5,2021-04-20 12:00:00,379.18,27.1,3
2021-04-20 07:00:00,6,2021-04-20 13:00:00,379.17,26.5,3
2021-04-21 07:00:00,0,2021-04-21 07:00:00,379.17,26.4,3
2021-04-21 07:00:00,1,2021-04-21 08:00:00,379.17,26.6,3
2021-04-21 07:00:00,2,2021-04-21 09:00:00,379.17,26.8,3
2021-04-21 07:00:00,3,2021-04-21 10:00:00,379.18,27.2,3
2021-04-21 07:00:00,4,2021-04-21 11:00:00,379.18,27.2,3
2021-04-21 07:00:00,5,2021-04-21 12:00:00,379.18,27.2,3
2021-04-21 07:00:00,6,2021-04-21 13:00:00,379.18,27.3,3
2021-04-22 07:00:00,0,2021-04-22 07:00:00,379.18,27.2,3
2021-04-22 07:00:00,1,2021-04-22 08:00:00,379.18,27.0,3
2021-04-22 07:00:00,2,2021-04-22 09:00:00,379.18,27.0,3
2021-04-22 07:00:00,3,2021-04-22 10:00:00,379.18,27.2,3
2021-04-22 07:00:00,4,2021-04-22 11:00:00,379.17,27.0,3
2021-04-22 07:00:00,5,2021-04-22 12:00:00,379.18,27.5,3
2021-04-22 07:00:00,6,2021-04-22 13:00:00,379.18,27.5,3
2021-04-23 08:00:00,0,2021-04-23 08:00:00,379.17,26.6,3
2021-04-23 08:00:00,1,2021-04-23 09:00:00,379.17,26.6,3
2021-04-23 08:00:00,2,2021-04-23 10:00:00,379.17,26.9,3
2021-04-23 08:00:00,3,2021-04-23 11:00:00,379.18,27.2,3
2021-04-23 08:00:00,4,2021-04-23 12:00:00,379.18,27.0,3
2021-04-23 08:00:00,5,2021-04-23 13:00:00,379.18,27.1,3
2021-04-23 08:00:00,6,2021-04-23 14:00:00,379.17,26.8,3
2021-04-24 08:00:00,0,2021-04-24 08:00:00,379.19,28.4,3
2021-04-24 08:00:00,1,2021-04-24 09:00:00,379.2,28.7,3
2021-04-24 08:00:00,2,2021-04-24 10:00:00,379.2,29.2,3
2021-04-24 08:00:00,3,2021-04-24 11:00:00,379.2,29.0,3
2021-04-24 08:00:00,4,2021-04-24 12:00:00,379.22,30.5,3
2021-04-24 08:00:00,5,2021-04-24 13:00:00,379.26,33.6,3
2021-04-24 08:00:00,6,2021-04-24 14:00:00,379.24,31.8,3
2021-04-25 08:00:00,0,2021-04-25 08:00:00,379.3,37.2,3
2021-04-25 08:00:00,1,2021-04-25 09:00:00,379.29,36.9,3
2021-04-25 08:00:00,2,2021-04-25 10:00:00,379.32,38.8,3
2021-04-25 08:00:00,3,2021-04-25 11:00:00,379.35,42.3,3
2021-04-25 08:00:00,4,2021-04-25 12:00:00,379.33,40.1,3
2021-04-25 08:00:00,5,2021-04-25 13:00:00,379.33,39.7,3
2021-04-25 08:00:00,6,2021-04-25 14:00:00,379.34,40.7,3
2021-04-26 07:00:00,0,2021-04-26 07:00:00,379.36,43.2,3
2021-04-26 07:00:00,1,2021-04-26 08:00:00,379.36,43.3,3
2021-04-26 07:00:00,2,2021-04-26 09:00:00,379.4,47.6,3
2021-04-26 07:00:00,3,2021-04-26 10:00:00,379.43,50.9,3
2021-04-26 07:00:00,4,2021-04-26 11:00:00,379.44,51.5,3
2021-04-26 07:00:00,5,2021-04-26 12:00:00,379.46,53.3,3
2021-04-26 07:00:00,6,2021-04-26 13:00:00,379.47,54.8,3
2021-04-27 07:00:00,0,2021-04-27 07:00:00,379.41,47.8,3
2021-04-27 07:00:00,1,2021-04-27 08:00:00,379.43,50.2,3
2021-04-27 07:00:00,2,2021-04-27 09:00:00,379.46,53.9,3
2021-04-27 07:00:00,3,2021-04-27 10:00:00,379.45,52.7,3
2021-04-27 07:00:00,4,2021-04-27 11:00:00,379.44,51.8,3
2021-04-27 07:00:00,5,2021-04-27 12:00:00,379.44,51.5,3
2021-04-27 07:00:00,6,2021-04-27 13:00:00,379.46,53.9,3
2021-04-28 07:00:00,0,2021-04-28 07:00:00,379.5,58.4,3
2021-04-28 07:00:00,1,2021-04-28 08:00:00,379.54,63.4,3
2021-04-28 07:00:00,2,2021-04-28 09:00:00,379.54,62.5,3
2021-04-28 07:00:00,3,2021-04-28 10:00:00,379.56,65.2,3
2021-04-28 07:00:00,4,2021-04-28 11:00:00,379.6,69.7,3
2021-04-28 07:00:00,5,2021-04-28 12:00:00,379.63,73.0,3
2021-04-28 07:00:00,6,2021-04-28 13:00:00,379.63,73.3,3
2021-04-29 07:00:00,0,2021-04-29 07:00:00,379.83,98.8,3
2021-04-29 07:00:00,1,2021-04-29 08:00:00,379.84,99.0,3
2021-04-29 07:00:00,2,2021-04-29 09:00:00,379.91,107.9,3
2021-04-29 07:00:00,3,2021-04-29 10:00:00,379.94,112.7,3
2021-04-29 07:00:00,4,2021-04-29 11:00:00,379.95,113.7,3
2021-04-29 07:00:00,5,2021-04-29 12:00:00,379.93,111.1,3
2021-04-29 07:00:00,6,2021-04-29 13:00:00,379.92,109.4,3
2021-04-30 07:00:00,0,2021-04-30 07:00:00,379.74,87.3,3
2021-04-30 07:00:00,1,2021-04-30 08:00:00,379.73,85.3,3
2021-04-30 07:00:00,2,2021-04-30 09:00:00,379.72,84.0,3
2021-04-30 07:00:00,3,2021-04-30 10:00:00,379.69,80.8,3
2021-04-30 07:00:00,4,2021-04-30 11:00:00,379.71,83.3,3
2021-04-30 07:00:00,5,2021-04-30 12:00:00,379.71,83.7,3
2021-04-30 07:00:00,6,2021-04-30 13:00:00,379.71,83.0,3
2021-04-30 10:00:00,0,2021-04-30 10:00:00,379.69,80.8,3
2021-04-30 10:00:00,1,2021-04-30 11:00:00,379.71,83.3,3
2021-04-30 10:00:00,2,2021-04-30 12:00:00,379.71,83.7,3
2021-04-30 10:00:00,3,2021-04-30 13:00:00,379.71,83.0,3
2021-04-30 10:00:00,4,2021-04-30 14:00:00,379.69,81.2,3
2021-04-30 10:00:00,5,2021-04-30 15:00:00,379.69,81.0,3
2021-04-30 10:00:00,6,2021-04-30 16:00:00,379.68,79.7,3
2021-04-30 21:00:00,0,2021-04-30 21:00:00,379.64,74.4,3
2021-04-30 21:00:00,1,2021-04-30 22:00:00,379.64,74.8,3
2021-04-30 21:00:00,2,2021-04-30 23:00:00,379.63,73.5,3
2021-04-30 21:00:00,3,2021-05-01 00:00:00,379.58,68.1,3
2021-04-30 21:00:00,4,2021-05-01 01:00:00,379.59,69.2,3
2021-04-30 21:00:00,5,2021-05-01 02:00:00,379.72,84.6,3
2021-04-30 21:00:00,6,2021-05-01 03:00:00,379.73,85.3,3
2021-05-01 07:00:00,0,2021-05-01 07:00:00,379.65,75.5,3
2021-05-01 07:00:00,1,2021-05-01 08:00:00,379.65,75.4,3
2021-05-01 07:00:00,2,2021-05-01 09:00:00,379.65,75.4,3
2021-05-01 07:00:00,3,2021-05-01 10:00:00,379.65,75.6,3
2021-05-01 07:00:00,4,2021-05-01 11:00:00,379.66,77.4,3
2021-05-01 07:00:00,5,2021-05-01 12:00:00,379.66,77.6,3
2021-05-01 07:00:00,6,2021-05-01 13:00:00,379.65,75.7,3
2021-05-01 19:00:00,0,2021-05-01 19:00:00,379.7,81.7,3
2021-05-01 19:00:00,1,2021-05-01 20:00:00,379.74,86.6,3
2021-05-01 19:00:00,2,2021-05-01 21:00:00,379.81,95.1,3
2021-05-01 19:00:00,3,2021-05-01 22:00:00,379.96,115.4,3
2021-05-01 19:00:00,4,2021-05-01 23:00:00,380.04,125.3,3
2021-05-01 19:00:00,5,2021-05-02 00:00:00,380.07,130.3,3
2021-05-01 19:00:00,6,2021-05-02 01:00:00,380.08,130.9,3
2021-05-02 08:00:00,0,2021-05-02 08:00:00,379.84,98.9,3
2021-05-02 08:00:00,1,2021-05-02 09:00:00,379.8,93.8,3
2021-05-02 08:00:00,2,2021-05-02 10:00:00,379.83,98.0,3
2021-05-02 08:00:00,3,2021-05-02 11:00:00,379.83,98.3,3
2021-05-02 08:00:00,4,2021-05-02 12:00:00,379.79,92.5,3
2021-05-02 08:00:00,5,2021-05-02 13:00:00,379.77,90.6,3
2021-05-02 08:00:00,6,2021-05-02 14:00:00,379.74,87.1,3
2021-05-03 08:00:00,0,2021-05-03 08:00:00,379.6,69.3,3
2021-05-03 08:00:00,1,2021-05-03 09:00:00,379.59,69.0,3
2021-05-03 08:00:00,2,2021-05-03 10:00:00,379.59,68.9,3
2021-05-03 08:00:00,3,2021-05-03 11:00:00,379.58,67.5,3
2021-05-03 08:00:00,4,2021-05-03 12:00:00,379.56,65.2,3
2021-05-03 08:00:00,5,2021-05-03 13:00:00,379.54,63.3,3
2021-05-03 08:00:00,6,2021-05-03 14:00:00,379.55,63.5,3
2021-05-04 08:00:00,0,2021-05-04 08:00:00,379.49,57.1,3
2021-05-04 08:00:00,1,2021-05-04 09:00:00,379.48,55.6,3
2021-05-04 08:00:00,2,2021-05-04 10:00:00,379.49,57.5,3
2021-05-04 08:00:00,3,2021-05-04 11:00:00,379.49,57.2,3
2021-05-04 08:00:00,4,2021-05-04 12:00:00,379.48,56.5,3
2021-05-04 08:00:00,5,2021-05-04 13:00:00,379.48,55.5,3
2021-05-04 08:00:00,6,2021-05-04 14:00:00,379.47,54.4,3
2021-05-05 07:00:00,0,2021-05-05 07:00:00,379.49,56.6,3
2021-05-05 07:00:00,1,2021-05-05 08:00:00,379.51,59.0,3
2021-05-05 07:00:00,2,2021-05-05 09:00:00,379.52,60.8,3
2021-05-05 07:00:00,3,2021-05-05 10:00:00,379.54,63.4,3
2021-05-05 07:00:00,4,2021-05-05 11:00:00,379.62,72.7,3
2021-05-05 07:00:00,5,2021-05-05 12:00:00,379.65,76.1,3
2021-05-05 07:00:00,6,2021-05-05 13:00:00,379.69,80.6,3
2021-05-06 08:00:00,0,2021-05-06 08:00:00,379.62,71.7,3
2021-05-06 08:00:00,1,2021-05-06 09:00:00,379.6,69.3,3
2021-05-06 08:00:00,2,2021-05-06 10:00:00,379.6,69.4,3
2021-05-06 08:00:00,3,2021-05-06 11:00:00,379.59,68.9,3
2021-05-06 08:00:00,4,2021-05-06 12:00:00,379.58,68.0,3
2021-05-06 08:00:00,5,2021-05-06 13:00:00,379.58,67.4,3
2021-05-06 08:00:00,6,2021-05-06 14:00:00,379.57,66.3,3
2021-05-07 08:00:00,0,2021-05-07 08:00:00,381.55,392.9,3
2021-05-07 08:00:00,1,2021-05-07 09:00:00,381.51,386.0,3
2021-05-07 08:00:00,2,2021-05-07 10:00:00,381.49,381.4,3
2021-05-07 08:00:00,3,2021-05-07 11:00:00,381.36,351.6,3
2021-05-07 08:00:00,4,2021-05-07 12:00:00,381.2,319.1,3
2021-05-07 08:00:00,5,2021-05-07 13:00:00,381.08,295.5,3
2021-05-07 08:00:00,6,2021-05-07 14:00:00,380.98,275.8,3
2021-05-08 08:00:00,0,2021-05-08 08:00:00,380.23,152.1,3
2021-05-08 08:00:00,1,2021-05-08 09:00:00,380.2,147.9,3
2021-05-08 08:00:00,2,2021-05-08 10:00:00,380.21,149.1,3
2021-05-08 08:00:00,3,2021-05-08 11:00:00,380.18,145.4,3
2021-05-08 08:00:00,4,2021-05-08 12:00:00,380.16,142.2,3
2021-05-08 08:00:00,5,2021-05-08 13:00:00,380.14,139.4,3
2021-05-08 08:00:00,6,2021-05-08 14:00:00,380.12,137.3,3
2021-05-08 11:00:00,0,2021-05-08 11:00:00,380.23,152.6,3
2021-05-08 11:00:00,1,2021-05-08 12:00:00,380.11,136.1,3
2021-05-08 11:00:00,2,2021-05-08 13:00:00,380.09,133.0,3
2021-05-08 11:00:00,3,2021-05-08 14:00:00,380.08,130.8,3
2021-05-08 11:00:00,4,2021-05-08 15:00:00,380.05,126.9,3
2021-05-08 11:00:00,5,2021-05-08 16:00:00,380.04,125.5,3
2021-05-08 11:00:00,6,2021-05-08 17:00:00,380.05,126.7,3
2021-05-08 15:00:00,0,2021-05-08 15:00:00,380.05,127.4,3
2021-05-08 15:00:00,1,2021-05-08 16:00:00,380.0,120.2,3
2021-05-08 15:00:00,2,2021-05-08 17:00:00,379.98,118.3,3
2021-05-08 15:00:00,3,2021-05-08 18:00:00,380.03,124.4,3
2021-05-08 15:00:00,4,2021-05-08 19:00:00,380.02,123.0,3
2021-05-08 15:00:00,5,2021-05-08 20:00:00,380.0,120.7,3
2021-05-08 15:00:00,6,2021-05-08 21:00:00,379.99,118.7,3
2021-05-08 19:00:00,0,2021-05-08 19:00:00,379.95,113.3,3
2021-05-08 19:00:00,1,2021-05-08 20:00:00,379.95,114.1,3
2021-05-08 19:00:00,2,2021-05-08 21:00:00,379.94,112.8,3
2021-05-08 19:00:00,3,2021-05-08 22:00:00,379.99,119.5,3
2021-05-08 19:00:00,4,2021-05-08 23:00:00,379.99,118.7,3
2021-05-08 19:00:00,5,2021-05-09 00:00:00,379.97,116.4,3
2021-05-08 19:00:00,6,2021-05-09 01:00:00,379.97,115.8,3
2021-05-09 07:00:00,0,2021-05-09 07:00:00,379.93,111.2,3
2021-05-09 07:00:00,1,2021-05-09 08:00:00,379.91,108.7,3
2021-05-09 07:00:00,2,2021-05-09 09:00:00,379.9,106.7,3
2021-05-09 07:00:00,3,2021-05-09 10:00:00,379.89,106.3,3
2021-05-09 07:00:00,4,2021-05-09 11:00:00,379.92,110.2,3
2021-05-09 07:00:00,5,2021-05-09 12:00:00,379.89,106.3,3
2021-05-09 07:00:00,6,2021-05-09 13:00:00,379.88,104.8,3
2021-05-09 13:00:00,0,2021-05-09 13:00:00,379.96,115.3,3
2021-05-09 13:00:00,1,2021-05-09 14:00:00,379.83,98.2,3
2021-05-09 13:00:00,2,2021-05-09 15:00:00,379.82,97.2,3
2021-05-09 13:00:00,3,2021-05-09 16:00:00,379.8,94.4,3
2021-05-09 13:00:00,4,2021-05-09 17:00:00,379.79,93.1,3
2021-05-09 13:00:00,5,2021-05-09 18:00:00,379.78,91.4,3
2021-05-09 13:00:00,6,2021-05-09 19:00:00,379.81,95.4,3
2021-05-09 21:00:00,0,2021-05-09 21:00:00,379.88,104.7,3
2021-05-09 21:00:00,1,2021-05-09 22:00:00,379.89,105.4,3
2021-05-09 21:00:00,2,2021-05-09 23:00:00,379.89,105.4,3
2021-05-09 21:00:00,3,2021-05-10 00:00:00,379.91,107.9,3
2021-05-09 21:00:00,4,2021-05-10 01:00:00,379.87,103.6,3
2021-05-09 21:00:00,5,2021-05-10 02:00:00,379.84,99.1,3
2021-05-09 21:00:00,6,2021-05-10 03:00:00,379.85,100.3,3
2021-05-10 07:00:00,0,2021-05-10 07:00:00,379.91,109.0,3
2021-05-10 07:00:00,1,2021-05-10 08:00:00,379.89,106.4,3
2021-05-10 07:00:00,2,2021-05-10 09:00:00,379.89,105.3,3
2021-05-10 07:00:00,3,2021-05-10 10:00:00,379.89,105.3,3
2021-05-10 07:00:00,4,2021-05-10 11:00:00,379.9,107.7,3
2021-05-10 07:00:00,5,2021-05-10 12:00:00,379.95,113.9,3
2021-05-10 07:00:00,6,2021-05-10 13:00:00,379.96,115.5,3
2021-05-10 16:00:00,0,2021-05-10 16:00:00,380.11,135.7,3
2021-05-10 16:00:00,1,2021-05-10 17:00:00,379.99,118.5,3
2021-05-10 16:00:00,2,2021-05-10 18:00:00,380.02,123.7,3
2021-05-10 16:00:00,3,2021-05-10 19:00:00,380.08,131.4,3
2021-05-10 16:00:00,4,2021-05-10 20:00:00,380.18,145.0,3
2021-05-10 16:00:00,5,2021-05-10 21:00:00,380.3,162.4,3
2021-05-10 16:00:00,6,2021-05-10 22:00:00,380.34,169.5,3
2021-05-10 21:00:00,0,2021-05-10 21:00:00,380.13,138.7,3
2021-05-10 21:00:00,1,2021-05-10 22:00:00,380.16,142.9,3
2021-05-10 21:00:00,2,2021-05-10 23:00:00,380.17,143.8,3
2021-05-10 21:00:00,3,2021-05-11 00:00:00,380.18,145.5,3
2021-05-10 21:00:00,4,2021-05-11 01:00:00,380.31,163.7,3
2021-05-10 21:00:00,5,2021-05-11 02:00:00,380.32,166.6,3
2021-05-10 21:00:00,6,2021-05-11 03:00:00,380.3,163.4,3
2021-05-11 00:00:00,0,2021-05-11 00:00:00,380.15,140.8,3
2021-05-11 00:00:00,1,2021-05-11 01:00:00,380.15,140.4,3
2021-05-11 00:00:00,2,2021-05-11 02:00:00,380.14,139.2,3
2021-05-11 00:00:00,3,2021-05-11 03:00:00,380.13,137.7,3
2021-05-11 00:00:00,4,2021-05-11 04:00:00,380.12,137.4,3
2021-05-11 00:00:00,5,2021-05-11 05:00:00,380.19,146.8,3
2021-05-11 00:00:00,6,2021-05-11 06:00:00,380.24,153.3,3
2021-05-11 07:00:00,0,2021-05-11 07:00:00,380.08,130.7,3
2021-05-11 07:00:00,1,2021-05-11 08:00:00,380.1,133.4,3
2021-05-11 07:00:00,2,2021-05-11 09:00:00,380.09,132.3,3
2021-05-11 07:00:00,3,2021-05-11 10:00:00,380.15,140.8,3
2021-05-11 07:00:00,4,2021-05-11 11:00:00,380.16,142.5,3
2021-05-11 07:00:00,5,2021-05-11 12:00:00,380.18,145.8,3
2021-05-11 07:00:00,6,2021-05-11 13:00:00,380.2,148.5,3
2021-05-11 11:00:00,0,2021-05-11 11:00:00,380.16,142.2,3
2021-05-11 11:00:00,1,2021-05-11 12:00:00,380.09,132.9,3
2021-05-11 11:00:00,2,2021-05-11 13:00:00,380.1,133.9,3
2021-05-11 11:00:00,3,2021-05-11 14:00:00,380.07,130.2,3
2021-05-11 11:00:00,4,2021-05-11 15:00:00,380.18,145.8,3
2021-05-11 11:00:00,5,2021-05-11 16:00:00,380.24,154.3,3
2021-05-11 11:00:00,6,2021-05-11 17:00:00,380.24,154.2,3
2021-05-11 14:00:00,0,2021-05-11 14:00:00,380.01,121.8,3
2021-05-11 14:00:00,1,2021-05-11 15:00:00,380.01,121.7,3
2021-05-11 14:00:00,2,2021-05-11 16:00:00,380.0,119.8,3
2021-05-11 14:00:00,3,2021-05-11 17:00:00,380.02,123.0,3
2021-05-11 14:00:00,4,2021-05-11 18:00:00,380.21,150.3,3
2021-05-11 14:00:00,5,2021-05-11 19:00:00,380.21,149.9,3
2021-05-11 14:00:00,6,2021-05-11 20:00:00,380.2,148.8,3
2021-05-11 17:00:00,0,2021-05-11 17:00:00,379.98,117.4,3
2021-05-11 17:00:00,1,2021-05-11 18:00:00,379.99,118.9,3
2021-05-11 17:00:00,2,2021-05-11 19:00:00,380.02,123.0,3
2021-05-11 17:00:00,3,2021-05-11 20:00:00,380.04,126.3,3
2021-05-11 17:00:00,4,2021-05-11 21:00:00,380.17,143.8,3
2021-05-11 17:00:00,5,2021-05-11 22:00:00,380.21,150.2,3
2021-05-11 17:00:00,6,2021-05-11 23:00:00,380.22,151.5,3
2021-05-12 07:00:00,0,2021-05-12 07:00:00,380.09,132.8,3
2021-05-12 07:00:00,1,2021-05-12 08:00:00,380.08,131.5,3
2021-05-12 07:00:00,2,2021-05-12 09:00:00,380.07,130.4,3
2021-05-12 07:00:00,3,2021-05-12 10:00:00,380.1,134.2,3
2021-05-12 07:00:00,4,2021-05-12 11:00:00,380.09,133.2,3
2021-05-12 07:00:00,5,2021-05-12 12:00:00,380.09,132.4,3
2021-05-12 07:00:00,6,2021-05-12 13:00:00,380.05,126.9,3
2021-05-13 08:00:00,0,2021-05-13 08:00:00,379.8,93.8,3
2021-05-13 08:00:00,1,2021-05-13 09:00:00,379.79,93.5,3
2021-05-13 08:00:00,2,2021-05-13 10:00:00,379.83,98.4,3
2021-05-13 08:00:00,3,2021-05-13 11:00:00,379.86,102.2,3
2021-05-13 08:00:00,4,2021-05-13 12:00:00,379.86,102.1,3
2021-05-13 08:00:00,5,2021-05-13 13:00:00,379.84,99.8,3
2021-05-13 08:00:00,6,2021-05-13 14:00:00,379.85,100.9,3
2021-05-14 07:00:00,0,2021-05-14 07:00:00,379.62,71.9,3
2021-05-14 07:00:00,1,2021-05-14 08:00:00,379.61,71.4,3
2021-05-14 07:00:00,2,2021-05-14 09:00:00,379.63,72.9,3
2021-05-14 07:00:00,3,2021-05-14 10:00:00,379.62,72.2,3
2021-05-14 07:00:00,4,2021-05-14 11:00:00,379.63,73.5,3
2021-05-14 07:00:00,5,2021-05-14 12:00:00,379.68,79.8,3
2021-05-14 07:00:00,6,2021-05-14 13:00:00,379.7,82.1,3
2021-05-15 07:00:00,0,2021-05-15 07:00:00,379.52,60.9,3
2021-05-15 07:00:00,1,2021-05-15 08:00:00,379.54,62.3,3
2021-05-15 07:00:00,2,2021-05-15 09:00:00,379.54,62.8,3
2021-05-15 07:00:00,3,2021-05-15 10:00:00,379.54,62.3,3
2021-05-15 07:00:00,4,2021-05-15 11:00:00,379.55,63.8,3
2021-05-15 07:00:00,5,2021-05-15 12:00:00,379.61,70.8,3
2021-05-15 07:00:00,6,2021-05-15 13:00:00,379.63,73.2,3
2021-05-15 18:00:00,0,2021-05-15 18:00:00,379.51,59.9,3
2021-05-15 18:00:00,1,2021-05-15 19:00:00,379.53,61.3,3
2021-05-15 18:00:00,2,2021-05-15 20:00:00,379.56,64.8,3
2021-05-15 18:00:00,3,2021-05-15 21:00:00,379.58,67.6,3
2021-05-15 18:00:00,4,2021-05-15 22:00:00,379.63,72.9,3
2021-05-15 18:00:00,5,2021-05-15 23:00:00,379.74,86.7,3
2021-05-15 18:00:00,6,2021-05-16 00:00:00,379.82,96.7,3
2021-05-16 07:00:00,0,2021-05-16 07:00:00,379.85,100.8,3
2021-05-16 07:00:00,1,2021-05-16 08:00:00,379.88,104.9,3
2021-05-16 07:00:00,2,2021-05-16 09:00:00,380.08,131.9,3
2021-05-16 07:00:00,3,2021-05-16 10:00:00,380.14,139.0,3
2021-05-16 07:00:00,4,2021-05-16 11:00:00,380.1,133.8,3
2021-05-16 07:00:00,5,2021-05-16 12:00:00,380.05,127.2,3
2021-05-16 07:00:00,6,2021-05-16 13:00:00,380.0,120.3,3
2021-05-16 19:00:00,0,2021-05-16 19:00:00,379.97,117.0,3
2021-05-16 19:00:00,1,2021-05-16 20:00:00,380.0,120.2,3
2021-05-16 19:00:00,2,2021-05-16 21:00:00,380.14,139.5,3
2021-05-16 19:00:00,3,2021-05-16 22:00:00,380.2,148.1,3
2021-05-16 19:00:00,4,2021-05-16 23:00:00,380.27,158.4,3
2021-05-16 19:00:00,5,2021-05-17 00:00:00,380.33,166.8,3
2021-05-16 19:00:00,6,2021-05-17 01:00:00,380.37,173.1,3
2021-05-17 07:00:00,0,2021-05-17 07:00:00,381.45,372.0,3
2021-05-17 07:00:00,1,2021-05-17 08:00:00,381.37,353.5,3
2021-05-17 07:00:00,2,2021-05-17 09:00:00,381.19,316.7,3
2021-05-17 07:00:00,3,2021-05-17 10:00:00,381.07,292.9,3
2021-05-17 07:00:00,4,2021-05-17 11:00:00,380.97,274.5,3
2021-05-17 07:00:00,5,2021-05-17 12:00:00,380.87,256.8,3
2021-05-17 07:00:00,6,2021-05-17 13:00:00,380.78,240.0,3
2021-05-17 14:00:00,0,2021-05-17 14:00:00,380.61,211.9,3
2021-05-17 14:00:00,1,2021-05-17 15:00:00,380.61,212.0,3
2021-05-17 14:00:00,2,2021-05-17 16:00:00,380.49,191.8,3
2021-05-17 14:00:00,3,2021-05-17 17:00:00,380.39,176.5,3
2021-05-17 14:00:00,4,2021-05-17 18:00:00,380.37,173.8,3
2021-05-17 14:00:00,5,2021-05-17 19:00:00,380.38,175.0,3
2021-05-17 14:00:00,6,2021-05-17 20:00:00,380.36,171.6,3
2021-05-18 08:00:00,0,2021-05-18 08:00:00,380.36,171.9,3
2021-05-18 08:00:00,1,2021-05-18 09:00:00,380.45,186.4,3
2021-05-18 08:00:00,2,2021-05-18 10:00:00,380.45,185.4,3
2021-05-18 08:00:00,3,2021-05-18 11:00:00,380.41,179.3,3
2021-05-18 08:00:00,4,2021-05-18 12:00:00,380.39,176.7,3
2021-05-18 08:00:00,5,2021-05-18 13:00:00,380.36,171.5,3
2021-05-18 08:00:00,6,2021-05-18 14:00:00,380.33,166.8,3
2021-05-19 07:00:00,0,2021-05-19 07:00:00,380.15,141.2,3
2021-05-19 07:00:00,1,2021-05-19 08:00:00,380.11,135.1,3
2021-05-19 07:00:00,2,2021-05-19 09:00:00,380.09,132.4,3
2021-05-19 07:00:00,3,2021-05-19 10:00:00,380.13,137.8,3
2021-05-19 07:00:00,4,2021-05-19 11:00:00,380.14,140.4,3
2021-05-19 07:00:00,5,2021-05-19 12:00:00,380.13,137.6,3
2021-05-19 07:00:00,6,2021-05-19 13:00:00,380.09,133.0,3
2021-05-20 07:00:00,0,2021-05-20 07:00:00,380.03,124.2,3
2021-05-20 07:00:00,1,2021-05-20 08:00:00,380.01,121.2,3
2021-05-20 07:00:00,2,2021-05-20 09:00:00,379.98,117.1,3
2021-05-20 07:00:00,3,2021-05-20 10:00:00,380.01,122.2,3
2021-05-20 07:00:00,4,2021-05-20 11:00:00,380.02,123.3,3
2021-05-20 07:00:00,5,2021-05-20 12:00:00,380.01,121.7,3
2021-05-20 07:00:00,6,2021-05-20 13:00:00,379.98,118.1,3
2021-05-21 07:00:00,0,2021-05-21 07:00:00,379.69,80.7,3
2021-05-21 07:00:00,1,2021-05-21 08:00:00,379.7,81.5,3
2021-05-21 07:00:00,2,2021-05-21 09:00:00,379.7,81.9,3
2021-05-21 07:00:00,3,2021-05-21 10:00:00,379.74,87.1,3
2021-05-21 07:00:00,4,2021-05-21 11:00:00,379.8,94.0,3
2021-05-21 07:00:00,5,2021-05-21 12:00:00,379.79,93.4,3
2021-05-21 07:00:00,6,2021-05-21 13:00:00,379.8,94.3,3
2021-05-21 09:00:00,0,2021-05-21 09:00:00,379.7,81.9,3
2021-05-21 09:00:00,1,2021-05-21 10:00:00,379.74,87.1,3
2021-05-21 09:00:00,2,2021-05-21 11:00:00,379.8,94.0,3
2021-05-21 09:00:00,3,2021-05-21 12:00:00,379.79,93.4,3
2021-05-21 09:00:00,4,2021-05-21 13:00:00,379.8,94.3,3
2021-05-21 09:00:00,5,2021-05-21 14:00:00,379.8,94.0,3
2021-05-21 09:00:00,6,2021-05-21 15:00:00,379.79,92.7,3
2021-05-21 17:00:00,0,2021-05-21 17:00:00,379.66,76.6,3
2021-05-21 17:00:00,1,2021-05-21 18:00:00,379.65,76.1,3
2021-05-21 17:00:00,2,2021-05-21 19:00:00,379.67,78.3,3
2021-05-21 17:00:00,3,2021-05-21 20:00:00,379.72,84.2,3
2021-05-21 17:00:00,4,2021-05-21 21:00:00,379.91,109.0,3
2021-05-21 17:00:00,5,2021-05-21 22:00:00,380.06,128.8,3
2021-05-21 17:00:00,6,2021-05-21 23:00:00,380.19,147.0,3
2021-05-22 08:00:00,0,2021-05-22 08:00:00,380.7,227.3,3
2021-05-22 08:00:00,1,2021-05-22 09:00:00,380.74,232.6,3
2021-05-22 08:00:00,2,2021-05-22 10:00:00,380.59,208.1,3
2021-05-22 08:00:00,3,2021-05-22 11:00:00,380.51,195.2,3
2021-05-22 08:00:00,4,2021-05-22 12:00:00,380.48,190.8,3
2021-05-22 08:00:00,5,2021-05-22 13:00:00,380.44,183.6,3
2021-05-22 08:00:00,6,2021-05-22 14:00:00,380.36,171.7,3
2021-05-23 07:00:00,0,2021-05-23 07:00:00,379.99,118.7,3
2021-05-23 07:00:00,1,2021-05-23 08:00:00,380.07,129.7,3
2021-05-23 07:00:00,2,2021-05-23 09:00:00,380.23,152.3,3
2021-05-23 07:00:00,3,2021-05-23 10:00:00,380.26,157.0,3
2021-05-23 07:00:00,4,2021-05-23 11:00:00,380.22,151.2,3
2021-05-23 07:00:00,5,2021-05-23 12:00:00,380.16,143.2,3
2021-05-23 07:00:00,6,2021-05-23 13:00:00,380.16,142.2,3
2021-05-24 08:00:00,0,2021-05-24 08:00:00,379.93,111.4,3
2021-05-24 08:00:00,1,2021-05-24 09:00:00,379.91,107.9,3
2021-05-24 08:00:00,2,2021-05-24 10:00:00,379.9,107.7,3
2021-05-24 08:00:00,3,2021-05-24 11:00:00,379.94,111.8,3
2021-05-24 08:00:00,4,2021-05-24 12:00:00,379.93,111.0,3
2021-05-24 08:00:00,5,2021-05-24 13:00:00,379.92,109.6,3
2021-05-24 08:00:00,6,2021-05-24 14:00:00,379.9,107.6,3
2021-05-25 07:00:00,0,2021-05-25 07:00:00,379.9,106.9,3
2021-05-25 07:00:00,1,2021-05-25 08:00:00,379.91,108.7,3
2021-05-25 07:00:00,2,2021-05-25 09:00:00,380.03,123.9,3
2021-05-25 07:00:00,3,2021-05-25 10:00:00,380.11,135.1,3
2021-05-25 07:00:00,4,2021-05-25 11:00:00,380.08,131.6,3
2021-05-25 07:00:00,5,2021-05-25 12:00:00,380.05,126.5,3
2021-05-25 07:00:00,6,2021-05-25 13:00:00,380.0,120.0,3
2021-05-26 07:00:00,0,2021-05-26 07:00:00,379.73,86.2,3
2021-05-26 07:00:00,1,2021-05-26 08:00:00,379.74,86.4,3
2021-05-26 07:00:00,2,2021-05-26 09:00:00,379.72,84.8,3
2021-05-26 07:00:00,3,2021-05-26 10:00:00,379.74,86.6,3
2021-05-26 07:00:00,4,2021-05-26 11:00:00,379.78,91.4,3
2021-05-26 07:00:00,5,2021-05-26 12:00:00,379.81,95.3,3
2021-05-26 07:00:00,6,2021-05-26 13:00:00,379.79,93.1,3
2021-05-27 07:00:00,0,2021-05-27 07:00:00,379.73,85.3,3
2021-05-27 07:00:00,1,2021-05-27 08:00:00,379.73,86.0,3
2021-05-27 07:00:00,2,2021-05-27 09:00:00,379.73,85.6,3
2021-05-27 07:00:00,3,2021-05-27 10:00:00,379.71,83.4,3
2021-05-27 07:00:00,4,2021-05-27 11:00:00,379.74,86.5,3
2021-05-27 07:00:00,5,2021-05-27 12:00:00,379.79,93.3,3
2021-05-27 07:00:00,6,2021-05-27 13:00:00,379.78,92.3,3
2021-05-28 07:00:00,0,2021-05-28 07:00:00,379.74,86.3,3
2021-05-28 07:00:00,1,2021-05-28 08:00:00,379.73,85.9,3
2021-05-28 07:00:00,2,2021-05-28 09:00:00,379.72,84.7,3
2021-05-28 07:00:00,3,2021-05-28 10:00:00,379.75,88.0,3
2021-05-28 07:00:00,4,2021-05-28 11:00:00,379.78,91.3,3
2021-05-28 07:00:00,5,2021-05-28 12:00:00,379.76,89.2,3
2021-05-28 07:00:00,6,2021-05-28 13:00:00,379.77,91.0,3
2021-05-29 08:00:00,0,2021-05-29 08:00:00,379.69,80.4,3
2021-05-29 08:00:00,1,2021-05-29 09:00:00,379.7,81.4,3
2021-05-29 08:00:00,2,2021-05-29 10:00:00,379.7,81.8,3
2021-05-29 08:00:00,3,2021-05-29 11:00:00,379.74,86.5,3
2021-05-29 08:00:00,4,2021-05-29 12:00:00,379.78,92.1,3
2021-05-29 08:00:00,5,2021-05-29 13:00:00,379.76,89.6,3
2021-05-29 08:00:00,6,2021-05-29 14:00:00,379.78,91.3,3
2021-05-30 07:00:00,0,2021-05-30 07:00:00,379.7,82.3,3
2021-05-30 07:00:00,1,2021-05-30 08:00:00,379.69,81.1,3
2021-05-30 07:00:00,2,2021-05-30 09:00:00,379.7,81.6,3
2021-05-30 07:00:00,3,2021-05-30 10:00:00,379.7,82.2,3
2021-05-30 07:00:00,4,2021-05-30 11:00:00,379.73,86.1,3
2021-05-30 07:00:00,5,2021-05-30 12:00:00,379.78,91.6,3
2021-05-30 07:00:00,6,2021-05-30 13:00:00,379.77,91.1,3
2021-05-31 07:00:00,0,2021-05-31 07:00:00,379.72,84.7,3
2021-05-31 07:00:00,1,2021-05-31 08:00:00,379.72,83.9,3
2021-05-31 07:00:00,2,2021-05-31 09:00:00,379.72,83.9,3
2021-05-31 07:00:00,3,2021-05-31 10:00:00,379.75,87.6,3
2021-05-31 07:00:00,4,2021-05-31 11:00:00,379.79,92.6,3
2021-05-31 07:00:00,5,2021-05-31 12:00:00,379.79,93.6,3
2021-05-31 07:00:00,6,2021-05-31 13:00:00,379.79,93.4,3
2021-06-01 07:00:00,0,2021-06-01 07:00:00,379.78,92.1,3
2021-06-01 07:00:00,1,2021-06-01 08:00:00,379.8,93.9,3
2021-06-01 07:00:00,2,2021-06-01 09:00:00,379.79,93.0,3
2021-06-01 07:00:00,3,2021-06-01 10:00:00,379.77,90.2,3
2021-06-01 07:00:00,4,2021-06-01 11:00:00,379.78,91.6,3
2021-06-01 07:00:00,5,2021-06-01 12:00:00,379.82,97.1,3
2021-06-01 07:00:00,6,2021-06-01 13:00:00,379.8,94.8,3
2021-06-02 08:00:00,0,2021-06-02 08:00:00,379.86,101.8,3
2021-06-02 08:00:00,1,2021-06-02 09:00:00,379.9,107.4,3
2021-06-02 08:00:00,2,2021-06-02 10:00:00,379.9,106.8,3
2021-06-02 08:00:00,3,2021-06-02 11:00:00,379.99,119.5,3
2021-06-02 08:00:00,4,2021-06-02 12:00:00,379.97,116.3,3
2021-06-02 08:00:00,5,2021-06-02 13:00:00,379.94,111.8,3
2021-06-02 08:00:00,6,2021-06-02 14:00:00,379.91,108.2,3
2021-06-03 08:00:00,0,2021-06-03 08:00:00,379.84,99.3,3
2021-06-03 08:00:00,1,2021-06-03 09:00:00,379.78,92.2,3
2021-06-03 08:00:00,2,2021-06-03 10:00:00,379.83,98.1,3
2021-06-03 08:00:00,3,2021-06-03 11:00:00,379.9,107.3,3
2021-06-03 08:00:00,4,2021-06-03 12:00:00,379.9,107.2,3
2021-06-03 08:00:00,5,2021-06-03 13:00:00,379.89,106.4,3
2021-06-03 08:00:00,6,2021-06-03 14:00:00,379.87,103.2,3
2021-06-04 07:00:00,0,2021-06-04 07:00:00,380.0,120.5,3
2021-06-04 07:00:00,1,2021-06-04 08:00:00,379.98,117.4,3
2021-06-04 07:00:00,2,2021-06-04 09:00:00,379.96,115.0,3
2021-06-04 07:00:00,3,2021-06-04 10:00:00,379.95,114.4,3
2021-06-04 07:00:00,4,2021-06-04 11:00:00,380.01,122.3,3
2021-06-04 07:00:00,5,2021-06-04 12:00:00,379.99,119.2,3
2021-06-04 07:00:00,6,2021-06-04 13:00:00,379.97,116.1,3
2021-06-04 23:00:00,0,2021-06-04 23:00:00,379.98,117.2,3
2021-06-04 23:00:00,1,2021-06-05 00:00:00,380.07,129.8,3
2021-06-04 23:00:00,2,2021-06-05 01:00:00,380.18,145.2,3
2021-06-04 23:00:00,3,2021-06-05 02:00:00,380.36,172.4,3
2021-06-04 23:00:00,4,2021-06-05 03:00:00,380.57,204.1,3
2021-06-04 23:00:00,5,2021-06-05 04:00:00,380.7,227.0,3
2021-06-04 23:00:00,6,2021-06-05 05:00:00,380.73,232.3,3
2021-06-05 07:00:00,0,2021-06-05 07:00:00,380.81,244.9,3
2021-06-05 07:00:00,1,2021-06-05 08:00:00,380.79,242.4,3
2021-06-05 07:00:00,2,2021-06-05 09:00:00,380.8,244.1,3
2021-06-05 07:00:00,3,2021-06-05 10:00:00,380.79,241.8,3
2021-06-05 07:00:00,4,2021-06-05 11:00:00,380.8,243.4,3
2021-06-05 07:00:00,5,2021-06-05 12:00:00,380.72,229.8,3
2021-06-05 07:00:00,6,2021-06-05 13:00:00,380.66,219.5,3
2021-06-06 07:00:00,0,2021-06-06 07:00:00,380.37,174.0,3
2021-06-06 07:00:00,1,2021-06-06 08:00:00,380.32,166.2,3
2021-06-06 07:00:00,2,2021-06-06 09:00:00,380.29,161.8,3
2021-06-06 07:00:00,3,2021-06-06 10:00:00,380.26,157.2,3
2021-06-06 07:00:00,4,2021-06-06 11:00:00,380.24,153.7,3
2021-06-06 07:00:00,5,2021-06-06 12:00:00,380.21,150.3,3
2021-06-06 07:00:00,6,2021-06-06 13:00:00,380.18,144.7,3
2021-06-07 07:00:00,0,2021-06-07 07:00:00,380.04,126.1,3
2021-06-07 07:00:00,1,2021-06-07 08:00:00,380.08,130.8,3
2021-06-07 07:00:00,2,2021-06-07 09:00:00,380.0,120.6,3
2021-06-07 07:00:00,3,2021-06-07 10:00:00,380.05,127.7,3
2021-06-07 07:00:00,4,2021-06-07 11:00:00,380.09,132.9,3
2021-06-07 07:00:00,5,2021-06-07 12:00:00,380.07,129.8,3
2021-06-07 07:00:00,6,2021-06-07 13:00:00,380.04,125.2,3
2021-06-07 13:00:00,0,2021-06-07 13:00:00,380.11,135.4,3
2021-06-07 13:00:00,1,2021-06-07 14:00:00,380.01,121.8,3
2021-06-07 13:00:00,2,2021-06-07 15:00:00,379.99,118.4,3
2021-06-07 13:00:00,3,2021-06-07 16:00:00,379.96,114.8,3
2021-06-07 13:00:00,4,2021-06-07 17:00:00,379.94,112.3,3
2021-06-07 13:00:00,5,2021-06-07 18:00:00,379.96,115.4,3
2021-06-07 13:00:00,6,2021-06-07 19:00:00,380.04,125.5,3
2021-06-07 17:00:00,0,2021-06-07 17:00:00,379.97,115.7,3
2021-06-07 17:00:00,1,2021-06-07 18:00:00,379.98,117.1,3
2021-06-07 17:00:00,2,2021-06-07 19:00:00,379.95,113.9,3
2021-06-07 17:00:00,3,2021-06-07 20:00:00,379.91,108.4,3
2021-06-07 17:00:00,4,2021-06-07 21:00:00,380.02,123.2,3
2021-06-07 17:00:00,5,2021-06-07 22:00:00,380.08,131.0,3
2021-06-07 17:00:00,6,2021-06-07 23:00:00,380.06,128.1,3
2021-06-08 06:00:00,0,2021-06-08 06:00:00,380.19,146.2,3
2021-06-08 06:00:00,1,2021-06-08 07:00:00,380.2,148.4,3
2021-06-08 06:00:00,2,2021-06-08 08:00:00,380.22,150.4,3
2021-06-08 06:00:00,3,2021-06-08 09:00:00,380.2,147.9,3
2021-06-08 06:00:00,4,2021-06-08 10:00:00,380.24,153.4,3
2021-06-08 06:00:00,5,2021-06-08 11:00:00,380.22,151.6,3
2021-06-08 06:00:00,6,2021-06-08 12:00:00,380.18,144.9,3
2021-06-08 16:00:00,0,2021-06-08 16:00:00,380.11,135.7,3
2021-06-08 16:00:00,1,2021-06-08 17:00:00,380.02,122.7,3
2021-06-08 16:00:00,2,2021-06-08 18:00:00,380.0,120.1,3
2021-06-08 16:00:00,3,2021-06-08 19:00:00,379.99,118.5,3
2021-06-08 16:00:00,4,2021-06-08 20:00:00,379.92,109.4,3
2021-06-08 16:00:00,5,2021-06-08 21:00:00,380.04,125.5,3
2021-06-08 16:00:00,6,2021-06-08 22:00:00,380.08,131.2,3
2021-06-09 07:00:00,0,2021-06-09 07:00:00,380.11,136.0,3
2021-06-09 07:00:00,1,2021-06-09 08:00:00,380.11,135.4,3
2021-06-09 07:00:00,2,2021-06-09 09:00:00,380.08,130.8,3
2021-06-09 07:00:00,3,2021-06-09 10:00:00,380.12,136.6,3
2021-06-09 07:00:00,4,2021-06-09 11:00:00,380.13,138.9,3
2021-06-09 07:00:00,5,2021-06-09 12:00:00,380.11,135.5,3
2021-06-09 07:00:00,6,2021-06-09 13:00:00,380.09,132.5,3
2021-06-09 14:00:00,0,2021-06-09 14:00:00,380.03,124.9,3
2021-06-09 14:00:00,1,2021-06-09 15:00:00,380.02,122.5,3
2021-06-09 14:00:00,2,2021-06-09 16:00:00,379.99,118.7,3
2021-06-09 14:00:00,3,2021-06-09 17:00:00,379.99,118.8,3
2021-06-09 14:00:00,4,2021-06-09 18:00:00,380.0,120.3,3
2021-06-09 14:00:00,5,2021-06-09 19:00:00,380.05,127.5,3
2021-06-09 14:00:00,6,2021-06-09 20:00:00,380.03,124.9,3
2021-06-10 07:00:00,0,2021-06-10 07:00:00,380.33,166.7,3
2021-06-10 07:00:00,1,2021-06-10 08:00:00,380.33,167.1,3
2021-06-10 07:00:00,2,2021-06-10 09:00:00,380.3,163.0,3
2021-06-10 07:00:00,3,2021-06-10 10:00:00,380.3,162.3,3
2021-06-10 07:00:00,4,2021-06-10 11:00:00,380.28,160.0,3
2021-06-10 07:00:00,5,2021-06-10 12:00:00,380.25,154.8,3
2021-06-10 07:00:00,6,2021-06-10 13:00:00,380.23,152.1,3
2021-06-11 08:00:00,0,2021-06-11 08:00:00,380.19,147.4,3
2021-06-11 08:00:00,1,2021-06-11 09:00:00,380.14,139.2,3
2021-06-11 08:00:00,2,2021-06-11 10:00:00,380.13,138.2,3
2021-06-11 08:00:00,3,2021-06-11 11:00:00,380.18,144.9,3
2021-06-11 08:00:00,4,2021-06-11 12:00:00,380.18,144.6,3
2021-06-11 08:00:00,5,2021-06-11 13:00:00,380.08,131.4,3
2021-06-11 08:00:00,6,2021-06-11 14:00:00,380.07,130.2,3
2021-06-12 08:00:00,0,2021-06-12 08:00:00,380.16,143.1,3
2021-06-12 08:00:00,1,2021-06-12 09:00:00,380.14,140.1,3
2021-06-12 08:00:00,2,2021-06-12 10:00:00,380.09,133.1,3
2021-06-12 08:00:00,3,2021-06-12 11:00:00,380.15,140.4,3
2021-06-12 08:00:00,4,2021-06-12 12:00:00,380.11,135.0,3
2021-06-12 08:00:00,5,2021-06-12 13:00:00,380.05,127.8,3
2021-06-12 08:00:00,6,2021-06-12 14:00:00,380.03,124.9,3
2021-06-13 08:00:00,0,2021-06-13 08:00:00,380.11,135.6,3
2021-06-13 08:00:00,1,2021-06-13 09:00:00,380.13,138.1,3
2021-06-13 08:00:00,2,2021-06-13 10:00:00,380.11,135.5,3
2021-06-13 08:00:00,3,2021-06-13 11:00:00,380.13,138.3,3
2021-06-13 08:00:00,4,2021-06-13 12:00:00,380.1,134.0,3
2021-06-13 08:00:00,5,2021-06-13 13:00:00,380.05,126.5,3
2021-06-13 08:00:00,6,2021-06-13 14:00:00,380.02,122.6,3
2021-06-14 08:00:00,0,2021-06-14 08:00:00,380.2,148.1,3
2021-06-14 08:00:00,1,2021-06-14 09:00:00,380.21,149.8,3
2021-06-14 08:00:00,2,2021-06-14 10:00:00,380.18,145.5,3
2021-06-14 08:00:00,3,2021-06-14 11:00:00,380.17,143.6,3
2021-06-14 08:00:00,4,2021-06-14 12:00:00,380.12,137.5,3
2021-06-14 08:00:00,5,2021-06-14 13:00:00,380.06,128.9,3
2021-06-14 08:00:00,6,2021-06-14 14:00:00,380.04,125.5,3
2021-06-15 07:00:00,0,2021-06-15 07:00:00,380.32,165.8,3
2021-06-15 07:00:00,1,2021-06-15 08:00:00,380.28,160.1,3
2021-06-15 07:00:00,2,2021-06-15 09:00:00,380.25,155.0,3
2021-06-15 07:00:00,3,2021-06-15 10:00:00,380.19,146.9,3
2021-06-15 07:00:00,4,2021-06-15 11:00:00,380.19,146.5,3
2021-06-15 07:00:00,5,2021-06-15 12:00:00,380.16,142.2,3
2021-06-15 07:00:00,6,2021-06-15 13:00:00,380.09,132.9,3
2021-06-16 07:00:00,0,2021-06-16 07:00:00,380.25,156.1,3
2021-06-16 07:00:00,1,2021-06-16 08:00:00,380.23,153.2,3
2021-06-16 07:00:00,2,2021-06-16 09:00:00,380.19,146.5,3
2021-06-16 07:00:00,3,2021-06-16 10:00:00,380.13,138.2,3
2021-06-16 07:00:00,4,2021-06-16 11:00:00,380.15,140.6,3
2021-06-16 07:00:00,5,2021-06-16 12:00:00,380.13,138.8,3
2021-06-16 07:00:00,6,2021-06-16 13:00:00,380.07,130.0,3
2021-06-17 07:00:00,0,2021-06-17 07:00:00,380.35,169.8,3
2021-06-17 07:00:00,1,2021-06-17 08:00:00,380.33,167.5,3
2021-06-17 07:00:00,2,2021-06-17 09:00:00,380.25,155.0,3
2021-06-17 07:00:00,3,2021-06-17 10:00:00,380.21,149.4,3
2021-06-17 07:00:00,4,2021-06-17 11:00:00,380.16,142.8,3
2021-06-17 07:00:00,5,2021-06-17 12:00:00,380.1,134.0,3
2021-06-17 07:00:00,6,2021-06-17 13:00:00,380.14,139.5,3
2021-06-18 07:00:00,0,2021-06-18 07:00:00,380.24,154.1,3
2021-06-18 07:00:00,1,2021-06-18 08:00:00,380.24,154.1,3
2021-06-18 07:00:00,2,2021-06-18 09:00:00,380.25,155.3,3
2021-06-18 07:00:00,3,2021-06-18 10:00:00,380.16,142.4,3
2021-06-18 07:00:00,4,2021-06-18 11:00:00,380.12,137.2,3
2021-06-18 07:00:00,5,2021-06-18 12:00:00,380.13,138.5,3
2021-06-18 07:00:00,6,2021-06-18 13:00:00,380.12,136.8,3
2021-06-19 07:00:00,0,2021-06-19 07:00:00,380.28,159.3,3
2021-06-19 07:00:00,1,2021-06-19 08:00:00,380.25,155.6,3
2021-06-19 07:00:00,2,2021-06-19 09:00:00,380.22,151.4,3
2021-06-19 07:00:00,3,2021-06-19 10:00:00,380.17,143.6,3
2021-06-19 07:00:00,4,2021-06-19 11:00:00,380.13,137.9,3
2021-06-19 07:00:00,5,2021-06-19 12:00:00,380.13,138.6,3
2021-06-19 07:00:00,6,2021-06-19 13:00:00,380.12,136.8,3
2021-06-19 11:00:00,0,2021-06-19 11:00:00,380.13,137.9,3
2021-06-19 11:00:00,1,2021-06-19 12:00:00,380.13,138.6,3
2021-06-19 11:00:00,2,2021-06-19 13:00:00,380.12,136.8,3
2021-06-19 11:00:00,3,2021-06-19 14:00:00,380.13,138.7,3
2021-06-19 11:00:00,4,2021-06-19 15:00:00,380.14,139.9,3
2021-06-19 11:00:00,5,2021-06-19 16:00:00,380.13,137.9,3
2021-06-19 11:00:00,6,2021-06-19 17:00:00,380.11,136.1,3
2021-06-20 07:00:00,0,2021-06-20 07:00:00,380.39,176.5,3
2021-06-20 07:00:00,1,2021-06-20 08:00:00,380.33,166.6,3
2021-06-20 07:00:00,2,2021-06-20 09:00:00,380.29,160.7,3
2021-06-20 07:00:00,3,2021-06-20 10:00:00,380.28,160.1,3
2021-06-20 07:00:00,4,2021-06-20 11:00:00,380.27,158.6,3
2021-06-20 07:00:00,5,2021-06-20 12:00:00,380.29,161.8,3
2021-06-20 07:00:00,6,2021-06-20 13:00:00,380.31,164.1,3
2021-06-20 16:00:00,0,2021-06-20 16:00:00,380.12,137.2,3
2021-06-20 16:00:00,1,2021-06-20 17:00:00,380.11,135.0,3
2021-06-20 16:00:00,2,2021-06-20 18:00:00,380.08,131.9,3
2021-06-20 16:00:00,3,2021-06-20 19:00:00,380.01,122.2,3
2021-06-20 16:00:00,4,2021-06-20 20:00:00,380.02,122.5,3
2021-06-20 16:00:00,5,2021-06-20 21:00:00,380.03,124.2,3
2021-06-20 16:00:00,6,2021-06-20 22:00:00,380.06,129.0,3
2021-06-20 21:00:00,0,2021-06-20 21:00:00,380.01,121.2,3
2021-06-20 21:00:00,1,2021-06-20 22:00:00,380.04,125.7,3
2021-06-20 21:00:00,2,2021-06-20 23:00:00,380.1,134.6,3
2021-06-20 21:00:00,3,2021-06-21 00:00:00,380.15,140.8,3
2021-06-20 21:00:00,4,2021-06-21 01:00:00,380.17,144.0,3
2021-06-20 21:00:00,5,2021-06-21 02:00:00,380.19,147.3,3
2021-06-20 21:00:00,6,2021-06-21 03:00:00,380.22,150.6,3
2021-06-21 09:00:00,0,2021-06-21 09:00:00,380.54,199.8,3
2021-06-21 09:00:00,1,2021-06-21 10:00:00,380.52,197.1,3
2021-06-21 09:00:00,2,2021-06-21 11:00:00,380.5,194.1,3
2021-06-21 09:00:00,3,2021-06-21 12:00:00,380.48,190.2,3
2021-06-21 09:00:00,4,2021-06-21 13:00:00,380.46,187.4,3
2021-06-21 09:00:00,5,2021-06-21 14:00:00,380.44,183.9,3
2021-06-21 09:00:00,6,2021-06-21 15:00:00,380.41,179.4,3
2021-06-21 11:00:00,0,2021-06-21 11:00:00,380.48,189.8,3
2021-06-21 11:00:00,1,2021-06-21 12:00:00,380.5,193.4,3
2021-06-21 11:00:00,2,2021-06-21 13:00:00,380.38,174.4,3
2021-06-21 11:00:00,3,2021-06-21 14:00:00,380.32,165.2,3
2021-06-21 11:00:00,4,2021-06-21 15:00:00,380.28,159.4,3
2021-06-21 11:00:00,5,2021-06-21 16:00:00,380.24,154.1,3
2021-06-21 11:00:00,6,2021-06-21 17:00:00,380.2,148.4,3
2021-06-22 08:00:00,0,2021-06-22 08:00:00,380.2,147.5,3
2021-06-22 08:00:00,1,2021-06-22 09:00:00,380.19,147.1,3
2021-06-22 08:00:00,2,2021-06-22 10:00:00,380.19,146.6,3
2021-06-22 08:00:00,3,2021-06-22 11:00:00,380.16,142.3,3
2021-06-22 08:00:00,4,2021-06-22 12:00:00,380.16,142.5,3
2021-06-22 08:00:00,5,2021-06-22 13:00:00,380.14,140.2,3
2021-06-22 08:00:00,6,2021-06-22 14:00:00,380.24,153.3,3
2021-06-22 16:00:00,0,2021-06-22 16:00:00,380.21,150.0,3
2021-06-22 16:00:00,1,2021-06-22 17:00:00,380.15,141.1,3
2021-06-22 16:00:00,2,2021-06-22 18:00:00,380.13,138.1,3
2021-06-22 16:00:00,3,2021-06-22 19:00:00,380.1,133.8,3
2021-06-22 16:00:00,4,2021-06-22 20:00:00,380.07,129.2,3
2021-06-22 16:00:00,5,2021-06-22 21:00:00,380.07,130.4,3
2021-06-22 16:00:00,6,2021-06-22 22:00:00,380.05,127.4,3
2021-06-23 07:00:00,0,2021-06-23 07:00:00,380.18,144.8,3
2021-06-23 07:00:00,1,2021-06-23 08:00:00,380.21,150.0,3
2021-06-23 07:00:00,2,2021-06-23 09:00:00,380.23,151.9,3
2021-06-23 07:00:00,3,2021-06-23 10:00:00,380.2,147.8,3
2021-06-23 07:00:00,4,2021-06-23 11:00:00,380.17,143.3,3
2021-06-23 07:00:00,5,2021-06-23 12:00:00,380.16,141.9,3
2021-06-23 07:00:00,6,2021-06-23 13:00:00,380.13,138.3,3
2021-06-23 14:00:00,0,2021-06-23 14:00:00,380.14,139.4,3
2021-06-23 14:00:00,1,2021-06-23 15:00:00,380.1,134.3,3
2021-06-23 14:00:00,2,2021-06-23 16:00:00,380.07,130.4,3
2021-06-23 14:00:00,3,2021-06-23 17:00:00,380.06,128.1,3
2021-06-23 14:00:00,4,2021-06-23 18:00:00,380.01,122.4,3
2021-06-23 14:00:00,5,2021-06-23 19:00:00,379.99,118.7,3
2021-06-23 14:00:00,6,2021-06-23 20:00:00,380.0,120.0,3
2021-06-23 17:00:00,0,2021-06-23 17:00:00,380.06,128.0,3
2021-06-23 17:00:00,1,2021-06-23 18:00:00,380.01,121.6,3
2021-06-23 17:00:00,2,2021-06-23 19:00:00,379.96,115.5,3
2021-06-23 17:00:00,3,2021-06-23 20:00:00,379.96,115.1,3
2021-06-23 17:00:00,4,2021-06-23 21:00:00,379.96,114.8,3
2021-06-23 17:00:00,5,2021-06-23 22:00:00,379.97,116.4,3
2021-06-23 17:00:00,6,2021-06-23 23:00:00,380.0,120.6,3
2021-06-24 00:00:00,0,2021-06-24 00:00:00,380.16,142.8,3
2021-06-24 00:00:00,1,2021-06-24 01:00:00,380.19,146.4,3
2021-06-24 00:00:00,2,2021-06-24 02:00:00,380.19,146.8,3
2021-06-24 00:00:00,3,2021-06-24 03:00:00,380.34,169.1,3
2021-06-24 00:00:00,4,2021-06-24 04:00:00,380.48,190.9,3
2021-06-24 00:00:00,5,2021-06-24 05:00:00,380.51,194.5,3
2021-06-24 00:00:00,6,2021-06-24 06:00:00,380.61,211.6,3
2021-06-24 07:00:00,0,2021-06-24 07:00:00,380.38,174.2,3
2021-06-24 07:00:00,1,2021-06-24 08:00:00,380.33,167.3,3
2021-06-24 07:00:00,2,2021-06-24 09:00:00,380.28,160.2,3
2021-06-24 07:00:00,3,2021-06-24 10:00:00,380.26,156.8,3
2021-06-24 07:00:00,4,2021-06-24 11:00:00,380.23,152.5,3
2021-06-24 07:00:00,5,2021-06-24 12:00:00,380.2,148.5,3
2021-06-24 07:00:00,6,2021-06-24 13:00:00,380.17,143.4,3
2021-06-24 16:00:00,0,2021-06-24 16:00:00,380.22,151.4,3
2021-06-24 16:00:00,1,2021-06-24 17:00:00,380.25,155.9,3
2021-06-24 16:00:00,2,2021-06-24 18:00:00,380.14,140.2,3
2021-06-24 16:00:00,3,2021-06-24 19:00:00,380.17,144.0,3
2021-06-24 16:00:00,4,2021-06-24 20:00:00,380.18,145.0,3
2021-06-24 16:00:00,5,2021-06-24 21:00:00,380.17,143.8,3
2021-06-24 16:00:00,6,2021-06-24 22:00:00,380.24,154.1,3
2021-06-24 22:00:00,0,2021-06-24 22:00:00,380.18,147.0,3
2021-06-24 22:00:00,1,2021-06-24 23:00:00,380.13,140.5,3
2021-06-24 22:00:00,2,2021-06-25 00:00:00,380.27,160.5,3
2021-06-24 22:00:00,3,2021-06-25 01:00:00,380.41,182.1,3
2021-06-24 22:00:00,4,2021-06-25 02:00:00,380.46,189.9,3
2021-06-24 22:00:00,5,2021-06-25 03:00:00,380.43,184.9,3
2021-06-24 22:00:00,6,2021-06-25 04:00:00,380.37,176.3,3
2021-06-24 23:00:00,0,2021-06-24 23:00:00,380.13,140.5,3
2021-06-24 23:00:00,1,2021-06-25 00:00:00,380.27,160.5,3
2021-06-24 23:00:00,2,2021-06-25 01:00:00,380.41,182.1,3
2021-06-24 23:00:00,3,2021-06-25 02:00:00,380.46,189.9,3
2021-06-24 23:00:00,4,2021-06-25 03:00:00,380.43,184.9,3
2021-06-24 23:00:00,5,2021-06-25 04:00:00,380.37,176.3,3
2021-06-24 23:00:00,6,2021-06-25 05:00:00,380.31,166.1,3
2021-06-25 07:00:00,0,2021-06-25 07:00:00,380.27,160.5,3
2021-06-25 07:00:00,1,2021-06-25 08:00:00,380.25,157.7,3
2021-06-25 07:00:00,2,2021-06-25 09:00:00,380.24,155.8,3
2021-06-25 07:00:00,3,2021-06-25 10:00:00,380.22,152.6,3
2021-06-25 07:00:00,4,2021-06-25 11:00:00,380.2,149.3,3
2021-06-25 07:00:00,5,2021-06-25 12:00:00,380.18,147.1,3
2021-06-25 07:00:00,6,2021-06-25 13:00:00,380.15,142.5,3
2021-06-25 15:00:00,0,2021-06-25 15:00:00,380.04,127.5,3
2021-06-25 15:00:00,1,2021-06-25 16:00:00,380.03,125.8,3
2021-06-25 15:00:00,2,2021-06-25 17:00:00,380.0,121.5,3
2021-06-25 15:00:00,3,2021-06-25 18:00:00,379.98,119.4,3
2021-06-25 15:00:00,4,2021-06-25 19:00:00,380.0,122.0,3
2021-06-25 15:00:00,5,2021-06-25 20:00:00,380.0,121.3,3
2021-06-25 15:00:00,6,2021-06-25 21:00:00,379.99,119.8,3
2021-06-25 22:00:00,0,2021-06-25 22:00:00,380.0,121.2,3
2021-06-25 22:00:00,1,2021-06-25 23:00:00,379.9,108.3,3
2021-06-25 22:00:00,2,2021-06-26 00:00:00,379.89,107.5,3
2021-06-25 22:00:00,3,2021-06-26 01:00:00,379.87,104.9,3
2021-06-25 22:00:00,4,2021-06-26 02:00:00,379.89,106.4,3
2021-06-25 22:00:00,5,2021-06-26 03:00:00,379.94,113.9,3
2021-06-25 22:00:00,6,2021-06-26 04:00:00,379.94,113.7,3
2021-06-26 08:00:00,0,2021-06-26 08:00:00,379.91,109.6,3
2021-06-26 08:00:00,1,2021-06-26 09:00:00,379.9,108.2,3
2021-06-26 08:00:00,2,2021-06-26 10:00:00,379.89,106.8,3
2021-06-26 08:00:00,3,2021-06-26 11:00:00,379.89,106.4,3
2021-06-26 08:00:00,4,2021-06-26 12:00:00,379.91,109.1,3
2021-06-26 08:00:00,5,2021-06-26 13:00:00,379.9,108.0,3
2021-06-26 08:00:00,6,2021-06-26 14:00:00,379.89,106.7,3
2021-06-27 07:00:00,0,2021-06-27 07:00:00,379.81,97.1,3
2021-06-27 07:00:00,1,2021-06-27 08:00:00,379.81,97.0,3
2021-06-27 07:00:00,2,2021-06-27 09:00:00,379.81,96.7,3
2021-06-27 07:00:00,3,2021-06-27 10:00:00,379.8,95.4,3
2021-06-27 07:00:00,4,2021-06-27 11:00:00,379.8,95.2,3
2021-06-27 07:00:00,5,2021-06-27 12:00:00,379.8,95.2,3
2021-06-27 07:00:00,6,2021-06-27 13:00:00,379.81,96.2,3
2021-06-27 17:00:00,0,2021-06-27 17:00:00,379.73,86.5,3
2021-06-27 17:00:00,1,2021-06-27 18:00:00,379.72,85.0,3
2021-06-27 17:00:00,2,2021-06-27 19:00:00,379.71,84.0,3
2021-06-27 17:00:00,3,2021-06-27 20:00:00,379.7,82.5,3
2021-06-27 17:00:00,4,2021-06-27 21:00:00,379.68,80.8,3
2021-06-27 17:00:00,5,2021-06-27 22:00:00,379.68,80.1,3
2021-06-27 17:00:00,6,2021-06-27 23:00:00,379.72,85.1,3
2021-06-28 06:00:00,0,2021-06-28 06:00:00,379.81,96.8,3
2021-06-28 06:00:00,1,2021-06-28 07:00:00,379.81,96.0,3
2021-06-28 06:00:00,2,2021-06-28 08:00:00,379.81,96.8,3
2021-06-28 06:00:00,3,2021-06-28 09:00:00,379.81,96.8,3
2021-06-28 06:00:00,4,2021-06-28 10:00:00,379.8,95.3,3
2021-06-28 06:00:00,5,2021-06-28 11:00:00,379.79,94.0,3
2021-06-28 06:00:00,6,2021-06-28 12:00:00,379.8,95.0,3
2021-06-28 15:00:00,0,2021-06-28 15:00:00,379.86,103.0,3
2021-06-28 15:00:00,1,2021-06-28 16:00:00,379.86,102.7,3
2021-06-28 15:00:00,2,2021-06-28 17:00:00,379.84,100.8,3
2021-06-28 15:00:00,3,2021-06-28 18:00:00,379.81,97.2,3
2021-06-28 15:00:00,4,2021-06-28 19:00:00,379.83,99.3,3
2021-06-28 15:00:00,5,2021-06-28 20:00:00,379.88,105.6,3
2021-06-28 15:00:00,6,2021-06-28 21:00:00,379.9,108.0,3
2021-06-28 19:00:00,0,2021-06-28 19:00:00,379.72,85.2,3
2021-06-28 19:00:00,1,2021-06-28 20:00:00,379.73,86.1,3
2021-06-28 19:00:00,2,2021-06-28 21:00:00,379.74,87.7,3
2021-06-28 19:00:00,3,2021-06-28 22:00:00,379.79,94.6,3
2021-06-28 19:00:00,4,2021-06-28 23:00:00,379.83,99.2,3
2021-06-28 19:00:00,5,2021-06-29 00:00:00,379.89,106.5,3
2021-06-28 19:00:00,6,2021-06-29 01:00:00,380.11,137.7,3
2021-06-28 22:00:00,0,2021-06-28 22:00:00,379.79,93.5,3
2021-06-28 22:00:00,1,2021-06-28 23:00:00,379.82,98.3,3
2021-06-28 22:00:00,2,2021-06-29 00:00:00,379.86,103.7,3
2021-06-28 22:00:00,3,2021-06-29 01:00:00,379.95,114.6,3
2021-06-28 22:00:00,4,2021-06-29 02:00:00,380.04,126.7,3
2021-06-28 22:00:00,5,2021-06-29 03:00:00,380.13,139.7,3
2021-06-28 22:00:00,6,2021-06-29 04:00:00,380.25,157.9,3
2021-06-29 06:00:00,0,2021-06-29 06:00:00,380.33,169.0,3
2021-06-29 06:00:00,1,2021-06-29 07:00:00,380.28,162.0,3
2021-06-29 06:00:00,2,2021-06-29 08:00:00,380.27,160.6,3
2021-06-29 06:00:00,3,2021-06-29 09:00:00,380.28,161.8,3
2021-06-29 06:00:00,4,2021-06-29 10:00:00,380.29,162.7,3
2021-06-29 06:00:00,5,2021-06-29 11:00:00,380.24,156.4,3
2021-06-29 06:00:00,6,2021-06-29 12:00:00,380.24,155.1,3
2021-06-29 17:00:00,0,2021-06-29 17:00:00,380.08,133.2,3
2021-06-29 17:00:00,1,2021-06-29 18:00:00,380.04,127.0,3
2021-06-29 17:00:00,2,2021-06-29 19:00:00,380.01,122.6,3
2021-06-29 17:00:00,3,2021-06-29 20:00:00,380.0,121.2,3
2021-06-29 17:00:00,4,2021-06-29 21:00:00,380.08,132.9,3
2021-06-29 17:00:00,5,2021-06-29 22:00:00,380.12,137.7,3
2021-06-29 17:00:00,6,2021-06-29 23:00:00,380.1,135.1,3
2021-06-30 06:00:00,0,2021-06-30 06:00:00,380.21,152.0,3
2021-06-30 06:00:00,1,2021-06-30 07:00:00,380.35,173.2,3
2021-06-30 06:00:00,2,2021-06-30 08:00:00,380.32,168.7,3
2021-06-30 06:00:00,3,2021-06-30 09:00:00,380.36,174.3,3
2021-06-30 06:00:00,4,2021-06-30 10:00:00,380.35,173.1,3
2021-06-30 06:00:00,5,2021-06-30 11:00:00,380.3,164.6,3
2021-06-30 06:00:00,6,2021-06-30 12:00:00,380.24,156.5,3
2021-06-30 11:00:00,0,2021-06-30 11:00:00,380.44,186.4,3
2021-06-30 11:00:00,1,2021-06-30 12:00:00,380.35,172.4,3
2021-06-30 11:00:00,2,2021-06-30 13:00:00,380.29,163.7,3
2021-06-30 11:00:00,3,2021-06-30 14:00:00,380.25,157.0,3
2021-06-30 11:00:00,4,2021-06-30 15:00:00,380.17,146.1,3
2021-06-30 11:00:00,5,2021-06-30 16:00:00,380.15,143.3,3
2021-06-30 11:00:00,6,2021-06-30 17:00:00,380.13,140.3,3
2021-06-30 18:00:00,0,2021-06-30 18:00:00,380.08,133.3,3
2021-06-30 18:00:00,1,2021-06-30 19:00:00,380.05,128.8,3
2021-06-30 18:00:00,2,2021-06-30 20:00:00,380.04,127.6,3
2021-06-30 18:00:00,3,2021-06-30 21:00:00,380.01,123.1,3
2021-06-30 18:00:00,4,2021-06-30 22:00:00,380.0,121.4,3
2021-06-30 18:00:00,5,2021-06-30 23:00:00,379.99,119.9,3
2021-06-30 18:00:00,6,2021-07-01 00:00:00,379.98,118.9,3
2021-07-01 07:00:00,0,2021-07-01 07:00:00,379.91,109.2,3
2021-07-01 07:00:00,1,2021-07-01 08:00:00,379.89,107.0,3
2021-07-01 07:00:00,2,2021-07-01 09:00:00,379.9,107.7,3
2021-07-01 07:00:00,3,2021-07-01 10:00:00,379.89,107.6,3
2021-07-01 07:00:00,4,2021-07-01 11:00:00,379.91,109.6,3
2021-07-01 07:00:00,5,2021-07-01 12:00:00,379.91,109.8,3
2021-07-01 07:00:00,6,2021-07-01 13:00:00,379.91,109.7,3
2021-07-01 20:00:00,0,2021-07-01 20:00:00,379.88,106.3,3
2021-07-01 20:00:00,1,2021-07-01 21:00:00,379.76,90.3,3
2021-07-01 20:00:00,2,2021-07-01 22:00:00,379.74,87.5,3
2021-07-01 20:00:00,3,2021-07-01 23:00:00,379.73,86.4,3
2021-07-01 20:00:00,4,2021-07-02 00:00:00,379.73,86.3,3
2021-07-01 20:00:00,5,2021-07-02 01:00:00,379.73,87.0,3
2021-07-01 20:00:00,6,2021-07-02 02:00:00,379.76,90.5,3
2021-07-02 07:00:00,0,2021-07-02 07:00:00,379.75,88.8,3
2021-07-02 07:00:00,1,2021-07-02 08:00:00,379.73,86.8,3
2021-07-02 07:00:00,2,2021-07-02 09:00:00,379.72,85.6,3
2021-07-02 07:00:00,3,2021-07-02 10:00:00,379.69,81.9,3
2021-07-02 07:00:00,4,2021-07-02 11:00:00,379.72,85.1,3
2021-07-02 07:00:00,5,2021-07-02 12:00:00,379.76,90.0,3
2021-07-02 07:00:00,6,2021-07-02 13:00:00,379.75,88.8,3
2021-07-03 07:00:00,0,2021-07-03 07:00:00,379.65,77.1,3
2021-07-03 07:00:00,1,2021-07-03 08:00:00,379.65,76.4,3
2021-07-03 07:00:00,2,2021-07-03 09:00:00,379.65,76.9,3
2021-07-03 07:00:00,3,2021-07-03 10:00:00,379.65,76.7,3
2021-07-03 07:00:00,4,2021-07-03 11:00:00,379.67,79.6,3
2021-07-03 07:00:00,5,2021-07-03 12:00:00,379.68,80.6,3
2021-07-03 07:00:00,6,2021-07-03 13:00:00,379.69,81.7,3
2021-07-05 07:00:00,0,2021-07-05 07:00:00,379.87,104.1,3
2021-07-05 07:00:00,1,2021-07-05 08:00:00,379.83,99.2,3
2021-07-05 07:00:00,2,2021-07-05 09:00:00,379.81,96.6,3
2021-07-05 07:00:00,3,2021-07-05 10:00:00,379.81,96.1,3
2021-07-05 07:00:00,4,2021-07-05 11:00:00,379.78,92.9,3
2021-07-05 07:00:00,5,2021-07-05 12:00:00,379.79,93.6,3
2021-07-05 07:00:00,6,2021-07-05 13:00:00,379.79,93.7,3
2021-07-05 12:00:00,0,2021-07-05 12:00:00,379.75,89.4,3
2021-07-05 12:00:00,1,2021-07-05 13:00:00,379.73,86.1,3
2021-07-05 12:00:00,2,2021-07-05 14:00:00,379.85,102.2,3
2021-07-05 12:00:00,3,2021-07-05 15:00:00,379.86,102.9,3
2021-07-05 12:00:00,4,2021-07-05 16:00:00,379.85,101.9,3
2021-07-05 12:00:00,5,2021-07-05 17:00:00,379.66,77.9,3
2021-07-05 12:00:00,6,2021-07-05 18:00:00,379.67,79.8,3
2021-07-06 07:00:00,0,2021-07-06 07:00:00,379.63,74.0,3
2021-07-06 07:00:00,1,2021-07-06 08:00:00,379.64,75.6,3
2021-07-06 07:00:00,2,2021-07-06 09:00:00,379.65,76.3,3
2021-07-06 07:00:00,3,2021-07-06 10:00:00,379.65,77.1,3
2021-07-06 07:00:00,4,2021-07-06 11:00:00,379.65,77.4,3
2021-07-06 07:00:00,5,2021-07-06 12:00:00,379.67,79.6,3
2021-07-06 07:00:00,6,2021-07-06 13:00:00,379.69,81.8,3
2021-07-06 14:00:00,0,2021-07-06 14:00:00,379.69,81.3,3
2021-07-06 14:00:00,1,2021-07-06 15:00:00,379.69,81.5,3
2021-07-06 14:00:00,2,2021-07-06 16:00:00,379.68,80.4,3
2021-07-06 14:00:00,3,2021-07-06 17:00:00,379.69,81.8,3
2021-07-06 14:00:00,4,2021-07-06 18:00:00,379.68,80.3,3
2021-07-06 14:00:00,5,2021-07-06 19:00:00,379.67,78.8,3
2021-07-06 14:00:00,6,2021-07-06 20:00:00,379.69,81.4,3
2021-07-06 18:00:00,0,2021-07-06 18:00:00,379.69,81.2,3
2021-07-06 18:00:00,1,2021-07-06 19:00:00,379.69,81.5,3
2021-07-06 18:00:00,2,2021-07-06 20:00:00,379.71,83.9,3
2021-07-06 18:00:00,3,2021-07-06 21:00:00,379.76,90.7,3
2021-07-06 18:00:00,4,2021-07-06 22:00:00,379.83,98.8,3
2021-07-06 18:00:00,5,2021-07-06 23:00:00,379.93,111.8,3
2021-07-06 18:00:00,6,2021-07-07 00:00:00,380.0,121.3,3
2021-07-06 20:00:00,0,2021-07-06 20:00:00,379.87,104.3,3
2021-07-06 20:00:00,1,2021-07-06 21:00:00,379.83,98.6,3
2021-07-06 20:00:00,2,2021-07-06 22:00:00,379.89,106.4,3
2021-07-06 20:00:00,3,2021-07-06 23:00:00,379.95,115.2,3
2021-07-06 20:00:00,4,2021-07-07 00:00:00,380.0,121.5,3
2021-07-06 20:00:00,5,2021-07-07 01:00:00,380.22,153.6,3
2021-07-06 20:00:00,6,2021-07-07 02:00:00,380.31,165.9,3
2021-07-07 03:00:00,0,2021-07-07 03:00:00,380.69,228.6,3
2021-07-07 03:00:00,1,2021-07-07 04:00:00,380.69,228.9,3
2021-07-07 03:00:00,2,2021-07-07 05:00:00,380.71,232.6,3
2021-07-07 03:00:00,3,2021-07-07 06:00:00,380.68,226.7,3
2021-07-07 03:00:00,4,2021-07-07 07:00:00,380.72,234.2,3
2021-07-07 03:00:00,5,2021-07-07 08:00:00,380.67,225.1,3
2021-07-07 03:00:00,6,2021-07-07 09:00:00,380.62,216.8,3
2021-07-07 07:00:00,0,2021-07-07 07:00:00,380.55,204.2,3
2021-07-07 07:00:00,1,2021-07-07 08:00:00,380.67,225.2,3
2021-07-07 07:00:00,2,2021-07-07 09:00:00,380.65,220.8,3
2021-07-07 07:00:00,3,2021-07-07 10:00:00,380.62,216.3,3
2021-07-07 07:00:00,4,2021-07-07 11:00:00,380.56,206.7,3
2021-07-07 07:00:00,5,2021-07-07 12:00:00,380.51,197.7,3
2021-07-07 07:00:00,6,2021-07-07 13:00:00,380.46,190.6,3
2021-07-07 10:00:00,0,2021-07-07 10:00:00,380.62,216.3,3
2021-07-07 10:00:00,1,2021-07-07 11:00:00,380.56,206.7,3
2021-07-07 10:00:00,2,2021-07-07 12:00:00,380.51,197.7,3
2021-07-07 10:00:00,3,2021-07-07 13:00:00,380.46,190.6,3
2021-07-07 10:00:00,4,2021-07-07 14:00:00,380.47,191.5,3
2021-07-07 10:00:00,5,2021-07-07 15:00:00,380.44,186.0,3
2021-07-07 10:00:00,6,2021-07-07 16:00:00,380.39,179.2,3
2021-07-07 11:00:00,0,2021-07-07 11:00:00,380.67,224.2,3
2021-07-07 11:00:00,1,2021-07-07 12:00:00,380.63,218.7,3
2021-07-07 11:00:00,2,2021-07-07 13:00:00,380.54,202.6,3
2021-07-07 11:00:00,3,2021-07-07 14:00:00,380.51,198.0,3
2021-07-07 11:00:00,4,2021-07-07 15:00:00,380.5,195.9,3
2021-07-07 11:00:00,5,2021-07-07 16:00:00,380.46,189.4,3
2021-07-07 11:00:00,6,2021-07-07 17:00:00,380.43,185.0,3
2021-07-07 12:00:00,0,2021-07-07 12:00:00,380.63,218.7,3
2021-07-07 12:00:00,1,2021-07-07 13:00:00,380.54,202.6,3
2021-07-07 12:00:00,2,2021-07-07 14:00:00,380.51,198.0,3
2021-07-07 12:00:00,3,2021-07-07 15:00:00,380.5,195.9,3
2021-07-07 12:00:00,4,2021-07-07 16:00:00,380.46,189.4,3
2021-07-07 12:00:00,5,2021-07-07 17:00:00,380.43,185.0,3
2021-07-07 12:00:00,6,2021-07-07 18:00:00,380.38,177.9,3
2021-07-07 13:00:00,0,2021-07-07 13:00:00,380.6,212.4,3
2021-07-07 13:00:00,1,2021-07-07 14:00:00,380.57,207.2,3
2021-07-07 13:00:00,2,2021-07-07 15:00:00,380.51,198.2,3
2021-07-07 13:00:00,3,2021-07-07 16:00:00,380.46,189.4,3
2021-07-07 13:00:00,4,2021-07-07 17:00:00,380.44,186.3,3
2021-07-07 13:00:00,5,2021-07-07 18:00:00,380.42,184.1,3
2021-07-07 13:00:00,6,2021-07-07 19:00:00,380.38,177.4,3
2021-07-07 16:00:00,0,2021-07-07 16:00:00,380.49,195.1,3
2021-07-07 16:00:00,1,2021-07-07 17:00:00,380.47,190.9,3
2021-07-07 16:00:00,2,2021-07-07 18:00:00,380.44,187.3,3
2021-07-07 16:00:00,3,2021-07-07 19:00:00,380.39,179.1,3
2021-07-07 16:00:00,4,2021-07-07 20:00:00,380.31,166.4,3
2021-07-07 16:00:00,5,2021-07-07 21:00:00,380.34,171.3,3
2021-07-07 16:00:00,6,2021-07-07 22:00:00,380.3,164.8,3
2021-07-07 17:00:00,0,2021-07-07 17:00:00,380.47,190.9,3
2021-07-07 17:00:00,1,2021-07-07 18:00:00,380.44,187.3,3
2021-07-07 17:00:00,2,2021-07-07 19:00:00,380.39,179.1,3
2021-07-07 17:00:00,3,2021-07-07 20:00:00,380.31,166.4,3
2021-07-07 17:00:00,4,2021-07-07 21:00:00,380.34,171.3,3
2021-07-07 17:00:00,5,2021-07-07 22:00:00,380.3,164.8,3
2021-07-07 17:00:00,6,2021-07-07 23:00:00,380.26,159.5,3
2021-07-07 19:00:00,0,2021-07-07 19:00:00,380.39,179.1,3
2021-07-07 19:00:00,1,2021-07-07 20:00:00,380.31,166.4,3
2021-07-07 19:00:00,2,2021-07-07 21:00:00,380.34,171.3,3
2021-07-07 19:00:00,3,2021-07-07 22:00:00,380.3,164.8,3
2021-07-07 19:00:00,4,2021-07-07 23:00:00,380.26,159.5,3
2021-07-07 19:00:00,5,2021-07-08 00:00:00,380.26,158.4,3
2021-07-07 19:00:00,6,2021-07-08 01:00:00,380.27,161.0,3
2021-07-07 20:00:00,0,2021-07-07 20:00:00,380.4,180.8,3
2021-07-07 20:00:00,1,2021-07-07 21:00:00,380.36,174.4,3
2021-07-07 20:00:00,2,2021-07-07 22:00:00,380.32,168.2,3
2021-07-07 20:00:00,3,2021-07-07 23:00:00,380.29,163.0,3
2021-07-07 20:00:00,4,2021-07-08 00:00:00,380.29,163.7,3
2021-07-07 20:00:00,5,2021-07-08 01:00:00,380.26,158.2,3
2021-07-07 20:00:00,6,2021-07-08 02:00:00,380.26,159.3,3
2021-07-07 22:00:00,0,2021-07-07 22:00:00,380.4,180.4,3
2021-07-07 22:00:00,1,2021-07-07 23:00:00,380.3,165.2,3
2021-07-07 22:00:00,2,2021-07-08 00:00:00,380.3,164.9,3
2021-07-07 22:00:00,3,2021-07-08 01:00:00,380.3,164.7,3
2021-07-07 22:00:00,4,2021-07-08 02:00:00,380.3,165.4,3
2021-07-07 22:00:00,5,2021-07-08 03:00:00,380.33,168.9,3
2021-07-07 22:00:00,6,2021-07-08 04:00:00,380.31,167.1,3
2021-07-08 02:00:00,0,2021-07-08 02:00:00,380.3,165.4,3
2021-07-08 02:00:00,1,2021-07-08 03:00:00,380.33,168.9,3
2021-07-08 02:00:00,2,2021-07-08 04:00:00,380.31,167.1,3
2021-07-08 02:00:00,3,2021-07-08 05:00:00,380.35,172.6,3
2021-07-08 02:00:00,4,2021-07-08 06:00:00,380.39,178.8,3
2021-07-08 02:00:00,5,2021-07-08 07:00:00,380.42,183.4,3
2021-07-08 02:00:00,6,2021-07-08 08:00:00,380.44,186.5,3
2021-07-08 05:00:00,0,2021-07-08 05:00:00,380.56,205.5,3
2021-07-08 05:00:00,1,2021-07-08 06:00:00,380.6,213.4,3
2021-07-08 05:00:00,2,2021-07-08 07:00:00,380.6,213.2,3
2021-07-08 05:00:00,3,2021-07-08 08:00:00,380.6,213.6,3
2021-07-08 05:00:00,4,2021-07-08 09:00:00,380.76,240.5,3
2021-07-08 05:00:00,5,2021-07-08 10:00:00,380.77,243.2,3
2021-07-08 05:00:00,6,2021-07-08 11:00:00,380.73,235.1,3
2021-07-08 06:00:00,0,2021-07-08 06:00:00,380.6,213.4,3
2021-07-08 06:00:00,1,2021-07-08 07:00:00,380.6,213.2,3
2021-07-08 06:00:00,2,2021-07-08 08:00:00,380.6,213.6,3
2021-07-08 06:00:00,3,2021-07-08 09:00:00,380.76,240.5,3
2021-07-08 06:00:00,4,2021-07-08 10:00:00,380.77,243.2,3
2021-07-08 06:00:00,5,2021-07-08 11:00:00,380.73,235.1,3
2021-07-08 06:00:00,6,2021-07-08 12:00:00,380.68,226.8,3
2021-07-08 09:00:00,0,2021-07-08 09:00:00,380.76,240.5,3
2021-07-08 09:00:00,1,2021-07-08 10:00:00,380.77,243.2,3
2021-07-08 09:00:00,2,2021-07-08 11:00:00,380.73,235.1,3
2021-07-08 09:00:00,3,2021-07-08 12:00:00,380.68,226.8,3
2021-07-08 09:00:00,4,2021-07-08 13:00:00,380.62,216.6,3
2021-07-08 09:00:00,5,2021-07-08 14:00:00,380.62,217.0,3
2021-07-08 09:00:00,6,2021-07-08 15:00:00,380.6,212.4,3
2021-07-08 11:00:00,0,2021-07-08 11:00:00,380.8,248.0,3
2021-07-08 11:00:00,1,2021-07-08 12:00:00,380.78,243.7,3
2021-07-08 11:00:00,2,2021-07-08 13:00:00,380.67,224.6,3
2021-07-08 11:00:00,3,2021-07-08 14:00:00,380.71,231.0,3
2021-07-08 11:00:00,4,2021-07-08 15:00:00,380.66,223.6,3
2021-07-08 11:00:00,5,2021-07-08 16:00:00,380.64,220.0,3
2021-07-08 11:00:00,6,2021-07-08 17:00:00,380.62,216.9,3
2021-07-08 13:00:00,0,2021-07-08 13:00:00,380.71,231.4,3
2021-07-08 13:00:00,1,2021-07-08 14:00:00,380.73,235.2,3
2021-07-08 13:00:00,2,2021-07-08 15:00:00,380.73,234.9,3
2021-07-08 13:00:00,3,2021-07-08 16:00:00,380.68,226.2,3
2021-07-08 13:00:00,4,2021-07-08 17:00:00,380.6,212.4,3
2021-07-08 13:00:00,5,2021-07-08 18:00:00,380.58,209.4,3
2021-07-08 13:00:00,6,2021-07-08 19:00:00,380.54,203.3,3
2021-07-08 14:00:00,0,2021-07-08 14:00:00,380.73,235.2,3
2021-07-08 14:00:00,1,2021-07-08 15:00:00,380.73,234.9,3
2021-07-08 14:00:00,2,2021-07-08 16:00:00,380.68,226.2,3
2021-07-08 14:00:00,3,2021-07-08 17:00:00,380.6,212.4,3
2021-07-08 14:00:00,4,2021-07-08 18:00:00,380.58,209.4,3
2021-07-08 14:00:00,5,2021-07-08 19:00:00,380.54,203.3,3
2021-07-08 14:00:00,6,2021-07-08 20:00:00,380.54,203.4,3
2021-07-08 15:00:00,0,2021-07-08 15:00:00,380.73,234.9,3
2021-07-08 15:00:00,1,2021-07-08 16:00:00,380.68,226.2,3
2021-07-08 15:00:00,2,2021-07-08 17:00:00,380.6,212.4,3
2021-07-08 15:00:00,3,2021-07-08 18:00:00,380.58,209.4,3
2021-07-08 15:00:00,4,2021-07-08 19:00:00,380.54,203.3,3
2021-07-08 15:00:00,5,2021-07-08 20:00:00,380.54,203.4,3
2021-07-08 15:00:00,6,2021-07-08 21:00:00,380.6,213.1,3
2021-07-08 16:00:00,0,2021-07-08 16:00:00,380.8,248.2,3
2021-07-08 16:00:00,1,2021-07-08 17:00:00,380.82,250.6,3
2021-07-08 16:00:00,2,2021-07-08 18:00:00,380.77,242.9,3
2021-07-08 16:00:00,3,2021-07-08 19:00:00,380.75,238.3,3
2021-07-08 16:00:00,4,2021-07-08 20:00:00,380.71,231.2,3
2021-07-08 16:00:00,5,2021-07-08 21:00:00,380.7,230.9,3
2021-07-08 16:00:00,6,2021-07-08 22:00:00,380.74,236.2,3
2021-07-08 17:00:00,0,2021-07-08 17:00:00,380.82,250.6,3
2021-07-08 17:00:00,1,2021-07-08 18:00:00,380.77,242.9,3
2021-07-08 17:00:00,2,2021-07-08 19:00:00,380.75,238.3,3
2021-07-08 17:00:00,3,2021-07-08 20:00:00,380.71,231.2,3
2021-07-08 17:00:00,4,2021-07-08 21:00:00,380.7,230.9,3
2021-07-08 17:00:00,5,2021-07-08 22:00:00,380.74,236.2,3
2021-07-08 17:00:00,6,2021-07-08 23:00:00,380.79,246.1,3
2021-07-08 18:00:00,0,2021-07-08 18:00:00,380.77,242.9,3
2021-07-08 18:00:00,1,2021-07-08 19:00:00,380.75,238.3,3
2021-07-08 18:00:00,2,2021-07-08 20:00:00,380.71,231.2,3
2021-07-08 18:00:00,3,2021-07-08 21:00:00,380.7,230.9,3
2021-07-08 18:00:00,4,2021-07-08 22:00:00,380.74,236.2,3
2021-07-08 18:00:00,5,2021-07-08 23:00:00,380.79,246.1,3
2021-07-08 18:00:00,6,2021-07-09 00:00:00,380.91,267.8,3
2021-07-08 19:00:00,0,2021-07-08 19:00:00,380.75,238.3,3
2021-07-08 19:00:00,1,2021-07-08 20:00:00,380.71,231.2,3
2021-07-08 19:00:00,2,2021-07-08 21:00:00,380.7,230.9,3
2021-07-08 19:00:00,3,2021-07-08 22:00:00,380.74,236.2,3
2021-07-08 19:00:00,4,2021-07-08 23:00:00,380.79,246.1,3
2021-07-08 19:00:00,5,2021-07-09 00:00:00,380.91,267.8,3
2021-07-08 19:00:00,6,2021-07-09 01:00:00,380.99,283.4,3
2021-07-08 20:00:00,0,2021-07-08 20:00:00,380.87,260.6,3
2021-07-08 20:00:00,1,2021-07-08 21:00:00,380.87,260.0,3
2021-07-08 20:00:00,2,2021-07-08 22:00:00,380.81,250.3,3
2021-07-08 20:00:00,3,2021-07-08 23:00:00,380.99,283.1,3
2021-07-08 20:00:00,4,2021-07-09 00:00:00,381.04,293.4,3
2021-07-08 20:00:00,5,2021-07-09 01:00:00,381.09,302.6,3
2021-07-08 20:00:00,6,2021-07-09 02:00:00,381.01,287.3,3
2021-07-09 07:00:00,0,2021-07-09 07:00:00,381.0,285.6,3
2021-07-09 07:00:00,1,2021-07-09 08:00:00,380.95,275.4,3
2021-07-09 07:00:00,2,2021-07-09 09:00:00,380.94,273.3,3
2021-07-09 07:00:00,3,2021-07-09 10:00:00,380.84,255.4,3
2021-07-09 07:00:00,4,2021-07-09 11:00:00,380.78,243.3,3
2021-07-09 07:00:00,5,2021-07-09 12:00:00,380.72,234.1,3
2021-07-09 07:00:00,6,2021-07-09 13:00:00,380.66,223.8,3
2021-07-09 12:00:00,0,2021-07-09 12:00:00,380.8,246.9,3
2021-07-09 12:00:00,1,2021-07-09 13:00:00,380.72,233.0,3
2021-07-09 12:00:00,2,2021-07-09 14:00:00,380.68,225.8,3
2021-07-09 12:00:00,3,2021-07-09 15:00:00,380.59,210.8,3
2021-07-09 12:00:00,4,2021-07-09 16:00:00,380.54,203.3,3
2021-07-09 12:00:00,5,2021-07-09 17:00:00,380.51,197.8,3
2021-07-09 12:00:00,6,2021-07-09 18:00:00,380.49,194.0,3
2021-07-09 16:00:00,0,2021-07-09 16:00:00,380.65,220.7,3
2021-07-09 16:00:00,1,2021-07-09 17:00:00,380.53,202.0,3
2021-07-09 16:00:00,2,2021-07-09 18:00:00,380.51,198.4,3
2021-07-09 16:00:00,3,2021-07-09 19:00:00,380.48,193.3,3
2021-07-09 16:00:00,4,2021-07-09 20:00:00,380.43,185.4,3
2021-07-09 16:00:00,5,2021-07-09 21:00:00,380.43,185.6,3
2021-07-09 16:00:00,6,2021-07-09 22:00:00,380.42,184.2,3
2021-07-10 07:00:00,0,2021-07-10 07:00:00,380.27,159.7,3
2021-07-10 07:00:00,1,2021-07-10 08:00:00,380.24,156.6,3
2021-07-10 07:00:00,2,2021-07-10 09:00:00,380.25,157.1,3
2021-07-10 07:00:00,3,2021-07-10 10:00:00,380.22,153.2,3
2021-07-10 07:00:00,4,2021-07-10 11:00:00,380.2,149.9,3
2021-07-10 07:00:00,5,2021-07-10 12:00:00,380.2,149.5,3
2021-07-10 07:00:00,6,2021-07-10 13:00:00,380.19,148.4,3
2021-07-10 08:00:00,0,2021-07-10 08:00:00,380.24,156.6,3
2021-07-10 08:00:00,1,2021-07-10 09:00:00,380.25,157.1,3
2021-07-10 08:00:00,2,2021-07-10 10:00:00,380.22,153.2,3
2021-07-10 08:00:00,3,2021-07-10 11:00:00,380.2,149.9,3
2021-07-10 08:00:00,4,2021-07-10 12:00:00,380.2,149.5,3
2021-07-10 08:00:00,5,2021-07-10 13:00:00,380.19,148.4,3
2021-07-10 08:00:00,6,2021-07-10 14:00:00,380.18,147.3,3
2021-07-11 06:00:00,0,2021-07-11 06:00:00,380.33,169.9,3
2021-07-11 06:00:00,1,2021-07-11 07:00:00,380.39,179.2,3
2021-07-11 06:00:00,2,2021-07-11 08:00:00,380.41,181.3,3
2021-07-11 06:00:00,3,2021-07-11 09:00:00,380.44,186.9,3
2021-07-11 06:00:00,4,2021-07-11 10:00:00,380.47,191.6,3
2021-07-11 06:00:00,5,2021-07-11 11:00:00,380.41,181.6,3
2021-07-11 06:00:00,6,2021-07-11 12:00:00,380.35,172.1,3
2021-07-11 12:00:00,0,2021-07-11 12:00:00,380.36,173.6,3
2021-07-11 12:00:00,1,2021-07-11 13:00:00,380.33,169.6,3
2021-07-11 12:00:00,2,2021-07-11 14:00:00,380.31,167.1,3
2021-07-11 12:00:00,3,2021-07-11 15:00:00,380.26,158.9,3
2021-07-11 12:00:00,4,2021-07-11 16:00:00,380.24,155.9,3
2021-07-11 12:00:00,5,2021-07-11 17:00:00,380.24,155.4,3
2021-07-11 12:00:00,6,2021-07-11 18:00:00,380.22,152.2,3
2021-07-11 15:00:00,0,2021-07-11 15:00:00,380.26,158.9,3
2021-07-11 15:00:00,1,2021-07-11 16:00:00,380.24,155.2,3
2021-07-11 15:00:00,2,2021-07-11 17:00:00,380.22,153.4,3
2021-07-11 15:00:00,3,2021-07-11 18:00:00,380.2,150.1,3
2021-07-11 15:00:00,4,2021-07-11 19:00:00,380.18,146.9,3
2021-07-11 15:00:00,5,2021-07-11 20:00:00,380.16,144.7,3
2021-07-11 15:00:00,6,2021-07-11 21:00:00,380.15,143.3,3
2021-07-11 19:00:00,0,2021-07-11 19:00:00,380.14,141.5,3
2021-07-11 19:00:00,1,2021-07-11 20:00:00,380.12,138.2,3
2021-07-11 19:00:00,2,2021-07-11 21:00:00,380.12,138.3,3
2021-07-11 19:00:00,3,2021-07-11 22:00:00,380.14,141.4,3
2021-07-11 19:00:00,4,2021-07-11 23:00:00,380.16,143.5,3
2021-07-11 19:00:00,5,2021-07-12 00:00:00,380.15,143.2,3
2021-07-11 19:00:00,6,2021-07-12 01:00:00,380.23,153.9,3
2021-07-11 21:00:00,0,2021-07-11 21:00:00,380.1,135.4,3
2021-07-11 21:00:00,1,2021-07-11 22:00:00,380.08,132.9,3
2021-07-11 21:00:00,2,2021-07-11 23:00:00,380.09,134.0,3
2021-07-11 21:00:00,3,2021-07-12 00:00:00,380.09,133.7,3
2021-07-11 21:00:00,4,2021-07-12 01:00:00,380.08,133.0,3
2021-07-11 21:00:00,5,2021-07-12 02:00:00,380.11,137.5,3
2021-07-11 21:00:00,6,2021-07-12 03:00:00,380.12,137.7,3
2021-07-12 06:00:00,0,2021-07-12 06:00:00,380.12,138.1,3
2021-07-12 06:00:00,1,2021-07-12 07:00:00,380.12,138.2,3
2021-07-12 06:00:00,2,2021-07-12 08:00:00,380.11,137.1,3
2021-07-12 06:00:00,3,2021-07-12 09:00:00,380.09,134.8,3
2021-07-12 06:00:00,4,2021-07-12 10:00:00,380.07,131.2,3
2021-07-12 06:00:00,5,2021-07-12 11:00:00,380.07,131.0,3
2021-07-12 06:00:00,6,2021-07-12 12:00:00,380.07,130.9,3
2021-07-12 13:00:00,0,2021-07-12 13:00:00,380.03,126.4,3
2021-07-12 13:00:00,1,2021-07-12 14:00:00,380.01,123.3,3
2021-07-12 13:00:00,2,2021-07-12 15:00:00,379.98,118.8,3
2021-07-12 13:00:00,3,2021-07-12 16:00:00,379.97,117.7,3
2021-07-12 13:00:00,4,2021-07-12 17:00:00,379.95,114.9,3
2021-07-12 13:00:00,5,2021-07-12 18:00:00,379.94,113.4,3
2021-07-12 13:00:00,6,2021-07-12 19:00:00,379.93,112.3,3
2021-07-12 21:00:00,0,2021-07-12 21:00:00,379.89,106.3,3
2021-07-12 21:00:00,1,2021-07-12 22:00:00,379.88,106.1,3
2021-07-12 21:00:00,2,2021-07-12 23:00:00,379.88,106.1,3
2021-07-12 21:00:00,3,2021-07-13 00:00:00,379.9,107.9,3
2021-07-12 21:00:00,4,2021-07-13 01:00:00,379.93,112.5,3
2021-07-12 21:00:00,5,2021-07-13 02:00:00,379.99,120.2,3
2021-07-12 21:00:00,6,2021-07-13 03:00:00,380.04,126.9,3
2021-07-13 06:00:00,0,2021-07-13 06:00:00,381.4,367.1,3
2021-07-13 06:00:00,1,2021-07-13 07:00:00,381.47,382.1,3
2021-07-13 06:00:00,2,2021-07-13 08:00:00,381.47,384.1,3
2021-07-13 06:00:00,3,2021-07-13 09:00:00,381.42,371.9,3
2021-07-13 06:00:00,4,2021-07-13 10:00:00,381.42,372.9,3
2021-07-13 06:00:00,5,2021-07-13 11:00:00,381.44,375.8,3
2021-07-13 06:00:00,6,2021-07-13 12:00:00,381.44,376.7,3
2021-07-13 12:00:00,0,2021-07-13 12:00:00,381.64,422.2,3
2021-07-13 12:00:00,1,2021-07-13 13:00:00,381.64,423.0,3
2021-07-13 12:00:00,2,2021-07-13 14:00:00,381.73,444.6,3
2021-07-13 12:00:00,3,2021-07-13 15:00:00,381.72,441.4,3
2021-07-13 12:00:00,4,2021-07-13 16:00:00,381.65,424.9,3
2021-07-13 12:00:00,5,2021-07-13 17:00:00,381.57,406.0,3
2021-07-13 12:00:00,6,2021-07-13 18:00:00,381.46,382.0,3
2021-07-13 18:00:00,0,2021-07-13 18:00:00,381.29,344.1,3
2021-07-13 18:00:00,1,2021-07-13 19:00:00,381.22,329.1,3
2021-07-13 18:00:00,2,2021-07-13 20:00:00,381.13,310.9,3
2021-07-13 18:00:00,3,2021-07-13 21:00:00,381.06,297.2,3
2021-07-13 18:00:00,4,2021-07-13 22:00:00,381.0,286.0,3
2021-07-13 18:00:00,5,2021-07-13 23:00:00,380.94,273.9,3
2021-07-13 18:00:00,6,2021-07-14 00:00:00,380.89,264.0,3
2021-07-13 22:00:00,0,2021-07-13 22:00:00,380.7,229.6,3
2021-07-13 22:00:00,1,2021-07-13 23:00:00,380.6,212.0,3
2021-07-13 22:00:00,2,2021-07-14 00:00:00,380.59,211.6,3
2021-07-13 22:00:00,3,2021-07-14 01:00:00,380.62,217.1,3
2021-07-13 22:00:00,4,2021-07-14 02:00:00,380.66,223.0,3
2021-07-13 22:00:00,5,2021-07-14 03:00:00,380.68,226.4,3
2021-07-13 22:00:00,6,2021-07-14 04:00:00,380.65,221.9,3
2021-07-14 06:00:00,0,2021-07-14 06:00:00,380.83,252.9,3
2021-07-14 06:00:00,1,2021-07-14 07:00:00,380.75,238.3,3
2021-07-14 06:00:00,2,2021-07-14 08:00:00,380.69,227.9,3
2021-07-14 06:00:00,3,2021-07-14 09:00:00,380.61,214.3,3
2021-07-14 06:00:00,4,2021-07-14 10:00:00,380.58,209.5,3
2021-07-14 06:00:00,5,2021-07-14 11:00:00,380.54,203.6,3
2021-07-14 06:00:00,6,2021-07-14 12:00:00,380.51,198.7,3
2021-07-14 11:00:00,0,2021-07-14 11:00:00,380.66,223.6,3
2021-07-14 11:00:00,1,2021-07-14 12:00:00,380.57,207.6,3
2021-07-14 11:00:00,2,2021-07-14 13:00:00,380.51,198.2,3
2021-07-14 11:00:00,3,2021-07-14 14:00:00,380.51,198.7,3
2021-07-14 11:00:00,4,2021-07-14 15:00:00,380.49,195.1,3
2021-07-14 11:00:00,5,2021-07-14 16:00:00,380.49,194.0,3
2021-07-14 11:00:00,6,2021-07-14 17:00:00,380.44,187.0,3
2021-07-14 14:00:00,0,2021-07-14 14:00:00,380.54,202.7,3
2021-07-14 14:00:00,1,2021-07-14 15:00:00,380.5,196.4,3
2021-07-14 14:00:00,2,2021-07-14 16:00:00,380.48,193.6,3
2021-07-14 14:00:00,3,2021-07-14 17:00:00,380.45,188.8,3
2021-07-14 14:00:00,4,2021-07-14 18:00:00,380.42,183.4,3
2021-07-14 14:00:00,5,2021-07-14 19:00:00,380.38,177.1,3
2021-07-14 14:00:00,6,2021-07-14 20:00:00,380.36,174.0,3
2021-07-14 19:00:00,0,2021-07-14 19:00:00,380.37,175.9,3
2021-07-14 19:00:00,1,2021-07-14 20:00:00,380.37,175.4,3
2021-07-14 19:00:00,2,2021-07-14 21:00:00,380.36,173.7,3
2021-07-14 19:00:00,3,2021-07-14 22:00:00,380.34,170.3,3
2021-07-14 19:00:00,4,2021-07-14 23:00:00,380.35,171.8,3
2021-07-14 19:00:00,5,2021-07-15 00:00:00,380.37,175.5,3
2021-07-14 19:00:00,6,2021-07-15 01:00:00,380.42,184.1,3
2021-07-14 20:00:00,0,2021-07-14 20:00:00,380.45,188.2,3
2021-07-14 20:00:00,1,2021-07-14 21:00:00,380.38,177.5,3
2021-07-14 20:00:00,2,2021-07-14 22:00:00,380.39,178.4,3
2021-07-14 20:00:00,3,2021-07-14 23:00:00,380.42,183.9,3
2021-07-14 20:00:00,4,2021-07-15 00:00:00,380.49,195.2,3
2021-07-14 20:00:00,5,2021-07-15 01:00:00,380.58,210.2,3
2021-07-14 20:00:00,6,2021-07-15 02:00:00,380.65,220.9,3
2021-07-14 21:00:00,0,2021-07-14 21:00:00,380.38,177.5,3
2021-07-14 21:00:00,1,2021-07-14 22:00:00,380.39,178.4,3
2021-07-14 21:00:00,2,2021-07-14 23:00:00,380.42,183.9,3
2021-07-14 21:00:00,3,2021-07-15 00:00:00,380.49,195.2,3
2021-07-14 21:00:00,4,2021-07-15 01:00:00,380.58,210.2,3
2021-07-14 21:00:00,5,2021-07-15 02:00:00,380.65,220.9,3
2021-07-14 21:00:00,6,2021-07-15 03:00:00,380.73,235.0,3
2021-07-15 06:00:00,0,2021-07-15 06:00:00,380.97,278.7,3
2021-07-15 06:00:00,1,2021-07-15 07:00:00,381.09,303.5,3
2021-07-15 06:00:00,2,2021-07-15 08:00:00,381.2,325.3,3
2021-07-15 06:00:00,3,2021-07-15 09:00:00,381.26,337.9,3
2021-07-15 06:00:00,4,2021-07-15 10:00:00,381.35,357.2,3
2021-07-15 06:00:00,5,2021-07-15 11:00:00,381.45,378.7,3
2021-07-15 06:00:00,6,2021-07-15 12:00:00,381.54,399.1,3
2021-07-15 16:00:00,0,2021-07-15 16:00:00,381.99,510.5,3
2021-07-15 16:00:00,1,2021-07-15 17:00:00,381.96,501.9,3
2021-07-15 16:00:00,2,2021-07-15 18:00:00,381.93,495.5,3
2021-07-15 16:00:00,3,2021-07-15 19:00:00,381.78,455.8,3
2021-07-15 16:00:00,4,2021-07-15 20:00:00,381.59,410.9,3
2021-07-15 16:00:00,5,2021-07-15 21:00:00,381.52,394.8,3
2021-07-15 16:00:00,6,2021-07-15 22:00:00,381.49,386.6,3
2021-07-15 22:00:00,0,2021-07-15 22:00:00,381.88,481.0,3
2021-07-15 22:00:00,1,2021-07-15 23:00:00,381.75,449.1,3
2021-07-15 22:00:00,2,2021-07-16 00:00:00,381.67,430.0,3
2021-07-15 22:00:00,3,2021-07-16 01:00:00,381.53,396.6,3
2021-07-15 22:00:00,4,2021-07-16 02:00:00,381.37,360.8,3
2021-07-15 22:00:00,5,2021-07-16 03:00:00,381.29,343.1,3
2021-07-15 22:00:00,6,2021-07-16 04:00:00,381.24,334.1,3
2021-07-16 07:00:00,0,2021-07-16 07:00:00,381.59,411.0,3
2021-07-16 07:00:00,1,2021-07-16 08:00:00,381.4,367.3,3
2021-07-16 07:00:00,2,2021-07-16 09:00:00,381.3,346.1,3
2021-07-16 07:00:00,3,2021-07-16 10:00:00,381.26,337.3,3
2021-07-16 07:00:00,4,2021-07-16 11:00:00,381.22,328.6,3
2021-07-16 07:00:00,5,2021-07-16 12:00:00,381.13,310.4,3
2021-07-16 07:00:00,6,2021-07-16 13:00:00,381.07,298.9,3
2021-07-16 12:00:00,0,2021-07-16 12:00:00,381.39,364.7,3
2021-07-16 12:00:00,1,2021-07-16 13:00:00,381.52,394.6,3
2021-07-16 12:00:00,2,2021-07-16 14:00:00,381.46,379.9,3
2021-07-16 12:00:00,3,2021-07-16 15:00:00,381.41,369.2,3
2021-07-16 12:00:00,4,2021-07-16 16:00:00,381.29,344.1,3
2021-07-16 12:00:00,5,2021-07-16 17:00:00,381.18,319.8,3
2021-07-16 12:00:00,6,2021-07-16 18:00:00,381.07,298.4,3
2021-07-16 23:00:00,0,2021-07-16 23:00:00,380.38,177.2,3
2021-07-16 23:00:00,1,2021-07-17 00:00:00,380.37,175.1,3
2021-07-16 23:00:00,2,2021-07-17 01:00:00,380.37,176.2,3
2021-07-16 23:00:00,3,2021-07-17 02:00:00,380.35,171.9,3
2021-07-16 23:00:00,4,2021-07-17 03:00:00,380.36,174.2,3
2021-07-16 23:00:00,5,2021-07-17 04:00:00,380.4,179.7,3
2021-07-16 23:00:00,6,2021-07-17 05:00:00,380.42,183.0,3
2021-07-17 07:00:00,0,2021-07-17 07:00:00,379.16,25.4,3
2021-07-17 07:00:00,1,2021-07-17 08:00:00,379.43,51.6,3
2021-07-17 07:00:00,2,2021-07-17 09:00:00,379.62,72.9,3
2021-07-17 07:00:00,3,2021-07-17 10:00:00,379.87,104.0,3
2021-07-17 07:00:00,4,2021-07-17 11:00:00,380.02,124.4,3
2021-07-17 07:00:00,5,2021-07-17 12:00:00,380.14,140.7,3
2021-07-17 07:00:00,6,2021-07-17 13:00:00,380.24,156.4,3
2021-07-17 12:00:00,0,2021-07-17 12:00:00,378.55,0.8,3
2021-07-17 12:00:00,1,2021-07-17 13:00:00,379.28,35.8,3
2021-07-17 12:00:00,2,2021-07-17 14:00:00,379.48,57.3,3
2021-07-17 12:00:00,3,2021-07-17 15:00:00,379.65,77.2,3
2021-07-17 12:00:00,4,2021-07-17 16:00:00,379.8,95.4,3
2021-07-17 12:00:00,5,2021-07-17 17:00:00,379.92,110.3,3
2021-07-17 12:00:00,6,2021-07-17 18:00:00,380.0,122.0,3
2021-07-18 06:00:00,0,2021-07-18 06:00:00,378.5,0.0,3
2021-07-18 06:00:00,1,2021-07-18 07:00:00,378.5,0.0,3
2021-07-18 06:00:00,2,2021-07-18 08:00:00,378.5,0.0,3
2021-07-18 06:00:00,3,2021-07-18 09:00:00,378.5,0.0,3
2021-07-18 06:00:00,4,2021-07-18 10:00:00,378.5,0.0,3
2021-07-18 06:00:00,5,2021-07-18 11:00:00,378.5,0.0,3
2021-07-18 06:00:00,6,2021-07-18 12:00:00,378.5,0.0,3
2021-07-18 12:00:00,0,2021-07-18 12:00:00,378.5,0.0,3
2021-07-18 12:00:00,1,2021-07-18 13:00:00,378.5,0.0,3
2021-07-18 12:00:00,2,2021-07-18 14:00:00,378.5,0.0,3
2021-07-18 12:00:00,3,2021-07-18 15:00:00,378.5,0.0,3
2021-07-18 12:00:00,4,2021-07-18 16:00:00,378.5,0.0,3
2021-07-18 12:00:00,5,2021-07-18 17:00:00,378.5,0.0,3
2021-07-18 12:00:00,6,2021-07-18 18:00:00,378.92,11.2,3
2021-07-18 21:00:00,0,2021-07-18 21:00:00,378.5,0.0,3
2021-07-18 21:00:00,1,2021-07-18 22:00:00,378.78,5.9,3
2021-07-18 21:00:00,2,2021-07-18 23:00:00,379.07,19.5,3
2021-07-18 21:00:00,3,2021-07-19 00:00:00,379.25,32.9,3
2021-07-18 21:00:00,4,2021-07-19 01:00:00,379.36,44.1,3
2021-07-18 21:00:00,5,2021-07-19 02:00:00,379.47,56.3,3
2021-07-18 21:00:00,6,2021-07-19 03:00:00,379.55,64.9,3
2021-07-19 06:00:00,0,2021-07-19 06:00:00,378.5,0.0,3
2021-07-19 06:00:00,1,2021-07-19 07:00:00,378.77,5.4,3
2021-07-19 06:00:00,2,2021-07-19 08:00:00,379.07,19.3,3
2021-07-19 06:00:00,3,2021-07-19 09:00:00,379.24,31.9,3
2021-07-19 06:00:00,4,2021-07-19 10:00:00,379.36,43.6,3
2021-07-19 06:00:00,5,2021-07-19 11:00:00,379.44,52.5,3
2021-07-19 06:00:00,6,2021-07-19 12:00:00,379.51,60.8,3
2021-07-19 12:00:00,0,2021-07-19 12:00:00,379.28,35.3,3
2021-07-19 12:00:00,1,2021-07-19 13:00:00,379.37,44.9,3
2021-07-19 12:00:00,2,2021-07-19 14:00:00,379.44,52.7,3
2021-07-19 12:00:00,3,2021-07-19 15:00:00,379.51,60.3,3
2021-07-19 12:00:00,4,2021-07-19 16:00:00,379.57,66.8,3
2021-07-19 12:00:00,5,2021-07-19 17:00:00,379.62,72.7,3
2021-07-19 12:00:00,6,2021-07-19 18:00:00,379.64,75.2,3
2021-07-20 07:00:00,0,2021-07-20 07:00:00,378.5,0.0,3
2021-07-20 07:00:00,1,2021-07-20 08:00:00,378.84,8.0,3
2021-07-20 07:00:00,2,2021-07-20 09:00:00,379.08,20.1,3
2021-07-20 07:00:00,3,2021-07-20 10:00:00,379.24,31.7,3
2021-07-20 07:00:00,4,2021-07-20 11:00:00,379.36,43.4,3
2021-07-20 07:00:00,5,2021-07-20 12:00:00,379.43,51.7,3
2021-07-20 07:00:00,6,2021-07-20 13:00:00,379.48,57.2,3
2021-07-20 11:00:00,0,2021-07-20 11:00:00,379.27,34.9,3
2021-07-20 11:00:00,1,2021-07-20 12:00:00,379.17,26.3,3
2021-07-20 11:00:00,2,2021-07-20 13:00:00,379.27,34.4,3
2021-07-20 11:00:00,3,2021-07-20 14:00:00,379.34,41.1,3
2021-07-20 11:00:00,4,2021-07-20 15:00:00,379.39,46.7,3
2021-07-20 11:00:00,5,2021-07-20 16:00:00,379.44,52.7,3
2021-07-20 11:00:00,6,2021-07-20 17:00:00,379.52,61.1,3
2021-07-20 15:00:00,0,2021-07-20 15:00:00,379.96,116.7,3
2021-07-20 15:00:00,1,2021-07-20 16:00:00,379.95,114.5,3
2021-07-20 15:00:00,2,2021-07-20 17:00:00,379.93,112.2,3
2021-07-20 15:00:00,3,2021-07-20 18:00:00,379.91,109.6,3
2021-07-20 15:00:00,4,2021-07-20 19:00:00,379.91,110.1,3
2021-07-20 15:00:00,5,2021-07-20 20:00:00,379.91,109.0,3
2021-07-20 15:00:00,6,2021-07-20 21:00:00,379.9,107.8,3
2021-07-20 16:00:00,0,2021-07-20 16:00:00,379.95,114.5,3
2021-07-20 16:00:00,1,2021-07-20 17:00:00,379.93,112.2,3
2021-07-20 16:00:00,2,2021-07-20 18:00:00,379.91,109.6,3
2021-07-20 16:00:00,3,2021-07-20 19:00:00,379.91,110.1,3
2021-07-20 16:00:00,4,2021-07-20 20:00:00,379.91,109.0,3
2021-07-20 16:00:00,5,2021-07-20 21:00:00,379.9,107.8,3
2021-07-20 16:00:00,6,2021-07-20 22:00:00,379.9,108.7,3
2021-07-20 21:00:00,0,2021-07-20 21:00:00,379.91,109.1,3
2021-07-20 21:00:00,1,2021-07-20 22:00:00,379.91,109.5,3
2021-07-20 21:00:00,2,2021-07-20 23:00:00,379.92,111.5,3
2021-07-20 21:00:00,3,2021-07-21 00:00:00,379.93,111.6,3
2021-07-20 21:00:00,4,2021-07-21 01:00:00,379.93,112.8,3
2021-07-20 21:00:00,5,2021-07-21 02:00:00,379.97,117.4,3
2021-07-20 21:00:00,6,2021-07-21 03:00:00,380.0,121.3,3
2021-07-21 06:00:00,0,2021-07-21 06:00:00,380.04,126.7,3
2021-07-21 06:00:00,1,2021-07-21 07:00:00,380.03,126.0,3
2021-07-21 06:00:00,2,2021-07-21 08:00:00,380.05,128.6,3
2021-07-21 06:00:00,3,2021-07-21 09:00:00,380.02,124.6,3
2021-07-21 06:00:00,4,2021-07-21 10:00:00,379.99,120.3,3
2021-07-21 06:00:00,5,2021-07-21 11:00:00,380.01,123.2,3
2021-07-21 06:00:00,6,2021-07-21 12:00:00,380.01,123.3,3
2021-07-21 11:00:00,0,2021-07-21 11:00:00,379.98,119.1,3
2021-07-21 11:00:00,1,2021-07-21 12:00:00,379.97,117.3,3
2021-07-21 11:00:00,2,2021-07-21 13:00:00,379.95,115.0,3
2021-07-21 11:00:00,3,2021-07-21 14:00:00,379.92,111.1,3
2021-07-21 11:00:00,4,2021-07-21 15:00:00,379.89,107.5,3
2021-07-21 11:00:00,5,2021-07-21 16:00:00,379.87,104.8,3
2021-07-21 11:00:00,6,2021-07-21 17:00:00,379.86,103.4,3
2021-07-21 15:00:00,0,2021-07-21 15:00:00,379.87,103.9,3
2021-07-21 15:00:00,1,2021-07-21 16:00:00,379.85,101.2,3
2021-07-21 15:00:00,2,2021-07-21 17:00:00,379.83,99.3,3
2021-07-21 15:00:00,3,2021-07-21 18:00:00,379.81,96.4,3
2021-07-21 15:00:00,4,2021-07-21 19:00:00,379.8,95.1,3
2021-07-21 15:00:00,5,2021-07-21 20:00:00,379.84,100.7,3
2021-07-21 15:00:00,6,2021-07-21 21:00:00,379.84,100.1,3
2021-07-21 17:00:00,0,2021-07-21 17:00:00,379.86,103.2,3
2021-07-21 17:00:00,1,2021-07-21 18:00:00,379.83,99.7,3
2021-07-21 17:00:00,2,2021-07-21 19:00:00,379.82,97.5,3
2021-07-21 17:00:00,3,2021-07-21 20:00:00,379.8,96.0,3
2021-07-21 17:00:00,4,2021-07-21 21:00:00,379.79,94.5,3
2021-07-21 17:00:00,5,2021-07-21 22:00:00,379.79,93.8,3
2021-07-21 17:00:00,6,2021-07-21 23:00:00,379.84,100.5,3
2021-07-21 21:00:00,0,2021-07-21 21:00:00,379.83,98.6,3
2021-07-21 21:00:00,1,2021-07-21 22:00:00,379.81,97.2,3
2021-07-21 21:00:00,2,2021-07-21 23:00:00,379.81,96.4,3
2021-07-21 21:00:00,3,2021-07-22 00:00:00,379.82,97.5,3
2021-07-21 21:00:00,4,2021-07-22 01:00:00,379.84,100.5,3
2021-07-21 21:00:00,5,2021-07-22 02:00:00,379.85,102.3,3
2021-07-21 21:00:00,6,2021-07-22 03:00:00,379.92,110.8,3
2021-07-22 06:00:00,0,2021-07-22 06:00:00,379.87,104.8,3
2021-07-22 06:00:00,1,2021-07-22 07:00:00,379.88,105.3,3
2021-07-22 06:00:00,2,2021-07-22 08:00:00,379.89,107.1,3
2021-07-22 06:00:00,3,2021-07-22 09:00:00,379.89,106.6,3
2021-07-22 06:00:00,4,2021-07-22 10:00:00,379.87,104.6,3
2021-07-22 06:00:00,5,2021-07-22 11:00:00,379.87,104.6,3
2021-07-22 06:00:00,6,2021-07-22 12:00:00,379.89,106.7,3
2021-07-22 14:00:00,0,2021-07-22 14:00:00,379.8,95.5,3
2021-07-22 14:00:00,1,2021-07-22 15:00:00,379.78,93.0,3
2021-07-22 14:00:00,2,2021-07-22 16:00:00,379.79,94.3,3
2021-07-22 14:00:00,3,2021-07-22 17:00:00,379.77,91.7,3
2021-07-22 14:00:00,4,2021-07-22 18:00:00,379.73,87.0,3
2021-07-22 14:00:00,5,2021-07-22 19:00:00,379.73,86.3,3
2021-07-22 14:00:00,6,2021-07-22 20:00:00,379.78,93.1,3
2021-07-22 17:00:00,0,2021-07-22 17:00:00,379.76,89.7,3
2021-07-22 17:00:00,1,2021-07-22 18:00:00,379.72,85.3,3
2021-07-22 17:00:00,2,2021-07-22 19:00:00,379.71,83.8,3
2021-07-22 17:00:00,3,2021-07-22 20:00:00,379.71,84.2,3
2021-07-22 17:00:00,4,2021-07-22 21:00:00,379.69,81.7,3
2021-07-22 17:00:00,5,2021-07-22 22:00:00,379.68,80.8,3
2021-07-22 17:00:00,6,2021-07-22 23:00:00,379.71,84.6,3
2021-07-23 06:00:00,0,2021-07-23 06:00:00,379.86,102.9,3
2021-07-23 06:00:00,1,2021-07-23 07:00:00,379.88,105.7,3
2021-07-23 06:00:00,2,2021-07-23 08:00:00,379.89,107.3,3
2021-07-23 06:00:00,3,2021-07-23 09:00:00,379.88,105.3,3
2021-07-23 06:00:00,4,2021-07-23 10:00:00,379.87,103.8,3
2021-07-23 06:00:00,5,2021-07-23 11:00:00,379.87,103.9,3
2021-07-23 06:00:00,6,2021-07-23 12:00:00,379.88,105.6,3
2021-07-23 14:00:00,0,2021-07-23 14:00:00,379.81,96.4,3
2021-07-23 14:00:00,1,2021-07-23 15:00:00,379.78,93.2,3
2021-07-23 14:00:00,2,2021-07-23 16:00:00,379.75,89.4,3
2021-07-23 14:00:00,3,2021-07-23 17:00:00,379.74,88.0,3
2021-07-23 14:00:00,4,2021-07-23 18:00:00,379.73,86.3,3
2021-07-23 14:00:00,5,2021-07-23 19:00:00,379.7,83.3,3
2021-07-23 14:00:00,6,2021-07-23 20:00:00,379.7,82.7,3
2021-07-24 06:00:00,0,2021-07-24 06:00:00,379.8,95.3,3
2021-07-24 06:00:00,1,2021-07-24 07:00:00,379.81,96.5,3
2021-07-24 06:00:00,2,2021-07-24 08:00:00,379.8,95.0,3
2021-07-24 06:00:00,3,2021-07-24 09:00:00,379.8,95.3,3
2021-07-24 06:00:00,4,2021-07-24 10:00:00,379.81,96.7,3
2021-07-24 06:00:00,5,2021-07-24 11:00:00,379.83,99.0,3
2021-07-24 06:00:00,6,2021-07-24 12:00:00,379.84,100.4,3
2021-07-24 16:00:00,0,2021-07-24 16:00:00,379.79,93.6,3
2021-07-24 16:00:00,1,2021-07-24 17:00:00,379.75,89.6,3
2021-07-24 16:00:00,2,2021-07-24 18:00:00,379.74,88.1,3
2021-07-24 16:00:00,3,2021-07-24 19:00:00,379.73,86.2,3
2021-07-24 16:00:00,4,2021-07-24 20:00:00,379.73,86.0,3
2021-07-24 16:00:00,5,2021-07-24 21:00:00,379.72,85.7,3
2021-07-24 16:00:00,6,2021-07-24 22:00:00,379.74,87.8,3
2021-07-24 21:00:00,0,2021-07-24 21:00:00,379.72,85.4,3
2021-07-24 21:00:00,1,2021-07-24 22:00:00,379.73,87.1,3
2021-07-24 21:00:00,2,2021-07-24 23:00:00,379.74,87.4,3
2021-07-24 21:00:00,3,2021-07-25 00:00:00,379.74,87.8,3
2021-07-24 21:00:00,4,2021-07-25 01:00:00,379.75,89.4,3
2021-07-24 21:00:00,5,2021-07-25 02:00:00,379.77,91.3,3
2021-07-24 21:00:00,6,2021-07-25 03:00:00,379.79,94.5,3
2021-07-25 06:00:00,0,2021-07-25 06:00:00,379.8,95.6,3
2021-07-25 06:00:00,1,2021-07-25 07:00:00,379.81,96.9,3
2021-07-25 06:00:00,2,2021-07-25 08:00:00,379.81,97.1,3
2021-07-25 06:00:00,3,2021-07-25 09:00:00,379.81,96.3,3
2021-07-25 06:00:00,4,2021-07-25 10:00:00,379.82,98.0,3
2021-07-25 06:00:00,5,2021-07-25 11:00:00,379.82,98.2,3
2021-07-25 06:00:00,6,2021-07-25 12:00:00,379.84,100.6,3
2021-07-25 14:00:00,0,2021-07-25 14:00:00,379.82,98.0,3
2021-07-25 14:00:00,1,2021-07-25 15:00:00,379.81,96.3,3
2021-07-25 14:00:00,2,2021-07-25 16:00:00,379.78,92.9,3
2021-07-25 14:00:00,3,2021-07-25 17:00:00,379.75,89.6,3
2021-07-25 14:00:00,4,2021-07-25 18:00:00,379.75,89.3,3
2021-07-25 14:00:00,5,2021-07-25 19:00:00,379.74,88.2,3
2021-07-25 14:00:00,6,2021-07-25 20:00:00,379.77,91.3,3
2021-07-26 06:00:00,0,2021-07-26 06:00:00,379.75,88.9,3
2021-07-26 06:00:00,1,2021-07-26 07:00:00,379.75,88.5,3
2021-07-26 06:00:00,2,2021-07-26 08:00:00,379.74,88.2,3
2021-07-26 06:00:00,3,2021-07-26 09:00:00,379.74,87.5,3
2021-07-26 06:00:00,4,2021-07-26 10:00:00,379.73,86.4,3
2021-07-26 06:00:00,5,2021-07-26 11:00:00,379.72,85.3,3
2021-07-26 06:00:00,6,2021-07-26 12:00:00,379.72,85.0,3
2021-07-26 14:00:00,0,2021-07-26 14:00:00,379.69,81.8,3
2021-07-26 14:00:00,1,2021-07-26 15:00:00,379.68,79.9,3
2021-07-26 14:00:00,2,2021-07-26 16:00:00,379.67,79.3,3
2021-07-26 14:00:00,3,2021-07-26 17:00:00,379.64,76.0,3
2021-07-26 14:00:00,4,2021-07-26 18:00:00,379.63,74.4,3
2021-07-26 14:00:00,5,2021-07-26 19:00:00,379.62,72.7,3
2021-07-26 14:00:00,6,2021-07-26 20:00:00,379.61,72.4,3
2021-07-27 06:00:00,0,2021-07-27 06:00:00,379.65,77.4,3
2021-07-27 06:00:00,1,2021-07-27 07:00:00,379.65,76.8,3
2021-07-27 06:00:00,2,2021-07-27 08:00:00,379.66,77.4,3
2021-07-27 06:00:00,3,2021-07-27 09:00:00,379.65,77.0,3
2021-07-27 06:00:00,4,2021-07-27 10:00:00,379.65,76.3,3
2021-07-27 06:00:00,5,2021-07-27 11:00:00,379.64,75.3,3
2021-07-27 06:00:00,6,2021-07-27 12:00:00,379.63,73.9,3
2021-07-27 13:00:00,0,2021-07-27 13:00:00,379.57,67.2,3
2021-07-27 13:00:00,1,2021-07-27 14:00:00,379.57,67.8,3
2021-07-27 13:00:00,2,2021-07-27 15:00:00,379.57,67.2,3
2021-07-27 13:00:00,3,2021-07-27 16:00:00,379.56,65.9,3
2021-07-27 13:00:00,4,2021-07-27 17:00:00,379.55,64.4,3
2021-07-27 13:00:00,5,2021-07-27 18:00:00,379.54,63.6,3
2021-07-27 13:00:00,6,2021-07-27 19:00:00,379.54,63.6,3
2021-07-27 14:00:00,0,2021-07-27 14:00:00,379.57,67.8,3
2021-07-27 14:00:00,1,2021-07-27 15:00:00,379.57,67.2,3
2021-07-27 14:00:00,2,2021-07-27 16:00:00,379.56,65.9,3
2021-07-27 14:00:00,3,2021-07-27 17:00:00,379.55,64.4,3
2021-07-27 14:00:00,4,2021-07-27 18:00:00,379.54,63.6,3
2021-07-27 14:00:00,5,2021-07-27 19:00:00,379.54,63.6,3
2021-07-27 14:00:00,6,2021-07-27 20:00:00,379.54,63.7,3
2021-07-28 06:00:00,0,2021-07-28 06:00:00,379.62,73.8,3
2021-07-28 06:00:00,1,2021-07-28 07:00:00,379.64,75.2,3
2021-07-28 06:00:00,2,2021-07-28 08:00:00,379.65,77.2,3
2021-07-28 06:00:00,3,2021-07-28 09:00:00,379.68,80.1,3
2021-07-28 06:00:00,4,2021-07-28 10:00:00,379.7,83.3,3
2021-07-28 06:00:00,5,2021-07-28 11:00:00,379.72,85.4,3
2021-07-28 06:00:00,6,2021-07-28 12:00:00,379.78,93.0,3
2021-07-28 16:00:00,0,2021-07-28 16:00:00,379.76,90.7,3
2021-07-28 16:00:00,1,2021-07-28 17:00:00,379.85,102.1,3
2021-07-28 16:00:00,2,2021-07-28 18:00:00,379.9,108.8,3
2021-07-28 16:00:00,3,2021-07-28 19:00:00,379.89,107.0,3
2021-07-28 16:00:00,4,2021-07-28 20:00:00,379.85,101.2,3
2021-07-28 16:00:00,5,2021-07-28 21:00:00,379.88,105.3,3
2021-07-28 16:00:00,6,2021-07-28 22:00:00,379.84,100.8,3
2021-07-29 06:00:00,0,2021-07-29 06:00:00,379.74,88.1,3
2021-07-29 06:00:00,1,2021-07-29 07:00:00,379.74,88.4,3
2021-07-29 06:00:00,2,2021-07-29 08:00:00,379.75,88.6,3
2021-07-29 06:00:00,3,2021-07-29 09:00:00,379.74,87.5,3
2021-07-29 06:00:00,4,2021-07-29 10:00:00,379.72,85.3,3
2021-07-29 06:00:00,5,2021-07-29 11:00:00,379.7,83.4,3
2021-07-29 06:00:00,6,2021-07-29 12:00:00,379.68,80.9,3
2021-07-29 14:00:00,0,2021-07-29 14:00:00,379.65,76.7,3
2021-07-29 14:00:00,1,2021-07-29 15:00:00,379.65,76.7,3
2021-07-29 14:00:00,2,2021-07-29 16:00:00,379.63,74.9,3
2021-07-29 14:00:00,3,2021-07-29 17:00:00,379.62,72.9,3
2021-07-29 14:00:00,4,2021-07-29 18:00:00,379.6,70.7,3
2021-07-29 14:00:00,5,2021-07-29 19:00:00,379.59,69.4,3
2021-07-29 14:00:00,6,2021-07-29 20:00:00,379.6,70.8,3
2021-07-30 06:00:00,0,2021-07-30 06:00:00,379.66,78.3,3
2021-07-30 06:00:00,1,2021-07-30 07:00:00,379.67,78.9,3
2021-07-30 06:00:00,2,2021-07-30 08:00:00,379.67,79.7,3
2021-07-30 06:00:00,3,2021-07-30 09:00:00,379.69,81.6,3
2021-07-30 06:00:00,4,2021-07-30 10:00:00,379.69,82.2,3
2021-07-30 06:00:00,5,2021-07-30 11:00:00,379.78,92.7,3
2021-07-30 06:00:00,6,2021-07-30 12:00:00,379.78,92.4,3
2021-07-30 17:00:00,0,2021-07-30 17:00:00,379.65,77.2,3
2021-07-30 17:00:00,1,2021-07-30 18:00:00,379.65,76.7,3
2021-07-30 17:00:00,2,2021-07-30 19:00:00,379.65,76.2,3
2021-07-30 17:00:00,3,2021-07-30 20:00:00,379.66,77.8,3
2021-07-30 17:00:00,4,2021-07-30 21:00:00,379.64,76.2,3
2021-07-30 17:00:00,5,2021-07-30 22:00:00,379.68,80.1,3
2021-07-30 17:00:00,6,2021-07-30 23:00:00,379.75,89.6,3
2021-07-30 21:00:00,0,2021-07-30 21:00:00,379.62,73.5,3
2021-07-30 21:00:00,1,2021-07-30 22:00:00,379.63,73.9,3
2021-07-30 21:00:00,2,2021-07-30 23:00:00,379.64,75.2,3
2021-07-30 21:00:00,3,2021-07-31 00:00:00,379.65,76.7,3
2021-07-30 21:00:00,4,2021-07-31 01:00:00,379.66,78.2,3
2021-07-30 21:00:00,5,2021-07-31 02:00:00,379.66,78.1,3
2021-07-30 21:00:00,6,2021-07-31 03:00:00,379.7,82.7,3
2021-07-31 06:00:00,0,2021-07-31 06:00:00,379.77,91.8,3
2021-07-31 06:00:00,1,2021-07-31 07:00:00,379.79,94.2,3
2021-07-31 06:00:00,2,2021-07-31 08:00:00,379.8,95.1,3
2021-07-31 06:00:00,3,2021-07-31 09:00:00,379.86,103.3,3
2021-07-31 06:00:00,4,2021-07-31 10:00:00,380.02,123.9,3
2021-07-31 06:00:00,5,2021-07-31 11:00:00,379.99,120.5,3
2021-07-31 06:00:00,6,2021-07-31 12:00:00,379.97,118.2,3
2021-07-31 11:00:00,0,2021-07-31 11:00:00,379.91,109.6,3
2021-07-31 11:00:00,1,2021-07-31 12:00:00,379.89,107.4,3
2021-07-31 11:00:00,2,2021-07-31 13:00:00,379.88,105.3,3
2021-07-31 11:00:00,3,2021-07-31 14:00:00,379.86,103.4,3
2021-07-31 11:00:00,4,2021-07-31 15:00:00,379.83,99.7,3
2021-07-31 11:00:00,5,2021-07-31 16:00:00,379.81,96.5,3
2021-07-31 11:00:00,6,2021-07-31 17:00:00,379.79,93.9,3
2021-07-31 17:00:00,0,2021-07-31 17:00:00,379.79,93.8,3
2021-07-31 17:00:00,1,2021-07-31 18:00:00,379.76,90.3,3
2021-07-31 17:00:00,2,2021-07-31 19:00:00,379.74,87.9,3
2021-07-31 17:00:00,3,2021-07-31 20:00:00,379.71,83.5,3
2021-07-31 17:00:00,4,2021-07-31 21:00:00,379.69,81.9,3
2021-07-31 17:00:00,5,2021-07-31 22:00:00,379.68,80.9,3
2021-07-31 17:00:00,6,2021-07-31 23:00:00,379.72,85.9,3
2021-07-31 22:00:00,0,2021-07-31 22:00:00,379.69,81.2,3
2021-07-31 22:00:00,1,2021-07-31 23:00:00,379.7,83.0,3
2021-07-31 22:00:00,2,2021-08-01 00:00:00,379.73,86.6,3
2021-07-31 22:00:00,3,2021-08-01 01:00:00,379.74,87.7,3
2021-07-31 22:00:00,4,2021-08-01 02:00:00,379.78,92.5,3
2021-07-31 22:00:00,5,2021-08-01 03:00:00,379.8,96.0,3
2021-07-31 22:00:00,6,2021-08-01 04:00:00,379.84,100.8,3
2021-08-01 06:00:00,0,2021-08-01 06:00:00,379.89,106.7,3
2021-08-01 06:00:00,1,2021-08-01 07:00:00,380.32,167.5,3
2021-08-01 06:00:00,2,2021-08-01 08:00:00,380.34,171.2,3
2021-08-01 06:00:00,3,2021-08-01 09:00:00,380.46,189.2,3
2021-08-01 06:00:00,4,2021-08-01 10:00:00,380.49,194.1,3
2021-08-01 06:00:00,5,2021-08-01 11:00:00,380.42,183.9,3
2021-08-01 06:00:00,6,2021-08-01 12:00:00,380.34,170.8,3
2021-08-01 11:00:00,0,2021-08-01 11:00:00,380.28,161.6,3
2021-08-01 11:00:00,1,2021-08-01 12:00:00,380.2,150.2,3
2021-08-01 11:00:00,2,2021-08-01 13:00:00,380.16,144.6,3
2021-08-01 11:00:00,3,2021-08-01 14:00:00,380.13,139.7,3
2021-08-01 11:00:00,4,2021-08-01 15:00:00,380.1,136.1,3
2021-08-01 11:00:00,5,2021-08-01 16:00:00,380.13,139.2,3
2021-08-01 11:00:00,6,2021-08-01 17:00:00,380.14,142.0,3
2021-08-01 20:00:00,0,2021-08-01 20:00:00,380.01,123.4,3
2021-08-01 20:00:00,1,2021-08-01 21:00:00,380.0,122.0,3
2021-08-01 20:00:00,2,2021-08-01 22:00:00,380.01,123.5,3
2021-08-01 20:00:00,3,2021-08-01 23:00:00,380.01,122.8,3
2021-08-01 20:00:00,4,2021-08-02 00:00:00,380.0,121.3,3
2021-08-01 20:00:00,5,2021-08-02 01:00:00,380.03,125.6,3
2021-08-01 20:00:00,6,2021-08-02 02:00:00,380.05,128.9,3
2021-08-02 07:00:00,0,2021-08-02 07:00:00,379.94,114.1,3
2021-08-02 07:00:00,1,2021-08-02 08:00:00,379.92,111.3,3
2021-08-02 07:00:00,2,2021-08-02 09:00:00,379.9,108.1,3
2021-08-02 07:00:00,3,2021-08-02 10:00:00,379.88,105.5,3
2021-08-02 07:00:00,4,2021-08-02 11:00:00,379.88,105.9,3
2021-08-02 07:00:00,5,2021-08-02 12:00:00,379.91,109.2,3
2021-08-02 07:00:00,6,2021-08-02 13:00:00,379.89,106.8,3
2021-08-02 18:00:00,0,2021-08-02 18:00:00,379.73,86.2,3
2021-08-02 18:00:00,1,2021-08-02 19:00:00,379.72,85.5,3
2021-08-02 18:00:00,2,2021-08-02 20:00:00,379.72,84.8,3
2021-08-02 18:00:00,3,2021-08-02 21:00:00,379.7,83.4,3
2021-08-02 18:00:00,4,2021-08-02 22:00:00,379.7,82.9,3
2021-08-02 18:00:00,5,2021-08-02 23:00:00,379.76,90.8,3
2021-08-02 18:00:00,6,2021-08-03 00:00:00,379.78,92.7,3
2021-08-03 06:00:00,0,2021-08-03 06:00:00,379.65,76.8,3
2021-08-03 06:00:00,1,2021-08-03 07:00:00,379.66,77.8,3
2021-08-03 06:00:00,2,2021-08-03 08:00:00,379.67,79.4,3
2021-08-03 06:00:00,3,2021-08-03 09:00:00,379.67,78.9,3
2021-08-03 06:00:00,4,2021-08-03 10:00:00,379.66,78.1,3
2021-08-03 06:00:00,5,2021-08-03 11:00:00,379.65,77.1,3
2021-08-03 06:00:00,6,2021-08-03 12:00:00,379.73,86.8,3
2021-08-03 13:00:00,0,2021-08-03 13:00:00,379.66,78.5,3
2021-08-03 13:00:00,1,2021-08-03 14:00:00,379.62,73.2,3
2021-08-03 13:00:00,2,2021-08-03 15:00:00,379.61,71.5,3
2021-08-03 13:00:00,3,2021-08-03 16:00:00,379.59,69.6,3
2021-08-03 13:00:00,4,2021-08-03 17:00:00,379.6,70.9,3
2021-08-03 13:00:00,5,2021-08-03 18:00:00,379.58,68.9,3
2021-08-03 13:00:00,6,2021-08-03 19:00:00,379.57,66.9,3
2021-08-03 18:00:00,0,2021-08-03 18:00:00,379.57,67.0,3
2021-08-03 18:00:00,1,2021-08-03 19:00:00,379.56,65.6,3
2021-08-03 18:00:00,2,2021-08-03 20:00:00,379.6,70.7,3
2021-08-03 18:00:00,3,2021-08-03 21:00:00,379.62,73.1,3
2021-08-03 18:00:00,4,2021-08-03 22:00:00,379.61,72.3,3
2021-08-03 18:00:00,5,2021-08-03 23:00:00,379.63,73.8,3
2021-08-03 18:00:00,6,2021-08-04 00:00:00,379.66,78.5,3
2021-08-04 06:00:00,0,2021-08-04 06:00:00,379.8,95.8,3
2021-08-04 06:00:00,1,2021-08-04 07:00:00,379.86,103.3,3
2021-08-04 06:00:00,2,2021-08-04 08:00:00,379.94,113.9,3
2021-08-04 06:00:00,3,2021-08-04 09:00:00,380.29,163.4,3
2021-08-04 06:00:00,4,2021-08-04 10:00:00,380.33,169.2,3
2021-08-04 06:00:00,5,2021-08-04 11:00:00,380.32,168.1,3
2021-08-04 06:00:00,6,2021-08-04 12:00:00,380.29,162.9,3
2021-08-04 13:00:00,0,2021-08-04 13:00:00,380.27,160.1,3
2021-08-04 13:00:00,1,2021-08-04 14:00:00,380.25,156.7,3
2021-08-04 13:00:00,2,2021-08-04 15:00:00,380.23,153.8,3
2021-08-04 13:00:00,3,2021-08-04 16:00:00,380.21,150.8,3
2021-08-04 13:00:00,4,2021-08-04 17:00:00,380.24,156.4,3
2021-08-04 13:00:00,5,2021-08-04 18:00:00,380.4,180.4,3
2021-08-04 13:00:00,6,2021-08-04 19:00:00,380.44,186.2,3
2021-08-04 17:00:00,0,2021-08-04 17:00:00,380.24,155.9,3
2021-08-04 17:00:00,1,2021-08-04 18:00:00,380.25,157.9,3
2021-08-04 17:00:00,2,2021-08-04 19:00:00,380.28,162.0,3
2021-08-04 17:00:00,3,2021-08-04 20:00:00,380.48,193.1,3
2021-08-04 17:00:00,4,2021-08-04 21:00:00,380.54,202.9,3
2021-08-04 17:00:00,5,2021-08-04 22:00:00,380.52,199.9,3
2021-08-04 17:00:00,6,2021-08-04 23:00:00,380.51,198.5,3
2021-08-05 06:00:00,0,2021-08-05 06:00:00,380.76,239.8,3
2021-08-05 06:00:00,1,2021-08-05 07:00:00,380.7,230.3,3
2021-08-05 06:00:00,2,2021-08-05 08:00:00,380.64,218.9,3
2021-08-05 06:00:00,3,2021-08-05 09:00:00,380.55,205.1,3
2021-08-05 06:00:00,4,2021-08-05 10:00:00,380.53,200.5,3
2021-08-05 06:00:00,5,2021-08-05 11:00:00,380.49,194.7,3
2021-08-05 06:00:00,6,2021-08-05 12:00:00,380.46,190.0,3
2021-08-05 08:00:00,0,2021-08-05 08:00:00,380.64,218.9,3
2021-08-05 08:00:00,1,2021-08-05 09:00:00,380.55,205.1,3
2021-08-05 08:00:00,2,2021-08-05 10:00:00,380.53,200.5,3
2021-08-05 08:00:00,3,2021-08-05 11:00:00,380.49,194.7,3
2021-08-05 08:00:00,4,2021-08-05 12:00:00,380.46,190.0,3
2021-08-05 08:00:00,5,2021-08-05 13:00:00,380.44,186.8,3
2021-08-05 08:00:00,6,2021-08-05 14:00:00,380.5,196.6,3
2021-08-05 13:00:00,0,2021-08-05 13:00:00,380.48,193.2,3
2021-08-05 13:00:00,1,2021-08-05 14:00:00,380.37,176.1,3
2021-08-05 13:00:00,2,2021-08-05 15:00:00,380.36,173.6,3
2021-08-05 13:00:00,3,2021-08-05 16:00:00,380.29,163.2,3
2021-08-05 13:00:00,4,2021-08-05 17:00:00,380.29,163.8,3
2021-08-05 13:00:00,5,2021-08-05 18:00:00,380.27,159.9,3
2021-08-05 13:00:00,6,2021-08-05 19:00:00,380.25,157.0,3
2021-08-06 07:00:00,0,2021-08-06 07:00:00,380.04,126.5,3
2021-08-06 07:00:00,1,2021-08-06 08:00:00,380.03,125.4,3
2021-08-06 07:00:00,2,2021-08-06 09:00:00,380.01,123.1,3
2021-08-06 07:00:00,3,2021-08-06 10:00:00,379.99,120.7,3
2021-08-06 07:00:00,4,2021-08-06 11:00:00,380.05,128.6,3
2021-08-06 07:00:00,5,2021-08-06 12:00:00,380.02,124.4,3
2021-08-06 07:00:00,6,2021-08-06 13:00:00,380.0,122.1,3
2021-08-07 06:00:00,0,2021-08-07 06:00:00,379.83,99.5,3
2021-08-07 06:00:00,1,2021-08-07 07:00:00,379.84,100.5,3
2021-08-07 06:00:00,2,2021-08-07 08:00:00,379.85,101.2,3
2021-08-07 06:00:00,3,2021-08-07 09:00:00,379.84,100.3,3
2021-08-07 06:00:00,4,2021-08-07 10:00:00,379.84,100.0,3
2021-08-07 06:00:00,5,2021-08-07 11:00:00,379.87,104.5,3
2021-08-07 06:00:00,6,2021-08-07 12:00:00,379.9,108.3,3
2021-08-07 11:00:00,0,2021-08-07 11:00:00,379.87,104.9,3
2021-08-07 11:00:00,1,2021-08-07 12:00:00,379.81,97.2,3
2021-08-07 11:00:00,2,2021-08-07 13:00:00,379.81,97.2,3
2021-08-07 11:00:00,3,2021-08-07 14:00:00,379.83,98.9,3
2021-08-07 11:00:00,4,2021-08-07 15:00:00,379.85,102.3,3
2021-08-07 11:00:00,5,2021-08-07 16:00:00,379.89,107.3,3
2021-08-07 11:00:00,6,2021-08-07 17:00:00,380.04,127.0,3
2021-08-07 16:00:00,0,2021-08-07 16:00:00,380.02,124.3,3
2021-08-07 16:00:00,1,2021-08-07 17:00:00,380.15,143.3,3
2021-08-07 16:00:00,2,2021-08-07 18:00:00,380.42,183.2,3
2021-08-07 16:00:00,3,2021-08-07 19:00:00,380.61,213.7,3
2021-08-07 16:00:00,4,2021-08-07 20:00:00,381.08,301.4,3
2021-08-07 16:00:00,5,2021-08-07 21:00:00,381.2,324.2,3
2021-08-07 16:00:00,6,2021-08-07 22:00:00,381.3,346.2,3
2021-08-07 23:00:00,0,2021-08-07 23:00:00,381.01,286.9,3
2021-08-07 23:00:00,1,2021-08-08 00:00:00,381.18,321.3,3
2021-08-07 23:00:00,2,2021-08-08 01:00:00,381.46,380.4,3
2021-08-07 23:00:00,3,2021-08-08 02:00:00,381.42,372.5,3
2021-08-07 23:00:00,4,2021-08-08 03:00:00,381.32,349.2,3
2021-08-07 23:00:00,5,2021-08-08 04:00:00,381.24,333.4,3
2021-08-07 23:00:00,6,2021-08-08 05:00:00,381.1,305.4,3
2021-08-08 07:00:00,0,2021-08-08 07:00:00,381.09,302.2,3
2021-08-08 07:00:00,1,2021-08-08 08:00:00,380.9,266.2,3
2021-08-08 07:00:00,2,2021-08-08 09:00:00,380.81,249.3,3
2021-08-08 07:00:00,3,2021-08-08 10:00:00,380.73,235.6,3
2021-08-08 07:00:00,4,2021-08-08 11:00:00,380.67,225.1,3
2021-08-08 07:00:00,5,2021-08-08 12:00:00,380.62,216.2,3
2021-08-08 07:00:00,6,2021-08-08 13:00:00,380.57,208.1,3
2021-08-08 12:00:00,0,2021-08-08 12:00:00,380.78,243.6,3
2021-08-08 12:00:00,1,2021-08-08 13:00:00,380.72,232.9,3
2021-08-08 12:00:00,2,2021-08-08 14:00:00,380.74,237.1,3
2021-08-08 12:00:00,3,2021-08-08 15:00:00,380.55,204.3,3
2021-08-08 12:00:00,4,2021-08-08 16:00:00,380.51,198.4,3
2021-08-08 12:00:00,5,2021-08-08 17:00:00,380.45,188.8,3
2021-08-08 12:00:00,6,2021-08-08 18:00:00,380.4,180.5,3
2021-08-08 13:00:00,0,2021-08-08 13:00:00,380.71,232.6,3
2021-08-08 13:00:00,1,2021-08-08 14:00:00,380.74,236.4,3
2021-08-08 13:00:00,2,2021-08-08 15:00:00,380.54,202.2,3
2021-08-08 13:00:00,3,2021-08-08 16:00:00,380.52,199.6,3
2021-08-08 13:00:00,4,2021-08-08 17:00:00,380.47,191.8,3
2021-08-08 13:00:00,5,2021-08-08 18:00:00,380.39,178.5,3
2021-08-08 13:00:00,6,2021-08-08 19:00:00,380.36,173.4,3
2021-08-08 15:00:00,0,2021-08-08 15:00:00,380.54,202.2,3
2021-08-08 15:00:00,1,2021-08-08 16:00:00,380.52,199.6,3
2021-08-08 15:00:00,2,2021-08-08 17:00:00,380.47,191.8,3
2021-08-08 15:00:00,3,2021-08-08 18:00:00,380.39,178.5,3
2021-08-08 15:00:00,4,2021-08-08 19:00:00,380.36,173.4,3
2021-08-08 15:00:00,5,2021-08-08 20:00:00,380.33,169.9,3
2021-08-08 15:00:00,6,2021-08-08 21:00:00,380.31,166.1,3
2021-08-09 07:00:00,0,2021-08-09 07:00:00,380.13,139.6,3
2021-08-09 07:00:00,1,2021-08-09 08:00:00,380.11,136.4,3
2021-08-09 07:00:00,2,2021-08-09 09:00:00,380.08,133.3,3
2021-08-09 07:00:00,3,2021-08-09 10:00:00,380.07,131.2,3
2021-08-09 07:00:00,4,2021-08-09 11:00:00,380.09,133.9,3
2021-08-09 07:00:00,5,2021-08-09 12:00:00,380.08,133.0,3
2021-08-09 07:00:00,6,2021-08-09 13:00:00,380.06,129.4,3
2021-08-10 07:00:00,0,2021-08-10 07:00:00,379.78,92.8,3
2021-08-10 07:00:00,1,2021-08-10 08:00:00,379.8,95.8,3
2021-08-10 07:00:00,2,2021-08-10 09:00:00,379.78,92.8,3
2021-08-10 07:00:00,3,2021-08-10 10:00:00,379.77,92.2,3
2021-08-10 07:00:00,4,2021-08-10 11:00:00,379.81,97.1,3
2021-08-10 07:00:00,5,2021-08-10 12:00:00,379.82,98.5,3
2021-08-10 07:00:00,6,2021-08-10 13:00:00,379.8,94.8,3
2021-08-11 07:00:00,0,2021-08-11 07:00:00,379.69,81.2,3
2021-08-11 07:00:00,1,2021-08-11 08:00:00,379.68,80.6,3
2021-08-11 07:00:00,2,2021-08-11 09:00:00,379.69,81.6,3
2021-08-11 07:00:00,3,2021-08-11 10:00:00,379.69,82.0,3
2021-08-11 07:00:00,4,2021-08-11 11:00:00,379.7,82.8,3
2021-08-11 07:00:00,5,2021-08-11 12:00:00,379.75,88.5,3
2021-08-11 07:00:00,6,2021-08-11 13:00:00,379.77,91.8,3
2021-08-12 07:00:00,0,2021-08-12 07:00:00,379.7,82.3,3
2021-08-12 07:00:00,1,2021-08-12 08:00:00,379.73,86.9,3
2021-08-12 07:00:00,2,2021-08-12 09:00:00,379.72,85.6,3
2021-08-12 07:00:00,3,2021-08-12 10:00:00,379.73,86.2,3
2021-08-12 07:00:00,4,2021-08-12 11:00:00,379.74,88.0,3
2021-08-12 07:00:00,5,2021-08-12 12:00:00,379.76,90.2,3
2021-08-12 07:00:00,6,2021-08-12 13:00:00,379.78,93.1,3
2021-08-12 08:00:00,0,2021-08-12 08:00:00,379.73,86.9,3
2021-08-12 08:00:00,1,2021-08-12 09:00:00,379.72,85.6,3
2021-08-12 08:00:00,2,2021-08-12 10:00:00,379.73,86.2,3
2021-08-12 08:00:00,3,2021-08-12 11:00:00,379.74,88.0,3
2021-08-12 08:00:00,4,2021-08-12 12:00:00,379.76,90.2,3
2021-08-12 08:00:00,5,2021-08-12 13:00:00,379.78,93.1,3
2021-08-12 08:00:00,6,2021-08-12 14:00:00,379.79,94.5,3
2021-08-12 09:00:00,0,2021-08-12 09:00:00,379.72,85.6,3
2021-08-12 09:00:00,1,2021-08-12 10:00:00,379.73,86.2,3
2021-08-12 09:00:00,2,2021-08-12 11:00:00,379.74,88.0,3
2021-08-12 09:00:00,3,2021-08-12 12:00:00,379.76,90.2,3
2021-08-12 09:00:00,4,2021-08-12 13:00:00,379.78,93.1,3
2021-08-12 09:00:00,5,2021-08-12 14:00:00,379.79,94.5,3
2021-08-12 09:00:00,6,2021-08-12 15:00:00,379.78,92.8,3
2021-08-13 07:00:00,0,2021-08-13 07:00:00,380.09,134.2,3
2021-08-13 07:00:00,1,2021-08-13 08:00:00,380.04,126.8,3
2021-08-13 07:00:00,2,2021-08-13 09:00:00,380.02,124.1,3
2021-08-13 07:00:00,3,2021-08-13 10:00:00,379.98,119.1,3
2021-08-13 07:00:00,4,2021-08-13 11:00:00,380.1,134.9,3
2021-08-13 07:00:00,5,2021-08-13 12:00:00,380.01,123.6,3
2021-08-13 07:00:00,6,2021-08-13 13:00:00,380.02,124.5,3
2021-08-14 07:00:00,0,2021-08-14 07:00:00,379.89,106.4,3
2021-08-14 07:00:00,1,2021-08-14 08:00:00,379.84,100.5,3
2021-08-14 07:00:00,2,2021-08-14 09:00:00,379.83,99.0,3
2021-08-14 07:00:00,3,2021-08-14 10:00:00,379.83,98.8,3
2021-08-14 07:00:00,4,2021-08-14 11:00:00,379.82,98.0,3
2021-08-14 07:00:00,5,2021-08-14 12:00:00,379.81,96.4,3
2021-08-14 07:00:00,6,2021-08-14 13:00:00,379.84,100.8,3
2021-08-14 09:00:00,0,2021-08-14 09:00:00,379.83,99.0,3
2021-08-14 09:00:00,1,2021-08-14 10:00:00,379.83,98.8,3
2021-08-14 09:00:00,2,2021-08-14 11:00:00,379.82,98.0,3
2021-08-14 09:00:00,3,2021-08-14 12:00:00,379.81,96.4,3
2021-08-14 09:00:00,4,2021-08-14 13:00:00,379.84,100.8,3
2021-08-14 09:00:00,5,2021-08-14 14:00:00,379.8,95.8,3
2021-08-14 09:00:00,6,2021-08-14 15:00:00,379.81,96.8,3
2021-08-15 07:00:00,0,2021-08-15 07:00:00,379.74,88.2,3
2021-08-15 07:00:00,1,2021-08-15 08:00:00,379.72,85.6,3
2021-08-15 07:00:00,2,2021-08-15 09:00:00,379.75,89.5,3
2021-08-15 07:00:00,3,2021-08-15 10:00:00,379.72,85.9,3
2021-08-15 07:00:00,4,2021-08-15 11:00:00,379.69,81.5,3
2021-08-15 07:00:00,5,2021-08-15 12:00:00,379.7,83.4,3
2021-08-15 07:00:00,6,2021-08-15 13:00:00,379.69,81.8,3
2021-08-16 07:00:00,0,2021-08-16 07:00:00,379.76,90.0,3
2021-08-16 07:00:00,1,2021-08-16 08:00:00,379.78,93.0,3
2021-08-16 07:00:00,2,2021-08-16 09:00:00,379.77,91.0,3
2021-08-16 07:00:00,3,2021-08-16 10:00:00,379.71,83.6,3
2021-08-16 07:00:00,4,2021-08-16 11:00:00,379.74,88.4,3
2021-08-16 07:00:00,5,2021-08-16 12:00:00,379.94,113.2,3
2021-08-16 07:00:00,6,2021-08-16 13:00:00,379.92,111.4,3
2021-08-17 07:00:00,0,2021-08-17 07:00:00,379.69,81.8,3
2021-08-17 07:00:00,1,2021-08-17 08:00:00,379.68,80.6,3
2021-08-17 07:00:00,2,2021-08-17 09:00:00,379.67,79.0,3
2021-08-17 07:00:00,3,2021-08-17 10:00:00,379.67,78.6,3
2021-08-17 07:00:00,4,2021-08-17 11:00:00,379.64,75.6,3
2021-08-17 07:00:00,5,2021-08-17 12:00:00,379.57,67.2,3
2021-08-17 07:00:00,6,2021-08-17 13:00:00,379.58,68.3,3
2021-08-18 07:00:00,0,2021-08-18 07:00:00,379.53,62.9,3
2021-08-18 07:00:00,1,2021-08-18 08:00:00,379.54,64.1,3
2021-08-18 07:00:00,2,2021-08-18 09:00:00,379.55,65.3,3
2021-08-18 07:00:00,3,2021-08-18 10:00:00,379.55,64.8,3
2021-08-18 07:00:00,4,2021-08-18 11:00:00,379.52,61.6,3
2021-08-18 07:00:00,5,2021-08-18 12:00:00,379.51,60.0,3
2021-08-18 07:00:00,6,2021-08-18 13:00:00,379.54,63.3,3
2021-08-19 07:00:00,0,2021-08-19 07:00:00,379.5,59.1,3
2021-08-19 07:00:00,1,2021-08-19 08:00:00,379.49,58.1,3
2021-08-19 07:00:00,2,2021-08-19 09:00:00,379.48,57.2,3
2021-08-19 07:00:00,3,2021-08-19 10:00:00,379.48,57.3,3
2021-08-19 07:00:00,4,2021-08-19 11:00:00,379.48,56.6,3
2021-08-19 07:00:00,5,2021-08-19 12:00:00,379.47,55.7,3
2021-08-19 07:00:00,6,2021-08-19 13:00:00,379.5,59.6,3
2021-08-20 06:00:00,0,2021-08-20 06:00:00,379.45,53.5,3
2021-08-20 06:00:00,1,2021-08-20 07:00:00,379.45,53.2,3
2021-08-20 06:00:00,2,2021-08-20 08:00:00,379.45,53.8,3
2021-08-20 06:00:00,3,2021-08-20 09:00:00,379.48,56.7,3
2021-08-20 06:00:00,4,2021-08-20 10:00:00,379.47,55.3,3
2021-08-20 06:00:00,5,2021-08-20 11:00:00,379.46,54.2,3
2021-08-20 06:00:00,6,2021-08-20 12:00:00,379.45,53.0,3
2021-08-21 08:00:00,0,2021-08-21 08:00:00,379.48,57.1,3
2021-08-21 08:00:00,1,2021-08-21 09:00:00,379.48,56.9,3
2021-08-21 08:00:00,2,2021-08-21 10:00:00,379.46,54.3,3
2021-08-21 08:00:00,3,2021-08-21 11:00:00,379.45,53.8,3
2021-08-21 08:00:00,4,2021-08-21 12:00:00,379.45,53.0,3
2021-08-21 08:00:00,5,2021-08-21 13:00:00,379.49,58.3,3
2021-08-21 08:00:00,6,2021-08-21 14:00:00,379.49,58.6,3
2021-08-22 07:00:00,0,2021-08-22 07:00:00,379.46,54.3,3
2021-08-22 07:00:00,1,2021-08-22 08:00:00,379.45,53.0,3
2021-08-22 07:00:00,2,2021-08-22 09:00:00,379.45,53.2,3
2021-08-22 07:00:00,3,2021-08-22 10:00:00,379.45,53.8,3
2021-08-22 07:00:00,4,2021-08-22 11:00:00,379.49,58.4,3
2021-08-22 07:00:00,5,2021-08-22 12:00:00,379.49,57.9,3
2021-08-22 07:00:00,6,2021-08-22 13:00:00,379.49,58.4,3
2021-08-23 07:00:00,0,2021-08-23 07:00:00,379.49,58.2,3
2021-08-23 07:00:00,1,2021-08-23 08:00:00,379.48,57.1,3
2021-08-23 07:00:00,2,2021-08-23 09:00:00,379.5,59.4,3
2021-08-23 07:00:00,3,2021-08-23 10:00:00,379.53,62.8,3
2021-08-23 07:00:00,4,2021-08-23 11:00:00,379.51,60.5,3
2021-08-23 07:00:00,5,2021-08-23 12:00:00,379.5,58.7,3
2021-08-23 07:00:00,6,2021-08-23 13:00:00,379.49,57.8,3
2021-08-24 07:00:00,0,2021-08-24 07:00:00,379.47,55.8,3
2021-08-24 07:00:00,1,2021-08-24 08:00:00,379.46,55.0,3
2021-08-24 07:00:00,2,2021-08-24 09:00:00,379.46,54.5,3
2021-08-24 07:00:00,3,2021-08-24 10:00:00,379.45,53.7,3
2021-08-24 07:00:00,4,2021-08-24 11:00:00,379.45,53.7,3
2021-08-24 07:00:00,5,2021-08-24 12:00:00,379.46,54.2,3
2021-08-24 07:00:00,6,2021-08-24 13:00:00,379.45,54.0,3
2021-08-25 07:00:00,0,2021-08-25 07:00:00,379.46,54.1,3
2021-08-25 07:00:00,1,2021-08-25 08:00:00,379.42,50.2,3
2021-08-25 07:00:00,2,2021-08-25 09:00:00,379.41,48.7,3
2021-08-25 07:00:00,3,2021-08-25 10:00:00,379.4,47.5,3
2021-08-25 07:00:00,4,2021-08-25 11:00:00,379.4,47.4,3
2021-08-25 07:00:00,5,2021-08-25 12:00:00,379.41,49.0,3
2021-08-25 07:00:00,6,2021-08-25 13:00:00,379.41,49.0,3
2021-08-26 06:00:00,0,2021-08-26 06:00:00,379.4,47.5,3
2021-08-26 06:00:00,1,2021-08-26 07:00:00,379.46,55.1,3
2021-08-26 06:00:00,2,2021-08-26 08:00:00,379.45,53.5,3
2021-08-26 06:00:00,3,2021-08-26 09:00:00,379.44,52.1,3
2021-08-26 06:00:00,4,2021-08-26 10:00:00,379.44,52.0,3
2021-08-26 06:00:00,5,2021-08-26 11:00:00,379.43,51.8,3
2021-08-26 06:00:00,6,2021-08-26 12:00:00,379.45,53.2,3
2021-08-27 07:00:00,0,2021-08-27 07:00:00,379.42,50.2,3
2021-08-27 07:00:00,1,2021-08-27 08:00:00,379.43,51.1,3
2021-08-27 07:00:00,2,2021-08-27 09:00:00,379.43,50.7,3
2021-08-27 07:00:00,3,2021-08-27 10:00:00,379.41,49.6,3
2021-08-27 07:00:00,4,2021-08-27 11:00:00,379.41,49.3,3
2021-08-27 07:00:00,5,2021-08-27 12:00:00,379.41,49.3,3
2021-08-27 07:00:00,6,2021-08-27 13:00:00,379.4,47.8,3
2021-08-28 06:00:00,0,2021-08-28 06:00:00,379.47,55.7,3
2021-08-28 06:00:00,1,2021-08-28 07:00:00,379.48,56.7,3
2021-08-28 06:00:00,2,2021-08-28 08:00:00,379.48,57.0,3
2021-08-28 06:00:00,3,2021-08-28 09:00:00,379.48,57.1,3
2021-08-28 06:00:00,4,2021-08-28 10:00:00,379.47,56.2,3
2021-08-28 06:00:00,5,2021-08-28 11:00:00,379.47,55.7,3
2021-08-28 06:00:00,6,2021-08-28 12:00:00,379.46,54.9,3
2021-08-29 07:00:00,0,2021-08-29 07:00:00,379.46,54.2,3
2021-08-29 07:00:00,1,2021-08-29 08:00:00,379.46,54.5,3
2021-08-29 07:00:00,2,2021-08-29 09:00:00,379.45,53.9,3
2021-08-29 07:00:00,3,2021-08-29 10:00:00,379.43,50.7,3
2021-08-29 07:00:00,4,2021-08-29 11:00:00,379.42,50.5,3
2021-08-29 07:00:00,5,2021-08-29 12:00:00,379.42,50.4,3
2021-08-29 07:00:00,6,2021-08-29 13:00:00,379.42,50.1,3
2021-08-30 13:00:00,0,2021-08-30 13:00:00,379.31,38.7,3
2021-08-30 13:00:00,1,2021-08-30 14:00:00,379.31,38.4,3
2021-08-30 13:00:00,2,2021-08-30 15:00:00,379.32,39.6,3
2021-08-30 13:00:00,3,2021-08-30 16:00:00,379.33,40.4,3
2021-08-30 13:00:00,4,2021-08-30 17:00:00,379.3,37.2,3
2021-08-30 13:00:00,5,2021-08-30 18:00:00,379.28,35.9,3
2021-08-30 13:00:00,6,2021-08-30 19:00:00,379.27,34.6,3
2021-08-31 07:00:00,0,2021-08-31 07:00:00,379.42,49.8,3
2021-08-31 07:00:00,1,2021-08-31 08:00:00,379.41,49.4,3
2021-08-31 07:00:00,2,2021-08-31 09:00:00,379.44,52.0,3
2021-08-31 07:00:00,3,2021-08-31 10:00:00,379.45,53.7,3
2021-08-31 07:00:00,4,2021-08-31 11:00:00,379.44,52.0,3
2021-08-31 07:00:00,5,2021-08-31 12:00:00,379.42,50.4,3
2021-08-31 07:00:00,6,2021-08-31 13:00:00,379.41,49.0,3
2021-09-01 07:00:00,0,2021-09-01 07:00:00,379.37,45.0,3
2021-09-01 07:00:00,1,2021-09-01 08:00:00,379.38,45.5,3
2021-09-01 07:00:00,2,2021-09-01 09:00:00,379.39,47.2,3
2021-09-01 07:00:00,3,2021-09-01 10:00:00,379.4,48.2,3
2021-09-01 07:00:00,4,2021-09-01 11:00:00,379.39,47.0,3
2021-09-01 07:00:00,5,2021-09-01 12:00:00,379.38,46.0,3
2021-09-01 07:00:00,6,2021-09-01 13:00:00,379.37,45.0,3
2021-09-02 07:00:00,0,2021-09-02 07:00:00,379.4,48.1,3
2021-09-02 07:00:00,1,2021-09-02 08:00:00,379.41,49.2,3
2021-09-02 07:00:00,2,2021-09-02 09:00:00,379.42,50.0,3
2021-09-02 07:00:00,3,2021-09-02 10:00:00,379.43,50.9,3
2021-09-02 07:00:00,4,2021-09-02 11:00:00,379.41,49.5,3
2021-09-02 07:00:00,5,2021-09-02 12:00:00,379.4,47.8,3
2021-09-02 07:00:00,6,2021-09-02 13:00:00,379.39,47.4,3
2021-09-03 07:00:00,0,2021-09-03 07:00:00,379.41,49.5,3
2021-09-03 07:00:00,1,2021-09-03 08:00:00,379.43,51.5,3
2021-09-03 07:00:00,2,2021-09-03 09:00:00,379.41,48.8,3
2021-09-03 07:00:00,3,2021-09-03 10:00:00,379.42,50.1,3
2021-09-03 07:00:00,4,2021-09-03 11:00:00,379.44,52.1,3
2021-09-03 07:00:00,5,2021-09-03 12:00:00,379.41,49.4,3
2021-09-03 07:00:00,6,2021-09-03 13:00:00,379.39,47.0,3
2021-09-04 07:00:00,0,2021-09-04 07:00:00,379.38,45.3,3
2021-09-04 07:00:00,1,2021-09-04 08:00:00,379.39,47.3,3
2021-09-04 07:00:00,2,2021-09-04 09:00:00,379.42,50.5,3
2021-09-04 07:00:00,3,2021-09-04 10:00:00,379.42,50.6,3
2021-09-04 07:00:00,4,2021-09-04 11:00:00,379.42,50.2,3
2021-09-04 07:00:00,5,2021-09-04 12:00:00,379.45,53.7,3
2021-09-04 07:00:00,6,2021-09-04 13:00:00,379.45,53.4,3
2021-09-05 07:00:00,0,2021-09-05 07:00:00,379.4,48.2,3
2021-09-05 07:00:00,1,2021-09-05 08:00:00,379.4,47.9,3
2021-09-05 07:00:00,2,2021-09-05 09:00:00,379.4,48.3,3
2021-09-05 07:00:00,3,2021-09-05 10:00:00,379.39,47.1,3
2021-09-05 07:00:00,4,2021-09-05 11:00:00,379.39,47.2,3
2021-09-05 07:00:00,5,2021-09-05 12:00:00,379.39,46.8,3
2021-09-05 07:00:00,6,2021-09-05 13:00:00,379.38,46.1,3
2021-09-06 07:00:00,0,2021-09-06 07:00:00,379.36,43.7,3
2021-09-06 07:00:00,1,2021-09-06 08:00:00,379.38,45.8,3
2021-09-06 07:00:00,2,2021-09-06 09:00:00,379.39,46.4,3
2021-09-06 07:00:00,3,2021-09-06 10:00:00,379.41,48.7,3
2021-09-06 07:00:00,4,2021-09-06 11:00:00,379.38,46.2,3
2021-09-06 07:00:00,5,2021-09-06 12:00:00,379.36,43.9,3
2021-09-06 07:00:00,6,2021-09-06 13:00:00,379.35,42.8,3
2021-09-07 07:00:00,0,2021-09-07 07:00:00,379.37,44.7,3
2021-09-07 07:00:00,1,2021-09-07 08:00:00,379.4,48.1,3
2021-09-07 07:00:00,2,2021-09-07 09:00:00,379.45,53.0,3
2021-09-07 07:00:00,3,2021-09-07 10:00:00,379.43,51.1,3
2021-09-07 07:00:00,4,2021-09-07 11:00:00,379.38,45.9,3
2021-09-07 07:00:00,5,2021-09-07 12:00:00,379.38,45.6,3
2021-09-07 07:00:00,6,2021-09-07 13:00:00,379.39,46.4,3
2021-09-08 07:00:00,0,2021-09-08 07:00:00,379.38,45.9,3
2021-09-08 07:00:00,1,2021-09-08 08:00:00,379.38,46.1,3
2021-09-08 07:00:00,2,2021-09-08 09:00:00,379.37,45.0,3
2021-09-08 07:00:00,3,2021-09-08 10:00:00,379.37,44.7,3
2021-09-08 07:00:00,4,2021-09-08 11:00:00,379.38,45.5,3
2021-09-08 07:00:00,5,2021-09-08 12:00:00,379.38,46.1,3
2021-09-08 07:00:00,6,2021-09-08 13:00:00,379.37,44.5,3
2021-09-09 07:00:00,0,2021-09-09 07:00:00,379.36,44.0,3
2021-09-09 07:00:00,1,2021-09-09 08:00:00,379.38,45.8,3
2021-09-09 07:00:00,2,2021-09-09 09:00:00,379.38,46.2,3
2021-09-09 07:00:00,3,2021-09-09 10:00:00,379.38,45.8,3
2021-09-09 07:00:00,4,2021-09-09 11:00:00,379.38,45.5,3
2021-09-09 07:00:00,5,2021-09-09 12:00:00,379.38,45.4,3
2021-09-09 07:00:00,6,2021-09-09 13:00:00,379.37,45.1,3
2021-09-10 07:00:00,0,2021-09-10 07:00:00,379.4,48.4,3
2021-09-10 07:00:00,1,2021-09-10 08:00:00,379.41,49.3,3
2021-09-10 07:00:00,2,2021-09-10 09:00:00,379.41,49.3,3
2021-09-10 07:00:00,3,2021-09-10 10:00:00,379.41,49.0,3
2021-09-10 07:00:00,4,2021-09-10 11:00:00,379.43,51.2,3
2021-09-10 07:00:00,5,2021-09-10 12:00:00,379.42,50.6,3
2021-09-10 07:00:00,6,2021-09-10 13:00:00,379.41,48.7,3
2021-09-12 07:00:00,0,2021-09-12 07:00:00,379.34,41.8,3
2021-09-12 07:00:00,1,2021-09-12 08:00:00,379.35,42.8,3
2021-09-12 07:00:00,2,2021-09-12 09:00:00,379.37,44.8,3
2021-09-12 07:00:00,3,2021-09-12 10:00:00,379.37,44.3,3
2021-09-12 07:00:00,4,2021-09-12 11:00:00,379.38,46.1,3
2021-09-12 07:00:00,5,2021-09-12 12:00:00,379.38,45.7,3
2021-09-12 07:00:00,6,2021-09-12 13:00:00,379.36,44.1,3
2021-09-13 07:00:00,0,2021-09-13 07:00:00,379.31,38.4,3
2021-09-13 07:00:00,1,2021-09-13 08:00:00,379.3,37.9,3
2021-09-13 07:00:00,2,2021-09-13 09:00:00,379.3,37.7,3
2021-09-13 07:00:00,3,2021-09-13 10:00:00,379.32,39.7,3
2021-09-13 07:00:00,4,2021-09-13 11:00:00,379.32,39.7,3
2021-09-13 07:00:00,5,2021-09-13 12:00:00,379.31,38.5,3
2021-09-13 07:00:00,6,2021-09-13 13:00:00,379.33,40.7,3
2021-09-14 07:00:00,0,2021-09-14 07:00:00,379.31,38.0,3
2021-09-14 07:00:00,1,2021-09-14 08:00:00,379.31,38.3,3
2021-09-14 07:00:00,2,2021-09-14 09:00:00,379.3,37.5,3
2021-09-14 07:00:00,3,2021-09-14 10:00:00,379.31,38.4,3
2021-09-14 07:00:00,4,2021-09-14 11:00:00,379.31,38.1,3
2021-09-14 07:00:00,5,2021-09-14 12:00:00,379.29,36.6,3
2021-09-14 07:00:00,6,2021-09-14 13:00:00,379.3,37.0,3
2021-09-14 21:00:00,0,2021-09-14 21:00:00,379.24,32.0,3
2021-09-14 21:00:00,1,2021-09-14 22:00:00,379.26,33.8,3
2021-09-14 21:00:00,2,2021-09-14 23:00:00,379.25,32.8,3
2021-09-14 21:00:00,3,2021-09-15 00:00:00,379.24,32.0,3
2021-09-14 21:00:00,4,2021-09-15 01:00:00,379.25,32.4,3
2021-09-14 21:00:00,5,2021-09-15 02:00:00,379.26,33.5,3
2021-09-14 21:00:00,6,2021-09-15 03:00:00,379.25,32.9,3
2021-09-15 07:00:00,0,2021-09-15 07:00:00,379.28,35.5,3
2021-09-15 07:00:00,1,2021-09-15 08:00:00,379.29,36.6,3
2021-09-15 07:00:00,2,2021-09-15 09:00:00,379.31,38.4,3
2021-09-15 07:00:00,3,2021-09-15 10:00:00,379.32,39.4,3
2021-09-15 07:00:00,4,2021-09-15 11:00:00,379.32,39.2,3
2021-09-15 07:00:00,5,2021-09-15 12:00:00,379.32,39.7,3
2021-09-15 07:00:00,6,2021-09-15 13:00:00,379.32,39.8,3
2021-09-16 07:00:00,0,2021-09-16 07:00:00,379.86,102.8,3
2021-09-16 07:00:00,1,2021-09-16 08:00:00,379.91,109.2,3
2021-09-16 07:00:00,2,2021-09-16 09:00:00,379.84,100.6,3
2021-09-16 07:00:00,3,2021-09-16 10:00:00,379.88,105.6,3
2021-09-16 07:00:00,4,2021-09-16 11:00:00,379.76,90.3,3
2021-09-16 07:00:00,5,2021-09-16 12:00:00,379.82,98.3,3
2021-09-16 07:00:00,6,2021-09-16 13:00:00,379.77,90.9,3
2021-09-17 06:00:00,0,2021-09-17 06:00:00,379.55,64.5,3
2021-09-17 06:00:00,1,2021-09-17 07:00:00,379.54,63.3,3
2021-09-17 06:00:00,2,2021-09-17 08:00:00,379.52,61.0,3
2021-09-17 06:00:00,3,2021-09-17 09:00:00,379.48,56.7,3
2021-09-17 06:00:00,4,2021-09-17 10:00:00,379.46,54.8,3
2021-09-17 06:00:00,5,2021-09-17 11:00:00,379.47,55.2,3
2021-09-17 06:00:00,6,2021-09-17 12:00:00,379.46,54.5,3
2021-09-18 06:00:00,0,2021-09-18 06:00:00,379.41,49.0,3
2021-09-18 06:00:00,1,2021-09-18 07:00:00,379.4,47.4,3
2021-09-18 06:00:00,2,2021-09-18 08:00:00,379.4,48.4,3
2021-09-18 06:00:00,3,2021-09-18 09:00:00,379.41,49.3,3
2021-09-18 06:00:00,4,2021-09-18 10:00:00,379.41,49.0,3
2021-09-18 06:00:00,5,2021-09-18 11:00:00,379.4,47.8,3
2021-09-18 06:00:00,6,2021-09-18 12:00:00,379.38,45.9,3
2021-09-18 16:00:00,0,2021-09-18 16:00:00,379.4,47.6,3
2021-09-18 16:00:00,1,2021-09-18 17:00:00,379.32,39.0,3
2021-09-18 16:00:00,2,2021-09-18 18:00:00,379.28,35.1,3
2021-09-18 16:00:00,3,2021-09-18 19:00:00,379.28,35.2,3
2021-09-18 16:00:00,4,2021-09-18 20:00:00,379.28,35.5,3
2021-09-18 16:00:00,5,2021-09-18 21:00:00,379.28,35.6,3
2021-09-18 16:00:00,6,2021-09-18 22:00:00,379.29,36.1,3
2021-09-18 21:00:00,0,2021-09-18 21:00:00,379.31,38.5,3
2021-09-18 21:00:00,1,2021-09-18 22:00:00,379.27,34.7,3
2021-09-18 21:00:00,2,2021-09-18 23:00:00,379.28,35.1,3
2021-09-18 21:00:00,3,2021-09-19 00:00:00,379.26,33.4,3
2021-09-18 21:00:00,4,2021-09-19 01:00:00,379.26,34.0,3
2021-09-18 21:00:00,5,2021-09-19 02:00:00,379.3,37.1,3
2021-09-18 21:00:00,6,2021-09-19 03:00:00,379.29,36.2,3
2021-09-19 06:00:00,0,2021-09-19 06:00:00,379.42,50.3,3
2021-09-19 06:00:00,1,2021-09-19 07:00:00,379.45,53.1,3
2021-09-19 06:00:00,2,2021-09-19 08:00:00,379.49,58.6,3
2021-09-19 06:00:00,3,2021-09-19 09:00:00,379.52,61.5,3
2021-09-19 06:00:00,4,2021-09-19 10:00:00,379.56,66.5,3
2021-09-19 06:00:00,5,2021-09-19 11:00:00,379.6,70.6,3
2021-09-19 06:00:00,6,2021-09-19 12:00:00,379.62,73.7,3
2021-09-19 12:00:00,0,2021-09-19 12:00:00,379.56,66.4,3
2021-09-19 12:00:00,1,2021-09-19 13:00:00,379.58,68.0,3
2021-09-19 12:00:00,2,2021-09-19 14:00:00,379.57,67.7,3
2021-09-19 12:00:00,3,2021-09-19 15:00:00,379.57,66.8,3
2021-09-19 12:00:00,4,2021-09-19 16:00:00,379.73,86.3,3
2021-09-19 12:00:00,5,2021-09-19 17:00:00,379.91,109.4,3
2021-09-19 12:00:00,6,2021-09-19 18:00:00,380.0,121.5,3
2021-09-19 16:00:00,0,2021-09-19 16:00:00,379.73,87.1,3
2021-09-19 16:00:00,1,2021-09-19 17:00:00,379.54,63.5,3
2021-09-19 16:00:00,2,2021-09-19 18:00:00,379.62,72.7,3
2021-09-19 16:00:00,3,2021-09-19 19:00:00,379.66,77.9,3
2021-09-19 16:00:00,4,2021-09-19 20:00:00,379.66,78.4,3
2021-09-19 16:00:00,5,2021-09-19 21:00:00,379.63,74.8,3
2021-09-19 16:00:00,6,2021-09-19 22:00:00,379.81,96.3,3
2021-09-19 21:00:00,0,2021-09-19 21:00:00,379.64,76.0,3
2021-09-19 21:00:00,1,2021-09-19 22:00:00,379.63,74.2,3
2021-09-19 21:00:00,2,2021-09-19 23:00:00,379.56,65.6,3
2021-09-19 21:00:00,3,2021-09-20 00:00:00,379.52,62.0,3
2021-09-19 21:00:00,4,2021-09-20 01:00:00,379.52,61.1,3
2021-09-19 21:00:00,5,2021-09-20 02:00:00,379.53,62.2,3
2021-09-19 21:00:00,6,2021-09-20 03:00:00,379.68,79.9,3
2021-09-20 06:00:00,0,2021-09-20 06:00:00,379.54,64.0,3
2021-09-20 06:00:00,1,2021-09-20 07:00:00,379.51,60.7,3
2021-09-20 06:00:00,2,2021-09-20 08:00:00,379.47,55.8,3
2021-09-20 06:00:00,3,2021-09-20 09:00:00,379.45,53.8,3
2021-09-20 06:00:00,4,2021-09-20 10:00:00,379.45,53.2,3
2021-09-20 06:00:00,5,2021-09-20 11:00:00,379.44,53.0,3
2021-09-20 06:00:00,6,2021-09-20 12:00:00,379.44,52.8,3
2021-09-21 07:00:00,0,2021-09-21 07:00:00,379.38,46.0,3
2021-09-21 07:00:00,1,2021-09-21 08:00:00,379.39,46.9,3
2021-09-21 07:00:00,2,2021-09-21 09:00:00,379.39,46.5,3
2021-09-21 07:00:00,3,2021-09-21 10:00:00,379.37,44.4,3
2021-09-21 07:00:00,4,2021-09-21 11:00:00,379.35,42.4,3
2021-09-21 07:00:00,5,2021-09-21 12:00:00,379.35,42.6,3
2021-09-21 07:00:00,6,2021-09-21 13:00:00,379.4,48.5,3
2021-09-22 07:00:00,0,2021-09-22 07:00:00,379.28,35.6,3
2021-09-22 07:00:00,1,2021-09-22 08:00:00,379.26,34.0,3
2021-09-22 07:00:00,2,2021-09-22 09:00:00,379.24,31.8,3
2021-09-22 07:00:00,3,2021-09-22 10:00:00,379.24,32.2,3
2021-09-22 07:00:00,4,2021-09-22 11:00:00,379.23,31.1,3
2021-09-22 07:00:00,5,2021-09-22 12:00:00,379.25,32.7,3
2021-09-22 07:00:00,6,2021-09-22 13:00:00,379.3,37.2,3
2021-09-23 07:00:00,0,2021-09-23 07:00:00,379.31,38.9,3
2021-09-23 07:00:00,1,2021-09-23 08:00:00,379.32,39.3,3
2021-09-23 07:00:00,2,2021-09-23 09:00:00,379.31,38.4,3
2021-09-23 07:00:00,3,2021-09-23 10:00:00,379.29,36.7,3
2021-09-23 07:00:00,4,2021-09-23 11:00:00,379.29,36.4,3
2021-09-23 07:00:00,5,2021-09-23 12:00:00,379.26,33.7,3
2021-09-23 07:00:00,6,2021-09-23 13:00:00,379.27,34.7,3
2021-09-24 07:00:00,0,2021-09-24 07:00:00,379.21,29.2,3
2021-09-24 07:00:00,1,2021-09-24 08:00:00,379.22,30.5,3
2021-09-24 07:00:00,2,2021-09-24 09:00:00,379.2,28.9,3
2021-09-24 07:00:00,3,2021-09-24 10:00:00,379.15,25.2,3
2021-09-24 07:00:00,4,2021-09-24 11:00:00,379.19,27.9,3
2021-09-24 07:00:00,5,2021-09-24 12:00:00,379.29,36.4,3
2021-09-24 07:00:00,6,2021-09-24 13:00:00,379.26,34.0,3
2021-09-25 07:00:00,0,2021-09-25 07:00:00,379.2,28.7,3
2021-09-25 07:00:00,1,2021-09-25 08:00:00,379.2,28.8,3
2021-09-25 07:00:00,2,2021-09-25 09:00:00,379.21,29.1,3
2021-09-25 07:00:00,3,2021-09-25 10:00:00,379.2,28.6,3
2021-09-25 07:00:00,4,2021-09-25 11:00:00,379.25,32.8,3
2021-09-25 07:00:00,5,2021-09-25 12:00:00,379.28,35.3,3
2021-09-25 07:00:00,6,2021-09-25 13:00:00,379.22,30.0,3
2021-09-26 07:00:00,0,2021-09-26 07:00:00,379.22,30.2,3
2021-09-26 07:00:00,1,2021-09-26 08:00:00,379.24,31.7,3
2021-09-26 07:00:00,2,2021-09-26 09:00:00,379.26,33.9,3
2021-09-26 07:00:00,3,2021-09-26 10:00:00,379.24,32.2,3
2021-09-26 07:00:00,4,2021-09-26 11:00:00,379.25,32.8,3
2021-09-26 07:00:00,5,2021-09-26 12:00:00,379.28,35.8,3
2021-09-26 07:00:00,6,2021-09-26 13:00:00,379.28,35.7,3
2021-09-27 07:00:00,0,2021-09-27 07:00:00,379.42,50.2,3
2021-09-27 07:00:00,1,2021-09-27 08:00:00,379.42,50.3,3
2021-09-27 07:00:00,2,2021-09-27 09:00:00,379.41,49.2,3
2021-09-27 07:00:00,3,2021-09-27 10:00:00,379.38,46.0,3
2021-09-27 07:00:00,4,2021-09-27 11:00:00,379.36,44.0,3
2021-09-27 07:00:00,5,2021-09-27 12:00:00,379.35,42.0,3
2021-09-27 07:00:00,6,2021-09-27 13:00:00,379.28,35.9,3
2021-09-28 07:00:00,0,2021-09-28 07:00:00,379.28,35.2,3
2021-09-28 07:00:00,1,2021-09-28 08:00:00,379.27,34.9,3
2021-09-28 07:00:00,2,2021-09-28 09:00:00,379.27,35.0,3
2021-09-28 07:00:00,3,2021-09-28 10:00:00,379.29,36.3,3
2021-09-28 07:00:00,4,2021-09-28 11:00:00,379.29,36.1,3
2021-09-28 07:00:00,5,2021-09-28 12:00:00,379.28,35.7,3
2021-09-28 07:00:00,6,2021-09-28 13:00:00,379.27,34.3,3
2021-09-29 07:00:00,0,2021-09-29 07:00:00,379.22,30.0,3
2021-09-29 07:00:00,1,2021-09-29 08:00:00,379.21,29.4,3
2021-09-29 07:00:00,2,2021-09-29 09:00:00,379.2,28.7,3
2021-09-29 07:00:00,3,2021-09-29 10:00:00,379.26,33.6,3
2021-09-29 07:00:00,4,2021-09-29 11:00:00,379.29,36.7,3
2021-09-29 07:00:00,5,2021-09-29 12:00:00,379.28,35.9,3
2021-09-29 07:00:00,6,2021-09-29 13:00:00,379.27,34.5,3
2021-09-30 07:00:00,0,2021-09-30 07:00:00,379.26,33.7,3
2021-09-30 07:00:00,1,2021-09-30 08:00:00,379.25,32.8,3
2021-09-30 07:00:00,2,2021-09-30 09:00:00,379.25,32.4,3
2021-09-30 07:00:00,3,2021-09-30 10:00:00,379.24,32.3,3
2021-09-30 07:00:00,4,2021-09-30 11:00:00,379.28,35.2,3
2021-09-30 07:00:00,5,2021-09-30 12:00:00,379.28,35.2,3
2021-09-30 07:00:00,6,2021-09-30 13:00:00,379.27,34.7,3
2021-10-01 07:00:00,0,2021-10-01 07:00:00,379.16,25.8,3
2021-10-01 07:00:00,1,2021-10-01 08:00:00,379.22,30.1,3
2021-10-01 07:00:00,2,2021-10-01 09:00:00,379.22,30.5,3
2021-10-01 07:00:00,3,2021-10-01 10:00:00,379.22,30.5,3
2021-10-01 07:00:00,4,2021-10-01 11:00:00,379.21,29.0,3
2021-10-01 07:00:00,5,2021-10-01 12:00:00,379.24,31.6,3
2021-10-01 07:00:00,6,2021-10-01 13:00:00,379.26,33.5,3
2021-10-02 07:00:00,0,2021-10-02 07:00:00,379.11,21.9,3
2021-10-02 07:00:00,1,2021-10-02 08:00:00,379.12,22.8,3
2021-10-02 07:00:00,2,2021-10-02 09:00:00,379.14,24.1,3
2021-10-02 07:00:00,3,2021-10-02 10:00:00,379.18,27.1,3
2021-10-02 07:00:00,4,2021-10-02 11:00:00,379.2,28.8,3
2021-10-02 07:00:00,5,2021-10-02 12:00:00,379.19,27.6,3
2021-10-02 07:00:00,6,2021-10-02 13:00:00,379.2,28.3,3
2021-10-03 07:00:00,0,2021-10-03 07:00:00,379.12,23.1,3
2021-10-03 07:00:00,1,2021-10-03 08:00:00,379.14,24.0,3
2021-10-03 07:00:00,2,2021-10-03 09:00:00,379.17,26.5,3
2021-10-03 07:00:00,3,2021-10-03 10:00:00,379.18,27.3,3
2021-10-03 07:00:00,4,2021-10-03 11:00:00,379.17,26.4,3
2021-10-03 07:00:00,5,2021-10-03 12:00:00,379.24,31.6,3
2021-10-03 07:00:00,6,2021-10-03 13:00:00,379.23,31.0,3
2021-10-03 18:00:00,0,2021-10-03 18:00:00,379.17,26.2,3
2021-10-03 18:00:00,1,2021-10-03 19:00:00,379.2,28.4,3
2021-10-03 18:00:00,2,2021-10-03 20:00:00,379.2,28.4,3
2021-10-03 18:00:00,3,2021-10-03 21:00:00,379.2,28.8,3
2021-10-03 18:00:00,4,2021-10-03 22:00:00,379.21,29.6,3
2021-10-03 18:00:00,5,2021-10-03 23:00:00,379.22,30.0,3
2021-10-03 18:00:00,6,2021-10-04 00:00:00,379.26,33.6,3
2021-10-03 21:00:00,0,2021-10-03 21:00:00,379.25,32.5,3
2021-10-03 21:00:00,1,2021-10-03 22:00:00,379.2,28.4,3
2021-10-03 21:00:00,2,2021-10-03 23:00:00,379.21,29.5,3
2021-10-03 21:00:00,3,2021-10-04 00:00:00,379.25,32.9,3
2021-10-03 21:00:00,4,2021-10-04 01:00:00,379.28,35.4,3
2021-10-03 21:00:00,5,2021-10-04 02:00:00,379.33,40.2,3
2021-10-03 21:00:00,6,2021-10-04 03:00:00,379.34,41.5,3
2021-10-03 23:00:00,0,2021-10-03 23:00:00,379.21,29.0,3
2021-10-03 23:00:00,1,2021-10-04 00:00:00,379.25,32.3,3
2021-10-03 23:00:00,2,2021-10-04 01:00:00,379.27,34.6,3
2021-10-03 23:00:00,3,2021-10-04 02:00:00,379.33,40.1,3
2021-10-03 23:00:00,4,2021-10-04 03:00:00,379.34,41.2,3
2021-10-03 23:00:00,5,2021-10-04 04:00:00,379.32,39.0,3
2021-10-03 23:00:00,6,2021-10-04 05:00:00,379.32,39.4,3
2021-10-04 07:00:00,0,2021-10-04 07:00:00,379.35,42.4,3
2021-10-04 07:00:00,1,2021-10-04 08:00:00,379.38,46.1,3
2021-10-04 07:00:00,2,2021-10-04 09:00:00,379.4,47.8,3
2021-10-04 07:00:00,3,2021-10-04 10:00:00,379.41,48.7,3
2021-10-04 07:00:00,4,2021-10-04 11:00:00,379.44,52.5,3
2021-10-04 07:00:00,5,2021-10-04 12:00:00,379.47,55.3,3
2021-10-04 07:00:00,6,2021-10-04 13:00:00,379.46,55.2,3
2021-10-04 12:00:00,0,2021-10-04 12:00:00,379.39,46.3,3
2021-10-04 12:00:00,1,2021-10-04 13:00:00,379.41,49.0,3
2021-10-04 12:00:00,2,2021-10-04 14:00:00,379.42,49.7,3
2021-10-04 12:00:00,3,2021-10-04 15:00:00,379.4,47.4,3
2021-10-04 12:00:00,4,2021-10-04 16:00:00,379.37,45.1,3
2021-10-04 12:00:00,5,2021-10-04 17:00:00,379.38,46.0,3
2021-10-04 12:00:00,6,2021-10-04 18:00:00,379.38,46.2,3
2021-10-04 17:00:00,0,2021-10-04 17:00:00,379.4,48.2,3
2021-10-04 17:00:00,1,2021-10-04 18:00:00,379.38,45.6,3
2021-10-04 17:00:00,2,2021-10-04 19:00:00,379.39,46.6,3
2021-10-04 17:00:00,3,2021-10-04 20:00:00,379.41,49.0,3
2021-10-04 17:00:00,4,2021-10-04 21:00:00,379.43,51.5,3
2021-10-04 17:00:00,5,2021-10-04 22:00:00,379.42,50.1,3
2021-10-04 17:00:00,6,2021-10-04 23:00:00,379.53,62.3,3
2021-10-05 06:00:00,0,2021-10-05 06:00:00,379.64,75.4,3
2021-10-05 06:00:00,1,2021-10-05 07:00:00,379.63,74.6,3
2021-10-05 06:00:00,2,2021-10-05 08:00:00,379.76,90.3,3
2021-10-05 06:00:00,3,2021-10-05 09:00:00,379.77,91.7,3
2021-10-05 06:00:00,4,2021-10-05 10:00:00,379.73,86.8,3
2021-10-05 06:00:00,5,2021-10-05 11:00:00,379.75,88.9,3
2021-10-05 06:00:00,6,2021-10-05 12:00:00,379.74,88.1,3
2021-10-06 07:00:00,0,2021-10-06 07:00:00,379.53,62.3,3
2021-10-06 07:00:00,1,2021-10-06 08:00:00,379.53,63.0,3
2021-10-06 07:00:00,2,2021-10-06 09:00:00,379.53,63.0,3
2021-10-06 07:00:00,3,2021-10-06 10:00:00,379.53,63.2,3
2021-10-06 07:00:00,4,2021-10-06 11:00:00,379.58,68.2,3
2021-10-06 07:00:00,5,2021-10-06 12:00:00,379.69,81.1,3
2021-10-06 07:00:00,6,2021-10-06 13:00:00,379.7,82.8,3
2021-10-07 07:00:00,0,2021-10-07 07:00:00,379.39,47.0,3
2021-10-07 07:00:00,1,2021-10-07 08:00:00,379.4,47.4,3
2021-10-07 07:00:00,2,2021-10-07 09:00:00,379.4,47.8,3
2021-10-07 07:00:00,3,2021-10-07 10:00:00,379.38,46.2,3
2021-10-07 07:00:00,4,2021-10-07 11:00:00,379.36,44.0,3
2021-10-07 07:00:00,5,2021-10-07 12:00:00,379.36,43.7,3
2021-10-07 07:00:00,6,2021-10-07 13:00:00,379.42,50.6,3
2021-10-08 07:00:00,0,2021-10-08 07:00:00,379.27,34.1,3
2021-10-08 07:00:00,1,2021-10-08 08:00:00,379.29,36.9,3
2021-10-08 07:00:00,2,2021-10-08 09:00:00,379.28,35.7,3
2021-10-08 07:00:00,3,2021-10-08 10:00:00,379.29,36.7,3
2021-10-08 07:00:00,4,2021-10-08 11:00:00,379.28,35.7,3
2021-10-08 07:00:00,5,2021-10-08 12:00:00,379.27,34.9,3
2021-10-08 07:00:00,6,2021-10-08 13:00:00,379.3,37.2,3
2021-10-09 07:00:00,0,2021-10-09 07:00:00,379.22,30.3,3
2021-10-09 07:00:00,1,2021-10-09 08:00:00,379.23,31.0,3
2021-10-09 07:00:00,2,2021-10-09 09:00:00,379.22,30.6,3
2021-10-09 07:00:00,3,2021-10-09 10:00:00,379.25,32.7,3
2021-10-09 07:00:00,4,2021-10-09 11:00:00,379.24,32.1,3
2021-10-09 07:00:00,5,2021-10-09 12:00:00,379.24,32.0,3
2021-10-09 07:00:00,6,2021-10-09 13:00:00,379.24,31.8,3
2021-10-10 06:00:00,0,2021-10-10 06:00:00,379.24,31.9,3
2021-10-10 06:00:00,1,2021-10-10 07:00:00,379.18,26.8,3
2021-10-10 06:00:00,2,2021-10-10 08:00:00,379.18,26.9,3
2021-10-10 06:00:00,3,2021-10-10 09:00:00,379.2,28.7,3
2021-10-10 06:00:00,4,2021-10-10 10:00:00,379.2,28.8,3
2021-10-10 06:00:00,5,2021-10-10 11:00:00,379.19,28.0,3
2021-10-10 06:00:00,6,2021-10-10 12:00:00,379.19,27.6,3
2021-10-10 17:00:00,0,2021-10-10 17:00:00,379.27,34.5,3
2021-10-10 17:00:00,1,2021-10-10 18:00:00,379.19,28.1,3
2021-10-10 17:00:00,2,2021-10-10 19:00:00,379.19,28.1,3
2021-10-10 17:00:00,3,2021-10-10 20:00:00,379.18,27.4,3
2021-10-10 17:00:00,4,2021-10-10 21:00:00,379.2,28.7,3
2021-10-10 17:00:00,5,2021-10-10 22:00:00,379.19,28.0,3
2021-10-10 17:00:00,6,2021-10-10 23:00:00,379.19,27.5,3
2021-10-11 07:00:00,0,2021-10-11 07:00:00,379.17,26.2,3
2021-10-11 07:00:00,1,2021-10-11 08:00:00,379.16,25.6,3
2021-10-11 07:00:00,2,2021-10-11 09:00:00,379.16,25.4,3
2021-10-11 07:00:00,3,2021-10-11 10:00:00,379.2,28.8,3
2021-10-11 07:00:00,4,2021-10-11 11:00:00,379.17,26.5,3
2021-10-11 07:00:00,5,2021-10-11 12:00:00,379.16,25.9,3
2021-10-11 07:00:00,6,2021-10-11 13:00:00,379.17,26.3,3
2021-10-12 07:00:00,0,2021-10-12 07:00:00,379.12,23.1,3
2021-10-12 07:00:00,1,2021-10-12 08:00:00,379.14,24.5,3
2021-10-12 07:00:00,2,2021-10-12 09:00:00,379.16,26.0,3
2021-10-12 07:00:00,3,2021-10-12 10:00:00,379.15,25.1,3
2021-10-12 07:00:00,4,2021-10-12 11:00:00,379.16,25.4,3
2021-10-12 07:00:00,5,2021-10-12 12:00:00,379.16,25.4,3
2021-10-12 07:00:00,6,2021-10-12 13:00:00,379.16,25.6,3
2021-10-13 07:00:00,0,2021-10-13 07:00:00,379.13,23.6,3
2021-10-13 07:00:00,1,2021-10-13 08:00:00,379.13,23.3,3
2021-10-13 07:00:00,2,2021-10-13 09:00:00,379.12,22.7,3
2021-10-13 07:00:00,3,2021-10-13 10:00:00,379.16,25.8,3
2021-10-13 07:00:00,4,2021-10-13 11:00:00,379.17,26.5,3
2021-10-13 07:00:00,5,2021-10-13 12:00:00,379.13,23.4,3
2021-10-13 07:00:00,6,2021-10-13 13:00:00,379.11,22.0,3
2021-10-14 06:00:00,0,2021-10-14 06:00:00,379.12,23.1,3
2021-10-14 06:00:00,1,2021-10-14 07:00:00,379.11,22.3,3
2021-10-14 06:00:00,2,2021-10-14 08:00:00,379.11,21.9,3
2021-10-14 06:00:00,3,2021-10-14 09:00:00,379.15,25.0,3
2021-10-14 06:00:00,4,2021-10-14 10:00:00,379.13,23.5,3
2021-10-14 06:00:00,5,2021-10-14 11:00:00,379.11,22.5,3
2021-10-14 06:00:00,6,2021-10-14 12:00:00,379.11,22.3,3
2021-10-15 07:00:00,0,2021-10-15 07:00:00,379.16,25.4,3
2021-10-15 07:00:00,1,2021-10-15 08:00:00,379.15,24.8,3
2021-10-15 07:00:00,2,2021-10-15 09:00:00,379.13,23.5,3
2021-10-15 07:00:00,3,2021-10-15 10:00:00,379.15,24.7,3
2021-10-15 07:00:00,4,2021-10-15 11:00:00,379.16,25.8,3
2021-10-15 07:00:00,5,2021-10-15 12:00:00,379.15,24.7,3
2021-10-15 07:00:00,6,2021-10-15 13:00:00,379.14,24.2,3
2021-10-16 06:00:00,0,2021-10-16 06:00:00,379.17,26.6,3
2021-10-16 06:00:00,1,2021-10-16 07:00:00,379.16,25.7,3
2021-10-16 06:00:00,2,2021-10-16 08:00:00,379.16,25.8,3
2021-10-16 06:00:00,3,2021-10-16 09:00:00,379.17,26.0,3
2021-10-16 06:00:00,4,2021-10-16 10:00:00,379.18,27.2,3
2021-10-16 06:00:00,5,2021-10-16 11:00:00,379.17,26.1,3
2021-10-16 06:00:00,6,2021-10-16 12:00:00,379.16,26.0,3
2021-10-17 07:00:00,0,2021-10-17 07:00:00,379.13,23.5,3
2021-10-17 07:00:00,1,2021-10-17 08:00:00,379.11,22.2,3
2021-10-17 07:00:00,2,2021-10-17 09:00:00,379.11,22.1,3
2021-10-17 07:00:00,3,2021-10-17 10:00:00,379.11,22.5,3
2021-10-17 07:00:00,4,2021-10-17 11:00:00,379.11,22.4,3
2021-10-17 07:00:00,5,2021-10-17 12:00:00,379.11,21.9,3
2021-10-17 07:00:00,6,2021-10-17 13:00:00,379.11,22.1,3
2021-10-18 07:00:00,0,2021-10-18 07:00:00,379.13,23.3,3
2021-10-18 07:00:00,1,2021-10-18 08:00:00,379.12,23.1,3
2021-10-18 07:00:00,2,2021-10-18 09:00:00,379.12,22.9,3
2021-10-18 07:00:00,3,2021-10-18 10:00:00,379.11,22.2,3
2021-10-18 07:00:00,4,2021-10-18 11:00:00,379.11,22.2,3
2021-10-18 07:00:00,5,2021-10-18 12:00:00,379.11,22.3,3
2021-10-18 07:00:00,6,2021-10-18 13:00:00,379.12,23.0,3
2021-10-19 06:00:00,0,2021-10-19 06:00:00,379.12,22.8,3
2021-10-19 06:00:00,1,2021-10-19 07:00:00,379.13,23.2,3
2021-10-19 06:00:00,2,2021-10-19 08:00:00,379.13,23.5,3
2021-10-19 06:00:00,3,2021-10-19 09:00:00,379.13,23.5,3
2021-10-19 06:00:00,4,2021-10-19 10:00:00,379.13,23.6,3
2021-10-19 06:00:00,5,2021-10-19 11:00:00,379.12,23.0,3
2021-10-19 06:00:00,6,2021-10-19 12:00:00,379.13,23.4,3
2021-10-20 06:00:00,0,2021-10-20 06:00:00,379.12,22.9,3
2021-10-20 06:00:00,1,2021-10-20 07:00:00,379.13,23.8,3
2021-10-20 06:00:00,2,2021-10-20 08:00:00,379.15,24.9,3
2021-10-20 06:00:00,3,2021-10-20 09:00:00,379.13,23.3,3
2021-10-20 06:00:00,4,2021-10-20 10:00:00,379.1,21.3,3
2021-10-20 06:00:00,5,2021-10-20 11:00:00,379.09,20.6,3
2021-10-20 06:00:00,6,2021-10-20 12:00:00,379.09,20.5,3
2021-10-21 06:00:00,0,2021-10-21 06:00:00,379.13,23.8,3
2021-10-21 06:00:00,1,2021-10-21 07:00:00,379.12,22.8,3
2021-10-21 06:00:00,2,2021-10-21 08:00:00,379.13,23.7,3
2021-10-21 06:00:00,3,2021-10-21 09:00:00,379.17,26.3,3
2021-10-21 06:00:00,4,2021-10-21 10:00:00,379.21,29.2,3
2021-10-21 06:00:00,5,2021-10-21 11:00:00,379.22,30.5,3
2021-10-21 06:00:00,6,2021-10-21 12:00:00,379.22,30.0,3
2021-10-22 06:00:00,0,2021-10-22 06:00:00,379.26,33.9,3
2021-10-22 06:00:00,1,2021-10-22 07:00:00,379.25,32.4,3
2021-10-22 06:00:00,2,2021-10-22 08:00:00,379.25,33.0,3
2021-10-22 06:00:00,3,2021-10-22 09:00:00,379.26,33.6,3
2021-10-22 06:00:00,4,2021-10-22 10:00:00,379.21,29.5,3
2021-10-22 06:00:00,5,2021-10-22 11:00:00,379.21,29.5,3
2021-10-22 06:00:00,6,2021-10-22 12:00:00,379.22,30.4,3
2021-10-23 07:00:00,0,2021-10-23 07:00:00,379.11,22.2,3
2021-10-23 07:00:00,1,2021-10-23 08:00:00,379.11,22.3,3
2021-10-23 07:00:00,2,2021-10-23 09:00:00,379.11,22.3,3
2021-10-23 07:00:00,3,2021-10-23 10:00:00,379.12,23.0,3
2021-10-23 07:00:00,4,2021-10-23 11:00:00,379.13,23.5,3
2021-10-23 07:00:00,5,2021-10-23 12:00:00,379.14,24.3,3
2021-10-23 07:00:00,6,2021-10-23 13:00:00,379.2,28.6,3
2021-10-24 07:00:00,0,2021-10-24 07:00:00,379.12,22.9,3
2021-10-24 07:00:00,1,2021-10-24 08:00:00,379.09,21.0,3
2021-10-24 07:00:00,2,2021-10-24 09:00:00,379.09,20.9,3
2021-10-24 07:00:00,3,2021-10-24 10:00:00,379.1,21.2,3
2021-10-24 07:00:00,4,2021-10-24 11:00:00,379.1,21.3,3
2021-10-24 07:00:00,5,2021-10-24 12:00:00,379.11,22.2,3
2021-10-24 07:00:00,6,2021-10-24 13:00:00,379.13,23.3,3
2021-10-25 07:00:00,0,2021-10-25 07:00:00,379.12,23.0,3
2021-10-25 07:00:00,1,2021-10-25 08:00:00,379.1,21.3,3
2021-10-25 07:00:00,2,2021-10-25 09:00:00,379.1,21.2,3
2021-10-25 07:00:00,3,2021-10-25 10:00:00,379.1,21.6,3
2021-10-25 07:00:00,4,2021-10-25 11:00:00,379.1,21.6,3
2021-10-25 07:00:00,5,2021-10-25 12:00:00,379.1,21.5,3
2021-10-25 07:00:00,6,2021-10-25 13:00:00,379.09,20.8,3
2021-10-25 15:00:00,0,2021-10-25 15:00:00,379.14,24.5,3
2021-10-25 15:00:00,1,2021-10-25 16:00:00,379.14,24.2,3
2021-10-25 15:00:00,2,2021-10-25 17:00:00,379.13,23.3,3
2021-10-25 15:00:00,3,2021-10-25 18:00:00,379.12,22.8,3
2021-10-25 15:00:00,4,2021-10-25 19:00:00,379.1,21.5,3
2021-10-25 15:00:00,5,2021-10-25 20:00:00,379.07,19.7,3
2021-10-25 15:00:00,6,2021-10-25 21:00:00,379.07,19.7,3
2021-10-26 07:00:00,0,2021-10-26 07:00:00,379.08,20.4,3
2021-10-26 07:00:00,1,2021-10-26 08:00:00,379.07,19.4,3
2021-10-26 07:00:00,2,2021-10-26 09:00:00,379.07,19.5,3
2021-10-26 07:00:00,3,2021-10-26 10:00:00,379.09,20.5,3
2021-10-26 07:00:00,4,2021-10-26 11:00:00,379.12,22.7,3
2021-10-26 07:00:00,5,2021-10-26 12:00:00,379.1,21.4,3
2021-10-26 07:00:00,6,2021-10-26 13:00:00,379.1,21.2,3
2021-10-27 07:00:00,0,2021-10-27 07:00:00,379.08,20.4,3
2021-10-27 07:00:00,1,2021-10-27 08:00:00,379.09,20.8,3
2021-10-27 07:00:00,2,2021-10-27 09:00:00,379.1,21.6,3
2021-10-27 07:00:00,3,2021-10-27 10:00:00,379.07,19.8,3
2021-10-27 07:00:00,4,2021-10-27 11:00:00,379.07,19.8,3
2021-10-27 07:00:00,5,2021-10-27 12:00:00,379.07,19.9,3
2021-10-27 07:00:00,6,2021-10-27 13:00:00,379.08,20.4,3
2021-10-29 06:00:00,0,2021-10-29 06:00:00,379.11,22.3,3
2021-10-29 06:00:00,1,2021-10-29 07:00:00,379.09,21.1,3
2021-10-29 06:00:00,2,2021-10-29 08:00:00,379.09,20.7,3
2021-10-29 06:00:00,3,2021-10-29 09:00:00,379.09,20.7,3
2021-10-29 06:00:00,4,2021-10-29 10:00:00,379.09,20.9,3
2021-10-29 06:00:00,5,2021-10-29 11:00:00,379.09,21.0,3
2021-10-29 06:00:00,6,2021-10-29 12:00:00,379.07,19.7,3
2021-10-30 06:00:00,0,2021-10-30 06:00:00,379.1,21.2,3
2021-10-30 06:00:00,1,2021-10-30 07:00:00,379.08,19.9,3
2021-10-30 06:00:00,2,2021-10-30 08:00:00,379.06,19.1,3
2021-10-30 06:00:00,3,2021-10-30 09:00:00,379.06,19.2,3
2021-10-30 06:00:00,4,2021-10-30 10:00:00,379.06,19.1,3
2021-10-30 06:00:00,5,2021-10-30 11:00:00,379.08,20.4,3
2021-10-30 06:00:00,6,2021-10-30 12:00:00,379.08,20.3,3
2021-10-30 18:00:00,0,2021-10-30 18:00:00,379.11,21.9,3
2021-10-30 18:00:00,1,2021-10-30 19:00:00,379.1,21.5,3
2021-10-30 18:00:00,2,2021-10-30 20:00:00,379.09,20.6,3
2021-10-30 18:00:00,3,2021-10-30 21:00:00,379.1,21.4,3
2021-10-30 18:00:00,4,2021-10-30 22:00:00,379.1,21.7,3
2021-10-30 18:00:00,5,2021-10-30 23:00:00,379.11,22.2,3
2021-10-30 18:00:00,6,2021-10-31 00:00:00,379.11,22.1,3
2021-10-31 06:00:00,0,2021-10-31 06:00:00,379.14,24.0,3
2021-10-31 06:00:00,1,2021-10-31 07:00:00,379.17,26.2,3
2021-10-31 06:00:00,2,2021-10-31 08:00:00,379.17,26.6,3
2021-10-31 06:00:00,3,2021-10-31 09:00:00,379.16,25.8,3
2021-10-31 06:00:00,4,2021-10-31 10:00:00,379.16,25.3,3
2021-10-31 06:00:00,5,2021-10-31 11:00:00,379.15,24.8,3
2021-10-31 06:00:00,6,2021-10-31 12:00:00,379.14,24.1,3
2021-10-31 14:00:00,0,2021-10-31 14:00:00,379.08,20.0,3
2021-10-31 14:00:00,1,2021-10-31 15:00:00,379.08,20.0,3
2021-10-31 14:00:00,2,2021-10-31 16:00:00,379.08,20.0,3
2021-10-31 14:00:00,3,2021-10-31 17:00:00,379.07,19.8,3
2021-10-31 14:00:00,4,2021-10-31 18:00:00,379.07,19.7,3
2021-10-31 14:00:00,5,2021-10-31 19:00:00,379.07,19.7,3
2021-10-31 14:00:00,6,2021-10-31 20:00:00,379.07,19.6,3
2021-11-01 06:00:00,0,2021-11-01 06:00:00,379.22,30.5,3
2021-11-01 06:00:00,1,2021-11-01 07:00:00,379.19,28.2,3
2021-11-01 06:00:00,2,2021-11-01 08:00:00,379.22,30.1,3
2021-11-01 06:00:00,3,2021-11-01 09:00:00,379.29,36.3,3
2021-11-01 06:00:00,4,2021-11-01 10:00:00,379.38,45.9,3
2021-11-01 06:00:00,5,2021-11-01 11:00:00,379.45,54.0,3
2021-11-01 06:00:00,6,2021-11-01 12:00:00,379.48,57.3,3
2021-11-02 06:00:00,0,2021-11-02 06:00:00,379.45,53.9,3
2021-11-02 06:00:00,1,2021-11-02 07:00:00,379.4,48.3,3
2021-11-02 06:00:00,2,2021-11-02 08:00:00,379.4,47.6,3
2021-11-02 06:00:00,3,2021-11-02 09:00:00,379.4,47.8,3
2021-11-02 06:00:00,4,2021-11-02 10:00:00,379.4,48.3,3
2021-11-02 06:00:00,5,2021-11-02 11:00:00,379.42,50.3,3
2021-11-02 06:00:00,6,2021-11-02 12:00:00,379.42,49.9,3
2021-11-03 06:00:00,0,2021-11-03 06:00:00,379.26,33.7,3
2021-11-03 06:00:00,1,2021-11-03 07:00:00,379.28,35.9,3
2021-11-03 06:00:00,2,2021-11-03 08:00:00,379.28,35.1,3
2021-11-03 06:00:00,3,2021-11-03 09:00:00,379.28,35.7,3
2021-11-03 06:00:00,4,2021-11-03 10:00:00,379.29,36.9,3
2021-11-03 06:00:00,5,2021-11-03 11:00:00,379.3,37.9,3
2021-11-03 06:00:00,6,2021-11-03 12:00:00,379.31,38.7,3
2021-11-04 06:00:00,0,2021-11-04 06:00:00,379.35,42.1,3
2021-11-04 06:00:00,1,2021-11-04 07:00:00,379.28,35.4,3
2021-11-04 06:00:00,2,2021-11-04 08:00:00,379.31,38.9,3
2021-11-04 06:00:00,3,2021-11-04 09:00:00,379.32,39.3,3
2021-11-04 06:00:00,4,2021-11-04 10:00:00,379.3,37.5,3
2021-11-04 06:00:00,5,2021-11-04 11:00:00,379.29,36.8,3
2021-11-04 06:00:00,6,2021-11-04 12:00:00,379.28,35.4,3
2021-11-05 07:00:00,0,2021-11-05 07:00:00,379.2,28.3,3
2021-11-05 07:00:00,1,2021-11-05 08:00:00,379.18,27.0,3
2021-11-05 07:00:00,2,2021-11-05 09:00:00,379.22,30.4,3
2021-11-05 07:00:00,3,2021-11-05 10:00:00,379.24,31.9,3
2021-11-05 07:00:00,4,2021-11-05 11:00:00,379.22,30.1,3
2021-11-05 07:00:00,5,2021-11-05 12:00:00,379.21,29.4,3
2021-11-05 07:00:00,6,2021-11-05 13:00:00,379.21,29.2,3
2021-11-06 08:00:00,0,2021-11-06 08:00:00,379.22,30.3,3
2021-11-06 08:00:00,1,2021-11-06 09:00:00,379.19,27.9,3
2021-11-06 08:00:00,2,2021-11-06 10:00:00,379.16,25.6,3
2021-11-06 08:00:00,3,2021-11-06 11:00:00,379.15,25.1,3
2021-11-06 08:00:00,4,2021-11-06 12:00:00,379.15,25.1,3
2021-11-06 08:00:00,5,2021-11-06 13:00:00,379.15,25.0,3
2021-11-06 08:00:00,6,2021-11-06 14:00:00,379.16,25.8,3
2021-11-07 07:00:00,0,2021-11-07 07:00:00,379.13,23.8,3
2021-11-07 07:00:00,1,2021-11-07 08:00:00,379.13,23.3,3
2021-11-07 07:00:00,2,2021-11-07 09:00:00,379.12,23.1,3
2021-11-07 07:00:00,3,2021-11-07 10:00:00,379.15,24.6,3
2021-11-07 07:00:00,4,2021-11-07 11:00:00,379.14,24.5,3
2021-11-07 07:00:00,5,2021-11-07 12:00:00,379.14,24.2,3
2021-11-07 07:00:00,6,2021-11-07 13:00:00,379.13,23.2,3
2021-11-08 07:00:00,0,2021-11-08 07:00:00,379.15,25.0,3
2021-11-08 07:00:00,1,2021-11-08 08:00:00,379.15,25.1,3
2021-11-08 07:00:00,2,2021-11-08 09:00:00,379.14,24.5,3
2021-11-08 07:00:00,3,2021-11-08 10:00:00,379.16,25.7,3
2021-11-08 07:00:00,4,2021-11-08 11:00:00,379.16,25.4,3
2021-11-08 07:00:00,5,2021-11-08 12:00:00,379.15,25.3,3
2021-11-08 07:00:00,6,2021-11-08 13:00:00,379.14,24.4,3
2021-11-09 07:00:00,0,2021-11-09 07:00:00,379.17,26.2,3
2021-11-09 07:00:00,1,2021-11-09 08:00:00,379.16,26.0,3
2021-11-09 07:00:00,2,2021-11-09 09:00:00,379.13,23.5,3
2021-11-09 07:00:00,3,2021-11-09 10:00:00,379.12,23.1,3
2021-11-09 07:00:00,4,2021-11-09 11:00:00,379.12,23.1,3
2021-11-09 07:00:00,5,2021-11-09 12:00:00,379.12,23.0,3
2021-11-09 07:00:00,6,2021-11-09 13:00:00,379.12,23.0,3
2021-11-10 07:00:00,0,2021-11-10 07:00:00,379.13,23.7,3
2021-11-10 07:00:00,1,2021-11-10 08:00:00,379.13,23.2,3
2021-11-10 07:00:00,2,2021-11-10 09:00:00,379.13,23.2,3
2021-11-10 07:00:00,3,2021-11-10 10:00:00,379.13,23.6,3
2021-11-10 07:00:00,4,2021-11-10 11:00:00,379.14,24.4,3
2021-11-10 07:00:00,5,2021-11-10 12:00:00,379.13,23.8,3
2021-11-10 07:00:00,6,2021-11-10 13:00:00,379.13,23.4,3
2021-11-11 07:00:00,0,2021-11-11 07:00:00,379.16,25.9,3
2021-11-11 07:00:00,1,2021-11-11 08:00:00,379.16,25.9,3
2021-11-11 07:00:00,2,2021-11-11 09:00:00,379.16,25.8,3
2021-11-11 07:00:00,3,2021-11-11 10:00:00,379.16,25.4,3
2021-11-11 07:00:00,4,2021-11-11 11:00:00,379.15,24.9,3
2021-11-11 07:00:00,5,2021-11-11 12:00:00,379.15,24.7,3
2021-11-11 07:00:00,6,2021-11-11 13:00:00,379.14,23.9,3
2021-11-12 07:00:00,0,2021-11-12 07:00:00,379.11,22.1,3
2021-11-12 07:00:00,1,2021-11-12 08:00:00,379.12,23.0,3
2021-11-12 07:00:00,2,2021-11-12 09:00:00,379.14,24.4,3
2021-11-12 07:00:00,3,2021-11-12 10:00:00,379.14,24.5,3
2021-11-12 07:00:00,4,2021-11-12 11:00:00,379.13,23.5,3
2021-11-12 07:00:00,5,2021-11-12 12:00:00,379.13,23.4,3
2021-11-12 07:00:00,6,2021-11-12 13:00:00,379.13,23.5,3
2021-11-13 07:00:00,0,2021-11-13 07:00:00,379.11,22.0,3
2021-11-13 07:00:00,1,2021-11-13 08:00:00,379.12,22.6,3
2021-11-13 07:00:00,2,2021-11-13 09:00:00,379.12,22.9,3
2021-11-13 07:00:00,3,2021-11-13 10:00:00,379.11,22.5,3
2021-11-13 07:00:00,4,2021-11-13 11:00:00,379.12,22.8,3
2021-11-13 07:00:00,5,2021-11-13 12:00:00,379.13,23.2,3
2021-11-13 07:00:00,6,2021-11-13 13:00:00,379.11,21.9,3
2021-11-14 07:00:00,0,2021-11-14 07:00:00,379.14,24.1,3
2021-11-14 07:00:00,1,2021-11-14 08:00:00,379.14,24.4,3
2021-11-14 07:00:00,2,2021-11-14 09:00:00,379.12,22.7,3
2021-11-14 07:00:00,3,2021-11-14 10:00:00,379.11,22.2,3
2021-11-14 07:00:00,4,2021-11-14 11:00:00,379.11,22.2,3
2021-11-14 07:00:00,5,2021-11-14 12:00:00,379.11,22.5,3
2021-11-14 07:00:00,6,2021-11-14 13:00:00,379.12,22.5,3
2021-11-15 07:00:00,0,2021-11-15 07:00:00,379.09,21.1,3
2021-11-15 07:00:00,1,2021-11-15 08:00:00,379.11,22.5,3
2021-11-15 07:00:00,2,2021-11-15 09:00:00,379.12,23.0,3
2021-11-15 07:00:00,3,2021-11-15 10:00:00,379.11,22.1,3
2021-11-15 07:00:00,4,2021-11-15 11:00:00,379.11,22.2,3
2021-11-15 07:00:00,5,2021-11-15 12:00:00,379.11,22.0,3
2021-11-15 07:00:00,6,2021-11-15 13:00:00,379.1,21.5,3
2021-11-16 07:00:00,0,2021-11-16 07:00:00,379.09,21.1,3
2021-11-16 07:00:00,1,2021-11-16 08:00:00,379.09,21.1,3
2021-11-16 07:00:00,2,2021-11-16 09:00:00,379.09,21.0,3
2021-11-16 07:00:00,3,2021-11-16 10:00:00,379.09,21.1,3
2021-11-16 07:00:00,4,2021-11-16 11:00:00,379.08,20.1,3
2021-11-16 07:00:00,5,2021-11-16 12:00:00,379.1,21.8,3
2021-11-16 07:00:00,6,2021-11-16 13:00:00,379.11,22.0,3
2021-11-17 07:00:00,0,2021-11-17 07:00:00,379.09,21.0,3
2021-11-17 07:00:00,1,2021-11-17 08:00:00,379.1,21.3,3
2021-11-17 07:00:00,2,2021-11-17 09:00:00,379.1,21.3,3
2021-11-17 07:00:00,3,2021-11-17 10:00:00,379.1,21.4,3
2021-11-17 07:00:00,4,2021-11-17 11:00:00,379.1,21.5,3
2021-11-17 07:00:00,5,2021-11-17 12:00:00,379.1,21.5,3
2021-11-17 07:00:00,6,2021-11-17 13:00:00,379.09,21.2,3
2021-11-18 07:00:00,0,2021-11-18 07:00:00,379.1,21.5,3
2021-11-18 07:00:00,1,2021-11-18 08:00:00,379.09,20.9,3
2021-11-18 07:00:00,2,2021-11-18 09:00:00,379.09,20.6,3
2021-11-18 07:00:00,3,2021-11-18 10:00:00,379.09,20.7,3
2021-11-18 07:00:00,4,2021-11-18 11:00:00,379.09,20.7,3
2021-11-18 07:00:00,5,2021-11-18 12:00:00,379.09,21.0,3
2021-11-18 07:00:00,6,2021-11-18 13:00:00,379.11,21.9,3
2021-11-19 07:00:00,0,2021-11-19 07:00:00,379.08,19.9,3
2021-11-19 07:00:00,1,2021-11-19 08:00:00,379.08,20.1,3
2021-11-19 07:00:00,2,2021-11-19 09:00:00,379.1,21.6,3
2021-11-19 07:00:00,3,2021-11-19 10:00:00,379.08,20.3,3
2021-11-19 07:00:00,4,2021-11-19 11:00:00,379.08,20.3,3
2021-11-19 07:00:00,5,2021-11-19 12:00:00,379.09,20.5,3
2021-11-19 07:00:00,6,2021-11-19 13:00:00,379.1,21.7,3
2021-11-20 07:00:00,0,2021-11-20 07:00:00,379.14,24.5,3
2021-11-20 07:00:00,1,2021-11-20 08:00:00,379.16,25.5,3
2021-11-20 07:00:00,2,2021-11-20 09:00:00,379.13,23.6,3
2021-11-20 07:00:00,3,2021-11-20 10:00:00,379.13,23.4,3
2021-11-20 07:00:00,4,2021-11-20 11:00:00,379.13,23.4,3
2021-11-20 07:00:00,5,2021-11-20 12:00:00,379.13,23.3,3
2021-11-20 07:00:00,6,2021-11-20 13:00:00,379.13,23.3,3
2021-11-21 06:00:00,0,2021-11-21 06:00:00,379.08,20.1,3
2021-11-21 06:00:00,1,2021-11-21 07:00:00,379.09,21.1,3
2021-11-21 06:00:00,2,2021-11-21 08:00:00,379.11,22.4,3
2021-11-21 06:00:00,3,2021-11-21 09:00:00,379.12,23.1,3
2021-11-21 06:00:00,4,2021-11-21 10:00:00,379.12,22.8,3
2021-11-21 06:00:00,5,2021-11-21 11:00:00,379.12,22.9,3
2021-11-21 06:00:00,6,2021-11-21 12:00:00,379.12,23.2,3
2021-11-22 07:00:00,0,2021-11-22 07:00:00,379.1,21.3,3
2021-11-22 07:00:00,1,2021-11-22 08:00:00,379.11,22.2,3
2021-11-22 07:00:00,2,2021-11-22 09:00:00,379.11,22.3,3
2021-11-22 07:00:00,3,2021-11-22 10:00:00,379.12,23.0,3
2021-11-22 07:00:00,4,2021-11-22 11:00:00,379.12,23.1,3
2021-11-22 07:00:00,5,2021-11-22 12:00:00,379.13,23.3,3
2021-11-22 07:00:00,6,2021-11-22 13:00:00,379.13,23.8,3
2021-11-23 07:00:00,0,2021-11-23 07:00:00,379.09,20.8,3
2021-11-23 07:00:00,1,2021-11-23 08:00:00,379.12,22.5,3
2021-11-23 07:00:00,2,2021-11-23 09:00:00,379.13,23.5,3
2021-11-23 07:00:00,3,2021-11-23 10:00:00,379.11,22.4,3
2021-11-23 07:00:00,4,2021-11-23 11:00:00,379.12,22.5,3
2021-11-23 07:00:00,5,2021-11-23 12:00:00,379.13,23.4,3
2021-11-23 07:00:00,6,2021-11-23 13:00:00,379.12,23.0,3
2021-11-24 07:00:00,0,2021-11-24 07:00:00,379.12,23.1,3
2021-11-24 07:00:00,1,2021-11-24 08:00:00,379.15,24.9,3
2021-11-24 07:00:00,2,2021-11-24 09:00:00,379.13,23.2,3
2021-11-24 07:00:00,3,2021-11-24 10:00:00,379.12,23.2,3
2021-11-24 07:00:00,4,2021-11-24 11:00:00,379.13,23.4,3
2021-11-24 07:00:00,5,2021-11-24 12:00:00,379.13,23.2,3
2021-11-24 07:00:00,6,2021-11-24 13:00:00,379.12,23.0,3
2021-11-25 07:00:00,0,2021-11-25 07:00:00,379.08,20.3,3
2021-11-25 07:00:00,1,2021-11-25 08:00:00,379.11,22.1,3
2021-11-25 07:00:00,2,2021-11-25 09:00:00,379.13,23.3,3
2021-11-25 07:00:00,3,2021-11-25 10:00:00,379.12,22.5,3
2021-11-25 07:00:00,4,2021-11-25 11:00:00,379.11,22.4,3
2021-11-25 07:00:00,5,2021-11-25 12:00:00,379.12,22.8,3
2021-11-25 07:00:00,6,2021-11-25 13:00:00,379.12,22.5,3
2021-11-26 07:00:00,0,2021-11-26 07:00:00,379.06,19.0,3
2021-11-26 07:00:00,1,2021-11-26 08:00:00,379.11,22.3,3
2021-11-26 07:00:00,2,2021-11-26 09:00:00,379.11,21.9,3
2021-11-26 07:00:00,3,2021-11-26 10:00:00,379.11,22.3,3
2021-11-26 07:00:00,4,2021-11-26 11:00:00,379.12,23.0,3
2021-11-26 07:00:00,5,2021-11-26 12:00:00,379.1,21.8,3
2021-11-26 07:00:00,6,2021-11-26 13:00:00,379.1,21.8,3
2021-11-27 07:00:00,0,2021-11-27 07:00:00,379.08,20.5,3
2021-11-27 07:00:00,1,2021-11-27 08:00:00,379.12,22.9,3
2021-11-27 07:00:00,2,2021-11-27 09:00:00,379.12,22.9,3
2021-11-27 07:00:00,3,2021-11-27 10:00:00,379.12,22.9,3
2021-11-27 07:00:00,4,2021-11-27 11:00:00,379.14,24.4,3
2021-11-27 07:00:00,5,2021-11-27 12:00:00,379.14,24.5,3
2021-11-27 07:00:00,6,2021-11-27 13:00:00,379.14,23.9,3
2021-11-28 07:00:00,0,2021-11-28 07:00:00,379.05,18.5,3
2021-11-28 07:00:00,1,2021-11-28 08:00:00,379.09,20.8,3
2021-11-28 07:00:00,2,2021-11-28 09:00:00,379.09,21.1,3
2021-11-28 07:00:00,3,2021-11-28 10:00:00,379.11,22.1,3
2021-11-28 07:00:00,4,2021-11-28 11:00:00,379.11,22.2,3
2021-11-28 07:00:00,5,2021-11-28 12:00:00,379.11,22.1,3
2021-11-28 07:00:00,6,2021-11-28 13:00:00,379.11,22.0,3
2021-11-29 07:00:00,0,2021-11-29 07:00:00,379.06,18.9,3
2021-11-29 07:00:00,1,2021-11-29 08:00:00,379.08,20.2,3
2021-11-29 07:00:00,2,2021-11-29 09:00:00,379.11,22.4,3
2021-11-29 07:00:00,3,2021-11-29 10:00:00,379.13,23.3,3
2021-11-29 07:00:00,4,2021-11-29 11:00:00,379.12,22.7,3
2021-11-29 07:00:00,5,2021-11-29 12:00:00,379.12,22.6,3
2021-11-29 07:00:00,6,2021-11-29 13:00:00,379.1,21.8,3
2021-11-30 06:00:00,0,2021-11-30 06:00:00,379.03,17.3,3
2021-11-30 06:00:00,1,2021-11-30 07:00:00,379.06,18.9,3
2021-11-30 06:00:00,2,2021-11-30 08:00:00,379.1,21.2,3
2021-11-30 06:00:00,3,2021-11-30 09:00:00,379.11,21.8,3
2021-11-30 06:00:00,4,2021-11-30 10:00:00,379.14,24.2,3
2021-11-30 06:00:00,5,2021-11-30 11:00:00,379.33,40.0,3
2021-11-30 06:00:00,6,2021-11-30 12:00:00,379.32,39.4,3
2021-12-01 06:00:00,0,2021-12-01 06:00:00,378.98,14.2,3
2021-12-01 06:00:00,1,2021-12-01 07:00:00,379.02,16.4,3
2021-12-01 06:00:00,2,2021-12-01 08:00:00,379.07,19.6,3
2021-12-01 06:00:00,3,2021-12-01 09:00:00,379.07,19.7,3
2021-12-01 06:00:00,4,2021-12-01 10:00:00,379.07,19.5,3
2021-12-01 06:00:00,5,2021-12-01 11:00:00,379.27,34.3,3
2021-12-01 06:00:00,6,2021-12-01 12:00:00,379.29,36.4,3
2021-12-02 06:00:00,0,2021-12-02 06:00:00,379.21,29.1,3
2021-12-02 06:00:00,1,2021-12-02 07:00:00,379.18,26.8,3
2021-12-02 06:00:00,2,2021-12-02 08:00:00,379.16,25.4,3
2021-12-02 06:00:00,3,2021-12-02 09:00:00,379.15,24.7,3
2021-12-02 06:00:00,4,2021-12-02 10:00:00,379.14,24.5,3
2021-12-02 06:00:00,5,2021-12-02 11:00:00,379.16,25.3,3
2021-12-02 06:00:00,6,2021-12-02 12:00:00,379.15,25.3,3
2021-12-03 07:00:00,0,2021-12-03 07:00:00,379.15,25.3,3
2021-12-03 07:00:00,1,2021-12-03 08:00:00,379.12,22.9,3
2021-12-03 07:00:00,2,2021-12-03 09:00:00,379.11,22.3,3
2021-12-03 07:00:00,3,2021-12-03 10:00:00,379.11,21.9,3
2021-12-03 07:00:00,4,2021-12-03 11:00:00,379.1,21.7,3
2021-12-03 07:00:00,5,2021-12-03 12:00:00,379.1,21.5,3
2021-12-03 07:00:00,6,2021-12-03 13:00:00,379.1,21.7,3
2021-12-04 07:00:00,0,2021-12-04 07:00:00,379.22,30.3,3
2021-12-04 07:00:00,1,2021-12-04 08:00:00,379.22,29.9,3
2021-12-04 07:00:00,2,2021-12-04 09:00:00,379.22,30.6,3
2021-12-04 07:00:00,3,2021-12-04 10:00:00,379.27,34.4,3
2021-12-04 07:00:00,4,2021-12-04 11:00:00,379.33,40.6,3
2021-12-04 07:00:00,5,2021-12-04 12:00:00,379.4,48.3,3
2021-12-04 07:00:00,6,2021-12-04 13:00:00,379.47,55.3,3
2021-12-04 14:00:00,0,2021-12-04 14:00:00,379.67,79.1,3
2021-12-04 14:00:00,1,2021-12-04 15:00:00,379.61,72.0,3
2021-12-04 14:00:00,2,2021-12-04 16:00:00,379.62,73.6,3
2021-12-04 14:00:00,3,2021-12-04 17:00:00,379.65,76.5,3
2021-12-04 14:00:00,4,2021-12-04 18:00:00,379.76,90.9,3
2021-12-04 14:00:00,5,2021-12-04 19:00:00,379.87,104.0,3
2021-12-04 14:00:00,6,2021-12-04 20:00:00,379.88,105.2,3
2021-12-05 07:00:00,0,2021-12-05 07:00:00,379.7,83.0,3
2021-12-05 07:00:00,1,2021-12-05 08:00:00,379.66,78.0,3
2021-12-05 07:00:00,2,2021-12-05 09:00:00,379.64,75.0,3
2021-12-05 07:00:00,3,2021-12-05 10:00:00,379.61,71.8,3
2021-12-05 07:00:00,4,2021-12-05 11:00:00,379.6,70.8,3
2021-12-05 07:00:00,5,2021-12-05 12:00:00,379.55,65.5,3
2021-12-05 07:00:00,6,2021-12-05 13:00:00,379.53,63.0,3
2021-12-06 07:00:00,0,2021-12-06 07:00:00,379.33,40.3,3
2021-12-06 07:00:00,1,2021-12-06 08:00:00,379.32,39.7,3
2021-12-06 07:00:00,2,2021-12-06 09:00:00,379.32,39.1,3
2021-12-06 07:00:00,3,2021-12-06 10:00:00,379.32,39.1,3
2021-12-06 07:00:00,4,2021-12-06 11:00:00,379.31,38.3,3
2021-12-06 07:00:00,5,2021-12-06 12:00:00,379.3,37.8,3
2021-12-06 07:00:00,6,2021-12-06 13:00:00,379.3,37.5,3
2021-12-07 07:00:00,0,2021-12-07 07:00:00,379.23,31.5,3
2021-12-07 07:00:00,1,2021-12-07 08:00:00,379.23,31.4,3
2021-12-07 07:00:00,2,2021-12-07 09:00:00,379.24,31.5,3
2021-12-07 07:00:00,3,2021-12-07 10:00:00,379.24,31.9,3
2021-12-07 07:00:00,4,2021-12-07 11:00:00,379.25,32.6,3
2021-12-07 07:00:00,5,2021-12-07 12:00:00,379.25,32.3,3
2021-12-07 07:00:00,6,2021-12-07 13:00:00,379.24,31.6,3
2021-12-08 07:00:00,0,2021-12-08 07:00:00,379.36,43.2,3
2021-12-08 07:00:00,1,2021-12-08 08:00:00,379.39,47.1,3
2021-12-08 07:00:00,2,2021-12-08 09:00:00,379.41,49.1,3
2021-12-08 07:00:00,3,2021-12-08 10:00:00,379.44,52.5,3
2021-12-08 07:00:00,4,2021-12-08 11:00:00,379.46,54.3,3
2021-12-08 07:00:00,5,2021-12-08 12:00:00,379.53,63.0,3
2021-12-08 07:00:00,6,2021-12-08 13:00:00,379.61,72.6,3
2021-12-09 07:00:00,0,2021-12-09 07:00:00,379.35,42.2,3
2021-12-09 07:00:00,1,2021-12-09 08:00:00,379.34,41.5,3
2021-12-09 07:00:00,2,2021-12-09 09:00:00,379.33,40.6,3
2021-12-09 07:00:00,3,2021-12-09 10:00:00,379.32,39.6,3
2021-12-09 07:00:00,4,2021-12-09 11:00:00,379.32,38.9,3
2021-12-09 07:00:00,5,2021-12-09 12:00:00,379.31,38.4,3
2021-12-09 07:00:00,6,2021-12-09 13:00:00,379.31,38.0,3
2021-12-10 07:00:00,0,2021-12-10 07:00:00,379.3,37.0,3
2021-12-10 07:00:00,1,2021-12-10 08:00:00,379.28,35.3,3
2021-12-10 07:00:00,2,2021-12-10 09:00:00,379.27,34.9,3
2021-12-10 07:00:00,3,2021-12-10 10:00:00,379.27,35.0,3
2021-12-10 07:00:00,4,2021-12-10 11:00:00,379.28,35.8,3
2021-12-10 07:00:00,5,2021-12-10 12:00:00,379.29,36.2,3
2021-12-10 07:00:00,6,2021-12-10 13:00:00,379.29,36.4,3
2021-12-12 06:00:00,0,2021-12-12 06:00:00,379.33,40.5,3
2021-12-12 06:00:00,1,2021-12-12 07:00:00,379.27,34.5,3
2021-12-12 06:00:00,2,2021-12-12 08:00:00,379.25,33.1,3
2021-12-12 06:00:00,3,2021-12-12 09:00:00,379.24,32.2,3
2021-12-12 06:00:00,4,2021-12-12 10:00:00,379.24,31.9,3
2021-12-12 06:00:00,5,2021-12-12 11:00:00,379.24,31.9,3
2021-12-12 06:00:00,6,2021-12-12 12:00:00,379.23,31.5,3
2021-12-13 07:00:00,0,2021-12-13 07:00:00,379.19,28.2,3
2021-12-13 07:00:00,1,2021-12-13 08:00:00,379.19,27.5,3
2021-12-13 07:00:00,2,2021-12-13 09:00:00,379.2,28.6,3
2021-12-13 07:00:00,3,2021-12-13 10:00:00,379.21,29.6,3
2021-12-13 07:00:00,4,2021-12-13 11:00:00,379.21,29.1,3
2021-12-13 07:00:00,5,2021-12-13 12:00:00,379.2,28.6,3
2021-12-13 07:00:00,6,2021-12-13 13:00:00,379.18,27.5,3
2021-12-14 07:00:00,0,2021-12-14 07:00:00,379.18,26.8,3
2021-12-14 07:00:00,1,2021-12-14 08:00:00,379.16,25.9,3
2021-12-14 07:00:00,2,2021-12-14 09:00:00,379.17,26.6,3
2021-12-14 07:00:00,3,2021-12-14 10:00:00,379.18,27.3,3
2021-12-14 07:00:00,4,2021-12-14 11:00:00,379.18,27.3,3
2021-12-14 07:00:00,5,2021-12-14 12:00:00,379.19,27.7,3
2021-12-14 07:00:00,6,2021-12-14 13:00:00,379.19,27.8,3
2021-12-15 08:00:00,0,2021-12-15 08:00:00,379.23,31.4,3
2021-12-15 08:00:00,1,2021-12-15 09:00:00,379.23,30.9,3
2021-12-15 08:00:00,2,2021-12-15 10:00:00,379.22,30.5,3
2021-12-15 08:00:00,3,2021-12-15 11:00:00,379.23,30.7,3
2021-12-15 08:00:00,4,2021-12-15 12:00:00,379.22,30.5,3
2021-12-15 08:00:00,5,2021-12-15 13:00:00,379.22,30.3,3
2021-12-15 08:00:00,6,2021-12-15 14:00:00,379.22,29.8,3
2021-12-16 07:00:00,0,2021-12-16 07:00:00,379.18,27.1,3
2021-12-16 07:00:00,1,2021-12-16 08:00:00,379.18,26.9,3
2021-12-16 07:00:00,2,2021-12-16 09:00:00,379.17,26.7,3
2021-12-16 07:00:00,3,2021-12-16 10:00:00,379.17,26.7,3
2021-12-16 07:00:00,4,2021-12-16 11:00:00,379.17,26.6,3
2021-12-16 07:00:00,5,2021-12-16 12:00:00,379.18,27.0,3
2021-12-16 07:00:00,6,2021-12-16 13:00:00,379.18,27.2,3
2021-12-17 07:00:00,0,2021-12-17 07:00:00,379.28,35.7,3
2021-12-17 07:00:00,1,2021-12-17 08:00:00,379.26,34.0,3
2021-12-17 07:00:00,2,2021-12-17 09:00:00,379.24,31.7,3
2021-12-17 07:00:00,3,2021-12-17 10:00:00,379.23,30.9,3
2021-12-17 07:00:00,4,2021-12-17 11:00:00,379.22,30.4,3
2021-12-17 07:00:00,5,2021-12-17 12:00:00,379.22,30.1,3
2021-12-17 07:00:00,6,2021-12-17 13:00:00,379.21,29.7,3
2021-12-18 07:00:00,0,2021-12-18 07:00:00,379.25,32.7,3
2021-12-18 07:00:00,1,2021-12-18 08:00:00,379.23,31.0,3
2021-12-18 07:00:00,2,2021-12-18 09:00:00,379.22,30.5,3
2021-12-18 07:00:00,3,2021-12-18 10:00:00,379.21,29.7,3
2021-12-18 07:00:00,4,2021-12-18 11:00:00,379.21,29.5,3
2021-12-18 07:00:00,5,2021-12-18 12:00:00,379.21,29.5,3
2021-12-18 07:00:00,6,2021-12-18 13:00:00,379.22,29.9,3
2021-12-19 07:00:00,0,2021-12-19 07:00:00,379.19,28.1,3
2021-12-19 07:00:00,1,2021-12-19 08:00:00,379.19,27.7,3
2021-12-19 07:00:00,2,2021-12-19 09:00:00,379.18,27.2,3
2021-12-19 07:00:00,3,2021-12-19 10:00:00,379.18,27.4,3
2021-12-19 07:00:00,4,2021-12-19 11:00:00,379.18,27.2,3
2021-12-19 07:00:00,5,2021-12-19 12:00:00,379.18,27.2,3
2021-12-19 07:00:00,6,2021-12-19 13:00:00,379.19,27.8,3
2021-12-20 07:00:00,0,2021-12-20 07:00:00,379.16,25.8,3
2021-12-20 07:00:00,1,2021-12-20 08:00:00,379.15,24.6,3
2021-12-20 07:00:00,2,2021-12-20 09:00:00,379.15,25.1,3
2021-12-20 07:00:00,3,2021-12-20 10:00:00,379.16,25.6,3
2021-12-20 07:00:00,4,2021-12-20 11:00:00,379.17,26.1,3
2021-12-20 07:00:00,5,2021-12-20 12:00:00,379.15,25.2,3
2021-12-20 07:00:00,6,2021-12-20 13:00:00,379.16,25.6,3
2021-12-21 07:00:00,0,2021-12-21 07:00:00,379.17,26.7,3
2021-12-21 07:00:00,1,2021-12-21 08:00:00,379.16,25.6,3
2021-12-21 07:00:00,2,2021-12-21 09:00:00,379.16,25.3,3
2021-12-21 07:00:00,3,2021-12-21 10:00:00,379.15,25.2,3
2021-12-21 07:00:00,4,2021-12-21 11:00:00,379.15,25.3,3
2021-12-21 07:00:00,5,2021-12-21 12:00:00,379.16,25.4,3
2021-12-21 07:00:00,6,2021-12-21 13:00:00,379.16,25.8,3
2021-12-22 07:00:00,0,2021-12-22 07:00:00,379.17,26.0,3
2021-12-22 07:00:00,1,2021-12-22 08:00:00,379.15,25.0,3
2021-12-22 07:00:00,2,2021-12-22 09:00:00,379.16,25.4,3
2021-12-22 07:00:00,3,2021-12-22 10:00:00,379.16,25.7,3
2021-12-22 07:00:00,4,2021-12-22 11:00:00,379.19,27.6,3
2021-12-22 07:00:00,5,2021-12-22 12:00:00,379.19,27.7,3
2021-12-22 07:00:00,6,2021-12-22 13:00:00,379.17,26.3,3
2021-12-23 07:00:00,0,2021-12-23 07:00:00,379.15,25.0,3
2021-12-23 07:00:00,1,2021-12-23 08:00:00,379.14,24.5,3
2021-12-23 07:00:00,2,2021-12-23 09:00:00,379.15,24.9,3
2021-12-23 07:00:00,3,2021-12-23 10:00:00,379.15,25.0,3
2021-12-23 07:00:00,4,2021-12-23 11:00:00,379.16,26.0,3
2021-12-23 07:00:00,5,2021-12-23 12:00:00,379.17,26.0,3
2021-12-23 07:00:00,6,2021-12-23 13:00:00,379.16,25.3,3
2021-12-24 07:00:00,0,2021-12-24 07:00:00,379.16,25.5,3
2021-12-24 07:00:00,1,2021-12-24 08:00:00,379.14,24.6,3
2021-12-24 07:00:00,2,2021-12-24 09:00:00,379.15,24.6,3
2021-12-24 07:00:00,3,2021-12-24 10:00:00,379.16,25.5,3
2021-12-24 07:00:00,4,2021-12-24 11:00:00,379.15,24.8,3
2021-12-24 07:00:00,5,2021-12-24 12:00:00,379.16,25.5,3
2021-12-24 07:00:00,6,2021-12-24 13:00:00,379.18,26.9,3
2021-12-25 07:00:00,0,2021-12-25 07:00:00,379.19,28.1,3
2021-12-25 07:00:00,1,2021-12-25 08:00:00,379.21,29.4,3
2021-12-25 07:00:00,2,2021-12-25 09:00:00,379.21,29.6,3
2021-12-25 07:00:00,3,2021-12-25 10:00:00,379.23,30.8,3
2021-12-25 07:00:00,4,2021-12-25 11:00:00,379.25,32.4,3
2021-12-25 07:00:00,5,2021-12-25 12:00:00,379.25,33.1,3
2021-12-25 07:00:00,6,2021-12-25 13:00:00,379.27,34.4,3
2021-12-26 07:00:00,0,2021-12-26 07:00:00,379.31,38.8,3
2021-12-26 07:00:00,1,2021-12-26 08:00:00,379.33,40.4,3
2021-12-26 07:00:00,2,2021-12-26 09:00:00,379.33,40.9,3
2021-12-26 07:00:00,3,2021-12-26 10:00:00,379.34,41.3,3
2021-12-26 07:00:00,4,2021-12-26 11:00:00,379.35,42.1,3
2021-12-26 07:00:00,5,2021-12-26 12:00:00,379.35,42.8,3
2021-12-26 07:00:00,6,2021-12-26 13:00:00,379.44,51.8,3
2021-12-27 07:00:00,0,2021-12-27 07:00:00,379.33,40.2,3
2021-12-27 07:00:00,1,2021-12-27 08:00:00,379.33,40.0,3
2021-12-27 07:00:00,2,2021-12-27 09:00:00,379.33,40.1,3
2021-12-27 07:00:00,3,2021-12-27 10:00:00,379.34,41.5,3
2021-12-27 07:00:00,4,2021-12-27 11:00:00,379.34,41.1,3
2021-12-27 07:00:00,5,2021-12-27 12:00:00,379.35,42.5,3
2021-12-27 07:00:00,6,2021-12-27 13:00:00,379.42,49.8,3
2021-12-28 07:00:00,0,2021-12-28 07:00:00,379.63,73.9,3
2021-12-28 07:00:00,1,2021-12-28 08:00:00,379.67,79.1,3
2021-12-28 07:00:00,2,2021-12-28 09:00:00,379.72,85.5,3
2021-12-28 07:00:00,3,2021-12-28 10:00:00,379.73,86.1,3
2021-12-28 07:00:00,4,2021-12-28 11:00:00,379.8,95.7,3
2021-12-28 07:00:00,5,2021-12-28 12:00:00,379.87,103.9,3
2021-12-28 07:00:00,6,2021-12-28 13:00:00,379.93,111.8,3
2021-12-28 16:00:00,0,2021-12-28 16:00:00,380.16,144.7,3
2021-12-28 16:00:00,1,2021-12-28 17:00:00,380.13,140.0,3
2021-12-28 16:00:00,2,2021-12-28 18:00:00,380.16,144.6,3
2021-12-28 16:00:00,3,2021-12-28 19:00:00,380.33,170.0,3
2021-12-28 16:00:00,4,2021-12-28 20:00:00,380.6,212.5,3
2021-12-28 16:00:00,5,2021-12-28 21:00:00,380.6,212.4,3
2021-12-28 16:00:00,6,2021-12-28 22:00:00,380.56,205.5,3
2021-12-28 20:00:00,0,2021-12-28 20:00:00,380.31,166.2,3
2021-12-28 20:00:00,1,2021-12-28 21:00:00,380.47,191.4,3
2021-12-28 20:00:00,2,2021-12-28 22:00:00,380.41,182.3,3
2021-12-28 20:00:00,3,2021-12-28 23:00:00,380.48,193.6,3
2021-12-28 20:00:00,4,2021-12-29 00:00:00,380.67,224.9,3
2021-12-28 20:00:00,5,2021-12-29 01:00:00,380.66,222.4,3
2021-12-28 20:00:00,6,2021-12-29 02:00:00,380.61,215.3,3
2021-12-29 07:00:00,0,2021-12-29 07:00:00,380.42,183.9,3
2021-12-29 07:00:00,1,2021-12-29 08:00:00,380.44,186.7,3
2021-12-29 07:00:00,2,2021-12-29 09:00:00,380.51,198.6,3
2021-12-29 07:00:00,3,2021-12-29 10:00:00,380.47,190.9,3
2021-12-29 07:00:00,4,2021-12-29 11:00:00,380.48,193.8,3
2021-12-29 07:00:00,5,2021-12-29 12:00:00,380.51,198.4,3
2021-12-29 07:00:00,6,2021-12-29 13:00:00,380.51,198.2,3
2021-12-29 11:00:00,0,2021-12-29 11:00:00,380.56,206.6,3
2021-12-29 11:00:00,1,2021-12-29 12:00:00,380.58,210.1,3
2021-12-29 11:00:00,2,2021-12-29 13:00:00,380.59,210.4,3
2021-12-29 11:00:00,3,2021-12-29 14:00:00,380.58,210.1,3
2021-12-29 11:00:00,4,2021-12-29 15:00:00,380.71,231.8,3
2021-12-29 11:00:00,5,2021-12-29 16:00:00,380.77,242.2,3
2021-12-29 11:00:00,6,2021-12-29 17:00:00,380.79,246.2,3
2021-12-29 16:00:00,0,2021-12-29 16:00:00,380.8,248.3,3
2021-12-29 16:00:00,1,2021-12-29 17:00:00,380.9,265.4,3
2021-12-29 16:00:00,2,2021-12-29 18:00:00,380.94,274.5,3
2021-12-29 16:00:00,3,2021-12-29 19:00:00,381.21,326.9,3
2021-12-29 16:00:00,4,2021-12-29 20:00:00,381.35,357.4,3
2021-12-29 16:00:00,5,2021-12-29 21:00:00,381.37,361.7,3
2021-12-29 16:00:00,6,2021-12-29 22:00:00,381.38,362.9,3
2021-12-29 19:00:00,0,2021-12-29 19:00:00,381.1,304.9,3
2021-12-29 19:00:00,1,2021-12-29 20:00:00,381.38,363.3,3
2021-12-29 19:00:00,2,2021-12-29 21:00:00,381.41,370.1,3
2021-12-29 19:00:00,3,2021-12-29 22:00:00,381.52,395.1,3
2021-12-29 19:00:00,4,2021-12-29 23:00:00,381.61,415.4,3
2021-12-29 19:00:00,5,2021-12-30 00:00:00,381.64,422.0,3
2021-12-29 19:00:00,6,2021-12-30 01:00:00,381.62,417.5,3
2021-12-29 23:00:00,0,2021-12-29 23:00:00,381.66,426.7,3
2021-12-29 23:00:00,1,2021-12-30 00:00:00,381.69,435.5,3
2021-12-29 23:00:00,2,2021-12-30 01:00:00,381.75,447.8,3
2021-12-29 23:00:00,3,2021-12-30 02:00:00,381.79,458.2,3
2021-12-29 23:00:00,4,2021-12-30 03:00:00,381.73,444.4,3
2021-12-29 23:00:00,5,2021-12-30 04:00:00,381.67,430.5,3
2021-12-29 23:00:00,6,2021-12-30 05:00:00,381.65,425.9,3
2021-12-30 00:00:00,0,2021-12-30 00:00:00,381.69,435.5,3
2021-12-30 00:00:00,1,2021-12-30 01:00:00,381.75,447.8,3
2021-12-30 00:00:00,2,2021-12-30 02:00:00,381.79,458.2,3
2021-12-30 00:00:00,3,2021-12-30 03:00:00,381.73,444.4,3
2021-12-30 00:00:00,4,2021-12-30 04:00:00,381.67,430.5,3
2021-12-30 00:00:00,5,2021-12-30 05:00:00,381.65,425.9,3
2021-12-30 00:00:00,6,2021-12-30 06:00:00,381.53,396.3,3
2021-12-30 07:00:00,0,2021-12-30 07:00:00,381.7,435.8,3
2021-12-30 07:00:00,1,2021-12-30 08:00:00,381.52,393.8,3
2021-12-30 07:00:00,2,2021-12-30 09:00:00,381.38,363.3,3
2021-12-30 07:00:00,3,2021-12-30 10:00:00,381.26,337.1,3
2021-12-30 07:00:00,4,2021-12-30 11:00:00,381.15,315.1,3
2021-12-30 07:00:00,5,2021-12-30 12:00:00,381.08,300.4,3
2021-12-30 07:00:00,6,2021-12-30 13:00:00,380.98,282.0,3
2021-12-31 06:00:00,0,2021-12-31 06:00:00,380.35,173.2,3
2021-12-31 06:00:00,1,2021-12-31 07:00:00,380.32,168.7,3
2021-12-31 06:00:00,2,2021-12-31 08:00:00,380.28,162.1,3
2021-12-31 06:00:00,3,2021-12-31 09:00:00,380.28,161.5,3
2021-12-31 06:00:00,4,2021-12-31 10:00:00,380.28,161.7,3
2021-12-31 06:00:00,5,2021-12-31 11:00:00,380.24,155.1,3
2021-12-31 06:00:00,6,2021-12-31 12:00:00,380.26,158.9,3
2022-01-01 07:00:00,0,2022-01-01 07:00:00,379.92,110.9,3
2022-01-01 07:00:00,1,2022-01-01 08:00:00,379.94,112.9,3
2022-01-01 07:00:00,2,2022-01-01 09:00:00,379.93,112.6,3
2022-01-01 07:00:00,3,2022-01-01 10:00:00,379.95,114.9,3
2022-01-01 07:00:00,4,2022-01-01 11:00:00,379.95,115.3,3
2022-01-01 07:00:00,5,2022-01-01 12:00:00,379.94,113.7,3
2022-01-01 07:00:00,6,2022-01-01 13:00:00,379.95,115.2,3
2022-01-02 06:00:00,0,2022-01-02 06:00:00,379.74,87.7,3
2022-01-02 06:00:00,1,2022-01-02 07:00:00,379.72,85.0,3
2022-01-02 06:00:00,2,2022-01-02 08:00:00,379.71,84.7,3
2022-01-02 06:00:00,3,2022-01-02 09:00:00,379.76,89.8,3
2022-01-02 06:00:00,4,2022-01-02 10:00:00,379.76,90.9,3
2022-01-02 06:00:00,5,2022-01-02 11:00:00,379.87,104.4,3
2022-01-02 06:00:00,6,2022-01-02 12:00:00,379.83,98.9,3
2022-01-03 06:00:00,0,2022-01-03 06:00:00,379.59,70.0,3
2022-01-03 06:00:00,1,2022-01-03 07:00:00,379.58,68.8,3
2022-01-03 06:00:00,2,2022-01-03 08:00:00,379.58,68.4,3
2022-01-03 06:00:00,3,2022-01-03 09:00:00,379.58,68.4,3
2022-01-03 06:00:00,4,2022-01-03 10:00:00,379.61,72.1,3
2022-01-03 06:00:00,5,2022-01-03 11:00:00,379.8,94.9,3
2022-01-03 06:00:00,6,2022-01-03 12:00:00,379.78,92.8,3
2022-01-04 07:00:00,0,2022-01-04 07:00:00,379.56,65.6,3
2022-01-04 07:00:00,1,2022-01-04 08:00:00,379.57,67.1,3
2022-01-04 07:00:00,2,2022-01-04 09:00:00,379.58,68.2,3
2022-01-04 07:00:00,3,2022-01-04 10:00:00,379.59,69.8,3
2022-01-04 07:00:00,4,2022-01-04 11:00:00,379.78,93.1,3
2022-01-04 07:00:00,5,2022-01-04 12:00:00,379.79,94.4,3
2022-01-04 07:00:00,6,2022-01-04 13:00:00,379.8,95.8,3
2022-01-05 07:00:00,0,2022-01-05 07:00:00,379.99,120.7,3
2022-01-05 07:00:00,1,2022-01-05 08:00:00,379.99,119.9,3
2022-01-05 07:00:00,2,2022-01-05 09:00:00,380.36,173.4,3
2022-01-05 07:00:00,3,2022-01-05 10:00:00,380.37,175.9,3
2022-01-05 07:00:00,4,2022-01-05 11:00:00,380.28,161.3,3
2022-01-05 07:00:00,5,2022-01-05 12:00:00,380.17,146.2,3
2022-01-05 07:00:00,6,2022-01-05 13:00:00,380.11,136.9,3
2022-01-06 07:00:00,0,2022-01-06 07:00:00,379.76,90.0,3
2022-01-06 07:00:00,1,2022-01-06 08:00:00,379.68,80.4,3
2022-01-06 07:00:00,2,2022-01-06 09:00:00,379.64,75.1,3
2022-01-06 07:00:00,3,2022-01-06 10:00:00,379.64,75.1,3
2022-01-06 07:00:00,4,2022-01-06 11:00:00,379.76,89.9,3
2022-01-06 07:00:00,5,2022-01-06 12:00:00,379.72,85.4,3
2022-01-06 07:00:00,6,2022-01-06 13:00:00,379.7,82.9,3
2022-01-07 07:00:00,0,2022-01-07 07:00:00,379.49,58.1,3
2022-01-07 07:00:00,1,2022-01-07 08:00:00,379.49,58.1,3
2022-01-07 07:00:00,2,2022-01-07 09:00:00,379.49,57.6,3
2022-01-07 07:00:00,3,2022-01-07 10:00:00,379.48,56.7,3
2022-01-07 07:00:00,4,2022-01-07 11:00:00,379.48,56.6,3
2022-01-07 07:00:00,5,2022-01-07 12:00:00,379.53,62.5,3
2022-01-07 07:00:00,6,2022-01-07 13:00:00,379.6,71.0,3
2022-01-08 07:00:00,0,2022-01-08 07:00:00,379.47,55.8,3
2022-01-08 07:00:00,1,2022-01-08 08:00:00,379.47,55.3,3
2022-01-08 07:00:00,2,2022-01-08 09:00:00,379.45,53.2,3
2022-01-08 07:00:00,3,2022-01-08 10:00:00,379.45,53.1,3
2022-01-08 07:00:00,4,2022-01-08 11:00:00,379.45,53.2,3
2022-01-08 07:00:00,5,2022-01-08 12:00:00,379.46,55.0,3
2022-01-08 07:00:00,6,2022-01-08 13:00:00,379.55,65.1,3
2022-01-09 07:00:00,0,2022-01-09 07:00:00,379.6,71.1,3
2022-01-09 07:00:00,1,2022-01-09 08:00:00,379.58,68.6,3
2022-01-09 07:00:00,2,2022-01-09 09:00:00,379.54,63.9,3
2022-01-09 07:00:00,3,2022-01-09 10:00:00,379.52,61.0,3
2022-01-09 07:00:00,4,2022-01-09 11:00:00,379.58,68.2,3
2022-01-09 07:00:00,5,2022-01-09 12:00:00,379.62,73.3,3
2022-01-09 07:00:00,6,2022-01-09 13:00:00,379.61,71.5,3
2022-01-10 07:00:00,0,2022-01-10 07:00:00,379.42,50.5,3
2022-01-10 07:00:00,1,2022-01-10 08:00:00,379.42,50.7,3
2022-01-10 07:00:00,2,2022-01-10 09:00:00,379.42,50.1,3
2022-01-10 07:00:00,3,2022-01-10 10:00:00,379.39,46.8,3
2022-01-10 07:00:00,4,2022-01-10 11:00:00,379.41,49.5,3
2022-01-10 07:00:00,5,2022-01-10 12:00:00,379.42,50.0,3
2022-01-10 07:00:00,6,2022-01-10 13:00:00,379.47,55.3,3
2022-01-11 07:00:00,0,2022-01-11 07:00:00,379.36,43.6,3
2022-01-11 07:00:00,1,2022-01-11 08:00:00,379.36,43.5,3
2022-01-11 07:00:00,2,2022-01-11 09:00:00,379.39,46.9,3
2022-01-11 07:00:00,3,2022-01-11 10:00:00,379.42,50.0,3
2022-01-11 07:00:00,4,2022-01-11 11:00:00,379.36,44.0,3
2022-01-11 07:00:00,5,2022-01-11 12:00:00,379.38,45.3,3
2022-01-11 07:00:00,6,2022-01-11 13:00:00,379.42,50.6,3
2022-01-12 07:00:00,0,2022-01-12 07:00:00,379.33,40.3,3
2022-01-12 07:00:00,1,2022-01-12 08:00:00,379.33,40.4,3
2022-01-12 07:00:00,2,2022-01-12 09:00:00,379.33,40.1,3
2022-01-12 07:00:00,3,2022-01-12 10:00:00,379.32,39.9,3
2022-01-12 07:00:00,4,2022-01-12 11:00:00,379.32,39.9,3
2022-01-12 07:00:00,5,2022-01-12 12:00:00,379.32,39.2,3
2022-01-12 07:00:00,6,2022-01-12 13:00:00,379.34,41.8,3
2022-01-13 07:00:00,0,2022-01-13 07:00:00,379.35,42.5,3
2022-01-13 07:00:00,1,2022-01-13 08:00:00,379.32,39.0,3
2022-01-13 07:00:00,2,2022-01-13 09:00:00,379.3,37.5,3
2022-01-13 07:00:00,3,2022-01-13 10:00:00,379.3,37.3,3
2022-01-13 07:00:00,4,2022-01-13 11:00:00,379.3,37.2,3
2022-01-13 07:00:00,5,2022-01-13 12:00:00,379.32,38.9,3
2022-01-13 07:00:00,6,2022-01-13 13:00:00,379.33,40.9,3
2022-01-14 07:00:00,0,2022-01-14 07:00:00,379.3,37.0,3
2022-01-14 07:00:00,1,2022-01-14 08:00:00,379.3,37.5,3
2022-01-14 07:00:00,2,2022-01-14 09:00:00,379.3,37.5,3
2022-01-14 07:00:00,3,2022-01-14 10:00:00,379.28,36.0,3
2022-01-14 07:00:00,4,2022-01-14 11:00:00,379.27,35.0,3
2022-01-14 07:00:00,5,2022-01-14 12:00:00,379.27,34.9,3
2022-01-14 07:00:00,6,2022-01-14 13:00:00,379.27,35.0,3
2022-01-15 07:00:00,0,2022-01-15 07:00:00,379.27,34.7,3
2022-01-15 07:00:00,1,2022-01-15 08:00:00,379.28,35.6,3
2022-01-15 07:00:00,2,2022-01-15 09:00:00,379.26,33.7,3
2022-01-15 07:00:00,3,2022-01-15 10:00:00,379.25,32.9,3
2022-01-15 07:00:00,4,2022-01-15 11:00:00,379.25,32.6,3
2022-01-15 07:00:00,5,2022-01-15 12:00:00,379.25,32.6,3
2022-01-15 07:00:00,6,2022-01-15 13:00:00,379.27,34.1,3
2022-01-16 07:00:00,0,2022-01-16 07:00:00,379.3,37.1,3
2022-01-16 07:00:00,1,2022-01-16 08:00:00,379.3,37.5,3
2022-01-16 07:00:00,2,2022-01-16 09:00:00,379.28,35.6,3
2022-01-16 07:00:00,3,2022-01-16 10:00:00,379.27,34.5,3
2022-01-16 07:00:00,4,2022-01-16 11:00:00,379.27,34.2,3
2022-01-16 07:00:00,5,2022-01-16 12:00:00,379.27,34.1,3
2022-01-16 07:00:00,6,2022-01-16 13:00:00,379.26,33.5,3
2022-01-17 06:00:00,0,2022-01-17 06:00:00,379.29,36.7,3
2022-01-17 06:00:00,1,2022-01-17 07:00:00,379.24,32.0,3
2022-01-17 06:00:00,2,2022-01-17 08:00:00,379.26,33.5,3
2022-01-17 06:00:00,3,2022-01-17 09:00:00,379.23,31.1,3
2022-01-17 06:00:00,4,2022-01-17 10:00:00,379.22,30.0,3
2022-01-17 06:00:00,5,2022-01-17 11:00:00,379.22,30.0,3
2022-01-17 06:00:00,6,2022-01-17 12:00:00,379.22,30.0,3
2022-01-18 07:00:00,0,2022-01-18 07:00:00,379.28,35.2,3
2022-01-18 07:00:00,1,2022-01-18 08:00:00,379.3,37.8,3
2022-01-18 07:00:00,2,2022-01-18 09:00:00,379.31,38.0,3
2022-01-18 07:00:00,3,2022-01-18 10:00:00,379.3,37.2,3
2022-01-18 07:00:00,4,2022-01-18 11:00:00,379.3,37.2,3
2022-01-18 07:00:00,5,2022-01-18 12:00:00,379.3,37.0,3
2022-01-18 07:00:00,6,2022-01-18 13:00:00,379.29,36.2,3
2022-01-19 07:00:00,0,2022-01-19 07:00:00,379.21,29.3,3
2022-01-19 07:00:00,1,2022-01-19 08:00:00,379.23,31.1,3
2022-01-19 07:00:00,2,2022-01-19 09:00:00,379.25,32.4,3
2022-01-19 07:00:00,3,2022-01-19 10:00:00,379.23,31.3,3
2022-01-19 07:00:00,4,2022-01-19 11:00:00,379.22,30.2,3
2022-01-19 07:00:00,5,2022-01-19 12:00:00,379.22,30.1,3
2022-01-19 07:00:00,6,2022-01-19 13:00:00,379.21,29.7,3
2022-01-20 07:00:00,0,2022-01-20 07:00:00,379.23,30.9,3
2022-01-20 07:00:00,1,2022-01-20 08:00:00,379.24,32.2,3
2022-01-20 07:00:00,2,2022-01-20 09:00:00,379.24,31.9,3
2022-01-20 07:00:00,3,2022-01-20 10:00:00,379.23,30.9,3
2022-01-20 07:00:00,4,2022-01-20 11:00:00,379.21,29.2,3
2022-01-20 07:00:00,5,2022-01-20 12:00:00,379.21,29.1,3
2022-01-20 07:00:00,6,2022-01-20 13:00:00,379.2,29.0,3
2022-01-21 07:00:00,0,2022-01-21 07:00:00,379.24,32.1,3
2022-01-21 07:00:00,1,2022-01-21 08:00:00,379.26,33.4,3
2022-01-21 07:00:00,2,2022-01-21 09:00:00,379.25,32.4,3
2022-01-21 07:00:00,3,2022-01-21 10:00:00,379.24,32.3,3
2022-01-21 07:00:00,4,2022-01-21 11:00:00,379.24,31.7,3
2022-01-21 07:00:00,5,2022-01-21 12:00:00,379.23,30.7,3
2022-01-21 07:00:00,6,2022-01-21 13:00:00,379.22,30.2,3
2022-01-22 06:00:00,0,2022-01-22 06:00:00,379.24,32.1,3
2022-01-22 06:00:00,1,2022-01-22 07:00:00,379.21,29.3,3
2022-01-22 06:00:00,2,2022-01-22 08:00:00,379.21,29.6,3
2022-01-22 06:00:00,3,2022-01-22 09:00:00,379.23,31.0,3
2022-01-22 06:00:00,4,2022-01-22 10:00:00,379.23,31.2,3
2022-01-22 06:00:00,5,2022-01-22 11:00:00,379.23,30.8,3
2022-01-22 06:00:00,6,2022-01-22 12:00:00,379.22,30.2,3
2022-01-23 07:00:00,0,2022-01-23 07:00:00,379.2,28.5,3
2022-01-23 07:00:00,1,2022-01-23 08:00:00,379.2,28.6,3
2022-01-23 07:00:00,2,2022-01-23 09:00:00,379.21,29.6,3
2022-01-23 07:00:00,3,2022-01-23 10:00:00,379.22,30.0,3
2022-01-23 07:00:00,4,2022-01-23 11:00:00,379.21,29.5,3
2022-01-23 07:00:00,5,2022-01-23 12:00:00,379.21,29.3,3
2022-01-23 07:00:00,6,2022-01-23 13:00:00,379.21,29.1,3
2022-01-24 07:00:00,0,2022-01-24 07:00:00,379.16,25.5,3
2022-01-24 07:00:00,1,2022-01-24 08:00:00,379.16,25.7,3
2022-01-24 07:00:00,2,2022-01-24 09:00:00,379.18,27.0,3
2022-01-24 07:00:00,3,2022-01-24 10:00:00,379.17,26.6,3
2022-01-24 07:00:00,4,2022-01-24 11:00:00,379.17,26.0,3
2022-01-24 07:00:00,5,2022-01-24 12:00:00,379.16,25.9,3
2022-01-24 07:00:00,6,2022-01-24 13:00:00,379.17,26.0,3
2022-01-24 09:00:00,0,2022-01-24 09:00:00,379.18,27.0,3
2022-01-24 09:00:00,1,2022-01-24 10:00:00,379.17,26.6,3
2022-01-24 09:00:00,2,2022-01-24 11:00:00,379.17,26.0,3
2022-01-24 09:00:00,3,2022-01-24 12:00:00,379.16,25.9,3
2022-01-24 09:00:00,4,2022-01-24 13:00:00,379.17,26.0,3
2022-01-24 09:00:00,5,2022-01-24 14:00:00,379.18,26.8,3
2022-01-24 09:00:00,6,2022-01-24 15:00:00,379.22,30.1,3
2022-01-25 06:00:00,0,2022-01-25 06:00:00,379.21,29.5,3
2022-01-25 06:00:00,1,2022-01-25 07:00:00,379.19,27.7,3
2022-01-25 06:00:00,2,2022-01-25 08:00:00,379.2,28.5,3
2022-01-25 06:00:00,3,2022-01-25 09:00:00,379.23,30.7,3
2022-01-25 06:00:00,4,2022-01-25 10:00:00,379.22,29.9,3
2022-01-25 06:00:00,5,2022-01-25 11:00:00,379.2,28.3,3
2022-01-25 06:00:00,6,2022-01-25 12:00:00,379.19,28.2,3
2022-01-26 06:00:00,0,2022-01-26 06:00:00,379.18,27.1,3
2022-01-26 06:00:00,1,2022-01-26 07:00:00,379.26,33.8,3
2022-01-26 06:00:00,2,2022-01-26 08:00:00,379.25,33.1,3
2022-01-26 06:00:00,3,2022-01-26 09:00:00,379.25,32.5,3
2022-01-26 06:00:00,4,2022-01-26 10:00:00,379.24,32.3,3
2022-01-26 06:00:00,5,2022-01-26 11:00:00,379.23,31.3,3
2022-01-26 06:00:00,6,2022-01-26 12:00:00,379.22,30.5,3
2022-01-27 06:00:00,0,2022-01-27 06:00:00,379.2,29.0,3
2022-01-27 06:00:00,1,2022-01-27 07:00:00,379.18,26.9,3
2022-01-27 06:00:00,2,2022-01-27 08:00:00,379.19,27.9,3
2022-01-27 06:00:00,3,2022-01-27 09:00:00,379.21,29.3,3
2022-01-27 06:00:00,4,2022-01-27 10:00:00,379.2,28.8,3
2022-01-27 06:00:00,5,2022-01-27 11:00:00,379.2,28.7,3
2022-01-27 06:00:00,6,2022-01-27 12:00:00,379.19,28.2,3
2022-01-28 07:00:00,0,2022-01-28 07:00:00,379.17,26.2,3
2022-01-28 07:00:00,1,2022-01-28 08:00:00,379.18,26.8,3
2022-01-28 07:00:00,2,2022-01-28 09:00:00,379.19,27.8,3
2022-01-28 07:00:00,3,2022-01-28 10:00:00,379.19,27.9,3
2022-01-28 07:00:00,4,2022-01-28 11:00:00,379.19,28.2,3
2022-01-28 07:00:00,5,2022-01-28 12:00:00,379.19,27.7,3
2022-01-28 07:00:00,6,2022-01-28 13:00:00,379.18,27.1,3
2022-01-29 07:00:00,0,2022-01-29 07:00:00,379.16,25.8,3
2022-01-29 07:00:00,1,2022-01-29 08:00:00,379.16,25.8,3
2022-01-29 07:00:00,2,2022-01-29 09:00:00,379.18,27.5,3
2022-01-29 07:00:00,3,2022-01-29 10:00:00,379.19,28.2,3
2022-01-29 07:00:00,4,2022-01-29 11:00:00,379.19,27.6,3
2022-01-29 07:00:00,5,2022-01-29 12:00:00,379.18,27.2,3
2022-01-29 07:00:00,6,2022-01-29 13:00:00,379.17,26.1,3
2022-01-30 07:00:00,0,2022-01-30 07:00:00,379.15,25.1,3
2022-01-30 07:00:00,1,2022-01-30 08:00:00,379.15,24.9,3
2022-01-30 07:00:00,2,2022-01-30 09:00:00,379.17,26.5,3
2022-01-30 07:00:00,3,2022-01-30 10:00:00,379.19,27.6,3
2022-01-30 07:00:00,4,2022-01-30 11:00:00,379.18,26.9,3
2022-01-30 07:00:00,5,2022-01-30 12:00:00,379.17,26.6,3
2022-01-30 07:00:00,6,2022-01-30 13:00:00,379.16,25.7,3
2022-01-31 07:00:00,0,2022-01-31 07:00:00,379.13,23.8,3
2022-01-31 07:00:00,1,2022-01-31 08:00:00,379.13,23.4,3
2022-01-31 07:00:00,2,2022-01-31 09:00:00,379.15,24.9,3
2022-01-31 07:00:00,3,2022-01-31 10:00:00,379.16,25.8,3
2022-01-31 07:00:00,4,2022-01-31 11:00:00,379.17,26.1,3
2022-01-31 07:00:00,5,2022-01-31 12:00:00,379.16,25.8,3
2022-01-31 07:00:00,6,2022-01-31 13:00:00,379.15,25.1,3
2022-02-01 07:00:00,0,2022-02-01 07:00:00,379.16,26.0,3
2022-02-01 07:00:00,1,2022-02-01 08:00:00,379.15,25.1,3
2022-02-01 07:00:00,2,2022-02-01 09:00:00,379.16,25.6,3
2022-02-01 07:00:00,3,2022-02-01 10:00:00,379.17,26.5,3
2022-02-01 07:00:00,4,2022-02-01 11:00:00,379.18,27.2,3
2022-02-01 07:00:00,5,2022-02-01 12:00:00,379.18,26.8,3
2022-02-01 07:00:00,6,2022-02-01 13:00:00,379.17,26.0,3
2022-02-02 07:00:00,0,2022-02-02 07:00:00,379.17,26.3,3
2022-02-02 07:00:00,1,2022-02-02 08:00:00,379.18,27.1,3
2022-02-02 07:00:00,2,2022-02-02 09:00:00,379.19,28.0,3
2022-02-02 07:00:00,3,2022-02-02 10:00:00,379.2,28.3,3
2022-02-02 07:00:00,4,2022-02-02 11:00:00,379.2,28.5,3
2022-02-02 07:00:00,5,2022-02-02 12:00:00,379.2,28.6,3
2022-02-02 07:00:00,6,2022-02-02 13:00:00,379.2,28.2,3
2022-02-03 07:00:00,0,2022-02-03 07:00:00,379.22,29.9,3
2022-02-03 07:00:00,1,2022-02-03 08:00:00,379.21,29.7,3
2022-02-03 07:00:00,2,2022-02-03 09:00:00,379.21,29.8,3
2022-02-03 07:00:00,3,2022-02-03 10:00:00,379.21,29.8,3
2022-02-03 07:00:00,4,2022-02-03 11:00:00,379.21,29.4,3
2022-02-03 07:00:00,5,2022-02-03 12:00:00,379.21,29.2,3
2022-02-03 07:00:00,6,2022-02-03 13:00:00,379.2,28.9,3
2022-02-04 07:00:00,0,2022-02-04 07:00:00,379.19,27.9,3
2022-02-04 07:00:00,1,2022-02-04 08:00:00,379.2,28.7,3
2022-02-04 07:00:00,2,2022-02-04 09:00:00,379.2,28.9,3
2022-02-04 07:00:00,3,2022-02-04 10:00:00,379.2,28.5,3
2022-02-04 07:00:00,4,2022-02-04 11:00:00,379.19,28.0,3
2022-02-04 07:00:00,5,2022-02-04 12:00:00,379.19,28.0,3
2022-02-04 07:00:00,6,2022-02-04 13:00:00,379.19,28.2,3
2022-02-05 08:00:00,0,2022-02-05 08:00:00,379.23,30.9,3
2022-02-05 08:00:00,1,2022-02-05 09:00:00,379.22,30.3,3
2022-02-05 08:00:00,2,2022-02-05 10:00:00,379.21,29.7,3
2022-02-05 08:00:00,3,2022-02-05 11:00:00,379.21,29.4,3
2022-02-05 08:00:00,4,2022-02-05 12:00:00,379.21,29.1,3
2022-02-05 08:00:00,5,2022-02-05 13:00:00,379.21,29.6,3
2022-02-05 08:00:00,6,2022-02-05 14:00:00,379.23,30.8,3
2022-02-06 07:00:00,0,2022-02-06 07:00:00,379.21,29.2,3
2022-02-06 07:00:00,1,2022-02-06 08:00:00,379.21,29.2,3
2022-02-06 07:00:00,2,2022-02-06 09:00:00,379.2,29.0,3
2022-02-06 07:00:00,3,2022-02-06 10:00:00,379.2,28.6,3
2022-02-06 07:00:00,4,2022-02-06 11:00:00,379.19,28.0,3
2022-02-06 07:00:00,5,2022-02-06 12:00:00,379.2,28.6,3
2022-02-06 07:00:00,6,2022-02-06 13:00:00,379.2,28.8,3
2022-02-07 07:00:00,0,2022-02-07 07:00:00,379.32,39.1,3
2022-02-07 07:00:00,1,2022-02-07 08:00:00,379.31,38.8,3
2022-02-07 07:00:00,2,2022-02-07 09:00:00,379.3,37.8,3
2022-02-07 07:00:00,3,2022-02-07 10:00:00,379.29,36.8,3
2022-02-07 07:00:00,4,2022-02-07 11:00:00,379.29,36.2,3
2022-02-07 07:00:00,5,2022-02-07 12:00:00,379.4,47.6,3
2022-02-07 07:00:00,6,2022-02-07 13:00:00,379.43,51.2,3
2022-02-08 07:00:00,0,2022-02-08 07:00:00,379.31,38.6,3
2022-02-08 07:00:00,1,2022-02-08 08:00:00,379.3,37.1,3
2022-02-08 07:00:00,2,2022-02-08 09:00:00,379.29,36.3,3
2022-02-08 07:00:00,3,2022-02-08 10:00:00,379.28,35.6,3
2022-02-08 07:00:00,4,2022-02-08 11:00:00,379.28,35.8,3
2022-02-08 07:00:00,5,2022-02-08 12:00:00,379.28,35.5,3
2022-02-08 07:00:00,6,2022-02-08 13:00:00,379.27,34.7,3
2022-02-09 07:00:00,0,2022-02-09 07:00:00,379.26,33.5,3
2022-02-09 07:00:00,1,2022-02-09 08:00:00,379.25,33.0,3
2022-02-09 07:00:00,2,2022-02-09 09:00:00,379.25,32.6,3
2022-02-09 07:00:00,3,2022-02-09 10:00:00,379.24,31.9,3
2022-02-09 07:00:00,4,2022-02-09 11:00:00,379.24,31.7,3
2022-02-09 07:00:00,5,2022-02-09 12:00:00,379.24,32.0,3
2022-02-09 07:00:00,6,2022-02-09 13:00:00,379.24,31.7,3
2022-02-10 07:00:00,0,2022-02-10 07:00:00,379.22,29.9,3
2022-02-10 07:00:00,1,2022-02-10 08:00:00,379.22,30.0,3
2022-02-10 07:00:00,2,2022-02-10 09:00:00,379.21,29.4,3
2022-02-10 07:00:00,3,2022-02-10 10:00:00,379.21,29.3,3
2022-02-10 07:00:00,4,2022-02-10 11:00:00,379.21,29.4,3
2022-02-10 07:00:00,5,2022-02-10 12:00:00,379.2,28.9,3
2022-02-10 07:00:00,6,2022-02-10 13:00:00,379.19,28.1,3
2022-02-11 07:00:00,0,2022-02-11 07:00:00,379.24,32.1,3
2022-02-11 07:00:00,1,2022-02-11 08:00:00,379.24,31.7,3
2022-02-11 07:00:00,2,2022-02-11 09:00:00,379.24,32.3,3
2022-02-11 07:00:00,3,2022-02-11 10:00:00,379.26,33.8,3
2022-02-11 07:00:00,4,2022-02-11 11:00:00,379.28,35.5,3
2022-02-11 07:00:00,5,2022-02-11 12:00:00,379.3,37.5,3
2022-02-11 07:00:00,6,2022-02-11 13:00:00,379.32,39.2,3
2022-02-12 08:00:00,0,2022-02-12 08:00:00,379.28,35.1,3
2022-02-12 08:00:00,1,2022-02-12 09:00:00,379.28,35.8,3
2022-02-12 08:00:00,2,2022-02-12 10:00:00,379.29,36.4,3
2022-02-12 08:00:00,3,2022-02-12 11:00:00,379.34,42.0,3
2022-02-12 08:00:00,4,2022-02-12 12:00:00,379.32,39.8,3
2022-02-12 08:00:00,5,2022-02-12 13:00:00,379.33,40.3,3
2022-02-12 08:00:00,6,2022-02-12 14:00:00,379.29,36.5,3
2022-02-13 07:00:00,0,2022-02-13 07:00:00,379.25,32.3,3
2022-02-13 07:00:00,1,2022-02-13 08:00:00,379.24,32.1,3
2022-02-13 07:00:00,2,2022-02-13 09:00:00,379.23,31.4,3
2022-02-13 07:00:00,3,2022-02-13 10:00:00,379.23,30.9,3
2022-02-13 07:00:00,4,2022-02-13 11:00:00,379.24,32.0,3
2022-02-13 07:00:00,5,2022-02-13 12:00:00,379.24,31.8,3
2022-02-13 07:00:00,6,2022-02-13 13:00:00,379.23,30.8,3
2022-02-14 17:00:00,0,2022-02-14 17:00:00,379.32,39.0,3
2022-02-14 17:00:00,1,2022-02-14 18:00:00,379.23,31.0,3
2022-02-14 17:00:00,2,2022-02-14 19:00:00,379.25,32.9,3
2022-02-14 17:00:00,3,2022-02-14 20:00:00,379.28,35.7,3
2022-02-14 17:00:00,4,2022-02-14 21:00:00,379.32,39.6,3
2022-02-14 17:00:00,5,2022-02-14 22:00:00,379.36,43.5,3
2022-02-14 17:00:00,6,2022-02-14 23:00:00,379.36,43.6,3
2022-02-15 07:00:00,0,2022-02-15 07:00:00,379.27,35.0,3
2022-02-15 07:00:00,1,2022-02-15 08:00:00,379.27,34.7,3
2022-02-15 07:00:00,2,2022-02-15 09:00:00,379.28,35.2,3
2022-02-15 07:00:00,3,2022-02-15 10:00:00,379.28,36.0,3
2022-02-15 07:00:00,4,2022-02-15 11:00:00,379.28,35.2,3
2022-02-15 07:00:00,5,2022-02-15 12:00:00,379.27,34.4,3
2022-02-15 07:00:00,6,2022-02-15 13:00:00,379.26,33.6,3
2022-02-16 07:00:00,0,2022-02-16 07:00:00,379.26,33.8,3
2022-02-16 07:00:00,1,2022-02-16 08:00:00,379.26,33.4,3
2022-02-16 07:00:00,2,2022-02-16 09:00:00,379.25,33.1,3
2022-02-16 07:00:00,3,2022-02-16 10:00:00,379.25,32.8,3
2022-02-16 07:00:00,4,2022-02-16 11:00:00,379.25,32.9,3
2022-02-16 07:00:00,5,2022-02-16 12:00:00,379.25,32.8,3
2022-02-16 07:00:00,6,2022-02-16 13:00:00,379.27,34.5,3
2022-02-17 07:00:00,0,2022-02-17 07:00:00,379.46,55.2,3
2022-02-17 07:00:00,1,2022-02-17 08:00:00,379.51,60.8,3
2022-02-17 07:00:00,2,2022-02-17 09:00:00,379.54,63.8,3
2022-02-17 07:00:00,3,2022-02-17 10:00:00,379.56,66.2,3
2022-02-17 07:00:00,4,2022-02-17 11:00:00,379.74,87.3,3
2022-02-17 07:00:00,5,2022-02-17 12:00:00,379.81,97.0,3
2022-02-17 07:00:00,6,2022-02-17 13:00:00,379.83,99.1,3
2022-02-18 07:00:00,0,2022-02-18 07:00:00,379.64,75.7,3
2022-02-18 07:00:00,1,2022-02-18 08:00:00,379.64,75.5,3
2022-02-18 07:00:00,2,2022-02-18 09:00:00,379.61,72.2,3
2022-02-18 07:00:00,3,2022-02-18 10:00:00,379.57,67.6,3
2022-02-18 07:00:00,4,2022-02-18 11:00:00,379.59,69.6,3
2022-02-18 07:00:00,5,2022-02-18 12:00:00,379.62,72.7,3
2022-02-18 07:00:00,6,2022-02-18 13:00:00,379.59,69.4,3
2022-02-19 07:00:00,0,2022-02-19 07:00:00,379.54,63.6,3
2022-02-19 07:00:00,1,2022-02-19 08:00:00,379.52,61.7,3
2022-02-19 07:00:00,2,2022-02-19 09:00:00,379.51,60.0,3
2022-02-19 07:00:00,3,2022-02-19 10:00:00,379.55,64.9,3
2022-02-19 07:00:00,4,2022-02-19 11:00:00,379.72,85.6,3
2022-02-19 07:00:00,5,2022-02-19 12:00:00,379.68,80.0,3
2022-02-19 07:00:00,6,2022-02-19 13:00:00,379.63,74.2,3
2022-02-20 07:00:00,0,2022-02-20 07:00:00,379.42,49.9,3
2022-02-20 07:00:00,1,2022-02-20 08:00:00,379.41,49.5,3
2022-02-20 07:00:00,2,2022-02-20 09:00:00,379.42,49.9,3
2022-02-20 07:00:00,3,2022-02-20 10:00:00,379.43,50.8,3
2022-02-20 07:00:00,4,2022-02-20 11:00:00,379.41,48.8,3
2022-02-20 07:00:00,5,2022-02-20 12:00:00,379.4,48.3,3
2022-02-20 07:00:00,6,2022-02-20 13:00:00,379.44,52.6,3
2022-02-21 06:00:00,0,2022-02-21 06:00:00,379.41,48.6,3
2022-02-21 06:00:00,1,2022-02-21 07:00:00,379.37,44.5,3
2022-02-21 06:00:00,2,2022-02-21 08:00:00,379.36,43.7,3
2022-02-21 06:00:00,3,2022-02-21 09:00:00,379.36,43.9,3
2022-02-21 06:00:00,4,2022-02-21 10:00:00,379.38,45.8,3
2022-02-21 06:00:00,5,2022-02-21 11:00:00,379.4,47.9,3
2022-02-21 06:00:00,6,2022-02-21 12:00:00,379.4,48.1,3
2022-02-22 07:00:00,0,2022-02-22 07:00:00,379.47,56.2,3
2022-02-22 07:00:00,1,2022-02-22 08:00:00,379.44,52.3,3
2022-02-22 07:00:00,2,2022-02-22 09:00:00,379.43,51.0,3
2022-02-22 07:00:00,3,2022-02-22 10:00:00,379.41,49.5,3
2022-02-22 07:00:00,4,2022-02-22 11:00:00,379.39,46.8,3
2022-02-22 07:00:00,5,2022-02-22 12:00:00,379.45,53.7,3
2022-02-22 07:00:00,6,2022-02-22 13:00:00,379.49,57.7,3
2022-02-23 07:00:00,0,2022-02-23 07:00:00,379.39,46.9,3
2022-02-23 07:00:00,1,2022-02-23 08:00:00,379.39,46.3,3
2022-02-23 07:00:00,2,2022-02-23 09:00:00,379.38,46.0,3
2022-02-23 07:00:00,3,2022-02-23 10:00:00,379.38,45.7,3
2022-02-23 07:00:00,4,2022-02-23 11:00:00,379.38,45.6,3
2022-02-23 07:00:00,5,2022-02-23 12:00:00,379.4,47.7,3
2022-02-23 07:00:00,6,2022-02-23 13:00:00,379.43,51.1,3
2022-02-24 07:00:00,0,2022-02-24 07:00:00,379.37,44.8,3
2022-02-24 07:00:00,1,2022-02-24 08:00:00,379.36,43.8,3
2022-02-24 07:00:00,2,2022-02-24 09:00:00,379.36,43.4,3
2022-02-24 07:00:00,3,2022-02-24 10:00:00,379.34,41.4,3
2022-02-24 07:00:00,4,2022-02-24 11:00:00,379.33,40.6,3
2022-02-24 07:00:00,5,2022-02-24 12:00:00,379.33,40.2,3
2022-02-24 07:00:00,6,2022-02-24 13:00:00,379.34,41.6,3
2022-02-25 06:00:00,0,2022-02-25 06:00:00,379.32,39.2,3
2022-02-25 06:00:00,1,2022-02-25 07:00:00,379.29,36.8,3
2022-02-25 06:00:00,2,2022-02-25 08:00:00,379.3,37.9,3
2022-02-25 06:00:00,3,2022-02-25 09:00:00,379.3,37.5,3
2022-02-25 06:00:00,4,2022-02-25 10:00:00,379.29,36.5,3
2022-02-25 06:00:00,5,2022-02-25 11:00:00,379.29,36.3,3
2022-02-25 06:00:00,6,2022-02-25 12:00:00,379.29,36.4,3
2022-02-26 06:00:00,0,2022-02-26 06:00:00,379.35,43.0,3
2022-02-26 06:00:00,1,2022-02-26 07:00:00,379.32,39.0,3
2022-02-26 06:00:00,2,2022-02-26 08:00:00,379.31,38.1,3
2022-02-26 06:00:00,3,2022-02-26 09:00:00,379.3,37.9,3
2022-02-26 06:00:00,4,2022-02-26 10:00:00,379.29,36.9,3
2022-02-26 06:00:00,5,2022-02-26 11:00:00,379.29,36.1,3
2022-02-26 06:00:00,6,2022-02-26 12:00:00,379.28,35.8,3
2022-02-27 07:00:00,0,2022-02-27 07:00:00,379.25,32.8,3
2022-02-27 07:00:00,1,2022-02-27 08:00:00,379.25,32.5,3
2022-02-27 07:00:00,2,2022-02-27 09:00:00,379.25,32.9,3
2022-02-27 07:00:00,3,2022-02-27 10:00:00,379.26,33.4,3
2022-02-27 07:00:00,4,2022-02-27 11:00:00,379.25,33.0,3
2022-02-27 07:00:00,5,2022-02-27 12:00:00,379.25,32.7,3
2022-02-27 07:00:00,6,2022-02-27 13:00:00,379.24,32.3,3
2022-02-28 07:00:00,0,2022-02-28 07:00:00,379.22,30.2,3
2022-02-28 07:00:00,1,2022-02-28 08:00:00,379.22,30.5,3
2022-02-28 07:00:00,2,2022-02-28 09:00:00,379.23,30.9,3
2022-02-28 07:00:00,3,2022-02-28 10:00:00,379.23,30.8,3
2022-02-28 07:00:00,4,2022-02-28 11:00:00,379.22,30.5,3
2022-02-28 07:00:00,5,2022-02-28 12:00:00,379.22,30.4,3
2022-02-28 07:00:00,6,2022-02-28 13:00:00,379.23,30.8,3
2022-03-01 07:00:00,0,2022-03-01 07:00:00,379.18,27.1,3
2022-03-01 07:00:00,1,2022-03-01 08:00:00,379.18,27.2,3
2022-03-01 07:00:00,2,2022-03-01 09:00:00,379.18,27.4,3
2022-03-01 07:00:00,3,2022-03-01 10:00:00,379.18,27.4,3
2022-03-01 07:00:00,4,2022-03-01 11:00:00,379.18,27.5,3
2022-03-01 07:00:00,5,2022-03-01 12:00:00,379.18,27.0,3
2022-03-01 07:00:00,6,2022-03-01 13:00:00,379.17,26.5,3
2022-03-02 08:00:00,0,2022-03-02 08:00:00,379.24,32.1,3
2022-03-02 08:00:00,1,2022-03-02 09:00:00,379.24,31.6,3
2022-03-02 08:00:00,2,2022-03-02 10:00:00,379.23,31.2,3
2022-03-02 08:00:00,3,2022-03-02 11:00:00,379.23,30.7,3
2022-03-02 08:00:00,4,2022-03-02 12:00:00,379.22,30.6,3
2022-03-02 08:00:00,5,2022-03-02 13:00:00,379.22,30.4,3
2022-03-02 08:00:00,6,2022-03-02 14:00:00,379.23,30.9,3
2022-03-03 07:00:00,0,2022-03-03 07:00:00,379.24,31.7,3
2022-03-03 07:00:00,1,2022-03-03 08:00:00,379.24,31.5,3
2022-03-03 07:00:00,2,2022-03-03 09:00:00,379.23,30.7,3
2022-03-03 07:00:00,3,2022-03-03 10:00:00,379.23,31.2,3
2022-03-03 07:00:00,4,2022-03-03 11:00:00,379.24,31.5,3
2022-03-03 07:00:00,5,2022-03-03 12:00:00,379.22,30.6,3
2022-03-03 07:00:00,6,2022-03-03 13:00:00,379.22,30.3,3
2022-03-04 07:00:00,0,2022-03-04 07:00:00,379.21,29.8,3
2022-03-04 07:00:00,1,2022-03-04 08:00:00,379.21,29.5,3
2022-03-04 07:00:00,2,2022-03-04 09:00:00,379.21,29.3,3
2022-03-04 07:00:00,3,2022-03-04 10:00:00,379.22,29.9,3
2022-03-04 07:00:00,4,2022-03-04 11:00:00,379.22,30.5,3
2022-03-04 07:00:00,5,2022-03-04 12:00:00,379.22,29.8,3
2022-03-04 07:00:00,6,2022-03-04 13:00:00,379.2,28.9,3
2022-03-05 08:00:00,0,2022-03-05 08:00:00,379.21,29.4,3
2022-03-05 08:00:00,1,2022-03-05 09:00:00,379.2,28.8,3
2022-03-05 08:00:00,2,2022-03-05 10:00:00,379.2,28.7,3
2022-03-05 08:00:00,3,2022-03-05 11:00:00,379.2,28.5,3
2022-03-05 08:00:00,4,2022-03-05 12:00:00,379.19,28.1,3
2022-03-05 08:00:00,5,2022-03-05 13:00:00,379.18,27.1,3
2022-03-05 08:00:00,6,2022-03-05 14:00:00,379.19,27.6,3
2022-03-06 08:00:00,0,2022-03-06 08:00:00,379.2,28.3,3
2022-03-06 08:00:00,1,2022-03-06 09:00:00,379.2,28.3,3
2022-03-06 08:00:00,2,2022-03-06 10:00:00,379.19,27.8,3
2022-03-06 08:00:00,3,2022-03-06 11:00:00,379.19,27.7,3
2022-03-06 08:00:00,4,2022-03-06 12:00:00,379.19,27.7,3
2022-03-06 08:00:00,5,2022-03-06 13:00:00,379.18,27.5,3
2022-03-06 08:00:00,6,2022-03-06 14:00:00,379.18,27.1,3
2022-03-07 07:00:00,0,2022-03-07 07:00:00,379.12,23.0,3
2022-03-07 07:00:00,1,2022-03-07 08:00:00,379.13,23.4,3
2022-03-07 07:00:00,2,2022-03-07 09:00:00,379.13,23.4,3
2022-03-07 07:00:00,3,2022-03-07 10:00:00,379.13,23.5,3
2022-03-07 07:00:00,4,2022-03-07 11:00:00,379.13,23.8,3
2022-03-07 07:00:00,5,2022-03-07 12:00:00,379.14,24.3,3
2022-03-07 07:00:00,6,2022-03-07 13:00:00,379.14,24.2,3
2022-03-08 06:00:00,0,2022-03-08 06:00:00,379.29,36.2,3
2022-03-08 06:00:00,1,2022-03-08 07:00:00,379.2,28.3,3
2022-03-08 06:00:00,2,2022-03-08 08:00:00,379.19,27.7,3
2022-03-08 06:00:00,3,2022-03-08 09:00:00,379.2,28.2,3
2022-03-08 06:00:00,4,2022-03-08 10:00:00,379.19,28.0,3
2022-03-08 06:00:00,5,2022-03-08 11:00:00,379.19,27.9,3
2022-03-08 06:00:00,6,2022-03-08 12:00:00,379.19,27.6,3
2022-03-09 06:00:00,0,2022-03-09 06:00:00,379.17,26.4,3
2022-03-09 06:00:00,1,2022-03-09 07:00:00,379.16,25.9,3
2022-03-09 06:00:00,2,2022-03-09 08:00:00,379.16,26.0,3
2022-03-09 06:00:00,3,2022-03-09 09:00:00,379.17,26.2,3
2022-03-09 06:00:00,4,2022-03-09 10:00:00,379.16,25.9,3
2022-03-09 06:00:00,5,2022-03-09 11:00:00,379.17,26.1,3
2022-03-09 06:00:00,6,2022-03-09 12:00:00,379.16,25.4,3
2022-03-10 06:00:00,0,2022-03-10 06:00:00,379.25,32.8,3
2022-03-10 06:00:00,1,2022-03-10 07:00:00,379.17,26.3,3
2022-03-10 06:00:00,2,2022-03-10 08:00:00,379.16,26.0,3
2022-03-10 06:00:00,3,2022-03-10 09:00:00,379.15,25.2,3
2022-03-10 06:00:00,4,2022-03-10 10:00:00,379.15,25.2,3
2022-03-10 06:00:00,5,2022-03-10 11:00:00,379.16,25.8,3
2022-03-10 06:00:00,6,2022-03-10 12:00:00,379.16,25.9,3
2022-03-11 07:00:00,0,2022-03-11 07:00:00,379.17,26.3,3
2022-03-11 07:00:00,1,2022-03-11 08:00:00,379.16,26.0,3
2022-03-11 07:00:00,2,2022-03-11 09:00:00,379.25,33.2,3
2022-03-11 07:00:00,3,2022-03-11 10:00:00,379.2,28.9,3
2022-03-11 07:00:00,4,2022-03-11 11:00:00,379.18,27.0,3
2022-03-11 07:00:00,5,2022-03-11 12:00:00,379.16,25.5,3
2022-03-11 07:00:00,6,2022-03-11 13:00:00,379.15,25.3,3
2022-03-12 07:00:00,0,2022-03-12 07:00:00,379.19,28.0,3
2022-03-12 07:00:00,1,2022-03-12 08:00:00,379.19,27.6,3
2022-03-12 07:00:00,2,2022-03-12 09:00:00,379.18,26.9,3
2022-03-12 07:00:00,3,2022-03-12 10:00:00,379.17,26.6,3
2022-03-12 07:00:00,4,2022-03-12 11:00:00,379.17,26.4,3
2022-03-12 07:00:00,5,2022-03-12 12:00:00,379.17,26.1,3
2022-03-12 07:00:00,6,2022-03-12 13:00:00,379.16,25.4,3
2022-03-13 07:00:00,0,2022-03-13 07:00:00,379.16,25.9,3
2022-03-13 07:00:00,1,2022-03-13 08:00:00,379.16,25.5,3
2022-03-13 07:00:00,2,2022-03-13 09:00:00,379.16,25.7,3
2022-03-13 07:00:00,3,2022-03-13 10:00:00,379.15,25.1,3
2022-03-13 07:00:00,4,2022-03-13 11:00:00,379.15,25.0,3
2022-03-13 07:00:00,5,2022-03-13 12:00:00,379.15,24.9,3
2022-03-13 07:00:00,6,2022-03-13 13:00:00,379.15,25.0,3
2022-03-14 07:00:00,0,2022-03-14 07:00:00,379.18,26.8,3
2022-03-14 07:00:00,1,2022-03-14 08:00:00,379.18,27.3,3
2022-03-14 07:00:00,2,2022-03-14 09:00:00,379.18,27.1,3
2022-03-14 07:00:00,3,2022-03-14 10:00:00,379.17,26.4,3
2022-03-14 07:00:00,4,2022-03-14 11:00:00,379.16,25.8,3
2022-03-14 07:00:00,5,2022-03-14 12:00:00,379.16,25.3,3
2022-03-14 07:00:00,6,2022-03-14 13:00:00,379.15,25.0,3
2022-03-15 07:00:00,0,2022-03-15 07:00:00,379.19,27.7,3
2022-03-15 07:00:00,1,2022-03-15 08:00:00,379.2,28.5,3
2022-03-15 07:00:00,2,2022-03-15 09:00:00,379.21,29.0,3
2022-03-15 07:00:00,3,2022-03-15 10:00:00,379.21,29.5,3
2022-03-15 07:00:00,4,2022-03-15 11:00:00,379.22,30.1,3
2022-03-15 07:00:00,5,2022-03-15 12:00:00,379.22,30.5,3
2022-03-15 07:00:00,6,2022-03-15 13:00:00,379.22,30.4,3
2022-03-16 07:00:00,0,2022-03-16 07:00:00,379.29,36.0,3
2022-03-16 07:00:00,1,2022-03-16 08:00:00,379.28,35.5,3
2022-03-16 07:00:00,2,2022-03-16 09:00:00,379.28,35.2,3
2022-03-16 07:00:00,3,2022-03-16 10:00:00,379.27,34.9,3
2022-03-16 07:00:00,4,2022-03-16 11:00:00,379.28,35.2,3
2022-03-16 07:00:00,5,2022-03-16 12:00:00,379.28,35.4,3
2022-03-16 07:00:00,6,2022-03-16 13:00:00,379.33,40.4,3
2022-03-17 07:00:00,0,2022-03-17 07:00:00,379.27,34.9,3
2022-03-17 07:00:00,1,2022-03-17 08:00:00,379.27,34.9,3
2022-03-17 07:00:00,2,2022-03-17 09:00:00,379.28,35.8,3
2022-03-17 07:00:00,3,2022-03-17 10:00:00,379.29,36.0,3
2022-03-17 07:00:00,4,2022-03-17 11:00:00,379.28,35.9,3
2022-03-17 07:00:00,5,2022-03-17 12:00:00,379.28,35.1,3
2022-03-17 07:00:00,6,2022-03-17 13:00:00,379.33,40.2,3
2022-03-18 06:00:00,0,2022-03-18 06:00:00,379.36,44.1,3
2022-03-18 06:00:00,1,2022-03-18 07:00:00,379.32,39.2,3
2022-03-18 06:00:00,2,2022-03-18 08:00:00,379.41,48.8,3
2022-03-18 06:00:00,3,2022-03-18 09:00:00,379.34,41.9,3
2022-03-18 06:00:00,4,2022-03-18 10:00:00,379.31,38.3,3
2022-03-18 06:00:00,5,2022-03-18 11:00:00,379.33,40.0,3
2022-03-18 06:00:00,6,2022-03-18 12:00:00,379.39,47.0,3
2022-03-19 07:00:00,0,2022-03-19 07:00:00,379.32,39.4,3
2022-03-19 07:00:00,1,2022-03-19 08:00:00,379.3,37.9,3
2022-03-19 07:00:00,2,2022-03-19 09:00:00,379.3,37.2,3
2022-03-19 07:00:00,3,2022-03-19 10:00:00,379.24,32.1,3
2022-03-19 07:00:00,4,2022-03-19 11:00:00,379.24,31.9,3
2022-03-19 07:00:00,5,2022-03-19 12:00:00,379.24,31.6,3
2022-03-19 07:00:00,6,2022-03-19 13:00:00,379.29,36.0,3
2022-03-20 07:00:00,0,2022-03-20 07:00:00,379.26,33.3,3
2022-03-20 07:00:00,1,2022-03-20 08:00:00,379.26,33.5,3
2022-03-20 07:00:00,2,2022-03-20 09:00:00,379.26,34.0,3
2022-03-20 07:00:00,3,2022-03-20 10:00:00,379.28,35.9,3
2022-03-20 07:00:00,4,2022-03-20 11:00:00,379.28,35.2,3
2022-03-20 07:00:00,5,2022-03-20 12:00:00,379.28,35.3,3
2022-03-20 07:00:00,6,2022-03-20 13:00:00,379.28,35.5,3
2022-03-21 06:00:00,0,2022-03-21 06:00:00,379.28,35.1,3
2022-03-21 06:00:00,1,2022-03-21 07:00:00,379.17,26.2,3
2022-03-21 06:00:00,2,2022-03-21 08:00:00,379.17,26.4,3
2022-03-21 06:00:00,3,2022-03-21 09:00:00,379.17,26.4,3
2022-03-21 06:00:00,4,2022-03-21 10:00:00,379.18,27.2,3
2022-03-21 06:00:00,5,2022-03-21 11:00:00,379.22,30.3,3
2022-03-21 06:00:00,6,2022-03-21 12:00:00,379.21,29.3,3
2022-03-22 07:00:00,0,2022-03-22 07:00:00,379.14,24.4,3
2022-03-22 07:00:00,1,2022-03-22 08:00:00,379.14,24.3,3
2022-03-22 07:00:00,2,2022-03-22 09:00:00,379.17,26.2,3
2022-03-22 07:00:00,3,2022-03-22 10:00:00,379.17,26.1,3
2022-03-22 07:00:00,4,2022-03-22 11:00:00,379.16,25.4,3
2022-03-22 07:00:00,5,2022-03-22 12:00:00,379.16,25.4,3
2022-03-22 07:00:00,6,2022-03-22 13:00:00,379.19,27.8,3
2022-03-23 07:00:00,0,2022-03-23 07:00:00,379.14,24.3,3
2022-03-23 07:00:00,1,2022-03-23 08:00:00,379.14,23.9,3
2022-03-23 07:00:00,2,2022-03-23 09:00:00,379.14,24.2,3
2022-03-23 07:00:00,3,2022-03-23 10:00:00,379.14,24.4,3
2022-03-23 07:00:00,4,2022-03-23 11:00:00,379.15,25.0,3
2022-03-23 07:00:00,5,2022-03-23 12:00:00,379.15,25.3,3
2022-03-23 07:00:00,6,2022-03-23 13:00:00,379.17,26.4,3
2022-03-24 07:00:00,0,2022-03-24 07:00:00,379.18,27.2,3
2022-03-24 07:00:00,1,2022-03-24 08:00:00,379.19,28.1,3
2022-03-24 07:00:00,2,2022-03-24 09:00:00,379.18,27.4,3
2022-03-24 07:00:00,3,2022-03-24 10:00:00,379.19,28.1,3
2022-03-24 07:00:00,4,2022-03-24 11:00:00,379.2,28.7,3
2022-03-24 07:00:00,5,2022-03-24 12:00:00,379.19,27.8,3
2022-03-24 07:00:00,6,2022-03-24 13:00:00,379.26,33.6,3
2022-03-25 07:00:00,0,2022-03-25 07:00:00,379.12,22.9,3
2022-03-25 07:00:00,1,2022-03-25 08:00:00,379.13,23.2,3
2022-03-25 07:00:00,2,2022-03-25 09:00:00,379.13,23.2,3
2022-03-25 07:00:00,3,2022-03-25 10:00:00,379.12,22.8,3
2022-03-25 07:00:00,4,2022-03-25 11:00:00,379.12,22.6,3
2022-03-25 07:00:00,5,2022-03-25 12:00:00,379.13,23.6,3
2022-03-25 07:00:00,6,2022-03-25 13:00:00,379.15,24.6,3
2022-03-26 08:00:00,0,2022-03-26 08:00:00,379.13,23.4,3
2022-03-26 08:00:00,1,2022-03-26 09:00:00,379.13,23.7,3
2022-03-26 08:00:00,2,2022-03-26 10:00:00,379.13,23.7,3
2022-03-26 08:00:00,3,2022-03-26 11:00:00,379.14,24.2,3
2022-03-26 08:00:00,4,2022-03-26 12:00:00,379.18,26.8,3
2022-03-26 08:00:00,5,2022-03-26 13:00:00,379.2,28.5,3
2022-03-26 08:00:00,6,2022-03-26 14:00:00,379.23,30.7,3
2022-03-26 09:00:00,0,2022-03-26 09:00:00,379.13,23.7,3
2022-03-26 09:00:00,1,2022-03-26 10:00:00,379.13,23.7,3
2022-03-26 09:00:00,2,2022-03-26 11:00:00,379.14,24.2,3
2022-03-26 09:00:00,3,2022-03-26 12:00:00,379.18,26.8,3
2022-03-26 09:00:00,4,2022-03-26 13:00:00,379.2,28.5,3
2022-03-26 09:00:00,5,2022-03-26 14:00:00,379.23,30.7,3
2022-03-26 09:00:00,6,2022-03-26 15:00:00,379.28,35.3,3
2022-03-27 08:00:00,0,2022-03-27 08:00:00,379.24,31.8,3
2022-03-27 08:00:00,1,2022-03-27 09:00:00,379.24,32.0,3
2022-03-27 08:00:00,2,2022-03-27 10:00:00,379.24,32.2,3
2022-03-27 08:00:00,3,2022-03-27 11:00:00,379.27,34.2,3
2022-03-27 08:00:00,4,2022-03-27 12:00:00,379.28,35.1,3
2022-03-27 08:00:00,5,2022-03-27 13:00:00,379.28,35.0,3
2022-03-27 08:00:00,6,2022-03-27 14:00:00,379.27,34.4,3
2022-03-27 09:00:00,0,2022-03-27 09:00:00,379.24,32.0,3
2022-03-27 09:00:00,1,2022-03-27 10:00:00,379.24,32.2,3
2022-03-27 09:00:00,2,2022-03-27 11:00:00,379.27,34.2,3
2022-03-27 09:00:00,3,2022-03-27 12:00:00,379.28,35.1,3
2022-03-27 09:00:00,4,2022-03-27 13:00:00,379.28,35.0,3
2022-03-27 09:00:00,5,2022-03-27 14:00:00,379.27,34.4,3
2022-03-27 09:00:00,6,2022-03-27 15:00:00,379.3,37.3,3
2022-03-28 07:00:00,0,2022-03-28 07:00:00,379.14,24.4,3
2022-03-28 07:00:00,1,2022-03-28 08:00:00,379.14,24.2,3
2022-03-28 07:00:00,2,2022-03-28 09:00:00,379.13,23.5,3
2022-03-28 07:00:00,3,2022-03-28 10:00:00,379.19,28.1,3
2022-03-28 07:00:00,4,2022-03-28 11:00:00,379.19,27.8,3
2022-03-28 07:00:00,5,2022-03-28 12:00:00,379.15,25.1,3
2022-03-28 07:00:00,6,2022-03-28 13:00:00,379.22,30.0,3
2022-03-28 11:00:00,0,2022-03-28 11:00:00,379.36,43.6,3
2022-03-28 11:00:00,1,2022-03-28 12:00:00,379.26,33.5,3
2022-03-28 11:00:00,2,2022-03-28 13:00:00,379.22,30.5,3
2022-03-28 11:00:00,3,2022-03-28 14:00:00,379.22,30.5,3
2022-03-28 11:00:00,4,2022-03-28 15:00:00,379.16,25.6,3
2022-03-28 11:00:00,5,2022-03-28 16:00:00,379.15,24.8,3
2022-03-28 11:00:00,6,2022-03-28 17:00:00,379.15,25.1,3
2022-03-28 20:00:00,0,2022-03-28 20:00:00,379.31,38.3,3
2022-03-28 20:00:00,1,2022-03-28 21:00:00,379.26,34.0,3
2022-03-28 20:00:00,2,2022-03-28 22:00:00,379.18,27.3,3
2022-03-28 20:00:00,3,2022-03-28 23:00:00,379.18,27.4,3
2022-03-28 20:00:00,4,2022-03-29 00:00:00,379.16,25.6,3
2022-03-28 20:00:00,5,2022-03-29 01:00:00,379.16,25.6,3
2022-03-28 20:00:00,6,2022-03-29 02:00:00,379.19,27.9,3
2022-03-29 07:00:00,0,2022-03-29 07:00:00,379.28,35.5,3
2022-03-29 07:00:00,1,2022-03-29 08:00:00,379.27,34.6,3
2022-03-29 07:00:00,2,2022-03-29 09:00:00,379.31,38.3,3
2022-03-29 07:00:00,3,2022-03-29 10:00:00,379.32,39.8,3
2022-03-29 07:00:00,4,2022-03-29 11:00:00,379.3,37.0,3
2022-03-29 07:00:00,5,2022-03-29 12:00:00,379.28,36.0,3
2022-03-29 07:00:00,6,2022-03-29 13:00:00,379.33,40.8,3
2022-03-30 07:00:00,0,2022-03-30 07:00:00,379.15,25.0,3
2022-03-30 07:00:00,1,2022-03-30 08:00:00,379.15,25.0,3
2022-03-30 07:00:00,2,2022-03-30 09:00:00,379.16,25.3,3
2022-03-30 07:00:00,3,2022-03-30 10:00:00,379.16,25.7,3
2022-03-30 07:00:00,4,2022-03-30 11:00:00,379.17,26.1,3
2022-03-30 07:00:00,5,2022-03-30 12:00:00,379.17,26.0,3
2022-03-30 07:00:00,6,2022-03-30 13:00:00,379.26,33.8,3
2022-03-31 07:00:00,0,2022-03-31 07:00:00,379.3,37.5,3
2022-03-31 07:00:00,1,2022-03-31 08:00:00,379.3,37.1,3
2022-03-31 07:00:00,2,2022-03-31 09:00:00,379.3,37.6,3
2022-03-31 07:00:00,3,2022-03-31 10:00:00,379.33,40.0,3
2022-03-31 07:00:00,4,2022-03-31 11:00:00,379.27,34.8,3
2022-03-31 07:00:00,5,2022-03-31 12:00:00,379.29,36.0,3
2022-03-31 07:00:00,6,2022-03-31 13:00:00,379.39,46.9,3
2022-04-01 07:00:00,0,2022-04-01 07:00:00,379.24,32.1,3
2022-04-01 07:00:00,1,2022-04-01 08:00:00,379.24,31.5,3
2022-04-01 07:00:00,2,2022-04-01 09:00:00,379.2,28.7,3
2022-04-01 07:00:00,3,2022-04-01 10:00:00,379.25,32.8,3
2022-04-01 07:00:00,4,2022-04-01 11:00:00,379.24,31.8,3
2022-04-01 07:00:00,5,2022-04-01 12:00:00,379.28,35.2,3
2022-04-01 07:00:00,6,2022-04-01 13:00:00,379.32,39.6,3
2022-04-02 07:00:00,0,2022-04-02 07:00:00,379.14,24.1,3
2022-04-02 07:00:00,1,2022-04-02 08:00:00,379.14,24.1,3
2022-04-02 07:00:00,2,2022-04-02 09:00:00,379.13,23.3,3
2022-04-02 07:00:00,3,2022-04-02 10:00:00,379.13,23.4,3
2022-04-02 07:00:00,4,2022-04-02 11:00:00,379.13,23.4,3
2022-04-02 07:00:00,5,2022-04-02 12:00:00,379.14,23.9,3
2022-04-02 07:00:00,6,2022-04-02 13:00:00,379.14,24.1,3
2022-04-03 07:00:00,0,2022-04-03 07:00:00,379.27,34.6,3
2022-04-03 07:00:00,1,2022-04-03 08:00:00,379.24,32.2,3
2022-04-03 07:00:00,2,2022-04-03 09:00:00,379.22,30.3,3
2022-04-03 07:00:00,3,2022-04-03 10:00:00,379.22,29.8,3
2022-04-03 07:00:00,4,2022-04-03 11:00:00,379.22,29.8,3
2022-04-03 07:00:00,5,2022-04-03 12:00:00,379.21,29.4,3
2022-04-03 07:00:00,6,2022-04-03 13:00:00,379.2,28.7,3
2022-04-04 07:00:00,0,2022-04-04 07:00:00,379.18,27.0,3
2022-04-04 07:00:00,1,2022-04-04 08:00:00,379.18,27.0,3
2022-04-04 07:00:00,2,2022-04-04 09:00:00,379.16,25.9,3
2022-04-04 07:00:00,3,2022-04-04 10:00:00,379.16,25.9,3
2022-04-04 07:00:00,4,2022-04-04 11:00:00,379.15,25.3,3
2022-04-04 07:00:00,5,2022-04-04 12:00:00,379.14,24.5,3
2022-04-04 07:00:00,6,2022-04-04 13:00:00,379.14,24.5,3
2022-04-04 11:00:00,0,2022-04-04 11:00:00,379.15,25.3,3
2022-04-04 11:00:00,1,2022-04-04 12:00:00,379.14,24.5,3
2022-04-04 11:00:00,2,2022-04-04 13:00:00,379.14,24.5,3
2022-04-04 11:00:00,3,2022-04-04 14:00:00,379.14,24.5,3
2022-04-04 11:00:00,4,2022-04-04 15:00:00,379.15,24.7,3
2022-04-04 11:00:00,5,2022-04-04 16:00:00,379.19,27.6,3
2022-04-04 11:00:00,6,2022-04-04 17:00:00,379.19,28.0,3
2022-04-05 06:00:00,0,2022-04-05 06:00:00,379.3,37.6,3
2022-04-05 06:00:00,1,2022-04-05 07:00:00,379.18,26.9,3
2022-04-05 06:00:00,2,2022-04-05 08:00:00,379.16,26.0,3
2022-04-05 06:00:00,3,2022-04-05 09:00:00,379.16,25.8,3
2022-04-05 06:00:00,4,2022-04-05 10:00:00,379.19,27.8,3
2022-04-05 06:00:00,5,2022-04-05 11:00:00,379.21,29.1,3
2022-04-05 06:00:00,6,2022-04-05 12:00:00,379.19,27.9,3
2022-04-06 06:00:00,0,2022-04-06 06:00:00,379.3,37.3,3
2022-04-06 06:00:00,1,2022-04-06 07:00:00,379.19,28.2,3
2022-04-06 06:00:00,2,2022-04-06 08:00:00,379.17,26.2,3
2022-04-06 06:00:00,3,2022-04-06 09:00:00,379.17,26.0,3
2022-04-06 06:00:00,4,2022-04-06 10:00:00,379.17,26.3,3
2022-04-06 06:00:00,5,2022-04-06 11:00:00,379.16,25.6,3
2022-04-06 06:00:00,6,2022-04-06 12:00:00,379.15,24.6,3
2022-04-06 20:00:00,0,2022-04-06 20:00:00,379.34,41.3,3
2022-04-06 20:00:00,1,2022-04-06 21:00:00,379.27,34.8,3
2022-04-06 20:00:00,2,2022-04-06 22:00:00,379.14,24.1,3
2022-04-06 20:00:00,3,2022-04-06 23:00:00,379.14,24.5,3
2022-04-06 20:00:00,4,2022-04-07 00:00:00,379.14,24.4,3
2022-04-06 20:00:00,5,2022-04-07 01:00:00,379.13,23.5,3
2022-04-06 20:00:00,6,2022-04-07 02:00:00,379.13,23.4,3
2022-04-07 07:00:00,0,2022-04-07 07:00:00,379.33,40.1,3
2022-04-07 07:00:00,1,2022-04-07 08:00:00,379.31,38.7,3
2022-04-07 07:00:00,2,2022-04-07 09:00:00,379.29,36.9,3
2022-04-07 07:00:00,3,2022-04-07 10:00:00,379.29,36.3,3
2022-04-07 07:00:00,4,2022-04-07 11:00:00,379.29,36.4,3
2022-04-07 07:00:00,5,2022-04-07 12:00:00,379.31,37.9,3
2022-04-07 07:00:00,6,2022-04-07 13:00:00,379.42,49.9,3
2022-04-07 12:00:00,0,2022-04-07 12:00:00,379.3,37.7,3
2022-04-07 12:00:00,1,2022-04-07 13:00:00,379.21,29.2,3
2022-04-07 12:00:00,2,2022-04-07 14:00:00,379.21,29.0,3
2022-04-07 12:00:00,3,2022-04-07 15:00:00,379.23,31.4,3
2022-04-07 12:00:00,4,2022-04-07 16:00:00,379.28,35.3,3
2022-04-07 12:00:00,5,2022-04-07 17:00:00,379.33,40.6,3
2022-04-07 12:00:00,6,2022-04-07 18:00:00,379.4,48.4,3
2022-04-07 15:00:00,0,2022-04-07 15:00:00,379.23,31.0,3
2022-04-07 15:00:00,1,2022-04-07 16:00:00,379.27,35.0,3
2022-04-07 15:00:00,2,2022-04-07 17:00:00,379.33,41.0,3
2022-04-07 15:00:00,3,2022-04-07 18:00:00,379.39,47.3,3
2022-04-07 15:00:00,4,2022-04-07 19:00:00,379.43,50.9,3
2022-04-07 15:00:00,5,2022-04-07 20:00:00,379.55,64.6,3
2022-04-07 15:00:00,6,2022-04-07 21:00:00,379.66,77.7,3
2022-04-08 07:00:00,0,2022-04-08 07:00:00,380.23,154.9,3
2022-04-08 07:00:00,1,2022-04-08 08:00:00,380.24,155.3,3
2022-04-08 07:00:00,2,2022-04-08 09:00:00,380.42,183.5,3
2022-04-08 07:00:00,3,2022-04-08 10:00:00,380.37,175.7,3
2022-04-08 07:00:00,4,2022-04-08 11:00:00,380.31,165.9,3
2022-04-08 07:00:00,5,2022-04-08 12:00:00,380.28,161.8,3
2022-04-08 07:00:00,6,2022-04-08 13:00:00,380.27,161.1,3
2022-04-08 14:00:00,0,2022-04-08 14:00:00,380.47,191.7,3
2022-04-08 14:00:00,1,2022-04-08 15:00:00,380.52,198.9,3
2022-04-08 14:00:00,2,2022-04-08 16:00:00,380.56,206.3,3
2022-04-08 14:00:00,3,2022-04-08 17:00:00,380.5,197.1,3
2022-04-08 14:00:00,4,2022-04-08 18:00:00,380.45,187.5,3
2022-04-08 14:00:00,5,2022-04-08 19:00:00,380.41,182.2,3
2022-04-08 14:00:00,6,2022-04-08 20:00:00,380.42,183.6,3
2022-04-08 17:00:00,0,2022-04-08 17:00:00,380.45,187.9,3
2022-04-08 17:00:00,1,2022-04-08 18:00:00,380.41,181.1,3
2022-04-08 17:00:00,2,2022-04-08 19:00:00,380.5,196.5,3
2022-04-08 17:00:00,3,2022-04-08 20:00:00,380.57,208.3,3
2022-04-08 17:00:00,4,2022-04-08 21:00:00,380.57,208.4,3
2022-04-08 17:00:00,5,2022-04-08 22:00:00,380.57,207.5,3
2022-04-08 17:00:00,6,2022-04-08 23:00:00,380.55,204.0,3
2022-04-09 07:00:00,0,2022-04-09 07:00:00,380.27,160.9,3
2022-04-09 07:00:00,1,2022-04-09 08:00:00,380.18,146.5,3
2022-04-09 07:00:00,2,2022-04-09 09:00:00,380.36,173.3,3
2022-04-09 07:00:00,3,2022-04-09 10:00:00,380.38,176.6,3
2022-04-09 07:00:00,4,2022-04-09 11:00:00,380.32,168.7,3
2022-04-09 07:00:00,5,2022-04-09 12:00:00,380.27,160.4,3
2022-04-09 07:00:00,6,2022-04-09 13:00:00,380.23,154.5,3
2022-04-10 07:00:00,0,2022-04-10 07:00:00,379.65,76.2,3
2022-04-10 07:00:00,1,2022-04-10 08:00:00,379.62,73.4,3
2022-04-10 07:00:00,2,2022-04-10 09:00:00,379.61,71.6,3
2022-04-10 07:00:00,3,2022-04-10 10:00:00,379.63,74.2,3
2022-04-10 07:00:00,4,2022-04-10 11:00:00,379.65,76.8,3
2022-04-10 07:00:00,5,2022-04-10 12:00:00,379.67,79.2,3
2022-04-10 07:00:00,6,2022-04-10 13:00:00,379.64,75.7,3
2022-04-11 07:00:00,0,2022-04-11 07:00:00,379.42,50.5,3
2022-04-11 07:00:00,1,2022-04-11 08:00:00,379.44,52.7,3
2022-04-11 07:00:00,2,2022-04-11 09:00:00,379.44,51.9,3
2022-04-11 07:00:00,3,2022-04-11 10:00:00,379.46,55.0,3
2022-04-11 07:00:00,4,2022-04-11 11:00:00,379.48,57.2,3
2022-04-11 07:00:00,5,2022-04-11 12:00:00,379.51,60.6,3
2022-04-11 07:00:00,6,2022-04-11 13:00:00,379.51,60.6,3
2022-04-12 07:00:00,0,2022-04-12 07:00:00,379.37,44.8,3
2022-04-12 07:00:00,1,2022-04-12 08:00:00,379.36,43.5,3
2022-04-12 07:00:00,2,2022-04-12 09:00:00,379.36,43.3,3
2022-04-12 07:00:00,3,2022-04-12 10:00:00,379.34,41.4,3
2022-04-12 07:00:00,4,2022-04-12 11:00:00,379.34,41.9,3
2022-04-12 07:00:00,5,2022-04-12 12:00:00,379.38,45.5,3
2022-04-12 07:00:00,6,2022-04-12 13:00:00,379.46,55.2,3
2022-04-13 08:00:00,0,2022-04-13 08:00:00,379.31,38.4,3
2022-04-13 08:00:00,1,2022-04-13 09:00:00,379.35,43.0,3
2022-04-13 08:00:00,2,2022-04-13 10:00:00,379.42,49.6,3
2022-04-13 08:00:00,3,2022-04-13 11:00:00,379.42,50.5,3
2022-04-13 08:00:00,4,2022-04-13 12:00:00,379.4,48.1,3
2022-04-13 08:00:00,5,2022-04-13 13:00:00,379.43,51.8,3
2022-04-13 08:00:00,6,2022-04-13 14:00:00,379.42,49.9,3
2022-04-14 07:00:00,0,2022-04-14 07:00:00,379.42,49.7,3
2022-04-14 07:00:00,1,2022-04-14 08:00:00,379.48,56.8,3
2022-04-14 07:00:00,2,2022-04-14 09:00:00,379.51,60.1,3
2022-04-14 07:00:00,3,2022-04-14 10:00:00,379.5,59.2,3
2022-04-14 07:00:00,4,2022-04-14 11:00:00,379.5,59.2,3
2022-04-14 07:00:00,5,2022-04-14 12:00:00,379.52,61.4,3
2022-04-14 07:00:00,6,2022-04-14 13:00:00,379.57,66.8,3
2022-04-15 07:00:00,0,2022-04-15 07:00:00,379.54,63.5,3
2022-04-15 07:00:00,1,2022-04-15 08:00:00,379.54,64.0,3
2022-04-15 07:00:00,2,2022-04-15 09:00:00,379.54,64.3,3
2022-04-15 07:00:00,3,2022-04-15 10:00:00,379.53,62.8,3
2022-04-15 07:00:00,4,2022-04-15 11:00:00,379.6,71.0,3
2022-04-15 07:00:00,5,2022-04-15 12:00:00,379.63,74.5,3
2022-04-15 07:00:00,6,2022-04-15 13:00:00,379.59,69.5,3
2022-04-16 07:00:00,0,2022-04-16 07:00:00,379.56,65.9,3
2022-04-16 07:00:00,1,2022-04-16 08:00:00,379.68,80.3,3
2022-04-16 07:00:00,2,2022-04-16 09:00:00,379.62,73.3,3
2022-04-16 07:00:00,3,2022-04-16 10:00:00,379.72,85.0,3
2022-04-16 07:00:00,4,2022-04-16 11:00:00,379.59,70.1,3
2022-04-16 07:00:00,5,2022-04-16 12:00:00,379.6,71.4,3
2022-04-16 07:00:00,6,2022-04-16 13:00:00,379.59,69.2,3
2022-04-17 07:00:00,0,2022-04-17 07:00:00,379.53,62.3,3
2022-04-17 07:00:00,1,2022-04-17 08:00:00,379.51,60.2,3
2022-04-17 07:00:00,2,2022-04-17 09:00:00,379.5,59.5,3
2022-04-17 07:00:00,3,2022-04-17 10:00:00,379.64,75.7,3
2022-04-17 07:00:00,4,2022-04-17 11:00:00,379.62,73.1,3
2022-04-17 07:00:00,5,2022-04-17 12:00:00,379.62,72.9,3
2022-04-17 07:00:00,6,2022-04-17 13:00:00,379.62,73.4,3
2022-04-18 07:00:00,0,2022-04-18 07:00:00,379.51,60.5,3
2022-04-18 07:00:00,1,2022-04-18 08:00:00,379.49,58.1,3
2022-04-18 07:00:00,2,2022-04-18 09:00:00,379.47,55.5,3
2022-04-18 07:00:00,3,2022-04-18 10:00:00,379.48,57.4,3
2022-04-18 07:00:00,4,2022-04-18 11:00:00,379.45,54.0,3
2022-04-18 07:00:00,5,2022-04-18 12:00:00,379.42,50.1,3
2022-04-18 07:00:00,6,2022-04-18 13:00:00,379.51,60.3,3
2022-04-19 07:00:00,0,2022-04-19 07:00:00,379.4,47.8,3
2022-04-19 07:00:00,1,2022-04-19 08:00:00,379.4,48.2,3
2022-04-19 07:00:00,2,2022-04-19 09:00:00,379.41,48.9,3
2022-04-19 07:00:00,3,2022-04-19 10:00:00,379.41,48.9,3
2022-04-19 07:00:00,4,2022-04-19 11:00:00,379.42,49.8,3
2022-04-19 07:00:00,5,2022-04-19 12:00:00,379.45,53.1,3
2022-04-19 07:00:00,6,2022-04-19 13:00:00,379.54,64.2,3
2022-04-20 07:00:00,0,2022-04-20 07:00:00,379.44,52.5,3
2022-04-20 07:00:00,1,2022-04-20 08:00:00,379.44,52.8,3
2022-04-20 07:00:00,2,2022-04-20 09:00:00,379.45,53.7,3
2022-04-20 07:00:00,3,2022-04-20 10:00:00,379.46,54.3,3
2022-04-20 07:00:00,4,2022-04-20 11:00:00,379.45,54.1,3
2022-04-20 07:00:00,5,2022-04-20 12:00:00,379.43,50.8,3
2022-04-20 07:00:00,6,2022-04-20 13:00:00,379.47,55.6,3
2022-04-21 07:00:00,0,2022-04-21 07:00:00,379.41,49.0,3
2022-04-21 07:00:00,1,2022-04-21 08:00:00,379.43,51.3,3
2022-04-21 07:00:00,2,2022-04-21 09:00:00,379.43,51.2,3
2022-04-21 07:00:00,3,2022-04-21 10:00:00,379.42,50.7,3
2022-04-21 07:00:00,4,2022-04-21 11:00:00,379.42,50.6,3
2022-04-21 07:00:00,5,2022-04-21 12:00:00,379.42,50.5,3
2022-04-21 07:00:00,6,2022-04-21 13:00:00,379.52,61.1,3
2022-04-22 07:00:00,0,2022-04-22 07:00:00,379.37,44.6,3
2022-04-22 07:00:00,1,2022-04-22 08:00:00,379.42,49.7,3
2022-04-22 07:00:00,2,2022-04-22 09:00:00,379.42,50.3,3
2022-04-22 07:00:00,3,2022-04-22 10:00:00,379.43,51.2,3
2022-04-22 07:00:00,4,2022-04-22 11:00:00,379.43,51.4,3
2022-04-22 07:00:00,5,2022-04-22 12:00:00,379.43,51.0,3
2022-04-22 07:00:00,6,2022-04-22 13:00:00,379.52,61.1,3
2022-04-23 07:00:00,0,2022-04-23 07:00:00,379.39,46.6,3
2022-04-23 07:00:00,1,2022-04-23 08:00:00,379.41,49.2,3
2022-04-23 07:00:00,2,2022-04-23 09:00:00,379.42,50.6,3
2022-04-23 07:00:00,3,2022-04-23 10:00:00,379.42,49.7,3
2022-04-23 07:00:00,4,2022-04-23 11:00:00,379.41,49.2,3
2022-04-23 07:00:00,5,2022-04-23 12:00:00,379.47,56.0,3
2022-04-23 07:00:00,6,2022-04-23 13:00:00,379.53,62.8,3
2022-04-24 07:00:00,0,2022-04-24 07:00:00,379.56,66.3,3
2022-04-24 07:00:00,1,2022-04-24 08:00:00,379.55,64.4,3
2022-04-24 07:00:00,2,2022-04-24 09:00:00,379.53,62.3,3
2022-04-24 07:00:00,3,2022-04-24 10:00:00,379.52,61.0,3
2022-04-24 07:00:00,4,2022-04-24 11:00:00,379.54,64.1,3
2022-04-24 07:00:00,5,2022-04-24 12:00:00,379.66,78.1,3
2022-04-24 07:00:00,6,2022-04-24 13:00:00,379.69,82.2,3
2022-04-25 07:00:00,0,2022-04-25 07:00:00,379.44,52.1,3
2022-04-25 07:00:00,1,2022-04-25 08:00:00,379.44,52.4,3
2022-04-25 07:00:00,2,2022-04-25 09:00:00,379.45,53.8,3
2022-04-25 07:00:00,3,2022-04-25 10:00:00,379.45,53.2,3
2022-04-25 07:00:00,4,2022-04-25 11:00:00,379.44,52.8,3
2022-04-25 07:00:00,5,2022-04-25 12:00:00,379.51,60.6,3
2022-04-25 07:00:00,6,2022-04-25 13:00:00,379.57,67.6,3
2022-04-26 06:00:00,0,2022-04-26 06:00:00,379.46,54.9,3
2022-04-26 06:00:00,1,2022-04-26 07:00:00,379.46,54.2,3
2022-04-26 06:00:00,2,2022-04-26 08:00:00,379.46,54.8,3
2022-04-26 06:00:00,3,2022-04-26 09:00:00,379.46,55.0,3
2022-04-26 06:00:00,4,2022-04-26 10:00:00,379.46,54.9,3
2022-04-26 06:00:00,5,2022-04-26 11:00:00,379.45,53.9,3
2022-04-26 06:00:00,6,2022-04-26 12:00:00,379.46,54.8,3
2022-04-27 07:00:00,0,2022-04-27 07:00:00,379.41,48.8,3
2022-04-27 07:00:00,1,2022-04-27 08:00:00,379.4,47.6,3
2022-04-27 07:00:00,2,2022-04-27 09:00:00,379.34,41.5,3
2022-04-27 07:00:00,3,2022-04-27 10:00:00,379.34,41.0,3
2022-04-27 07:00:00,4,2022-04-27 11:00:00,379.35,42.8,3
2022-04-27 07:00:00,5,2022-04-27 12:00:00,379.39,47.3,3
2022-04-27 07:00:00,6,2022-04-27 13:00:00,379.46,55.0,3
2022-04-28 07:00:00,0,2022-04-28 07:00:00,379.3,37.9,3
2022-04-28 07:00:00,1,2022-04-28 08:00:00,379.31,38.1,3
2022-04-28 07:00:00,2,2022-04-28 09:00:00,379.31,38.2,3
2022-04-28 07:00:00,3,2022-04-28 10:00:00,379.33,40.4,3
2022-04-28 07:00:00,4,2022-04-28 11:00:00,379.41,49.2,3
2022-04-28 07:00:00,5,2022-04-28 12:00:00,379.41,49.0,3
2022-04-28 07:00:00,6,2022-04-28 13:00:00,379.4,47.7,3
2022-04-28 09:00:00,0,2022-04-28 09:00:00,379.31,38.2,3
2022-04-28 09:00:00,1,2022-04-28 10:00:00,379.33,40.4,3
2022-04-28 09:00:00,2,2022-04-28 11:00:00,379.41,49.2,3
2022-04-28 09:00:00,3,2022-04-28 12:00:00,379.41,49.0,3
2022-04-28 09:00:00,4,2022-04-28 13:00:00,379.4,47.7,3
2022-04-28 09:00:00,5,2022-04-28 14:00:00,379.39,47.3,3
2022-04-28 09:00:00,6,2022-04-28 15:00:00,379.4,47.8,3
2022-04-29 06:00:00,0,2022-04-29 06:00:00,379.37,44.8,3
2022-04-29 06:00:00,1,2022-04-29 07:00:00,379.3,37.5,3
2022-04-29 06:00:00,2,2022-04-29 08:00:00,379.3,37.1,3
2022-04-29 06:00:00,3,2022-04-29 09:00:00,379.32,39.0,3
2022-04-29 06:00:00,4,2022-04-29 10:00:00,379.32,39.7,3
2022-04-29 06:00:00,5,2022-04-29 11:00:00,379.32,39.2,3
2022-04-29 06:00:00,6,2022-04-29 12:00:00,379.33,40.7,3
2022-04-30 07:00:00,0,2022-04-30 07:00:00,379.3,37.8,3
2022-04-30 07:00:00,1,2022-04-30 08:00:00,379.32,39.7,3
2022-04-30 07:00:00,2,2022-04-30 09:00:00,379.35,42.2,3
2022-04-30 07:00:00,3,2022-04-30 10:00:00,379.36,43.9,3
2022-04-30 07:00:00,4,2022-04-30 11:00:00,379.36,43.9,3
2022-04-30 07:00:00,5,2022-04-30 12:00:00,379.36,43.3,3
2022-04-30 07:00:00,6,2022-04-30 13:00:00,379.43,51.4,3
2022-05-01 07:00:00,0,2022-05-01 07:00:00,379.41,49.1,3
2022-05-01 07:00:00,1,2022-05-01 08:00:00,379.44,51.9,3
2022-05-01 07:00:00,2,2022-05-01 09:00:00,379.45,53.3,3
2022-05-01 07:00:00,3,2022-05-01 10:00:00,379.44,52.3,3
2022-05-01 07:00:00,4,2022-05-01 11:00:00,379.43,51.6,3
2022-05-01 07:00:00,5,2022-05-01 12:00:00,379.42,49.8,3
2022-05-01 07:00:00,6,2022-05-01 13:00:00,379.48,57.4,3
2022-05-02 06:00:00,0,2022-05-02 06:00:00,379.42,50.3,3
2022-05-02 06:00:00,1,2022-05-02 07:00:00,379.37,45.1,3
2022-05-02 06:00:00,2,2022-05-02 08:00:00,379.39,47.2,3
2022-05-02 06:00:00,3,2022-05-02 09:00:00,379.41,49.5,3
2022-05-02 06:00:00,4,2022-05-02 10:00:00,379.46,54.3,3
2022-05-02 06:00:00,5,2022-05-02 11:00:00,379.41,48.9,3
2022-05-02 06:00:00,6,2022-05-02 12:00:00,379.38,45.9,3
2022-05-03 07:00:00,0,2022-05-03 07:00:00,379.32,39.8,3
2022-05-03 07:00:00,1,2022-05-03 08:00:00,379.36,43.1,3
2022-05-03 07:00:00,2,2022-05-03 09:00:00,379.36,43.2,3
2022-05-03 07:00:00,3,2022-05-03 10:00:00,379.36,43.1,3
2022-05-03 07:00:00,4,2022-05-03 11:00:00,379.37,44.4,3
2022-05-03 07:00:00,5,2022-05-03 12:00:00,379.36,44.1,3
2022-05-03 07:00:00,6,2022-05-03 13:00:00,379.4,48.2,3
2022-05-04 07:00:00,0,2022-05-04 07:00:00,379.32,39.5,3
2022-05-04 07:00:00,1,2022-05-04 08:00:00,379.33,40.5,3
2022-05-04 07:00:00,2,2022-05-04 09:00:00,379.34,41.6,3
2022-05-04 07:00:00,3,2022-05-04 10:00:00,379.32,39.8,3
2022-05-04 07:00:00,4,2022-05-04 11:00:00,379.33,40.6,3
2022-05-04 07:00:00,5,2022-05-04 12:00:00,379.32,39.9,3
2022-05-04 07:00:00,6,2022-05-04 13:00:00,379.4,47.6,3
2022-05-05 07:00:00,0,2022-05-05 07:00:00,379.45,53.3,3
2022-05-05 07:00:00,1,2022-05-05 08:00:00,379.46,54.4,3
2022-05-05 07:00:00,2,2022-05-05 09:00:00,379.46,54.7,3
2022-05-05 07:00:00,3,2022-05-05 10:00:00,379.5,58.8,3
2022-05-05 07:00:00,4,2022-05-05 11:00:00,379.53,62.3,3
2022-05-05 07:00:00,5,2022-05-05 12:00:00,379.56,65.9,3
2022-05-05 07:00:00,6,2022-05-05 13:00:00,379.6,70.9,3
2022-05-06 07:00:00,0,2022-05-06 07:00:00,379.55,65.1,3
2022-05-06 07:00:00,1,2022-05-06 08:00:00,379.54,63.3,3
2022-05-06 07:00:00,2,2022-05-06 09:00:00,379.51,60.7,3
2022-05-06 07:00:00,3,2022-05-06 10:00:00,379.51,60.0,3
2022-05-06 07:00:00,4,2022-05-06 11:00:00,379.5,59.7,3
2022-05-06 07:00:00,5,2022-05-06 12:00:00,379.55,64.9,3
2022-05-06 07:00:00,6,2022-05-06 13:00:00,379.59,69.4,3
2022-05-07 06:00:00,0,2022-05-07 06:00:00,379.41,49.0,3
2022-05-07 06:00:00,1,2022-05-07 07:00:00,379.42,49.9,3
2022-05-07 06:00:00,2,2022-05-07 08:00:00,379.41,49.3,3
2022-05-07 06:00:00,3,2022-05-07 09:00:00,379.4,48.3,3
2022-05-07 06:00:00,4,2022-05-07 10:00:00,379.41,48.7,3
2022-05-07 06:00:00,5,2022-05-07 11:00:00,379.4,48.0,3
2022-05-07 06:00:00,6,2022-05-07 12:00:00,379.45,53.5,3
2022-05-08 07:00:00,0,2022-05-08 07:00:00,379.42,50.0,3
2022-05-08 07:00:00,1,2022-05-08 08:00:00,379.43,51.5,3
2022-05-08 07:00:00,2,2022-05-08 09:00:00,379.44,52.6,3
2022-05-08 07:00:00,3,2022-05-08 10:00:00,379.45,53.2,3
2022-05-08 07:00:00,4,2022-05-08 11:00:00,379.44,52.0,3
2022-05-08 07:00:00,5,2022-05-08 12:00:00,379.48,57.3,3
2022-05-08 07:00:00,6,2022-05-08 13:00:00,379.53,63.1,3
2022-05-09 07:00:00,0,2022-05-09 07:00:00,379.53,63.1,3
2022-05-09 07:00:00,1,2022-05-09 08:00:00,379.54,64.4,3
2022-05-09 07:00:00,2,2022-05-09 09:00:00,379.55,65.1,3
2022-05-09 07:00:00,3,2022-05-09 10:00:00,379.53,63.2,3
2022-05-09 07:00:00,4,2022-05-09 11:00:00,379.51,60.6,3
2022-05-09 07:00:00,5,2022-05-09 12:00:00,379.58,68.4,3
2022-05-09 07:00:00,6,2022-05-09 13:00:00,379.61,72.5,3
2022-05-10 07:00:00,0,2022-05-10 07:00:00,379.46,54.1,3
2022-05-10 07:00:00,1,2022-05-10 08:00:00,379.46,55.0,3
2022-05-10 07:00:00,2,2022-05-10 09:00:00,379.48,56.4,3
2022-05-10 07:00:00,3,2022-05-10 10:00:00,379.49,57.5,3
2022-05-10 07:00:00,4,2022-05-10 11:00:00,379.48,56.5,3
2022-05-10 07:00:00,5,2022-05-10 12:00:00,379.55,64.8,3
2022-05-10 07:00:00,6,2022-05-10 13:00:00,379.58,68.4,3
2022-05-11 17:00:00,0,2022-05-11 17:00:00,379.46,54.2,3
2022-05-11 17:00:00,1,2022-05-11 18:00:00,379.45,54.1,3
2022-05-11 17:00:00,2,2022-05-11 19:00:00,379.43,51.6,3
2022-05-11 17:00:00,3,2022-05-11 20:00:00,379.43,50.9,3
2022-05-11 17:00:00,4,2022-05-11 21:00:00,379.44,52.3,3
2022-05-11 17:00:00,5,2022-05-11 22:00:00,379.42,50.5,3
2022-05-11 17:00:00,6,2022-05-11 23:00:00,379.55,64.7,3
2022-05-12 06:00:00,0,2022-05-12 06:00:00,379.52,61.3,3
2022-05-12 06:00:00,1,2022-05-12 07:00:00,379.53,62.2,3
2022-05-12 06:00:00,2,2022-05-12 08:00:00,379.6,70.8,3
2022-05-12 06:00:00,3,2022-05-12 09:00:00,379.63,74.8,3
2022-05-12 06:00:00,4,2022-05-12 10:00:00,379.64,75.6,3
2022-05-12 06:00:00,5,2022-05-12 11:00:00,379.65,76.6,3
2022-05-12 06:00:00,6,2022-05-12 12:00:00,379.68,81.0,3
2022-05-12 23:00:00,0,2022-05-12 23:00:00,379.52,61.9,3
2022-05-12 23:00:00,1,2022-05-13 00:00:00,379.51,59.9,3
2022-05-12 23:00:00,2,2022-05-13 01:00:00,379.5,59.0,3
2022-05-12 23:00:00,3,2022-05-13 02:00:00,379.5,59.3,3
2022-05-12 23:00:00,4,2022-05-13 03:00:00,379.58,68.9,3
2022-05-12 23:00:00,5,2022-05-13 04:00:00,379.71,84.5,3
2022-05-12 23:00:00,6,2022-05-13 05:00:00,379.73,86.2,3
2022-05-13 07:00:00,0,2022-05-13 07:00:00,379.68,80.4,3
2022-05-13 07:00:00,1,2022-05-13 08:00:00,379.72,85.2,3
2022-05-13 07:00:00,2,2022-05-13 09:00:00,379.78,92.8,3
2022-05-13 07:00:00,3,2022-05-13 10:00:00,379.69,82.0,3
2022-05-13 07:00:00,4,2022-05-13 11:00:00,379.68,80.8,3
2022-05-13 07:00:00,5,2022-05-13 12:00:00,379.7,82.9,3
2022-05-13 07:00:00,6,2022-05-13 13:00:00,379.67,79.7,3
2022-05-14 08:00:00,0,2022-05-14 08:00:00,379.71,84.6,3
2022-05-14 08:00:00,1,2022-05-14 09:00:00,379.73,86.1,3
2022-05-14 08:00:00,2,2022-05-14 10:00:00,379.72,85.1,3
2022-05-14 08:00:00,3,2022-05-14 11:00:00,379.68,79.9,3
2022-05-14 08:00:00,4,2022-05-14 12:00:00,379.71,84.3,3
2022-05-14 08:00:00,5,2022-05-14 13:00:00,379.71,84.7,3
2022-05-14 08:00:00,6,2022-05-14 14:00:00,379.67,78.9,3
2022-05-15 08:00:00,0,2022-05-15 08:00:00,379.76,90.7,3
2022-05-15 08:00:00,1,2022-05-15 09:00:00,379.74,87.5,3
2022-05-15 08:00:00,2,2022-05-15 10:00:00,379.72,85.6,3
2022-05-15 08:00:00,3,2022-05-15 11:00:00,379.72,85.0,3
2022-05-15 08:00:00,4,2022-05-15 12:00:00,379.69,81.9,3
2022-05-15 08:00:00,5,2022-05-15 13:00:00,379.71,83.6,3
2022-05-15 08:00:00,6,2022-05-15 14:00:00,379.68,80.4,3
2022-05-16 07:00:00,0,2022-05-16 07:00:00,379.8,95.2,3
2022-05-16 07:00:00,1,2022-05-16 08:00:00,379.77,91.6,3
2022-05-16 07:00:00,2,2022-05-16 09:00:00,379.75,88.6,3
2022-05-16 07:00:00,3,2022-05-16 10:00:00,379.71,84.6,3
2022-05-16 07:00:00,4,2022-05-16 11:00:00,379.74,87.5,3
2022-05-16 07:00:00,5,2022-05-16 12:00:00,379.74,87.5,3
2022-05-16 07:00:00,6,2022-05-16 13:00:00,379.68,80.9,3
2022-05-17 07:00:00,0,2022-05-17 07:00:00,379.61,72.3,3
2022-05-17 07:00:00,1,2022-05-17 08:00:00,379.66,78.5,3
2022-05-17 07:00:00,2,2022-05-17 09:00:00,379.66,78.5,3
2022-05-17 07:00:00,3,2022-05-17 10:00:00,379.64,75.7,3
2022-05-17 07:00:00,4,2022-05-17 11:00:00,379.63,74.7,3
2022-05-17 07:00:00,5,2022-05-17 12:00:00,379.65,77.1,3
2022-05-17 07:00:00,6,2022-05-17 13:00:00,379.63,74.1,3
2022-05-18 07:00:00,0,2022-05-18 07:00:00,379.7,82.8,3
2022-05-18 07:00:00,1,2022-05-18 08:00:00,379.71,84.1,3
2022-05-18 07:00:00,2,2022-05-18 09:00:00,379.72,85.3,3
2022-05-18 07:00:00,3,2022-05-18 10:00:00,379.69,82.2,3
2022-05-18 07:00:00,4,2022-05-18 11:00:00,379.68,80.0,3
2022-05-18 07:00:00,5,2022-05-18 12:00:00,379.67,79.6,3
2022-05-18 07:00:00,6,2022-05-18 13:00:00,379.66,77.8,3
2022-05-19 07:00:00,0,2022-05-19 07:00:00,379.76,90.4,3
2022-05-19 07:00:00,1,2022-05-19 08:00:00,379.76,90.7,3
2022-05-19 07:00:00,2,2022-05-19 09:00:00,379.73,87.2,3
2022-05-19 07:00:00,3,2022-05-19 10:00:00,379.72,85.9,3
2022-05-19 07:00:00,4,2022-05-19 11:00:00,379.72,84.9,3
2022-05-19 07:00:00,5,2022-05-19 12:00:00,379.7,83.0,3
2022-05-19 07:00:00,6,2022-05-19 13:00:00,379.69,82.2,3
2022-05-20 06:00:00,0,2022-05-20 06:00:00,379.8,95.4,3
2022-05-20 06:00:00,1,2022-05-20 07:00:00,379.81,96.4,3
2022-05-20 06:00:00,2,2022-05-20 08:00:00,379.81,96.2,3
2022-05-20 06:00:00,3,2022-05-20 09:00:00,379.78,92.9,3
2022-05-20 06:00:00,4,2022-05-20 10:00:00,379.76,90.3,3
2022-05-20 06:00:00,5,2022-05-20 11:00:00,379.75,88.8,3
2022-05-20 06:00:00,6,2022-05-20 12:00:00,379.71,84.2,3
2022-05-21 06:00:00,0,2022-05-21 06:00:00,379.87,103.8,3
2022-05-21 06:00:00,1,2022-05-21 07:00:00,379.82,97.7,3
2022-05-21 06:00:00,2,2022-05-21 08:00:00,379.87,103.8,3
2022-05-21 06:00:00,3,2022-05-21 09:00:00,379.84,100.7,3
2022-05-21 06:00:00,4,2022-05-21 10:00:00,379.79,93.8,3
2022-05-21 06:00:00,5,2022-05-21 11:00:00,379.76,90.4,3
2022-05-21 06:00:00,6,2022-05-21 12:00:00,379.72,85.9,3
2022-05-22 06:00:00,0,2022-05-22 06:00:00,379.83,98.8,3
2022-05-22 06:00:00,1,2022-05-22 07:00:00,379.8,95.0,3
2022-05-22 06:00:00,2,2022-05-22 08:00:00,379.84,100.2,3
2022-05-22 06:00:00,3,2022-05-22 09:00:00,379.82,97.7,3
2022-05-22 06:00:00,4,2022-05-22 10:00:00,379.8,95.3,3
2022-05-22 06:00:00,5,2022-05-22 11:00:00,379.75,88.7,3
2022-05-22 06:00:00,6,2022-05-22 12:00:00,379.71,84.7,3
2022-05-23 06:00:00,0,2022-05-23 06:00:00,379.73,86.2,3
2022-05-23 06:00:00,1,2022-05-23 07:00:00,379.76,90.2,3
2022-05-23 06:00:00,2,2022-05-23 08:00:00,379.73,86.2,3
2022-05-23 06:00:00,3,2022-05-23 09:00:00,379.73,86.4,3
2022-05-23 06:00:00,4,2022-05-23 10:00:00,379.69,81.6,3
2022-05-23 06:00:00,5,2022-05-23 11:00:00,379.67,79.6,3
2022-05-23 06:00:00,6,2022-05-23 12:00:00,379.67,78.9,3
2022-05-24 07:00:00,0,2022-05-24 07:00:00,380.09,134.5,3
2022-05-24 07:00:00,1,2022-05-24 08:00:00,380.17,145.0,3
2022-05-24 07:00:00,2,2022-05-24 09:00:00,380.12,138.1,3
2022-05-24 07:00:00,3,2022-05-24 10:00:00,379.98,118.7,3
2022-05-24 07:00:00,4,2022-05-24 11:00:00,379.97,117.6,3
2022-05-24 07:00:00,5,2022-05-24 12:00:00,379.92,111.4,3
2022-05-24 07:00:00,6,2022-05-24 13:00:00,379.9,107.9,3
2022-05-25 07:00:00,0,2022-05-25 07:00:00,379.75,89.0,3
2022-05-25 07:00:00,1,2022-05-25 08:00:00,379.73,86.4,3
2022-05-25 07:00:00,2,2022-05-25 09:00:00,379.72,85.6,3
2022-05-25 07:00:00,3,2022-05-25 10:00:00,379.74,87.7,3
2022-05-25 07:00:00,4,2022-05-25 11:00:00,379.74,88.1,3
2022-05-25 07:00:00,5,2022-05-25 12:00:00,379.69,81.2,3
2022-05-25 07:00:00,6,2022-05-25 13:00:00,379.66,78.5,3
2022-05-26 07:00:00,0,2022-05-26 07:00:00,379.44,52.6,3
2022-05-26 07:00:00,1,2022-05-26 08:00:00,379.43,51.8,3
2022-05-26 07:00:00,2,2022-05-26 09:00:00,379.45,53.2,3
2022-05-26 07:00:00,3,2022-05-26 10:00:00,379.46,54.1,3
2022-05-26 07:00:00,4,2022-05-26 11:00:00,379.47,55.2,3
2022-05-26 07:00:00,5,2022-05-26 12:00:00,379.46,55.0,3
2022-05-26 07:00:00,6,2022-05-26 13:00:00,379.47,55.5,3
2022-05-27 07:00:00,0,2022-05-27 07:00:00,379.4,47.4,3
2022-05-27 07:00:00,1,2022-05-27 08:00:00,379.41,49.5,3
2022-05-27 07:00:00,2,2022-05-27 09:00:00,379.42,50.3,3
2022-05-27 07:00:00,3,2022-05-27 10:00:00,379.41,49.2,3
2022-05-27 07:00:00,4,2022-05-27 11:00:00,379.41,48.8,3
2022-05-27 07:00:00,5,2022-05-27 12:00:00,379.4,48.3,3
2022-05-27 07:00:00,6,2022-05-27 13:00:00,379.42,50.0,3
2022-05-28 08:00:00,0,2022-05-28 08:00:00,379.46,54.8,3
2022-05-28 08:00:00,1,2022-05-28 09:00:00,379.46,55.0,3
2022-05-28 08:00:00,2,2022-05-28 10:00:00,379.47,56.3,3
2022-05-28 08:00:00,3,2022-05-28 11:00:00,379.47,55.3,3
2022-05-28 08:00:00,4,2022-05-28 12:00:00,379.46,54.2,3
2022-05-28 08:00:00,5,2022-05-28 13:00:00,379.5,59.6,3
2022-05-28 08:00:00,6,2022-05-28 14:00:00,379.5,59.5,3
2022-05-29 07:00:00,0,2022-05-29 07:00:00,379.42,50.1,3
2022-05-29 07:00:00,1,2022-05-29 08:00:00,379.42,50.6,3
2022-05-29 07:00:00,2,2022-05-29 09:00:00,379.43,51.7,3
2022-05-29 07:00:00,3,2022-05-29 10:00:00,379.44,52.9,3
2022-05-29 07:00:00,4,2022-05-29 11:00:00,379.44,52.4,3
2022-05-29 07:00:00,5,2022-05-29 12:00:00,379.43,51.8,3
2022-05-29 07:00:00,6,2022-05-29 13:00:00,379.42,50.1,3
2022-05-30 07:00:00,0,2022-05-30 07:00:00,379.32,39.7,3
2022-05-30 07:00:00,1,2022-05-30 08:00:00,379.33,40.9,3
2022-05-30 07:00:00,2,2022-05-30 09:00:00,379.33,40.9,3
2022-05-30 07:00:00,3,2022-05-30 10:00:00,379.34,41.4,3
2022-05-30 07:00:00,4,2022-05-30 11:00:00,379.34,42.0,3
2022-05-30 07:00:00,5,2022-05-30 12:00:00,379.33,40.0,3
2022-05-30 07:00:00,6,2022-05-30 13:00:00,379.31,38.3,3
2022-05-31 07:00:00,0,2022-05-31 07:00:00,379.21,29.7,3
2022-05-31 07:00:00,1,2022-05-31 08:00:00,379.29,36.6,3
2022-05-31 07:00:00,2,2022-05-31 09:00:00,379.29,36.9,3
2022-05-31 07:00:00,3,2022-05-31 10:00:00,379.29,36.4,3
2022-05-31 07:00:00,4,2022-05-31 11:00:00,379.29,36.8,3
2022-05-31 07:00:00,5,2022-05-31 12:00:00,379.29,36.1,3
2022-05-31 07:00:00,6,2022-05-31 13:00:00,379.28,36.0,3
2022-06-01 07:00:00,0,2022-06-01 07:00:00,379.8,95.4,3
2022-06-01 07:00:00,1,2022-06-01 08:00:00,380.01,123.3,3
2022-06-01 07:00:00,2,2022-06-01 09:00:00,379.94,113.3,3
2022-06-01 07:00:00,3,2022-06-01 10:00:00,379.85,101.3,3
2022-06-01 07:00:00,4,2022-06-01 11:00:00,379.82,98.3,3
2022-06-01 07:00:00,5,2022-06-01 12:00:00,379.79,94.3,3
2022-06-01 07:00:00,6,2022-06-01 13:00:00,379.71,84.5,3
2022-06-02 07:00:00,0,2022-06-02 07:00:00,379.53,62.2,3
2022-06-02 07:00:00,1,2022-06-02 08:00:00,379.52,61.5,3
2022-06-02 07:00:00,2,2022-06-02 09:00:00,379.51,60.0,3
2022-06-02 07:00:00,3,2022-06-02 10:00:00,379.5,59.5,3
2022-06-02 07:00:00,4,2022-06-02 11:00:00,379.56,66.5,3
2022-06-02 07:00:00,5,2022-06-02 12:00:00,379.62,73.2,3
2022-06-02 07:00:00,6,2022-06-02 13:00:00,379.65,76.8,3
2022-06-03 06:00:00,0,2022-06-03 06:00:00,379.67,79.5,3
2022-06-03 06:00:00,1,2022-06-03 07:00:00,379.67,79.4,3
2022-06-03 06:00:00,2,2022-06-03 08:00:00,379.67,79.4,3
2022-06-03 06:00:00,3,2022-06-03 09:00:00,379.67,79.0,3
2022-06-03 06:00:00,4,2022-06-03 10:00:00,379.66,77.5,3
2022-06-03 06:00:00,5,2022-06-03 11:00:00,379.62,73.3,3
2022-06-03 06:00:00,6,2022-06-03 12:00:00,379.64,75.5,3
2022-06-04 07:00:00,0,2022-06-04 07:00:00,379.65,76.3,3
2022-06-04 07:00:00,1,2022-06-04 08:00:00,379.7,82.6,3
2022-06-04 07:00:00,2,2022-06-04 09:00:00,379.67,79.2,3
2022-06-04 07:00:00,3,2022-06-04 10:00:00,379.65,76.5,3
2022-06-04 07:00:00,4,2022-06-04 11:00:00,379.66,77.4,3
2022-06-04 07:00:00,5,2022-06-04 12:00:00,379.63,74.6,3
2022-06-04 07:00:00,6,2022-06-04 13:00:00,379.64,75.9,3
2022-06-05 07:00:00,0,2022-06-05 07:00:00,379.62,73.3,3
2022-06-05 07:00:00,1,2022-06-05 08:00:00,379.64,75.4,3
2022-06-05 07:00:00,2,2022-06-05 09:00:00,379.65,77.0,3
2022-06-05 07:00:00,3,2022-06-05 10:00:00,379.67,79.2,3
2022-06-05 07:00:00,4,2022-06-05 11:00:00,379.67,79.6,3
2022-06-05 07:00:00,5,2022-06-05 12:00:00,379.68,80.8,3
2022-06-05 07:00:00,6,2022-06-05 13:00:00,379.67,79.6,3
2022-06-06 07:00:00,0,2022-06-06 07:00:00,379.68,80.0,3
2022-06-06 07:00:00,1,2022-06-06 08:00:00,379.65,77.1,3
2022-06-06 07:00:00,2,2022-06-06 09:00:00,379.71,83.8,3
2022-06-06 07:00:00,3,2022-06-06 10:00:00,379.69,81.9,3
2022-06-06 07:00:00,4,2022-06-06 11:00:00,379.67,79.6,3
2022-06-06 07:00:00,5,2022-06-06 12:00:00,379.66,78.0,3
2022-06-06 07:00:00,6,2022-06-06 13:00:00,379.63,73.8,3
2022-06-07 06:00:00,0,2022-06-07 06:00:00,379.42,50.6,3
2022-06-07 06:00:00,1,2022-06-07 07:00:00,379.44,52.9,3
2022-06-07 06:00:00,2,2022-06-07 08:00:00,379.45,53.8,3
2022-06-07 06:00:00,3,2022-06-07 09:00:00,379.53,63.0,3
2022-06-07 06:00:00,4,2022-06-07 10:00:00,379.49,58.4,3
2022-06-07 06:00:00,5,2022-06-07 11:00:00,379.53,63.0,3
2022-06-07 06:00:00,6,2022-06-07 12:00:00,379.52,61.0,3
2022-06-08 06:00:00,0,2022-06-08 06:00:00,379.61,72.5,3
2022-06-08 06:00:00,1,2022-06-08 07:00:00,379.6,70.8,3
2022-06-08 06:00:00,2,2022-06-08 08:00:00,379.6,70.7,3
2022-06-08 06:00:00,3,2022-06-08 09:00:00,379.54,63.4,3
2022-06-08 06:00:00,4,2022-06-08 10:00:00,379.54,63.2,3
2022-06-08 06:00:00,5,2022-06-08 11:00:00,379.53,62.3,3
2022-06-08 06:00:00,6,2022-06-08 12:00:00,379.51,60.1,3
2022-06-09 06:00:00,0,2022-06-09 06:00:00,379.45,53.0,3
2022-06-09 06:00:00,1,2022-06-09 07:00:00,379.45,53.9,3
2022-06-09 06:00:00,2,2022-06-09 08:00:00,379.45,53.1,3
2022-06-09 06:00:00,3,2022-06-09 09:00:00,379.44,52.3,3
2022-06-09 06:00:00,4,2022-06-09 10:00:00,379.45,54.0,3
2022-06-09 06:00:00,5,2022-06-09 11:00:00,379.5,58.9,3
2022-06-09 06:00:00,6,2022-06-09 12:00:00,379.65,76.4,3
2022-06-09 09:00:00,0,2022-06-09 09:00:00,379.44,52.3,3
2022-06-09 09:00:00,1,2022-06-09 10:00:00,379.45,54.0,3
2022-06-09 09:00:00,2,2022-06-09 11:00:00,379.5,58.9,3
2022-06-09 09:00:00,3,2022-06-09 12:00:00,379.65,76.4,3
2022-06-09 09:00:00,4,2022-06-09 13:00:00,379.67,79.5,3
2022-06-09 09:00:00,5,2022-06-09 14:00:00,379.67,79.3,3
2022-06-09 09:00:00,6,2022-06-09 15:00:00,379.69,81.3,3
2022-06-10 07:00:00,0,2022-06-10 07:00:00,379.42,50.2,3
2022-06-10 07:00:00,1,2022-06-10 08:00:00,379.42,50.3,3
2022-06-10 07:00:00,2,2022-06-10 09:00:00,379.43,50.9,3
2022-06-10 07:00:00,3,2022-06-10 10:00:00,379.42,50.6,3
2022-06-10 07:00:00,4,2022-06-10 11:00:00,379.42,50.2,3
2022-06-10 07:00:00,5,2022-06-10 12:00:00,379.41,48.7,3
2022-06-10 07:00:00,6,2022-06-10 13:00:00,379.46,54.6,3
2022-06-11 08:00:00,0,2022-06-11 08:00:00,379.3,37.3,3
2022-06-11 08:00:00,1,2022-06-11 09:00:00,379.31,38.1,3
2022-06-11 08:00:00,2,2022-06-11 10:00:00,379.32,39.5,3
2022-06-11 08:00:00,3,2022-06-11 11:00:00,379.32,39.7,3
2022-06-11 08:00:00,4,2022-06-11 12:00:00,379.33,40.1,3
2022-06-11 08:00:00,5,2022-06-11 13:00:00,379.34,41.8,3
2022-06-11 08:00:00,6,2022-06-11 14:00:00,379.41,49.2,3
2022-06-12 07:00:00,0,2022-06-12 07:00:00,379.28,35.8,3
2022-06-12 07:00:00,1,2022-06-12 08:00:00,379.3,37.6,3
2022-06-12 07:00:00,2,2022-06-12 09:00:00,379.28,35.6,3
2022-06-12 07:00:00,3,2022-06-12 10:00:00,379.28,36.0,3
2022-06-12 07:00:00,4,2022-06-12 11:00:00,379.3,37.0,3
2022-06-12 07:00:00,5,2022-06-12 12:00:00,379.3,37.1,3
2022-06-12 07:00:00,6,2022-06-12 13:00:00,379.29,36.2,3
2022-06-13 07:00:00,0,2022-06-13 07:00:00,379.3,37.5,3
2022-06-13 07:00:00,1,2022-06-13 08:00:00,379.28,35.8,3
2022-06-13 07:00:00,2,2022-06-13 09:00:00,379.28,36.0,3
2022-06-13 07:00:00,3,2022-06-13 10:00:00,379.31,38.3,3
2022-06-13 07:00:00,4,2022-06-13 11:00:00,379.3,37.4,3
2022-06-13 07:00:00,5,2022-06-13 12:00:00,379.3,37.5,3
2022-06-13 07:00:00,6,2022-06-13 13:00:00,379.29,36.9,3
2022-06-14 06:00:00,0,2022-06-14 06:00:00,379.45,53.9,3
2022-06-14 06:00:00,1,2022-06-14 07:00:00,379.43,51.3,3
2022-06-14 06:00:00,2,2022-06-14 08:00:00,379.43,50.8,3
2022-06-14 06:00:00,3,2022-06-14 09:00:00,379.43,51.2,3
2022-06-14 06:00:00,4,2022-06-14 10:00:00,379.45,53.1,3
2022-06-14 06:00:00,5,2022-06-14 11:00:00,379.45,54.0,3
2022-06-14 06:00:00,6,2022-06-14 12:00:00,379.45,53.5,3
2022-06-15 06:00:00,0,2022-06-15 06:00:00,379.35,42.6,3
2022-06-15 06:00:00,1,2022-06-15 07:00:00,379.38,45.9,3
2022-06-15 06:00:00,2,2022-06-15 08:00:00,379.4,47.8,3
2022-06-15 06:00:00,3,2022-06-15 09:00:00,379.39,47.0,3
2022-06-15 06:00:00,4,2022-06-15 10:00:00,379.41,48.6,3
2022-06-15 06:00:00,5,2022-06-15 11:00:00,379.41,49.2,3
2022-06-15 06:00:00,6,2022-06-15 12:00:00,379.4,48.0,3
2022-06-16 06:00:00,0,2022-06-16 06:00:00,379.44,51.9,3
2022-06-16 06:00:00,1,2022-06-16 07:00:00,379.43,51.0,3
2022-06-16 06:00:00,2,2022-06-16 08:00:00,379.43,51.1,3
2022-06-16 06:00:00,3,2022-06-16 09:00:00,379.41,49.3,3
2022-06-16 06:00:00,4,2022-06-16 10:00:00,379.4,47.4,3
2022-06-16 06:00:00,5,2022-06-16 11:00:00,379.39,47.2,3
2022-06-16 06:00:00,6,2022-06-16 12:00:00,379.41,48.9,3
2022-06-17 07:00:00,0,2022-06-17 07:00:00,379.6,70.6,3
2022-06-17 07:00:00,1,2022-06-17 08:00:00,379.6,71.2,3
2022-06-17 07:00:00,2,2022-06-17 09:00:00,379.6,70.4,3
2022-06-17 07:00:00,3,2022-06-17 10:00:00,379.58,68.3,3
2022-06-17 07:00:00,4,2022-06-17 11:00:00,379.56,66.3,3
2022-06-17 07:00:00,5,2022-06-17 12:00:00,379.55,65.1,3
2022-06-17 07:00:00,6,2022-06-17 13:00:00,379.53,63.1,3
2022-06-18 07:00:00,0,2022-06-18 07:00:00,379.49,58.2,3
2022-06-18 07:00:00,1,2022-06-18 08:00:00,379.53,62.9,3
2022-06-18 07:00:00,2,2022-06-18 09:00:00,379.54,64.3,3
2022-06-18 07:00:00,3,2022-06-18 10:00:00,379.54,63.3,3
2022-06-18 07:00:00,4,2022-06-18 11:00:00,379.52,62.0,3
2022-06-18 07:00:00,5,2022-06-18 12:00:00,379.51,60.8,3
2022-06-18 07:00:00,6,2022-06-18 13:00:00,379.5,59.6,3
2022-06-19 06:00:00,0,2022-06-19 06:00:00,379.48,56.9,3
2022-06-19 06:00:00,1,2022-06-19 07:00:00,379.55,65.2,3
2022-06-19 06:00:00,2,2022-06-19 08:00:00,379.57,67.8,3
2022-06-19 06:00:00,3,2022-06-19 09:00:00,379.57,67.6,3
2022-06-19 06:00:00,4,2022-06-19 10:00:00,379.56,66.7,3
2022-06-19 06:00:00,5,2022-06-19 11:00:00,379.56,65.6,3
2022-06-19 06:00:00,6,2022-06-19 12:00:00,379.54,63.7,3
2022-06-19 07:00:00,0,2022-06-19 07:00:00,379.55,65.2,3
2022-06-19 07:00:00,1,2022-06-19 08:00:00,379.57,67.8,3
2022-06-19 07:00:00,2,2022-06-19 09:00:00,379.57,67.6,3
2022-06-19 07:00:00,3,2022-06-19 10:00:00,379.56,66.7,3
2022-06-19 07:00:00,4,2022-06-19 11:00:00,379.56,65.6,3
2022-06-19 07:00:00,5,2022-06-19 12:00:00,379.54,63.7,3
2022-06-19 07:00:00,6,2022-06-19 13:00:00,379.52,61.7,3
2022-06-20 07:00:00,0,2022-06-20 07:00:00,379.6,70.4,3
2022-06-20 07:00:00,1,2022-06-20 08:00:00,379.62,73.3,3
2022-06-20 07:00:00,2,2022-06-20 09:00:00,379.64,75.7,3
2022-06-20 07:00:00,3,2022-06-20 10:00:00,379.61,72.4,3
2022-06-20 07:00:00,4,2022-06-20 11:00:00,379.56,66.7,3
2022-06-20 07:00:00,5,2022-06-20 12:00:00,379.54,63.8,3
2022-06-20 07:00:00,6,2022-06-20 13:00:00,379.53,62.4,3
2022-06-21 08:00:00,0,2022-06-21 08:00:00,379.62,73.7,3
2022-06-21 08:00:00,1,2022-06-21 09:00:00,379.63,73.8,3
2022-06-21 08:00:00,2,2022-06-21 10:00:00,379.6,70.5,3
2022-06-21 08:00:00,3,2022-06-21 11:00:00,379.57,67.4,3
2022-06-21 08:00:00,4,2022-06-21 12:00:00,379.53,62.2,3
2022-06-21 08:00:00,5,2022-06-21 13:00:00,379.5,59.3,3
2022-06-21 08:00:00,6,2022-06-21 14:00:00,379.5,59.6,3
2022-06-22 06:00:00,0,2022-06-22 06:00:00,379.48,57.2,3
2022-06-22 06:00:00,1,2022-06-22 07:00:00,379.53,63.2,3
2022-06-22 06:00:00,2,2022-06-22 08:00:00,379.54,64.1,3
2022-06-22 06:00:00,3,2022-06-22 09:00:00,379.53,62.2,3
2022-06-22 06:00:00,4,2022-06-22 10:00:00,379.48,57.2,3
2022-06-22 06:00:00,5,2022-06-22 11:00:00,379.48,56.9,3
2022-06-22 06:00:00,6,2022-06-22 12:00:00,379.49,58.1,3
2022-06-23 07:00:00,0,2022-06-23 07:00:00,379.66,78.2,3
2022-06-23 07:00:00,1,2022-06-23 08:00:00,379.65,77.0,3
2022-06-23 07:00:00,2,2022-06-23 09:00:00,379.64,76.1,3
2022-06-23 07:00:00,3,2022-06-23 10:00:00,379.64,75.1,3
2022-06-23 07:00:00,4,2022-06-23 11:00:00,379.66,77.7,3
2022-06-23 07:00:00,5,2022-06-23 12:00:00,379.71,84.0,3
2022-06-23 07:00:00,6,2022-06-23 13:00:00,379.77,91.8,3
2022-06-24 07:00:00,0,2022-06-24 07:00:00,379.78,92.6,3
2022-06-24 07:00:00,1,2022-06-24 08:00:00,379.81,97.0,3
2022-06-24 07:00:00,2,2022-06-24 09:00:00,379.85,101.5,3
2022-06-24 07:00:00,3,2022-06-24 10:00:00,379.75,89.6,3
2022-06-24 07:00:00,4,2022-06-24 11:00:00,379.76,89.8,3
2022-06-24 07:00:00,5,2022-06-24 12:00:00,379.7,83.3,3
2022-06-24 07:00:00,6,2022-06-24 13:00:00,379.69,82.2,3
2022-06-25 07:00:00,0,2022-06-25 07:00:00,379.65,76.8,3
2022-06-25 07:00:00,1,2022-06-25 08:00:00,379.64,75.0,3
2022-06-25 07:00:00,2,2022-06-25 09:00:00,379.58,68.9,3
2022-06-25 07:00:00,3,2022-06-25 10:00:00,379.54,64.3,3
2022-06-25 07:00:00,4,2022-06-25 11:00:00,379.5,59.0,3
2022-06-25 07:00:00,5,2022-06-25 12:00:00,379.47,55.9,3
2022-06-25 07:00:00,6,2022-06-25 13:00:00,379.49,58.5,3
2022-06-26 07:00:00,0,2022-06-26 07:00:00,379.39,46.5,3
2022-06-26 07:00:00,1,2022-06-26 08:00:00,379.39,46.5,3
2022-06-26 07:00:00,2,2022-06-26 09:00:00,379.41,48.8,3
2022-06-26 07:00:00,3,2022-06-26 10:00:00,379.4,48.4,3
2022-06-26 07:00:00,4,2022-06-26 11:00:00,379.46,54.6,3
2022-06-26 07:00:00,5,2022-06-26 12:00:00,379.44,52.2,3
2022-06-26 07:00:00,6,2022-06-26 13:00:00,379.4,48.0,3
2022-06-27 06:00:00,0,2022-06-27 06:00:00,379.47,56.4,3
2022-06-27 06:00:00,1,2022-06-27 07:00:00,379.48,56.6,3
2022-06-27 06:00:00,2,2022-06-27 08:00:00,379.49,58.5,3
2022-06-27 06:00:00,3,2022-06-27 09:00:00,379.53,62.7,3
2022-06-27 06:00:00,4,2022-06-27 10:00:00,379.55,64.4,3
2022-06-27 06:00:00,5,2022-06-27 11:00:00,379.53,63.2,3
2022-06-27 06:00:00,6,2022-06-27 12:00:00,379.54,63.3,3
2022-06-27 14:00:00,0,2022-06-27 14:00:00,379.51,60.7,3
2022-06-27 14:00:00,1,2022-06-27 15:00:00,379.49,57.8,3
2022-06-27 14:00:00,2,2022-06-27 16:00:00,379.47,55.4,3
2022-06-27 14:00:00,3,2022-06-27 17:00:00,379.45,53.1,3
2022-06-27 14:00:00,4,2022-06-27 18:00:00,379.43,51.6,3
2022-06-27 14:00:00,5,2022-06-27 19:00:00,379.39,46.7,3
2022-06-27 14:00:00,6,2022-06-27 20:00:00,379.43,51.8,3
2022-06-28 07:00:00,0,2022-06-28 07:00:00,379.52,61.6,3
2022-06-28 07:00:00,1,2022-06-28 08:00:00,379.55,65.2,3
2022-06-28 07:00:00,2,2022-06-28 09:00:00,379.57,66.9,3
2022-06-28 07:00:00,3,2022-06-28 10:00:00,379.54,64.3,3
2022-06-28 07:00:00,4,2022-06-28 11:00:00,379.52,61.7,3
2022-06-28 07:00:00,5,2022-06-28 12:00:00,379.51,60.4,3
2022-06-28 07:00:00,6,2022-06-28 13:00:00,379.51,60.6,3
2022-06-28 15:00:00,0,2022-06-28 15:00:00,379.39,46.5,3
2022-06-28 15:00:00,1,2022-06-28 16:00:00,379.35,42.2,3
2022-06-28 15:00:00,2,2022-06-28 17:00:00,379.36,43.9,3
2022-06-28 15:00:00,3,2022-06-28 18:00:00,379.38,46.1,3
2022-06-28 15:00:00,4,2022-06-28 19:00:00,379.37,44.7,3
2022-06-28 15:00:00,5,2022-06-28 20:00:00,379.37,44.3,3
2022-06-28 15:00:00,6,2022-06-28 21:00:00,379.36,43.6,3
2022-06-29 07:00:00,0,2022-06-29 07:00:00,379.44,51.9,3
2022-06-29 07:00:00,1,2022-06-29 08:00:00,379.44,52.5,3
2022-06-29 07:00:00,2,2022-06-29 09:00:00,379.44,52.3,3
2022-06-29 07:00:00,3,2022-06-29 10:00:00,379.44,52.4,3
2022-06-29 07:00:00,4,2022-06-29 11:00:00,379.44,52.3,3
2022-06-29 07:00:00,5,2022-06-29 12:00:00,379.45,53.1,3
2022-06-29 07:00:00,6,2022-06-29 13:00:00,379.41,49.3,3
2022-06-29 11:00:00,0,2022-06-29 11:00:00,379.44,52.3,3
2022-06-29 11:00:00,1,2022-06-29 12:00:00,379.45,53.1,3
2022-06-29 11:00:00,2,2022-06-29 13:00:00,379.41,49.3,3
2022-06-29 11:00:00,3,2022-06-29 14:00:00,379.39,46.6,3
2022-06-29 11:00:00,4,2022-06-29 15:00:00,379.46,54.2,3
2022-06-29 11:00:00,5,2022-06-29 16:00:00,379.46,55.1,3
2022-06-29 11:00:00,6,2022-06-29 17:00:00,379.49,57.6,3
2022-06-30 07:00:00,0,2022-06-30 07:00:00,379.44,52.0,3
2022-06-30 07:00:00,1,2022-06-30 08:00:00,379.44,52.6,3
2022-06-30 07:00:00,2,2022-06-30 09:00:00,379.45,53.8,3
2022-06-30 07:00:00,3,2022-06-30 10:00:00,379.46,54.7,3
2022-06-30 07:00:00,4,2022-06-30 11:00:00,379.48,56.9,3
2022-06-30 07:00:00,5,2022-06-30 12:00:00,379.48,57.0,3
2022-06-30 07:00:00,6,2022-06-30 13:00:00,379.46,54.7,3
2022-07-01 07:00:00,0,2022-07-01 07:00:00,379.54,63.9,3
2022-07-01 07:00:00,1,2022-07-01 08:00:00,379.64,75.9,3
2022-07-01 07:00:00,2,2022-07-01 09:00:00,379.75,89.0,3
2022-07-01 07:00:00,3,2022-07-01 10:00:00,379.68,80.8,3
2022-07-01 07:00:00,4,2022-07-01 11:00:00,379.71,84.1,3
2022-07-01 07:00:00,5,2022-07-01 12:00:00,379.59,70.2,3
2022-07-01 07:00:00,6,2022-07-01 13:00:00,379.49,58.0,3
2022-07-02 07:00:00,0,2022-07-02 07:00:00,379.57,67.5,3
2022-07-02 07:00:00,1,2022-07-02 08:00:00,379.53,62.1,3
2022-07-02 07:00:00,2,2022-07-02 09:00:00,379.51,60.8,3
2022-07-02 07:00:00,3,2022-07-02 10:00:00,379.53,62.5,3
2022-07-02 07:00:00,4,2022-07-02 11:00:00,379.52,61.1,3
2022-07-02 07:00:00,5,2022-07-02 12:00:00,379.46,54.3,3
2022-07-02 07:00:00,6,2022-07-02 13:00:00,379.43,51.3,3
2022-07-03 07:00:00,0,2022-07-03 07:00:00,379.47,55.6,3
2022-07-03 07:00:00,1,2022-07-03 08:00:00,379.47,55.6,3
2022-07-03 07:00:00,2,2022-07-03 09:00:00,379.47,55.9,3
2022-07-03 07:00:00,3,2022-07-03 10:00:00,379.46,54.1,3
2022-07-03 07:00:00,4,2022-07-03 11:00:00,379.45,53.4,3
2022-07-03 07:00:00,5,2022-07-03 12:00:00,379.45,53.3,3
2022-07-03 07:00:00,6,2022-07-03 13:00:00,379.43,51.1,3
2022-07-04 07:00:00,0,2022-07-04 07:00:00,379.59,69.5,3
2022-07-04 07:00:00,1,2022-07-04 08:00:00,379.58,68.9,3
2022-07-04 07:00:00,2,2022-07-04 09:00:00,379.59,70.2,3
2022-07-04 07:00:00,3,2022-07-04 10:00:00,379.56,66.2,3
2022-07-04 07:00:00,4,2022-07-04 11:00:00,379.53,63.0,3
2022-07-04 07:00:00,5,2022-07-04 12:00:00,379.52,61.9,3
2022-07-04 07:00:00,6,2022-07-04 13:00:00,379.52,61.3,3
2022-07-05 08:00:00,0,2022-07-05 08:00:00,379.84,100.1,3
2022-07-05 08:00:00,1,2022-07-05 09:00:00,379.83,99.0,3
2022-07-05 08:00:00,2,2022-07-05 10:00:00,379.82,97.7,3
2022-07-05 08:00:00,3,2022-07-05 11:00:00,379.78,93.1,3
2022-07-05 08:00:00,4,2022-07-05 12:00:00,379.71,84.4,3
2022-07-05 08:00:00,5,2022-07-05 13:00:00,379.67,78.9,3
2022-07-05 08:00:00,6,2022-07-05 14:00:00,379.68,80.6,3
2022-07-06 07:00:00,0,2022-07-06 07:00:00,379.7,83.4,3
2022-07-06 07:00:00,1,2022-07-06 08:00:00,379.64,75.9,3
2022-07-06 07:00:00,2,2022-07-06 09:00:00,379.63,74.0,3
2022-07-06 07:00:00,3,2022-07-06 10:00:00,379.57,67.6,3
2022-07-06 07:00:00,4,2022-07-06 11:00:00,379.56,65.7,3
2022-07-06 07:00:00,5,2022-07-06 12:00:00,379.54,63.4,3
2022-07-06 07:00:00,6,2022-07-06 13:00:00,379.51,60.4,3
2022-07-07 07:00:00,0,2022-07-07 07:00:00,379.58,68.4,3
2022-07-07 07:00:00,1,2022-07-07 08:00:00,379.57,67.8,3
2022-07-07 07:00:00,2,2022-07-07 09:00:00,379.55,64.7,3
2022-07-07 07:00:00,3,2022-07-07 10:00:00,379.54,64.0,3
2022-07-07 07:00:00,4,2022-07-07 11:00:00,379.54,63.9,3
2022-07-07 07:00:00,5,2022-07-07 12:00:00,379.49,57.8,3
2022-07-07 07:00:00,6,2022-07-07 13:00:00,379.42,50.6,3
2022-07-08 07:00:00,0,2022-07-08 07:00:00,379.52,61.2,3
2022-07-08 07:00:00,1,2022-07-08 08:00:00,379.53,62.2,3
2022-07-08 07:00:00,2,2022-07-08 09:00:00,379.52,61.6,3
2022-07-08 07:00:00,3,2022-07-08 10:00:00,379.48,56.7,3
2022-07-08 07:00:00,4,2022-07-08 11:00:00,379.44,53.0,3
2022-07-08 07:00:00,5,2022-07-08 12:00:00,379.43,51.5,3
2022-07-08 07:00:00,6,2022-07-08 13:00:00,379.43,50.8,3
2022-07-09 08:00:00,0,2022-07-09 08:00:00,379.51,60.4,3
2022-07-09 08:00:00,1,2022-07-09 09:00:00,379.52,62.1,3
2022-07-09 08:00:00,2,2022-07-09 10:00:00,379.53,62.3,3
2022-07-09 08:00:00,3,2022-07-09 11:00:00,379.5,58.8,3
2022-07-09 08:00:00,4,2022-07-09 12:00:00,379.47,55.2,3
2022-07-09 08:00:00,5,2022-07-09 13:00:00,379.44,52.4,3
2022-07-09 08:00:00,6,2022-07-09 14:00:00,379.42,50.7,3
2022-07-10 07:00:00,0,2022-07-10 07:00:00,379.45,53.3,3
2022-07-10 07:00:00,1,2022-07-10 08:00:00,379.45,53.8,3
2022-07-10 07:00:00,2,2022-07-10 09:00:00,379.43,51.2,3
2022-07-10 07:00:00,3,2022-07-10 10:00:00,379.43,50.8,3
2022-07-10 07:00:00,4,2022-07-10 11:00:00,379.44,52.0,3
2022-07-10 07:00:00,5,2022-07-10 12:00:00,379.42,50.0,3
2022-07-10 07:00:00,6,2022-07-10 13:00:00,379.39,46.8,3
2022-07-11 07:00:00,0,2022-07-11 07:00:00,379.52,61.6,3
2022-07-11 07:00:00,1,2022-07-11 08:00:00,379.52,61.5,3
2022-07-11 07:00:00,2,2022-07-11 09:00:00,379.5,58.9,3
2022-07-11 07:00:00,3,2022-07-11 10:00:00,379.49,58.5,3
2022-07-11 07:00:00,4,2022-07-11 11:00:00,379.46,54.8,3
2022-07-11 07:00:00,5,2022-07-11 12:00:00,379.44,51.8,3
2022-07-11 07:00:00,6,2022-07-11 13:00:00,379.44,52.6,3
2022-07-12 07:00:00,0,2022-07-12 07:00:00,379.56,66.6,3
2022-07-12 07:00:00,1,2022-07-12 08:00:00,379.59,69.3,3
2022-07-12 07:00:00,2,2022-07-12 09:00:00,379.58,68.3,3
2022-07-12 07:00:00,3,2022-07-12 10:00:00,379.56,65.8,3
2022-07-12 07:00:00,4,2022-07-12 11:00:00,379.54,63.7,3
2022-07-12 07:00:00,5,2022-07-12 12:00:00,379.53,63.0,3
2022-07-12 07:00:00,6,2022-07-12 13:00:00,379.49,58.2,3
2022-07-13 07:00:00,0,2022-07-13 07:00:00,379.58,68.8,3
2022-07-13 07:00:00,1,2022-07-13 08:00:00,379.58,68.8,3
2022-07-13 07:00:00,2,2022-07-13 09:00:00,379.57,67.6,3
2022-07-13 07:00:00,3,2022-07-13 10:00:00,379.54,64.1,3
2022-07-13 07:00:00,4,2022-07-13 11:00:00,379.53,62.7,3
2022-07-13 07:00:00,5,2022-07-13 12:00:00,379.53,62.6,3
2022-07-13 07:00:00,6,2022-07-13 13:00:00,379.5,59.0,3
2022-07-14 07:00:00,0,2022-07-14 07:00:00,379.64,75.6,3
2022-07-14 07:00:00,1,2022-07-14 08:00:00,379.65,77.2,3
2022-07-14 07:00:00,2,2022-07-14 09:00:00,379.63,73.8,3
2022-07-14 07:00:00,3,2022-07-14 10:00:00,379.6,71.0,3
2022-07-14 07:00:00,4,2022-07-14 11:00:00,379.56,66.1,3
2022-07-14 07:00:00,5,2022-07-14 12:00:00,379.55,64.6,3
2022-07-14 07:00:00,6,2022-07-14 13:00:00,379.52,61.9,3
2022-07-15 07:00:00,0,2022-07-15 07:00:00,379.77,91.1,3
2022-07-15 07:00:00,1,2022-07-15 08:00:00,379.76,89.7,3
2022-07-15 07:00:00,2,2022-07-15 09:00:00,379.74,87.3,3
2022-07-15 07:00:00,3,2022-07-15 10:00:00,379.7,83.1,3
2022-07-15 07:00:00,4,2022-07-15 11:00:00,379.62,73.1,3
2022-07-15 07:00:00,5,2022-07-15 12:00:00,379.58,68.7,3
2022-07-15 07:00:00,6,2022-07-15 13:00:00,379.55,65.5,3
2022-07-16 07:00:00,0,2022-07-16 07:00:00,379.65,76.9,3
2022-07-16 07:00:00,1,2022-07-16 08:00:00,379.57,67.5,3
2022-07-16 07:00:00,2,2022-07-16 09:00:00,379.56,66.5,3
2022-07-16 07:00:00,3,2022-07-16 10:00:00,379.55,65.1,3
2022-07-16 07:00:00,4,2022-07-16 11:00:00,379.51,60.0,3
2022-07-16 07:00:00,5,2022-07-16 12:00:00,379.49,57.6,3
2022-07-16 07:00:00,6,2022-07-16 13:00:00,379.48,56.6,3
2022-07-17 08:00:00,0,2022-07-17 08:00:00,379.66,78.0,3
2022-07-17 08:00:00,1,2022-07-17 09:00:00,379.61,72.1,3
2022-07-17 08:00:00,2,2022-07-17 10:00:00,379.57,67.4,3
2022-07-17 08:00:00,3,2022-07-17 11:00:00,379.55,64.6,3
2022-07-17 08:00:00,4,2022-07-17 12:00:00,379.52,61.0,3
2022-07-17 08:00:00,5,2022-07-17 13:00:00,379.5,58.8,3
2022-07-17 08:00:00,6,2022-07-17 14:00:00,379.48,57.2,3
2022-07-18 07:00:00,0,2022-07-18 07:00:00,379.72,85.4,3
2022-07-18 07:00:00,1,2022-07-18 08:00:00,379.7,83.3,3
2022-07-18 07:00:00,2,2022-07-18 09:00:00,379.69,81.6,3
2022-07-18 07:00:00,3,2022-07-18 10:00:00,379.63,74.2,3
2022-07-18 07:00:00,4,2022-07-18 11:00:00,379.62,73.1,3
2022-07-18 07:00:00,5,2022-07-18 12:00:00,379.58,68.0,3
2022-07-18 07:00:00,6,2022-07-18 13:00:00,379.54,64.3,3
2022-07-19 06:00:00,0,2022-07-19 06:00:00,379.74,87.6,3
2022-07-19 06:00:00,1,2022-07-19 07:00:00,379.75,89.0,3
2022-07-19 06:00:00,2,2022-07-19 08:00:00,379.7,82.8,3
2022-07-19 06:00:00,3,2022-07-19 09:00:00,379.67,79.7,3
2022-07-19 06:00:00,4,2022-07-19 10:00:00,379.63,74.8,3
2022-07-19 06:00:00,5,2022-07-19 11:00:00,379.64,75.3,3
2022-07-19 06:00:00,6,2022-07-19 12:00:00,379.58,69.1,3
2022-07-20 07:00:00,0,2022-07-20 07:00:00,379.81,96.2,3
2022-07-20 07:00:00,1,2022-07-20 08:00:00,379.79,94.4,3
2022-07-20 07:00:00,2,2022-07-20 09:00:00,379.77,91.8,3
2022-07-20 07:00:00,3,2022-07-20 10:00:00,379.71,84.4,3
2022-07-20 07:00:00,4,2022-07-20 11:00:00,379.71,84.1,3
2022-07-20 07:00:00,5,2022-07-20 12:00:00,379.68,80.9,3
2022-07-20 07:00:00,6,2022-07-20 13:00:00,379.69,81.5,3
2022-07-21 07:00:00,0,2022-07-21 07:00:00,379.87,104.7,3
2022-07-21 07:00:00,1,2022-07-21 08:00:00,379.91,109.1,3
2022-07-21 07:00:00,2,2022-07-21 09:00:00,379.85,101.9,3
2022-07-21 07:00:00,3,2022-07-21 10:00:00,379.73,86.0,3
2022-07-21 07:00:00,4,2022-07-21 11:00:00,379.68,81.0,3
2022-07-21 07:00:00,5,2022-07-21 12:00:00,379.68,80.2,3
2022-07-21 07:00:00,6,2022-07-21 13:00:00,379.66,78.1,3
2022-07-22 07:00:00,0,2022-07-22 07:00:00,379.85,101.2,3
2022-07-22 07:00:00,1,2022-07-22 08:00:00,379.71,83.7,3
2022-07-22 07:00:00,2,2022-07-22 09:00:00,379.7,82.4,3
2022-07-22 07:00:00,3,2022-07-22 10:00:00,379.71,83.7,3
2022-07-22 07:00:00,4,2022-07-22 11:00:00,379.66,77.8,3
2022-07-22 07:00:00,5,2022-07-22 12:00:00,379.59,69.1,3
2022-07-22 07:00:00,6,2022-07-22 13:00:00,379.55,64.7,3
2022-07-23 07:00:00,0,2022-07-23 07:00:00,379.78,93.1,3
2022-07-23 07:00:00,1,2022-07-23 08:00:00,379.74,87.4,3
2022-07-23 07:00:00,2,2022-07-23 09:00:00,379.71,84.5,3
2022-07-23 07:00:00,3,2022-07-23 10:00:00,379.68,80.9,3
2022-07-23 07:00:00,4,2022-07-23 11:00:00,379.64,76.1,3
2022-07-23 07:00:00,5,2022-07-23 12:00:00,379.61,71.7,3
2022-07-23 07:00:00,6,2022-07-23 13:00:00,379.66,78.0,3
2022-07-24 08:00:00,0,2022-07-24 08:00:00,379.7,82.4,3
2022-07-24 08:00:00,1,2022-07-24 09:00:00,379.7,82.6,3
2022-07-24 08:00:00,2,2022-07-24 10:00:00,379.65,76.4,3
2022-07-24 08:00:00,3,2022-07-24 11:00:00,379.6,70.4,3
2022-07-24 08:00:00,4,2022-07-24 12:00:00,379.53,63.2,3
2022-07-24 08:00:00,5,2022-07-24 13:00:00,379.52,61.1,3
2022-07-24 08:00:00,6,2022-07-24 14:00:00,379.51,60.4,3
2022-07-25 07:00:00,0,2022-07-25 07:00:00,379.8,95.1,3
2022-07-25 07:00:00,1,2022-07-25 08:00:00,379.76,90.3,3
2022-07-25 07:00:00,2,2022-07-25 09:00:00,379.72,84.8,3
2022-07-25 07:00:00,3,2022-07-25 10:00:00,379.69,82.1,3
2022-07-25 07:00:00,4,2022-07-25 11:00:00,379.68,80.5,3
2022-07-25 07:00:00,5,2022-07-25 12:00:00,379.59,70.1,3
2022-07-25 07:00:00,6,2022-07-25 13:00:00,379.57,67.2,3
2022-07-26 07:00:00,0,2022-07-26 07:00:00,379.73,86.2,3
2022-07-26 07:00:00,1,2022-07-26 08:00:00,379.71,84.7,3
2022-07-26 07:00:00,2,2022-07-26 09:00:00,379.62,72.7,3
2022-07-26 07:00:00,3,2022-07-26 10:00:00,379.57,67.7,3
2022-07-26 07:00:00,4,2022-07-26 11:00:00,379.55,65.0,3
2022-07-26 07:00:00,5,2022-07-26 12:00:00,379.53,62.9,3
2022-07-26 07:00:00,6,2022-07-26 13:00:00,379.53,62.3,3
2022-07-27 07:00:00,0,2022-07-27 07:00:00,379.7,82.6,3
2022-07-27 07:00:00,1,2022-07-27 08:00:00,379.65,76.5,3
2022-07-27 07:00:00,2,2022-07-27 09:00:00,379.59,69.7,3
2022-07-27 07:00:00,3,2022-07-27 10:00:00,379.55,64.5,3
2022-07-27 07:00:00,4,2022-07-27 11:00:00,379.52,61.6,3
2022-07-27 07:00:00,5,2022-07-27 12:00:00,379.51,60.6,3
2022-07-27 07:00:00,6,2022-07-27 13:00:00,379.48,57.0,3
2022-07-28 07:00:00,0,2022-07-28 07:00:00,379.64,75.3,3
2022-07-28 07:00:00,1,2022-07-28 08:00:00,379.62,73.4,3
2022-07-28 07:00:00,2,2022-07-28 09:00:00,379.61,72.4,3
2022-07-28 07:00:00,3,2022-07-28 10:00:00,379.56,66.4,3
2022-07-28 07:00:00,4,2022-07-28 11:00:00,379.51,60.2,3
2022-07-28 07:00:00,5,2022-07-28 12:00:00,379.48,56.6,3
2022-07-28 07:00:00,6,2022-07-28 13:00:00,379.44,52.9,3
2022-07-29 07:00:00,0,2022-07-29 07:00:00,379.46,54.2,3
2022-07-29 07:00:00,1,2022-07-29 08:00:00,379.48,56.7,3
2022-07-29 07:00:00,2,2022-07-29 09:00:00,379.49,58.3,3
2022-07-29 07:00:00,3,2022-07-29 10:00:00,379.51,59.8,3
2022-07-29 07:00:00,4,2022-07-29 11:00:00,379.46,54.9,3
2022-07-29 07:00:00,5,2022-07-29 12:00:00,379.45,53.3,3
2022-07-29 07:00:00,6,2022-07-29 13:00:00,379.41,48.8,3
2022-07-30 07:00:00,0,2022-07-30 07:00:00,379.55,64.8,3
2022-07-30 07:00:00,1,2022-07-30 08:00:00,379.52,61.9,3
2022-07-30 07:00:00,2,2022-07-30 09:00:00,379.5,59.2,3
2022-07-30 07:00:00,3,2022-07-30 10:00:00,379.45,53.6,3
2022-07-30 07:00:00,4,2022-07-30 11:00:00,379.43,51.4,3
2022-07-30 07:00:00,5,2022-07-30 12:00:00,379.42,50.1,3
2022-07-30 07:00:00,6,2022-07-30 13:00:00,379.42,50.4,3
2022-07-31 07:00:00,0,2022-07-31 07:00:00,379.43,51.8,3
2022-07-31 07:00:00,1,2022-07-31 08:00:00,379.45,53.6,3
2022-07-31 07:00:00,2,2022-07-31 09:00:00,379.45,54.1,3
2022-07-31 07:00:00,3,2022-07-31 10:00:00,379.43,50.9,3
2022-07-31 07:00:00,4,2022-07-31 11:00:00,379.4,47.9,3
2022-07-31 07:00:00,5,2022-07-31 12:00:00,379.37,44.8,3
2022-07-31 07:00:00,6,2022-07-31 13:00:00,379.37,44.7,3
2022-08-01 07:00:00,0,2022-08-01 07:00:00,379.44,52.8,3
2022-08-01 07:00:00,1,2022-08-01 08:00:00,379.46,54.3,3
2022-08-01 07:00:00,2,2022-08-01 09:00:00,379.46,54.5,3
2022-08-01 07:00:00,3,2022-08-01 10:00:00,379.47,56.0,3
2022-08-01 07:00:00,4,2022-08-01 11:00:00,379.46,54.4,3
2022-08-01 07:00:00,5,2022-08-01 12:00:00,379.43,51.6,3
2022-08-01 07:00:00,6,2022-08-01 13:00:00,379.41,49.3,3
2022-08-02 07:00:00,0,2022-08-02 07:00:00,379.49,58.4,3
2022-08-02 07:00:00,1,2022-08-02 08:00:00,379.51,60.9,3
2022-08-02 07:00:00,2,2022-08-02 09:00:00,379.51,60.1,3
2022-08-02 07:00:00,3,2022-08-02 10:00:00,379.5,58.9,3
2022-08-02 07:00:00,4,2022-08-02 11:00:00,379.48,57.0,3
2022-08-02 07:00:00,5,2022-08-02 12:00:00,379.47,55.5,3
2022-08-02 07:00:00,6,2022-08-02 13:00:00,379.43,50.8,3
2022-08-03 07:00:00,0,2022-08-03 07:00:00,379.61,72.2,3
2022-08-03 07:00:00,1,2022-08-03 08:00:00,379.61,72.6,3
2022-08-03 07:00:00,2,2022-08-03 09:00:00,379.57,67.7,3
2022-08-03 07:00:00,3,2022-08-03 10:00:00,379.57,67.2,3
2022-08-03 07:00:00,4,2022-08-03 11:00:00,379.55,64.5,3
2022-08-03 07:00:00,5,2022-08-03 12:00:00,379.53,62.1,3
2022-08-03 07:00:00,6,2022-08-03 13:00:00,379.48,57.2,3
2022-08-04 07:00:00,0,2022-08-04 07:00:00,379.7,83.5,3
2022-08-04 07:00:00,1,2022-08-04 08:00:00,379.7,83.0,3
2022-08-04 07:00:00,2,2022-08-04 09:00:00,379.64,75.9,3
2022-08-04 07:00:00,3,2022-08-04 10:00:00,379.61,72.2,3
2022-08-04 07:00:00,4,2022-08-04 11:00:00,379.58,68.8,3
2022-08-04 07:00:00,5,2022-08-04 12:00:00,379.55,64.9,3
2022-08-04 07:00:00,6,2022-08-04 13:00:00,379.54,63.6,3
2022-08-05 07:00:00,0,2022-08-05 07:00:00,379.63,74.2,3
2022-08-05 07:00:00,1,2022-08-05 08:00:00,379.62,73.5,3
2022-08-05 07:00:00,2,2022-08-05 09:00:00,379.57,66.8,3
2022-08-05 07:00:00,3,2022-08-05 10:00:00,379.52,61.7,3
2022-08-05 07:00:00,4,2022-08-05 11:00:00,379.51,60.0,3
2022-08-05 07:00:00,5,2022-08-05 12:00:00,379.51,60.9,3
2022-08-05 07:00:00,6,2022-08-05 13:00:00,379.5,59.6,3
2022-08-05 17:00:00,0,2022-08-05 17:00:00,379.45,53.3,3
2022-08-05 17:00:00,1,2022-08-05 18:00:00,379.39,47.4,3
2022-08-05 17:00:00,2,2022-08-05 19:00:00,379.39,46.7,3
2022-08-05 17:00:00,3,2022-08-05 20:00:00,379.37,44.5,3
2022-08-05 17:00:00,4,2022-08-05 21:00:00,379.31,38.2,3
2022-08-05 17:00:00,5,2022-08-05 22:00:00,379.34,41.3,3
2022-08-05 17:00:00,6,2022-08-05 23:00:00,379.4,48.2,3
2022-08-06 07:00:00,0,2022-08-06 07:00:00,379.9,108.4,3
2022-08-06 07:00:00,1,2022-08-06 08:00:00,379.87,104.3,3
2022-08-06 07:00:00,2,2022-08-06 09:00:00,379.94,113.0,3
2022-08-06 07:00:00,3,2022-08-06 10:00:00,379.88,105.5,3
2022-08-06 07:00:00,4,2022-08-06 11:00:00,379.86,103.2,3
2022-08-06 07:00:00,5,2022-08-06 12:00:00,379.76,90.6,3
2022-08-06 07:00:00,6,2022-08-06 13:00:00,379.7,83.3,3
2022-08-07 08:00:00,0,2022-08-07 08:00:00,379.63,74.3,3
2022-08-07 08:00:00,1,2022-08-07 09:00:00,379.54,63.7,3
2022-08-07 08:00:00,2,2022-08-07 10:00:00,379.51,60.9,3
2022-08-07 08:00:00,3,2022-08-07 11:00:00,379.48,56.6,3
2022-08-07 08:00:00,4,2022-08-07 12:00:00,379.45,53.2,3
2022-08-07 08:00:00,5,2022-08-07 13:00:00,379.44,52.3,3
2022-08-07 08:00:00,6,2022-08-07 14:00:00,379.42,50.7,3
2022-08-08 07:00:00,0,2022-08-08 07:00:00,379.5,58.7,3
2022-08-08 07:00:00,1,2022-08-08 08:00:00,379.5,59.4,3
2022-08-08 07:00:00,2,2022-08-08 09:00:00,379.49,57.7,3
2022-08-08 07:00:00,3,2022-08-08 10:00:00,379.47,55.9,3
2022-08-08 07:00:00,4,2022-08-08 11:00:00,379.46,54.3,3
2022-08-08 07:00:00,5,2022-08-08 12:00:00,379.47,55.5,3
2022-08-08 07:00:00,6,2022-08-08 13:00:00,379.46,54.7,3
2022-08-09 06:00:00,0,2022-08-09 06:00:00,379.35,42.5,3
2022-08-09 06:00:00,1,2022-08-09 07:00:00,379.43,51.8,3
2022-08-09 06:00:00,2,2022-08-09 08:00:00,379.44,52.2,3
2022-08-09 06:00:00,3,2022-08-09 09:00:00,379.43,51.6,3
2022-08-09 06:00:00,4,2022-08-09 10:00:00,379.42,49.8,3
2022-08-09 06:00:00,5,2022-08-09 11:00:00,379.42,50.1,3
2022-08-09 06:00:00,6,2022-08-09 12:00:00,379.42,50.2,3
2022-08-10 06:00:00,0,2022-08-10 06:00:00,379.54,64.4,3
2022-08-10 06:00:00,1,2022-08-10 07:00:00,379.56,66.0,3
2022-08-10 06:00:00,2,2022-08-10 08:00:00,379.55,64.5,3
2022-08-10 06:00:00,3,2022-08-10 09:00:00,379.53,62.4,3
2022-08-10 06:00:00,4,2022-08-10 10:00:00,379.49,58.5,3
2022-08-10 06:00:00,5,2022-08-10 11:00:00,379.48,56.6,3
2022-08-10 06:00:00,6,2022-08-10 12:00:00,379.48,56.5,3
2022-08-11 06:00:00,0,2022-08-11 06:00:00,379.64,76.1,3
2022-08-11 06:00:00,1,2022-08-11 07:00:00,379.62,72.8,3
2022-08-11 06:00:00,2,2022-08-11 08:00:00,379.6,70.6,3
2022-08-11 06:00:00,3,2022-08-11 09:00:00,379.57,66.8,3
2022-08-11 06:00:00,4,2022-08-11 10:00:00,379.54,64.0,3
2022-08-11 06:00:00,5,2022-08-11 11:00:00,379.51,60.3,3
2022-08-11 06:00:00,6,2022-08-11 12:00:00,379.5,58.7,3
2022-08-12 07:00:00,0,2022-08-12 07:00:00,379.52,61.5,3
2022-08-12 07:00:00,1,2022-08-12 08:00:00,379.5,59.0,3
2022-08-12 07:00:00,2,2022-08-12 09:00:00,379.49,58.0,3
2022-08-12 07:00:00,3,2022-08-12 10:00:00,379.48,57.5,3
2022-08-12 07:00:00,4,2022-08-12 11:00:00,379.48,57.3,3
2022-08-12 07:00:00,5,2022-08-12 12:00:00,379.48,57.0,3
2022-08-12 07:00:00,6,2022-08-12 13:00:00,379.42,50.3,3
2022-08-13 07:00:00,0,2022-08-13 07:00:00,379.56,66.5,3
2022-08-13 07:00:00,1,2022-08-13 08:00:00,379.56,66.4,3
2022-08-13 07:00:00,2,2022-08-13 09:00:00,379.56,66.5,3
2022-08-13 07:00:00,3,2022-08-13 10:00:00,379.56,65.7,3
2022-08-13 07:00:00,4,2022-08-13 11:00:00,379.53,63.0,3
2022-08-13 07:00:00,5,2022-08-13 12:00:00,379.53,62.3,3
2022-08-13 07:00:00,6,2022-08-13 13:00:00,379.49,58.2,3
2022-08-14 07:00:00,0,2022-08-14 07:00:00,379.58,68.1,3
2022-08-14 07:00:00,1,2022-08-14 08:00:00,379.57,67.7,3
2022-08-14 07:00:00,2,2022-08-14 09:00:00,379.55,65.4,3
2022-08-14 07:00:00,3,2022-08-14 10:00:00,379.54,64.0,3
2022-08-14 07:00:00,4,2022-08-14 11:00:00,379.5,59.4,3
2022-08-14 07:00:00,5,2022-08-14 12:00:00,379.47,56.0,3
2022-08-14 07:00:00,6,2022-08-14 13:00:00,379.36,43.2,3
2022-08-15 07:00:00,0,2022-08-15 07:00:00,379.37,44.4,3
2022-08-15 07:00:00,1,2022-08-15 08:00:00,379.37,44.4,3
2022-08-15 07:00:00,2,2022-08-15 09:00:00,379.39,47.2,3
2022-08-15 07:00:00,3,2022-08-15 10:00:00,379.41,49.1,3
2022-08-15 07:00:00,4,2022-08-15 11:00:00,379.37,44.8,3
2022-08-15 07:00:00,5,2022-08-15 12:00:00,379.35,42.1,3
2022-08-15 07:00:00,6,2022-08-15 13:00:00,379.34,41.7,3
2022-08-16 07:00:00,0,2022-08-16 07:00:00,379.36,44.0,3
2022-08-16 07:00:00,1,2022-08-16 08:00:00,379.36,43.5,3
2022-08-16 07:00:00,2,2022-08-16 09:00:00,379.36,43.4,3
2022-08-16 07:00:00,3,2022-08-16 10:00:00,379.37,45.0,3
2022-08-16 07:00:00,4,2022-08-16 11:00:00,379.37,44.7,3
2022-08-16 07:00:00,5,2022-08-16 12:00:00,379.35,42.2,3
2022-08-16 07:00:00,6,2022-08-16 13:00:00,379.34,42.0,3
2022-08-17 07:00:00,0,2022-08-17 07:00:00,379.41,49.3,3
2022-08-17 07:00:00,1,2022-08-17 08:00:00,379.41,48.9,3
2022-08-17 07:00:00,2,2022-08-17 09:00:00,379.41,49.4,3
2022-08-17 07:00:00,3,2022-08-17 10:00:00,379.43,51.1,3
2022-08-17 07:00:00,4,2022-08-17 11:00:00,379.41,49.3,3
2022-08-17 07:00:00,5,2022-08-17 12:00:00,379.39,46.7,3
2022-08-17 07:00:00,6,2022-08-17 13:00:00,379.37,44.6,3
2022-08-17 14:00:00,0,2022-08-17 14:00:00,379.36,43.1,3
2022-08-17 14:00:00,1,2022-08-17 15:00:00,379.34,41.2,3
2022-08-17 14:00:00,2,2022-08-17 16:00:00,379.35,42.4,3
2022-08-17 14:00:00,3,2022-08-17 17:00:00,379.35,42.6,3
2022-08-17 14:00:00,4,2022-08-17 18:00:00,379.35,42.8,3
2022-08-17 14:00:00,5,2022-08-17 19:00:00,379.34,41.3,3
2022-08-17 14:00:00,6,2022-08-17 20:00:00,379.35,42.8,3
2022-08-17 21:00:00,0,2022-08-17 21:00:00,379.33,40.2,3
2022-08-17 21:00:00,1,2022-08-17 22:00:00,379.37,44.8,3
2022-08-17 21:00:00,2,2022-08-17 23:00:00,379.4,48.0,3
2022-08-17 21:00:00,3,2022-08-18 00:00:00,379.39,47.3,3
2022-08-17 21:00:00,4,2022-08-18 01:00:00,379.39,46.3,3
2022-08-17 21:00:00,5,2022-08-18 02:00:00,379.45,53.9,3
2022-08-17 21:00:00,6,2022-08-18 03:00:00,379.49,58.0,3
2022-08-18 00:00:00,0,2022-08-18 00:00:00,379.45,53.8,3
2022-08-18 00:00:00,1,2022-08-18 01:00:00,379.48,56.9,3
2022-08-18 00:00:00,2,2022-08-18 02:00:00,379.54,63.7,3
2022-08-18 00:00:00,3,2022-08-18 03:00:00,379.55,65.0,3
2022-08-18 00:00:00,4,2022-08-18 04:00:00,379.54,64.2,3
2022-08-18 00:00:00,5,2022-08-18 05:00:00,379.52,61.4,3
2022-08-18 00:00:00,6,2022-08-18 06:00:00,379.61,71.7,3
2022-08-18 07:00:00,0,2022-08-18 07:00:00,379.63,74.4,3
2022-08-18 07:00:00,1,2022-08-18 08:00:00,379.61,72.1,3
2022-08-18 07:00:00,2,2022-08-18 09:00:00,379.62,72.7,3
2022-08-18 07:00:00,3,2022-08-18 10:00:00,379.69,81.4,3
2022-08-18 07:00:00,4,2022-08-18 11:00:00,379.75,88.9,3
2022-08-18 07:00:00,5,2022-08-18 12:00:00,379.72,85.0,3
2022-08-18 07:00:00,6,2022-08-18 13:00:00,379.72,85.2,3
2022-08-18 10:00:00,0,2022-08-18 10:00:00,379.69,81.4,3
2022-08-18 10:00:00,1,2022-08-18 11:00:00,379.75,88.9,3
2022-08-18 10:00:00,2,2022-08-18 12:00:00,379.72,85.0,3
2022-08-18 10:00:00,3,2022-08-18 13:00:00,379.72,85.2,3
2022-08-18 10:00:00,4,2022-08-18 14:00:00,379.73,86.2,3
2022-08-18 10:00:00,5,2022-08-18 15:00:00,379.71,84.3,3
2022-08-18 10:00:00,6,2022-08-18 16:00:00,379.64,75.8,3
2022-08-18 12:00:00,0,2022-08-18 12:00:00,379.79,94.6,3
2022-08-18 12:00:00,1,2022-08-18 13:00:00,379.79,93.8,3
2022-08-18 12:00:00,2,2022-08-18 14:00:00,379.78,92.3,3
2022-08-18 12:00:00,3,2022-08-18 15:00:00,379.76,90.8,3
2022-08-18 12:00:00,4,2022-08-18 16:00:00,379.78,92.5,3
2022-08-18 12:00:00,5,2022-08-18 17:00:00,379.71,84.3,3
2022-08-18 12:00:00,6,2022-08-18 18:00:00,379.65,77.0,3
2022-08-18 16:00:00,0,2022-08-18 16:00:00,379.66,78.2,3
2022-08-18 16:00:00,1,2022-08-18 17:00:00,379.68,80.3,3
2022-08-18 16:00:00,2,2022-08-18 18:00:00,379.63,73.8,3
2022-08-18 16:00:00,3,2022-08-18 19:00:00,379.58,68.9,3
2022-08-18 16:00:00,4,2022-08-18 20:00:00,379.55,65.5,3
2022-08-18 16:00:00,5,2022-08-18 21:00:00,379.53,63.0,3
2022-08-18 16:00:00,6,2022-08-18 22:00:00,379.54,63.3,3
2022-08-18 21:00:00,0,2022-08-18 21:00:00,379.49,57.9,3
2022-08-18 21:00:00,1,2022-08-18 22:00:00,379.5,59.2,3
2022-08-18 21:00:00,2,2022-08-18 23:00:00,379.46,54.7,3
2022-08-18 21:00:00,3,2022-08-19 00:00:00,379.46,54.2,3
2022-08-18 21:00:00,4,2022-08-19 01:00:00,379.49,58.2,3
2022-08-18 21:00:00,5,2022-08-19 02:00:00,379.51,60.2,3
2022-08-18 21:00:00,6,2022-08-19 03:00:00,379.54,63.9,3
2022-08-19 00:00:00,0,2022-08-19 00:00:00,379.5,58.7,3
2022-08-19 00:00:00,1,2022-08-19 01:00:00,379.5,58.8,3
2022-08-19 00:00:00,2,2022-08-19 02:00:00,379.5,59.7,3
2022-08-19 00:00:00,3,2022-08-19 03:00:00,379.53,63.0,3
2022-08-19 00:00:00,4,2022-08-19 04:00:00,379.57,66.9,3
2022-08-19 00:00:00,5,2022-08-19 05:00:00,379.58,68.8,3
2022-08-19 00:00:00,6,2022-08-19 06:00:00,379.59,69.9,3
2022-08-19 06:00:00,0,2022-08-19 06:00:00,379.53,63.2,3
2022-08-19 06:00:00,1,2022-08-19 07:00:00,379.52,61.3,3
2022-08-19 06:00:00,2,2022-08-19 08:00:00,379.55,64.7,3
2022-08-19 06:00:00,3,2022-08-19 09:00:00,379.55,65.5,3
2022-08-19 06:00:00,4,2022-08-19 10:00:00,379.5,59.1,3
2022-08-19 06:00:00,5,2022-08-19 11:00:00,379.44,52.8,3
2022-08-19 06:00:00,6,2022-08-19 12:00:00,379.41,49.2,3
2022-08-19 07:00:00,0,2022-08-19 07:00:00,379.52,61.3,3
2022-08-19 07:00:00,1,2022-08-19 08:00:00,379.55,64.7,3
2022-08-19 07:00:00,2,2022-08-19 09:00:00,379.55,65.5,3
2022-08-19 07:00:00,3,2022-08-19 10:00:00,379.5,59.1,3
2022-08-19 07:00:00,4,2022-08-19 11:00:00,379.44,52.8,3
2022-08-19 07:00:00,5,2022-08-19 12:00:00,379.41,49.2,3
2022-08-19 07:00:00,6,2022-08-19 13:00:00,379.41,48.5,3
2022-08-19 11:00:00,0,2022-08-19 11:00:00,379.5,59.5,3
2022-08-19 11:00:00,1,2022-08-19 12:00:00,379.48,57.3,3
2022-08-19 11:00:00,2,2022-08-19 13:00:00,379.47,55.8,3
2022-08-19 11:00:00,3,2022-08-19 14:00:00,379.47,55.6,3
2022-08-19 11:00:00,4,2022-08-19 15:00:00,379.45,53.4,3
2022-08-19 11:00:00,5,2022-08-19 16:00:00,379.43,51.1,3
2022-08-19 11:00:00,6,2022-08-19 17:00:00,379.72,84.8,3
2022-08-19 14:00:00,0,2022-08-19 14:00:00,379.43,50.7,3
2022-08-19 14:00:00,1,2022-08-19 15:00:00,379.41,49.4,3
2022-08-19 14:00:00,2,2022-08-19 16:00:00,379.4,48.0,3
2022-08-19 14:00:00,3,2022-08-19 17:00:00,379.7,82.4,3
2022-08-19 14:00:00,4,2022-08-19 18:00:00,379.73,86.0,3
2022-08-19 14:00:00,5,2022-08-19 19:00:00,379.7,82.5,3
2022-08-19 14:00:00,6,2022-08-19 20:00:00,379.71,83.6,3
2022-08-19 15:00:00,0,2022-08-19 15:00:00,379.41,49.4,3
2022-08-19 15:00:00,1,2022-08-19 16:00:00,379.4,48.0,3
2022-08-19 15:00:00,2,2022-08-19 17:00:00,379.7,82.4,3
2022-08-19 15:00:00,3,2022-08-19 18:00:00,379.73,86.0,3
2022-08-19 15:00:00,4,2022-08-19 19:00:00,379.7,82.5,3
2022-08-19 15:00:00,5,2022-08-19 20:00:00,379.71,83.6,3
2022-08-19 15:00:00,6,2022-08-19 21:00:00,379.75,89.4,3
2022-08-19 16:00:00,0,2022-08-19 16:00:00,379.53,62.3,3
2022-08-19 16:00:00,1,2022-08-19 17:00:00,379.69,81.9,3
2022-08-19 16:00:00,2,2022-08-19 18:00:00,379.72,85.8,3
2022-08-19 16:00:00,3,2022-08-19 19:00:00,379.7,82.5,3
2022-08-19 16:00:00,4,2022-08-19 20:00:00,379.7,82.9,3
2022-08-19 16:00:00,5,2022-08-19 21:00:00,379.73,87.2,3
2022-08-19 16:00:00,6,2022-08-19 22:00:00,379.72,85.3,3
2022-08-19 18:00:00,0,2022-08-19 18:00:00,379.72,85.8,3
2022-08-19 18:00:00,1,2022-08-19 19:00:00,379.7,82.5,3
2022-08-19 18:00:00,2,2022-08-19 20:00:00,379.7,82.9,3
2022-08-19 18:00:00,3,2022-08-19 21:00:00,379.73,87.2,3
2022-08-19 18:00:00,4,2022-08-19 22:00:00,379.72,85.3,3
2022-08-19 18:00:00,5,2022-08-19 23:00:00,379.75,88.6,3
2022-08-19 18:00:00,6,2022-08-20 00:00:00,379.75,89.5,3
2022-08-19 20:00:00,0,2022-08-19 20:00:00,379.77,91.9,3
2022-08-19 20:00:00,1,2022-08-19 21:00:00,379.82,98.0,3
2022-08-19 20:00:00,2,2022-08-19 22:00:00,379.79,93.8,3
2022-08-19 20:00:00,3,2022-08-19 23:00:00,379.77,91.8,3
2022-08-19 20:00:00,4,2022-08-20 00:00:00,379.72,85.1,3
2022-08-19 20:00:00,5,2022-08-20 01:00:00,379.71,83.9,3
2022-08-19 20:00:00,6,2022-08-20 02:00:00,379.62,73.7,3
2022-08-19 22:00:00,0,2022-08-19 22:00:00,379.81,96.3,3
2022-08-19 22:00:00,1,2022-08-19 23:00:00,379.81,96.9,3
2022-08-19 22:00:00,2,2022-08-20 00:00:00,379.75,89.0,3
2022-08-19 22:00:00,3,2022-08-20 01:00:00,379.73,86.9,3
2022-08-19 22:00:00,4,2022-08-20 02:00:00,379.65,76.4,3
2022-08-19 22:00:00,5,2022-08-20 03:00:00,379.61,71.6,3
2022-08-19 22:00:00,6,2022-08-20 04:00:00,379.54,63.6,3
2022-08-20 06:00:00,0,2022-08-20 06:00:00,379.46,55.1,3
2022-08-20 06:00:00,1,2022-08-20 07:00:00,379.46,54.6,3
2022-08-20 06:00:00,2,2022-08-20 08:00:00,379.44,51.8,3
2022-08-20 06:00:00,3,2022-08-20 09:00:00,379.42,49.9,3
2022-08-20 06:00:00,4,2022-08-20 10:00:00,379.41,48.8,3
2022-08-20 06:00:00,5,2022-08-20 11:00:00,379.41,48.7,3
2022-08-20 06:00:00,6,2022-08-20 12:00:00,379.42,49.9,3
2022-08-21 07:00:00,0,2022-08-21 07:00:00,379.39,47.3,3
2022-08-21 07:00:00,1,2022-08-21 08:00:00,379.4,47.6,3
2022-08-21 07:00:00,2,2022-08-21 09:00:00,379.41,48.9,3
2022-08-21 07:00:00,3,2022-08-21 10:00:00,379.41,48.8,3
2022-08-21 07:00:00,4,2022-08-21 11:00:00,379.38,46.2,3
2022-08-21 07:00:00,5,2022-08-21 12:00:00,379.36,43.9,3
2022-08-21 07:00:00,6,2022-08-21 13:00:00,379.35,42.7,3
2022-08-22 06:00:00,0,2022-08-22 06:00:00,379.39,46.8,3
2022-08-22 06:00:00,1,2022-08-22 07:00:00,379.38,46.1,3
2022-08-22 06:00:00,2,2022-08-22 08:00:00,379.39,47.0,3
2022-08-22 06:00:00,3,2022-08-22 09:00:00,379.39,47.3,3
2022-08-22 06:00:00,4,2022-08-22 10:00:00,379.39,47.0,3
2022-08-22 06:00:00,5,2022-08-22 11:00:00,379.38,45.3,3
2022-08-22 06:00:00,6,2022-08-22 12:00:00,379.36,43.8,3
2022-08-23 07:00:00,0,2022-08-23 07:00:00,379.39,46.4,3
2022-08-23 07:00:00,1,2022-08-23 08:00:00,379.38,46.0,3
2022-08-23 07:00:00,2,2022-08-23 09:00:00,379.37,45.1,3
2022-08-23 07:00:00,3,2022-08-23 10:00:00,379.36,43.5,3
2022-08-23 07:00:00,4,2022-08-23 11:00:00,379.37,44.2,3
2022-08-23 07:00:00,5,2022-08-23 12:00:00,379.37,44.5,3
2022-08-23 07:00:00,6,2022-08-23 13:00:00,379.36,43.7,3
2022-08-24 07:00:00,0,2022-08-24 07:00:00,379.32,39.2,3
2022-08-24 07:00:00,1,2022-08-24 08:00:00,379.34,41.2,3
2022-08-24 07:00:00,2,2022-08-24 09:00:00,379.37,44.8,3
2022-08-24 07:00:00,3,2022-08-24 10:00:00,379.36,43.6,3
2022-08-24 07:00:00,4,2022-08-24 11:00:00,379.37,44.4,3
2022-08-24 07:00:00,5,2022-08-24 12:00:00,379.37,44.4,3
2022-08-24 07:00:00,6,2022-08-24 13:00:00,379.37,44.5,3
2022-08-25 06:00:00,0,2022-08-25 06:00:00,379.45,53.3,3
2022-08-25 06:00:00,1,2022-08-25 07:00:00,379.46,54.4,3
2022-08-25 06:00:00,2,2022-08-25 08:00:00,379.46,55.2,3
2022-08-25 06:00:00,3,2022-08-25 09:00:00,379.47,55.7,3
2022-08-25 06:00:00,4,2022-08-25 10:00:00,379.46,54.7,3
2022-08-25 06:00:00,5,2022-08-25 11:00:00,379.45,53.5,3
2022-08-25 06:00:00,6,2022-08-25 12:00:00,379.43,51.8,3
2022-08-26 07:00:00,0,2022-08-26 07:00:00,379.5,58.8,3
2022-08-26 07:00:00,1,2022-08-26 08:00:00,379.48,57.4,3
2022-08-26 07:00:00,2,2022-08-26 09:00:00,379.48,56.7,3
2022-08-26 07:00:00,3,2022-08-26 10:00:00,379.49,57.7,3
2022-08-26 07:00:00,4,2022-08-26 11:00:00,379.48,57.1,3
2022-08-26 07:00:00,5,2022-08-26 12:00:00,379.48,57.1,3
2022-08-26 07:00:00,6,2022-08-26 13:00:00,379.48,56.8,3
2022-08-26 21:00:00,0,2022-08-26 21:00:00,379.24,31.7,3
2022-08-26 21:00:00,1,2022-08-26 22:00:00,379.25,32.6,3
2022-08-26 21:00:00,2,2022-08-26 23:00:00,379.26,33.8,3
2022-08-26 21:00:00,3,2022-08-27 00:00:00,379.27,34.3,3
2022-08-26 21:00:00,4,2022-08-27 01:00:00,379.29,36.8,3
2022-08-26 21:00:00,5,2022-08-27 02:00:00,379.33,40.0,3
2022-08-26 21:00:00,6,2022-08-27 03:00:00,379.36,44.0,3
2022-08-27 07:00:00,0,2022-08-27 07:00:00,379.45,53.5,3
2022-08-27 07:00:00,1,2022-08-27 08:00:00,379.43,51.8,3
2022-08-27 07:00:00,2,2022-08-27 09:00:00,379.42,49.8,3
2022-08-27 07:00:00,3,2022-08-27 10:00:00,379.4,48.3,3
2022-08-27 07:00:00,4,2022-08-27 11:00:00,379.38,46.1,3
2022-08-27 07:00:00,5,2022-08-27 12:00:00,379.36,43.6,3
2022-08-27 07:00:00,6,2022-08-27 13:00:00,379.34,41.8,3
2022-08-28 07:00:00,0,2022-08-28 07:00:00,379.44,52.4,3
2022-08-28 07:00:00,1,2022-08-28 08:00:00,379.43,51.8,3
2022-08-28 07:00:00,2,2022-08-28 09:00:00,379.43,51.3,3
2022-08-28 07:00:00,3,2022-08-28 10:00:00,379.43,51.3,3
2022-08-28 07:00:00,4,2022-08-28 11:00:00,379.42,49.8,3
2022-08-28 07:00:00,5,2022-08-28 12:00:00,379.38,45.8,3
2022-08-28 07:00:00,6,2022-08-28 13:00:00,379.37,44.6,3
2022-08-29 08:00:00,0,2022-08-29 08:00:00,379.46,55.0,3
2022-08-29 08:00:00,1,2022-08-29 09:00:00,379.46,55.0,3
2022-08-29 08:00:00,2,2022-08-29 10:00:00,379.44,52.8,3
2022-08-29 08:00:00,3,2022-08-29 11:00:00,379.4,48.1,3
2022-08-29 08:00:00,4,2022-08-29 12:00:00,379.39,47.1,3
2022-08-29 08:00:00,5,2022-08-29 13:00:00,379.39,46.8,3
2022-08-29 08:00:00,6,2022-08-29 14:00:00,379.38,46.0,3
2022-08-30 07:00:00,0,2022-08-30 07:00:00,379.52,62.1,3
2022-08-30 07:00:00,1,2022-08-30 08:00:00,379.56,66.1,3
2022-08-30 07:00:00,2,2022-08-30 09:00:00,379.55,65.0,3
2022-08-30 07:00:00,3,2022-08-30 10:00:00,379.53,62.3,3
2022-08-30 07:00:00,4,2022-08-30 11:00:00,379.51,60.7,3
2022-08-30 07:00:00,5,2022-08-30 12:00:00,379.51,60.0,3
2022-08-30 07:00:00,6,2022-08-30 13:00:00,379.49,58.6,3
2022-08-31 07:00:00,0,2022-08-31 07:00:00,379.49,58.0,3
2022-08-31 07:00:00,1,2022-08-31 08:00:00,379.51,60.0,3
2022-08-31 07:00:00,2,2022-08-31 09:00:00,379.55,65.2,3
2022-08-31 07:00:00,3,2022-08-31 10:00:00,379.71,83.8,3
2022-08-31 07:00:00,4,2022-08-31 11:00:00,379.61,71.9,3
2022-08-31 07:00:00,5,2022-08-31 12:00:00,379.58,68.8,3
2022-08-31 07:00:00,6,2022-08-31 13:00:00,379.52,61.5,3
2022-09-01 07:00:00,0,2022-09-01 07:00:00,379.55,65.5,3
2022-09-01 07:00:00,1,2022-09-01 08:00:00,379.54,64.3,3
2022-09-01 07:00:00,2,2022-09-01 09:00:00,379.51,60.7,3
2022-09-01 07:00:00,3,2022-09-01 10:00:00,379.48,57.3,3
2022-09-01 07:00:00,4,2022-09-01 11:00:00,379.38,45.8,3
2022-09-01 07:00:00,5,2022-09-01 12:00:00,379.37,44.7,3
2022-09-01 07:00:00,6,2022-09-01 13:00:00,379.36,43.6,3
2022-09-02 07:00:00,0,2022-09-02 07:00:00,379.43,51.6,3
2022-09-02 07:00:00,1,2022-09-02 08:00:00,379.42,50.6,3
2022-09-02 07:00:00,2,2022-09-02 09:00:00,379.42,49.6,3
2022-09-02 07:00:00,3,2022-09-02 10:00:00,379.41,49.0,3
2022-09-02 07:00:00,4,2022-09-02 11:00:00,379.38,45.9,3
2022-09-02 07:00:00,5,2022-09-02 12:00:00,379.37,44.7,3
2022-09-02 07:00:00,6,2022-09-02 13:00:00,379.35,43.0,3
2022-09-03 07:00:00,0,2022-09-03 07:00:00,379.42,50.6,3
2022-09-03 07:00:00,1,2022-09-03 08:00:00,379.43,51.8,3
2022-09-03 07:00:00,2,2022-09-03 09:00:00,379.43,51.8,3
2022-09-03 07:00:00,3,2022-09-03 10:00:00,379.42,50.0,3
2022-09-03 07:00:00,4,2022-09-03 11:00:00,379.4,48.2,3
2022-09-03 07:00:00,5,2022-09-03 12:00:00,379.4,47.7,3
2022-09-03 07:00:00,6,2022-09-03 13:00:00,379.49,58.2,3
2022-09-04 07:00:00,0,2022-09-04 07:00:00,379.41,48.9,3
2022-09-04 07:00:00,1,2022-09-04 08:00:00,379.41,48.6,3
2022-09-04 07:00:00,2,2022-09-04 09:00:00,379.4,47.5,3
2022-09-04 07:00:00,3,2022-09-04 10:00:00,379.38,46.0,3
2022-09-04 07:00:00,4,2022-09-04 11:00:00,379.37,45.2,3
2022-09-04 07:00:00,5,2022-09-04 12:00:00,379.37,44.3,3
2022-09-04 07:00:00,6,2022-09-04 13:00:00,379.36,43.9,3
2022-09-05 06:00:00,0,2022-09-05 06:00:00,379.36,43.6,3
2022-09-05 06:00:00,1,2022-09-05 07:00:00,379.35,42.8,3
2022-09-05 06:00:00,2,2022-09-05 08:00:00,379.37,45.2,3
2022-09-05 06:00:00,3,2022-09-05 09:00:00,379.38,45.4,3
2022-09-05 06:00:00,4,2022-09-05 10:00:00,379.38,46.0,3
2022-09-05 06:00:00,5,2022-09-05 11:00:00,379.38,45.4,3
2022-09-05 06:00:00,6,2022-09-05 12:00:00,379.34,41.5,3
2022-09-06 06:00:00,0,2022-09-06 06:00:00,379.41,49.3,3
2022-09-06 06:00:00,1,2022-09-06 07:00:00,379.4,47.9,3
2022-09-06 06:00:00,2,2022-09-06 08:00:00,379.41,49.4,3
2022-09-06 06:00:00,3,2022-09-06 09:00:00,379.42,50.4,3
2022-09-06 06:00:00,4,2022-09-06 10:00:00,379.41,48.7,3
2022-09-06 06:00:00,5,2022-09-06 11:00:00,379.39,46.9,3
2022-09-06 06:00:00,6,2022-09-06 12:00:00,379.39,46.4,3
2022-09-06 14:00:00,0,2022-09-06 14:00:00,379.29,36.2,3
2022-09-06 14:00:00,1,2022-09-06 15:00:00,379.26,33.4,3
2022-09-06 14:00:00,2,2022-09-06 16:00:00,379.27,34.7,3
2022-09-06 14:00:00,3,2022-09-06 17:00:00,379.27,34.6,3
2022-09-06 14:00:00,4,2022-09-06 18:00:00,379.26,34.0,3
2022-09-06 14:00:00,5,2022-09-06 19:00:00,379.26,33.9,3
2022-09-06 14:00:00,6,2022-09-06 20:00:00,379.27,34.1,3
2022-09-06 17:00:00,0,2022-09-06 17:00:00,379.31,38.9,3
2022-09-06 17:00:00,1,2022-09-06 18:00:00,379.27,34.9,3
2022-09-06 17:00:00,2,2022-09-06 19:00:00,379.27,34.7,3
2022-09-06 17:00:00,3,2022-09-06 20:00:00,379.27,34.8,3
2022-09-06 17:00:00,4,2022-09-06 21:00:00,379.25,32.9,3
2022-09-06 17:00:00,5,2022-09-06 22:00:00,379.27,34.2,3
2022-09-06 17:00:00,6,2022-09-06 23:00:00,379.28,35.8,3
2022-09-07 06:00:00,0,2022-09-07 06:00:00,379.43,51.3,3
2022-09-07 06:00:00,1,2022-09-07 07:00:00,379.45,54.0,3
2022-09-07 06:00:00,2,2022-09-07 08:00:00,379.44,52.5,3
2022-09-07 06:00:00,3,2022-09-07 09:00:00,379.42,50.4,3
2022-09-07 06:00:00,4,2022-09-07 10:00:00,379.43,50.8,3
2022-09-07 06:00:00,5,2022-09-07 11:00:00,379.42,50.4,3
2022-09-07 06:00:00,6,2022-09-07 12:00:00,379.41,48.9,3
2022-09-07 14:00:00,0,2022-09-07 14:00:00,379.35,42.0,3
2022-09-07 14:00:00,1,2022-09-07 15:00:00,379.33,40.1,3
2022-09-07 14:00:00,2,2022-09-07 16:00:00,379.35,42.0,3
2022-09-07 14:00:00,3,2022-09-07 17:00:00,379.35,43.0,3
2022-09-07 14:00:00,4,2022-09-07 18:00:00,379.34,41.5,3
2022-09-07 14:00:00,5,2022-09-07 19:00:00,379.32,39.0,3
2022-09-07 14:00:00,6,2022-09-07 20:00:00,379.34,41.7,3
2022-09-07 18:00:00,0,2022-09-07 18:00:00,379.34,41.2,3
2022-09-07 18:00:00,1,2022-09-07 19:00:00,379.31,38.0,3
2022-09-07 18:00:00,2,2022-09-07 20:00:00,379.33,40.3,3
2022-09-07 18:00:00,3,2022-09-07 21:00:00,379.32,39.1,3
2022-09-07 18:00:00,4,2022-09-07 22:00:00,379.33,40.0,3
2022-09-07 18:00:00,5,2022-09-07 23:00:00,379.32,39.4,3
2022-09-07 18:00:00,6,2022-09-08 00:00:00,379.3,37.8,3
2022-09-07 23:00:00,0,2022-09-07 23:00:00,379.3,37.3,3
2022-09-07 23:00:00,1,2022-09-08 00:00:00,379.26,33.8,3
2022-09-07 23:00:00,2,2022-09-08 01:00:00,379.3,37.0,3
2022-09-07 23:00:00,3,2022-09-08 02:00:00,379.33,40.6,3
2022-09-07 23:00:00,4,2022-09-08 03:00:00,379.39,47.0,3
2022-09-07 23:00:00,5,2022-09-08 04:00:00,379.42,50.0,3
2022-09-07 23:00:00,6,2022-09-08 05:00:00,379.45,54.1,3
2022-09-08 06:00:00,0,2022-09-08 06:00:00,379.6,71.3,3
2022-09-08 06:00:00,1,2022-09-08 07:00:00,379.62,73.5,3
2022-09-08 06:00:00,2,2022-09-08 08:00:00,379.59,70.2,3
2022-09-08 06:00:00,3,2022-09-08 09:00:00,379.57,67.4,3
2022-09-08 06:00:00,4,2022-09-08 10:00:00,379.54,64.0,3
2022-09-08 06:00:00,5,2022-09-08 11:00:00,379.52,62.0,3
2022-09-08 06:00:00,6,2022-09-08 12:00:00,379.67,78.9,3
2022-09-09 07:00:00,0,2022-09-09 07:00:00,379.55,64.6,3
2022-09-09 07:00:00,1,2022-09-09 08:00:00,379.52,61.5,3
2022-09-09 07:00:00,2,2022-09-09 09:00:00,379.48,57.0,3
2022-09-09 07:00:00,3,2022-09-09 10:00:00,379.45,53.4,3
2022-09-09 07:00:00,4,2022-09-09 11:00:00,379.41,49.1,3
2022-09-09 07:00:00,5,2022-09-09 12:00:00,379.38,46.2,3
2022-09-09 07:00:00,6,2022-09-09 13:00:00,379.38,45.7,3
2022-09-10 07:00:00,0,2022-09-10 07:00:00,379.38,45.7,3
2022-09-10 07:00:00,1,2022-09-10 08:00:00,379.39,47.3,3
2022-09-10 07:00:00,2,2022-09-10 09:00:00,379.39,47.3,3
2022-09-10 07:00:00,3,2022-09-10 10:00:00,379.37,44.5,3
2022-09-10 07:00:00,4,2022-09-10 11:00:00,379.36,43.4,3
2022-09-10 07:00:00,5,2022-09-10 12:00:00,379.33,40.3,3
2022-09-10 07:00:00,6,2022-09-10 13:00:00,379.3,37.7,3
2022-09-11 07:00:00,0,2022-09-11 07:00:00,379.34,41.4,3
2022-09-11 07:00:00,1,2022-09-11 08:00:00,379.33,40.7,3
2022-09-11 07:00:00,2,2022-09-11 09:00:00,379.32,39.6,3
2022-09-11 07:00:00,3,2022-09-11 10:00:00,379.31,38.5,3
2022-09-11 07:00:00,4,2022-09-11 11:00:00,379.31,38.0,3
2022-09-11 07:00:00,5,2022-09-11 12:00:00,379.3,37.5,3
2022-09-11 07:00:00,6,2022-09-11 13:00:00,379.29,36.2,3
2022-09-12 07:00:00,0,2022-09-12 07:00:00,379.32,39.3,3
2022-09-12 07:00:00,1,2022-09-12 08:00:00,379.33,40.7,3
2022-09-12 07:00:00,2,2022-09-12 09:00:00,379.33,40.0,3
2022-09-12 07:00:00,3,2022-09-12 10:00:00,379.33,40.5,3
2022-09-12 07:00:00,4,2022-09-12 11:00:00,379.31,38.6,3
2022-09-12 07:00:00,5,2022-09-12 12:00:00,379.3,37.0,3
2022-09-12 07:00:00,6,2022-09-12 13:00:00,379.31,38.3,3
2022-09-13 07:00:00,0,2022-09-13 07:00:00,379.32,39.1,3
2022-09-13 07:00:00,1,2022-09-13 08:00:00,379.32,39.5,3
2022-09-13 07:00:00,2,2022-09-13 09:00:00,379.32,39.6,3
2022-09-13 07:00:00,3,2022-09-13 10:00:00,379.34,41.8,3
2022-09-13 07:00:00,4,2022-09-13 11:00:00,379.34,41.4,3
2022-09-13 07:00:00,5,2022-09-13 12:00:00,379.32,39.3,3
2022-09-13 07:00:00,6,2022-09-13 13:00:00,379.3,37.0,3
2022-09-14 07:00:00,0,2022-09-14 07:00:00,379.43,51.4,3
2022-09-14 07:00:00,1,2022-09-14 08:00:00,379.44,51.9,3
2022-09-14 07:00:00,2,2022-09-14 09:00:00,379.43,51.8,3
2022-09-14 07:00:00,3,2022-09-14 10:00:00,379.43,51.3,3
2022-09-14 07:00:00,4,2022-09-14 11:00:00,379.42,50.4,3
2022-09-14 07:00:00,5,2022-09-14 12:00:00,379.41,49.4,3
2022-09-14 07:00:00,6,2022-09-14 13:00:00,379.41,48.5,3
2022-09-15 07:00:00,0,2022-09-15 07:00:00,379.54,63.8,3
2022-09-15 07:00:00,1,2022-09-15 08:00:00,379.53,62.2,3
2022-09-15 07:00:00,2,2022-09-15 09:00:00,379.52,61.8,3
2022-09-15 07:00:00,3,2022-09-15 10:00:00,379.51,60.1,3
2022-09-15 07:00:00,4,2022-09-15 11:00:00,379.5,59.2,3
2022-09-15 07:00:00,5,2022-09-15 12:00:00,379.5,59.7,3
2022-09-15 07:00:00,6,2022-09-15 13:00:00,379.51,60.8,3
2022-09-15 13:00:00,0,2022-09-15 13:00:00,379.53,62.4,3
2022-09-15 13:00:00,1,2022-09-15 14:00:00,379.51,60.1,3
2022-09-15 13:00:00,2,2022-09-15 15:00:00,379.5,59.6,3
2022-09-15 13:00:00,3,2022-09-15 16:00:00,379.51,59.9,3
2022-09-15 13:00:00,4,2022-09-15 17:00:00,379.52,61.3,3
2022-09-15 13:00:00,5,2022-09-15 18:00:00,379.5,58.7,3
2022-09-15 13:00:00,6,2022-09-15 19:00:00,379.47,55.5,3
2022-09-16 07:00:00,0,2022-09-16 07:00:00,379.45,53.8,3
2022-09-16 07:00:00,1,2022-09-16 08:00:00,379.48,56.9,3
2022-09-16 07:00:00,2,2022-09-16 09:00:00,379.5,59.5,3
2022-09-16 07:00:00,3,2022-09-16 10:00:00,379.52,61.2,3
2022-09-16 07:00:00,4,2022-09-16 11:00:00,379.51,60.2,3
2022-09-16 07:00:00,5,2022-09-16 12:00:00,379.5,59.7,3
2022-09-16 07:00:00,6,2022-09-16 13:00:00,379.52,61.8,3
2022-09-16 13:00:00,0,2022-09-16 13:00:00,379.61,72.2,3
2022-09-16 13:00:00,1,2022-09-16 14:00:00,379.53,63.0,3
2022-09-16 13:00:00,2,2022-09-16 15:00:00,379.51,60.2,3
2022-09-16 13:00:00,3,2022-09-16 16:00:00,379.49,58.6,3
2022-09-16 13:00:00,4,2022-09-16 17:00:00,379.48,56.9,3
2022-09-16 13:00:00,5,2022-09-16 18:00:00,379.45,53.5,3
2022-09-16 13:00:00,6,2022-09-16 19:00:00,379.41,49.5,3
2022-09-16 16:00:00,0,2022-09-16 16:00:00,379.54,64.3,3
2022-09-16 16:00:00,1,2022-09-16 17:00:00,379.49,58.3,3
2022-09-16 16:00:00,2,2022-09-16 18:00:00,379.46,54.3,3
2022-09-16 16:00:00,3,2022-09-16 19:00:00,379.42,50.3,3
2022-09-16 16:00:00,4,2022-09-16 20:00:00,379.38,45.4,3
2022-09-16 16:00:00,5,2022-09-16 21:00:00,379.37,44.5,3
2022-09-16 16:00:00,6,2022-09-16 22:00:00,379.35,42.7,3
2022-09-16 18:00:00,0,2022-09-16 18:00:00,379.46,54.3,3
2022-09-16 18:00:00,1,2022-09-16 19:00:00,379.42,50.3,3
2022-09-16 18:00:00,2,2022-09-16 20:00:00,379.38,45.4,3
2022-09-16 18:00:00,3,2022-09-16 21:00:00,379.37,44.5,3
2022-09-16 18:00:00,4,2022-09-16 22:00:00,379.35,42.7,3
2022-09-16 18:00:00,5,2022-09-16 23:00:00,379.35,42.3,3
2022-09-16 18:00:00,6,2022-09-17 00:00:00,379.32,39.8,3
2022-09-17 07:00:00,0,2022-09-17 07:00:00,379.39,46.6,3
2022-09-17 07:00:00,1,2022-09-17 08:00:00,379.41,48.5,3
2022-09-17 07:00:00,2,2022-09-17 09:00:00,379.38,46.1,3
2022-09-17 07:00:00,3,2022-09-17 10:00:00,379.35,42.7,3
2022-09-17 07:00:00,4,2022-09-17 11:00:00,379.34,41.0,3
2022-09-17 07:00:00,5,2022-09-17 12:00:00,379.29,36.9,3
2022-09-17 07:00:00,6,2022-09-17 13:00:00,379.29,36.4,3
2022-09-17 13:00:00,0,2022-09-17 13:00:00,379.34,41.5,3
2022-09-17 13:00:00,1,2022-09-17 14:00:00,379.32,39.3,3
2022-09-17 13:00:00,2,2022-09-17 15:00:00,379.29,36.9,3
2022-09-17 13:00:00,3,2022-09-17 16:00:00,379.27,35.0,3
2022-09-17 13:00:00,4,2022-09-17 17:00:00,379.28,35.2,3
2022-09-17 13:00:00,5,2022-09-17 18:00:00,379.26,33.7,3
2022-09-17 13:00:00,6,2022-09-17 19:00:00,379.21,29.5,3
2022-09-18 07:00:00,0,2022-09-18 07:00:00,379.15,24.9,3
2022-09-18 07:00:00,1,2022-09-18 08:00:00,379.17,26.2,3
2022-09-18 07:00:00,2,2022-09-18 09:00:00,379.22,30.0,3
2022-09-18 07:00:00,3,2022-09-18 10:00:00,379.21,29.8,3
2022-09-18 07:00:00,4,2022-09-18 11:00:00,379.19,27.7,3
2022-09-18 07:00:00,5,2022-09-18 12:00:00,379.17,26.6,3
2022-09-18 07:00:00,6,2022-09-18 13:00:00,379.18,27.2,3
2022-09-19 07:00:00,0,2022-09-19 07:00:00,379.17,26.6,3
2022-09-19 07:00:00,1,2022-09-19 08:00:00,379.13,23.7,3
2022-09-19 07:00:00,2,2022-09-19 09:00:00,379.08,20.3,3
2022-09-19 07:00:00,3,2022-09-19 10:00:00,379.15,25.0,3
2022-09-19 07:00:00,4,2022-09-19 11:00:00,379.16,25.9,3
2022-09-19 07:00:00,5,2022-09-19 12:00:00,379.15,25.2,3
2022-09-19 07:00:00,6,2022-09-19 13:00:00,379.13,23.6,3
2022-09-20 14:00:00,0,2022-09-20 14:00:00,379.19,27.8,3
2022-09-20 14:00:00,1,2022-09-20 15:00:00,379.13,23.3,3
2022-09-20 14:00:00,2,2022-09-20 16:00:00,379.13,23.3,3
2022-09-20 14:00:00,3,2022-09-20 17:00:00,379.11,22.3,3
2022-09-20 14:00:00,4,2022-09-20 18:00:00,379.08,20.5,3
2022-09-20 14:00:00,5,2022-09-20 19:00:00,379.08,20.1,3
2022-09-20 14:00:00,6,2022-09-20 20:00:00,379.08,20.3,3
2022-09-21 08:00:00,0,2022-09-21 08:00:00,379.06,18.8,3
2022-09-21 08:00:00,1,2022-09-21 09:00:00,379.05,18.4,3
2022-09-21 08:00:00,2,2022-09-21 10:00:00,379.06,18.7,3
2022-09-21 08:00:00,3,2022-09-21 11:00:00,379.11,22.3,3
2022-09-21 08:00:00,4,2022-09-21 12:00:00,379.1,21.6,3
2022-09-21 08:00:00,5,2022-09-21 13:00:00,379.12,22.7,3
2022-09-21 08:00:00,6,2022-09-21 14:00:00,379.14,24.4,3
2022-09-22 07:00:00,0,2022-09-22 07:00:00,379.11,22.3,3
2022-09-22 07:00:00,1,2022-09-22 08:00:00,379.07,19.8,3
2022-09-22 07:00:00,2,2022-09-22 09:00:00,379.07,19.5,3
2022-09-22 07:00:00,3,2022-09-22 10:00:00,379.1,21.4,3
2022-09-22 07:00:00,4,2022-09-22 11:00:00,379.13,23.4,3
2022-09-22 07:00:00,5,2022-09-22 12:00:00,379.18,27.0,3
2022-09-22 07:00:00,6,2022-09-22 13:00:00,379.17,26.5,3
2022-09-23 07:00:00,0,2022-09-23 07:00:00,379.05,18.2,3
2022-09-23 07:00:00,1,2022-09-23 08:00:00,379.12,22.5,3
2022-09-23 07:00:00,2,2022-09-23 09:00:00,379.13,23.4,3
2022-09-23 07:00:00,3,2022-09-23 10:00:00,379.09,20.6,3
2022-09-23 07:00:00,4,2022-09-23 11:00:00,379.11,21.9,3
2022-09-23 07:00:00,5,2022-09-23 12:00:00,379.13,23.6,3
2022-09-23 07:00:00,6,2022-09-23 13:00:00,379.12,22.8,3
2022-09-24 07:00:00,0,2022-09-24 07:00:00,379.05,18.2,3
2022-09-24 07:00:00,1,2022-09-24 08:00:00,379.05,18.2,3
2022-09-24 07:00:00,2,2022-09-24 09:00:00,379.05,18.2,3
2022-09-24 07:00:00,3,2022-09-24 10:00:00,379.1,21.5,3
2022-09-24 07:00:00,4,2022-09-24 11:00:00,379.17,26.0,3
2022-09-24 07:00:00,5,2022-09-24 12:00:00,379.19,27.7,3
2022-09-24 07:00:00,6,2022-09-24 13:00:00,379.18,27.2,3
2022-09-25 07:00:00,0,2022-09-25 07:00:00,379.18,26.9,3
2022-09-25 07:00:00,1,2022-09-25 08:00:00,379.18,27.3,3
2022-09-25 07:00:00,2,2022-09-25 09:00:00,379.2,29.0,3
2022-09-25 07:00:00,3,2022-09-25 10:00:00,379.2,28.6,3
2022-09-25 07:00:00,4,2022-09-25 11:00:00,379.19,27.9,3
2022-09-25 07:00:00,5,2022-09-25 12:00:00,379.17,26.6,3
2022-09-25 07:00:00,6,2022-09-25 13:00:00,379.17,26.3,3
2022-09-26 07:00:00,0,2022-09-26 07:00:00,379.18,27.3,3
2022-09-26 07:00:00,1,2022-09-26 08:00:00,379.15,24.6,3
2022-09-26 07:00:00,2,2022-09-26 09:00:00,379.12,22.7,3
2022-09-26 07:00:00,3,2022-09-26 10:00:00,379.19,27.7,3
2022-09-26 07:00:00,4,2022-09-26 11:00:00,379.2,28.7,3
2022-09-26 07:00:00,5,2022-09-26 12:00:00,379.2,28.8,3
2022-09-26 07:00:00,6,2022-09-26 13:00:00,379.21,29.6,3
2022-09-26 12:00:00,0,2022-09-26 12:00:00,379.27,34.8,3
2022-09-26 12:00:00,1,2022-09-26 13:00:00,379.21,29.1,3
2022-09-26 12:00:00,2,2022-09-26 14:00:00,379.25,33.0,3
2022-09-26 12:00:00,3,2022-09-26 15:00:00,379.21,29.4,3
2022-09-26 12:00:00,4,2022-09-26 16:00:00,379.2,28.9,3
2022-09-26 12:00:00,5,2022-09-26 17:00:00,379.16,25.8,3
2022-09-26 12:00:00,6,2022-09-26 18:00:00,379.16,25.5,3
2022-09-27 07:00:00,0,2022-09-27 07:00:00,379.12,23.1,3
2022-09-27 07:00:00,1,2022-09-27 08:00:00,379.14,24.0,3
2022-09-27 07:00:00,2,2022-09-27 09:00:00,379.15,24.8,3
2022-09-27 07:00:00,3,2022-09-27 10:00:00,379.14,24.5,3
2022-09-27 07:00:00,4,2022-09-27 11:00:00,379.19,27.5,3
2022-09-27 07:00:00,5,2022-09-27 12:00:00,379.19,28.1,3
2022-09-27 07:00:00,6,2022-09-27 13:00:00,379.18,27.5,3
2022-09-27 14:00:00,0,2022-09-27 14:00:00,379.22,30.6,3
2022-09-27 14:00:00,1,2022-09-27 15:00:00,379.19,28.0,3
2022-09-27 14:00:00,2,2022-09-27 16:00:00,379.16,25.6,3
2022-09-27 14:00:00,3,2022-09-27 17:00:00,379.13,23.5,3
2022-09-27 14:00:00,4,2022-09-27 18:00:00,379.12,22.6,3
2022-09-27 14:00:00,5,2022-09-27 19:00:00,379.11,22.2,3
2022-09-27 14:00:00,6,2022-09-27 20:00:00,379.11,22.1,3
2022-09-28 07:00:00,0,2022-09-28 07:00:00,379.14,24.4,3
2022-09-28 07:00:00,1,2022-09-28 08:00:00,379.16,25.4,3
2022-09-28 07:00:00,2,2022-09-28 09:00:00,379.16,26.0,3
2022-09-28 07:00:00,3,2022-09-28 10:00:00,379.22,29.9,3
2022-09-28 07:00:00,4,2022-09-28 11:00:00,379.25,33.0,3
2022-09-28 07:00:00,5,2022-09-28 12:00:00,379.24,31.7,3
2022-09-28 07:00:00,6,2022-09-28 13:00:00,379.24,31.8,3
2022-09-28 11:00:00,0,2022-09-28 11:00:00,379.36,43.6,3
2022-09-28 11:00:00,1,2022-09-28 12:00:00,379.36,43.6,3
2022-09-28 11:00:00,2,2022-09-28 13:00:00,379.38,46.2,3
2022-09-28 11:00:00,3,2022-09-28 14:00:00,379.42,49.9,3
2022-09-28 11:00:00,4,2022-09-28 15:00:00,379.41,49.1,3
2022-09-28 11:00:00,5,2022-09-28 16:00:00,379.49,58.1,3
2022-09-28 11:00:00,6,2022-09-28 17:00:00,379.73,87.0,3
2022-09-28 15:00:00,0,2022-09-28 15:00:00,379.43,51.7,3
2022-09-28 15:00:00,1,2022-09-28 16:00:00,379.42,49.9,3
2022-09-28 15:00:00,2,2022-09-28 17:00:00,379.42,50.2,3
2022-09-28 15:00:00,3,2022-09-28 18:00:00,379.83,99.5,3
2022-09-28 15:00:00,4,2022-09-28 19:00:00,379.87,103.7,3
2022-09-28 15:00:00,5,2022-09-28 20:00:00,379.96,115.8,3
2022-09-28 15:00:00,6,2022-09-28 21:00:00,380.14,141.0,3
2022-09-28 17:00:00,0,2022-09-28 17:00:00,379.45,53.1,3
2022-09-28 17:00:00,1,2022-09-28 18:00:00,379.84,100.7,3
2022-09-28 17:00:00,2,2022-09-28 19:00:00,379.88,105.6,3
2022-09-28 17:00:00,3,2022-09-28 20:00:00,380.01,122.5,3
2022-09-28 17:00:00,4,2022-09-28 21:00:00,380.19,148.9,3
2022-09-28 17:00:00,5,2022-09-28 22:00:00,380.24,156.1,3
2022-09-28 17:00:00,6,2022-09-28 23:00:00,380.26,158.6,3
2022-09-28 18:00:00,0,2022-09-28 18:00:00,379.84,100.7,3
2022-09-28 18:00:00,1,2022-09-28 19:00:00,379.88,105.6,3
2022-09-28 18:00:00,2,2022-09-28 20:00:00,380.01,122.5,3
2022-09-28 18:00:00,3,2022-09-28 21:00:00,380.19,148.9,3
2022-09-28 18:00:00,4,2022-09-28 22:00:00,380.24,156.1,3
2022-09-28 18:00:00,5,2022-09-28 23:00:00,380.26,158.6,3
2022-09-28 18:00:00,6,2022-09-29 00:00:00,380.21,151.5,3
2022-09-28 21:00:00,0,2022-09-28 21:00:00,380.43,185.2,3
2022-09-28 21:00:00,1,2022-09-28 22:00:00,380.4,180.8,3
2022-09-28 21:00:00,2,2022-09-28 23:00:00,380.46,189.2,3
2022-09-28 21:00:00,3,2022-09-29 00:00:00,380.49,195.2,3
2022-09-28 21:00:00,4,2022-09-29 01:00:00,380.53,201.4,3
2022-09-28 21:00:00,5,2022-09-29 02:00:00,380.58,209.3,3
2022-09-28 21:00:00,6,2022-09-29 03:00:00,380.49,195.1,3
2022-09-29 07:00:00,0,2022-09-29 07:00:00,380.49,194.7,3
2022-09-29 07:00:00,1,2022-09-29 08:00:00,380.3,165.3,3
2022-09-29 07:00:00,2,2022-09-29 09:00:00,380.24,155.4,3
2022-09-29 07:00:00,3,2022-09-29 10:00:00,380.23,153.9,3
2022-09-29 07:00:00,4,2022-09-29 11:00:00,380.2,150.2,3
2022-09-29 07:00:00,5,2022-09-29 12:00:00,380.16,144.3,3
2022-09-29 07:00:00,6,2022-09-29 13:00:00,380.15,142.2,3
2022-09-29 11:00:00,0,2022-09-29 11:00:00,380.38,176.9,3
2022-09-29 11:00:00,1,2022-09-29 12:00:00,380.35,173.1,3
2022-09-29 11:00:00,2,2022-09-29 13:00:00,380.28,161.8,3
2022-09-29 11:00:00,3,2022-09-29 14:00:00,380.25,158.1,3
2022-09-29 11:00:00,4,2022-09-29 15:00:00,380.22,152.8,3
2022-09-29 11:00:00,5,2022-09-29 16:00:00,380.15,143.1,3
2022-09-29 11:00:00,6,2022-09-29 17:00:00,380.13,140.1,3
2022-09-29 16:00:00,0,2022-09-29 16:00:00,380.4,179.8,3
2022-09-29 16:00:00,1,2022-09-29 17:00:00,380.22,152.3,3
2022-09-29 16:00:00,2,2022-09-29 18:00:00,380.2,149.4,3
2022-09-29 16:00:00,3,2022-09-29 19:00:00,380.12,138.5,3
2022-09-29 16:00:00,4,2022-09-29 20:00:00,380.11,136.9,3
2022-09-29 16:00:00,5,2022-09-29 21:00:00,380.06,130.7,3
2022-09-29 16:00:00,6,2022-09-29 22:00:00,379.99,120.1,3
2022-09-30 07:00:00,0,2022-09-30 07:00:00,379.74,88.1,3
2022-09-30 07:00:00,1,2022-09-30 08:00:00,379.7,82.9,3
2022-09-30 07:00:00,2,2022-09-30 09:00:00,379.66,78.2,3
2022-09-30 07:00:00,3,2022-09-30 10:00:00,379.64,75.1,3
2022-09-30 07:00:00,4,2022-09-30 11:00:00,379.69,81.1,3
2022-09-30 07:00:00,5,2022-09-30 12:00:00,379.7,82.8,3
2022-09-30 07:00:00,6,2022-09-30 13:00:00,379.66,77.9,3
2022-10-01 06:00:00,0,2022-10-01 06:00:00,379.37,44.9,3
2022-10-01 06:00:00,1,2022-10-01 07:00:00,379.37,44.9,3
2022-10-01 06:00:00,2,2022-10-01 08:00:00,379.35,42.8,3
2022-10-01 06:00:00,3,2022-10-01 09:00:00,379.36,43.5,3
2022-10-01 06:00:00,4,2022-10-01 10:00:00,379.36,43.5,3
2022-10-01 06:00:00,5,2022-10-01 11:00:00,379.35,42.1,3
2022-10-01 06:00:00,6,2022-10-01 12:00:00,379.32,39.2,3
2022-10-01 17:00:00,0,2022-10-01 17:00:00,379.39,46.8,3
2022-10-01 17:00:00,1,2022-10-01 18:00:00,379.33,40.8,3
2022-10-01 17:00:00,2,2022-10-01 19:00:00,379.33,40.6,3
2022-10-01 17:00:00,3,2022-10-01 20:00:00,379.32,39.8,3
2022-10-01 17:00:00,4,2022-10-01 21:00:00,379.34,41.5,3
2022-10-01 17:00:00,5,2022-10-01 22:00:00,379.35,42.7,3
2022-10-01 17:00:00,6,2022-10-01 23:00:00,379.4,48.1,3
2022-10-01 23:00:00,0,2022-10-01 23:00:00,379.46,54.4,3
2022-10-01 23:00:00,1,2022-10-02 00:00:00,379.46,54.9,3
2022-10-01 23:00:00,2,2022-10-02 01:00:00,379.52,61.9,3
2022-10-01 23:00:00,3,2022-10-02 02:00:00,379.65,76.3,3
2022-10-01 23:00:00,4,2022-10-02 03:00:00,379.94,113.0,3
2022-10-01 23:00:00,5,2022-10-02 04:00:00,380.31,166.9,3
2022-10-01 23:00:00,6,2022-10-02 05:00:00,380.41,181.4,3
2022-10-02 06:00:00,0,2022-10-02 06:00:00,381.5,390.2,3
2022-10-02 06:00:00,1,2022-10-02 07:00:00,381.62,418.4,3
2022-10-02 06:00:00,2,2022-10-02 08:00:00,381.66,426.5,3
2022-10-02 06:00:00,3,2022-10-02 09:00:00,381.62,417.8,3
2022-10-02 06:00:00,4,2022-10-02 10:00:00,381.56,404.0,3
2022-10-02 06:00:00,5,2022-10-02 11:00:00,381.36,359.3,3
2022-10-02 06:00:00,6,2022-10-02 12:00:00,381.19,323.2,3
2022-10-02 09:00:00,0,2022-10-02 09:00:00,381.62,417.8,3
2022-10-02 09:00:00,1,2022-10-02 10:00:00,381.56,404.0,3
2022-10-02 09:00:00,2,2022-10-02 11:00:00,381.36,359.3,3
2022-10-02 09:00:00,3,2022-10-02 12:00:00,381.19,323.2,3
2022-10-02 09:00:00,4,2022-10-02 13:00:00,381.01,287.7,3
2022-10-02 09:00:00,5,2022-10-02 14:00:00,380.87,260.9,3
2022-10-02 09:00:00,6,2022-10-02 15:00:00,380.76,240.0,3
2022-10-02 18:00:00,0,2022-10-02 18:00:00,381.0,285.7,3
2022-10-02 18:00:00,1,2022-10-02 19:00:00,380.88,262.8,3
2022-10-02 18:00:00,2,2022-10-02 20:00:00,380.74,237.1,3
2022-10-02 18:00:00,3,2022-10-02 21:00:00,380.66,223.8,3
2022-10-02 18:00:00,4,2022-10-02 22:00:00,380.48,192.7,3
2022-10-02 18:00:00,5,2022-10-02 23:00:00,380.46,190.3,3
2022-10-02 18:00:00,6,2022-10-03 00:00:00,380.42,183.1,3
2022-10-02 20:00:00,0,2022-10-02 20:00:00,380.8,248.2,3
2022-10-02 20:00:00,1,2022-10-02 21:00:00,380.73,235.9,3
2022-10-02 20:00:00,2,2022-10-02 22:00:00,380.69,228.8,3
2022-10-02 20:00:00,3,2022-10-02 23:00:00,380.63,217.1,3
2022-10-02 20:00:00,4,2022-10-03 00:00:00,380.43,185.2,3
2022-10-02 20:00:00,5,2022-10-03 01:00:00,380.42,183.0,3
2022-10-02 20:00:00,6,2022-10-03 02:00:00,380.36,174.6,3
2022-10-03 07:00:00,0,2022-10-03 07:00:00,380.44,186.9,3
2022-10-03 07:00:00,1,2022-10-03 08:00:00,380.37,176.2,3
2022-10-03 07:00:00,2,2022-10-03 09:00:00,380.2,149.5,3
2022-10-03 07:00:00,3,2022-10-03 10:00:00,380.15,142.5,3
2022-10-03 07:00:00,4,2022-10-03 11:00:00,380.07,131.2,3
2022-10-03 07:00:00,5,2022-10-03 12:00:00,380.09,133.8,3
2022-10-03 07:00:00,6,2022-10-03 13:00:00,380.09,133.6,3
2022-10-04 07:00:00,0,2022-10-04 07:00:00,379.62,73.5,3
2022-10-04 07:00:00,1,2022-10-04 08:00:00,379.67,78.7,3
2022-10-04 07:00:00,2,2022-10-04 09:00:00,379.59,69.2,3
2022-10-04 07:00:00,3,2022-10-04 10:00:00,379.62,73.3,3
2022-10-04 07:00:00,4,2022-10-04 11:00:00,379.62,72.9,3
2022-10-04 07:00:00,5,2022-10-04 12:00:00,379.65,76.5,3
2022-10-04 07:00:00,6,2022-10-04 13:00:00,379.62,72.9,3
2022-10-05 07:00:00,0,2022-10-05 07:00:00,379.23,31.2,3
2022-10-05 07:00:00,1,2022-10-05 08:00:00,379.23,31.3,3
2022-10-05 07:00:00,2,2022-10-05 09:00:00,379.27,34.6,3
2022-10-05 07:00:00,3,2022-10-05 10:00:00,379.36,43.8,3
2022-10-05 07:00:00,4,2022-10-05 11:00:00,379.37,44.2,3
2022-10-05 07:00:00,5,2022-10-05 12:00:00,379.36,43.9,3
2022-10-05 07:00:00,6,2022-10-05 13:00:00,379.45,53.5,3
2022-10-06 07:00:00,0,2022-10-06 07:00:00,379.3,37.4,3
2022-10-06 07:00:00,1,2022-10-06 08:00:00,379.31,38.0,3
2022-10-06 07:00:00,2,2022-10-06 09:00:00,379.32,39.9,3
2022-10-06 07:00:00,3,2022-10-06 10:00:00,379.34,41.0,3
2022-10-06 07:00:00,4,2022-10-06 11:00:00,379.32,39.1,3
2022-10-06 07:00:00,5,2022-10-06 12:00:00,379.28,35.1,3
2022-10-06 07:00:00,6,2022-10-06 13:00:00,379.31,38.8,3
2022-10-07 07:00:00,0,2022-10-07 07:00:00,379.28,35.2,3
2022-10-07 07:00:00,1,2022-10-07 08:00:00,379.28,35.3,3
2022-10-07 07:00:00,2,2022-10-07 09:00:00,379.27,34.9,3
2022-10-07 07:00:00,3,2022-10-07 10:00:00,379.27,34.7,3
2022-10-07 07:00:00,4,2022-10-07 11:00:00,379.27,34.5,3
2022-10-07 07:00:00,5,2022-10-07 12:00:00,379.26,33.9,3
2022-10-07 07:00:00,6,2022-10-07 13:00:00,379.26,33.7,3
2022-10-08 07:00:00,0,2022-10-08 07:00:00,379.21,29.8,3
2022-10-08 07:00:00,1,2022-10-08 08:00:00,379.21,29.4,3
2022-10-08 07:00:00,2,2022-10-08 09:00:00,379.21,29.3,3
2022-10-08 07:00:00,3,2022-10-08 10:00:00,379.26,33.8,3
2022-10-08 07:00:00,4,2022-10-08 11:00:00,379.27,34.6,3
2022-10-08 07:00:00,5,2022-10-08 12:00:00,379.24,32.2,3
2022-10-08 07:00:00,6,2022-10-08 13:00:00,379.24,32.2,3
2022-10-09 07:00:00,0,2022-10-09 07:00:00,379.22,30.0,3
2022-10-09 07:00:00,1,2022-10-09 08:00:00,379.22,30.2,3
2022-10-09 07:00:00,2,2022-10-09 09:00:00,379.23,30.9,3
2022-10-09 07:00:00,3,2022-10-09 10:00:00,379.27,35.0,3
2022-10-09 07:00:00,4,2022-10-09 11:00:00,379.26,34.0,3
2022-10-09 07:00:00,5,2022-10-09 12:00:00,379.25,32.7,3
2022-10-09 07:00:00,6,2022-10-09 13:00:00,379.25,32.4,3
2022-10-10 07:00:00,0,2022-10-10 07:00:00,379.2,28.7,3
2022-10-10 07:00:00,1,2022-10-10 08:00:00,379.2,28.3,3
2022-10-10 07:00:00,2,2022-10-10 09:00:00,379.19,27.5,3
2022-10-10 07:00:00,3,2022-10-10 10:00:00,379.24,32.3,3
2022-10-10 07:00:00,4,2022-10-10 11:00:00,379.25,33.2,3
2022-10-10 07:00:00,5,2022-10-10 12:00:00,379.2,28.6,3
2022-10-10 07:00:00,6,2022-10-10 13:00:00,379.19,28.0,3
2022-10-11 07:00:00,0,2022-10-11 07:00:00,379.15,24.9,3
2022-10-11 07:00:00,1,2022-10-11 08:00:00,379.17,26.2,3
2022-10-11 07:00:00,2,2022-10-11 09:00:00,379.14,24.5,3
2022-10-11 07:00:00,3,2022-10-11 10:00:00,379.16,25.6,3
2022-10-11 07:00:00,4,2022-10-11 11:00:00,379.25,32.6,3
2022-10-11 07:00:00,5,2022-10-11 12:00:00,379.2,29.0,3
2022-10-11 07:00:00,6,2022-10-11 13:00:00,379.2,28.6,3
2022-10-12 06:00:00,0,2022-10-12 06:00:00,379.13,23.3,3
2022-10-12 06:00:00,1,2022-10-12 07:00:00,379.11,22.4,3
2022-10-12 06:00:00,2,2022-10-12 08:00:00,379.17,26.4,3
2022-10-12 06:00:00,3,2022-10-12 09:00:00,379.18,26.8,3
2022-10-12 06:00:00,4,2022-10-12 10:00:00,379.19,28.1,3
2022-10-12 06:00:00,5,2022-10-12 11:00:00,379.2,28.3,3
2022-10-12 06:00:00,6,2022-10-12 12:00:00,379.19,27.8,3
2022-10-13 07:00:00,0,2022-10-13 07:00:00,379.11,22.4,3
2022-10-13 07:00:00,1,2022-10-13 08:00:00,379.19,27.5,3
2022-10-13 07:00:00,2,2022-10-13 09:00:00,379.18,27.4,3
2022-10-13 07:00:00,3,2022-10-13 10:00:00,379.15,25.2,3
2022-10-13 07:00:00,4,2022-10-13 11:00:00,379.19,28.2,3
2022-10-13 07:00:00,5,2022-10-13 12:00:00,379.24,31.5,3
2022-10-13 07:00:00,6,2022-10-13 13:00:00,379.19,27.6,3
2022-10-14 07:00:00,0,2022-10-14 07:00:00,379.16,25.9,3
2022-10-14 07:00:00,1,2022-10-14 08:00:00,379.15,24.8,3
2022-10-14 07:00:00,2,2022-10-14 09:00:00,379.16,25.3,3
2022-10-14 07:00:00,3,2022-10-14 10:00:00,379.15,25.1,3
2022-10-14 07:00:00,4,2022-10-14 11:00:00,379.21,29.1,3
2022-10-14 07:00:00,5,2022-10-14 12:00:00,379.23,31.2,3
2022-10-14 07:00:00,6,2022-10-14 13:00:00,379.18,26.9,3
2022-10-14 22:00:00,0,2022-10-14 22:00:00,379.16,25.6,3
2022-10-14 22:00:00,1,2022-10-14 23:00:00,379.15,25.1,3
2022-10-14 22:00:00,2,2022-10-15 00:00:00,379.12,22.9,3
2022-10-14 22:00:00,3,2022-10-15 01:00:00,379.17,26.5,3
2022-10-14 22:00:00,4,2022-10-15 02:00:00,379.2,28.8,3
2022-10-14 22:00:00,5,2022-10-15 03:00:00,379.15,25.2,3
2022-10-14 22:00:00,6,2022-10-15 04:00:00,379.13,23.4,3
2022-10-15 06:00:00,0,2022-10-15 06:00:00,379.14,24.4,3
2022-10-15 06:00:00,1,2022-10-15 07:00:00,379.12,22.7,3
2022-10-15 06:00:00,2,2022-10-15 08:00:00,379.12,22.8,3
2022-10-15 06:00:00,3,2022-10-15 09:00:00,379.17,26.4,3
2022-10-15 06:00:00,4,2022-10-15 10:00:00,379.27,34.3,3
2022-10-15 06:00:00,5,2022-10-15 11:00:00,379.32,39.4,3
2022-10-15 06:00:00,6,2022-10-15 12:00:00,379.33,41.0,3
2022-10-15 07:00:00,0,2022-10-15 07:00:00,379.11,22.1,3
2022-10-15 07:00:00,1,2022-10-15 08:00:00,379.12,22.5,3
2022-10-15 07:00:00,2,2022-10-15 09:00:00,379.14,24.0,3
2022-10-15 07:00:00,3,2022-10-15 10:00:00,379.15,24.8,3
2022-10-15 07:00:00,4,2022-10-15 11:00:00,379.21,29.8,3
2022-10-15 07:00:00,5,2022-10-15 12:00:00,379.23,31.0,3
2022-10-15 07:00:00,6,2022-10-15 13:00:00,379.21,29.8,3
2022-10-16 07:00:00,0,2022-10-16 07:00:00,379.14,24.5,3
2022-10-16 07:00:00,1,2022-10-16 08:00:00,379.16,25.9,3
2022-10-16 07:00:00,2,2022-10-16 09:00:00,379.15,24.6,3
2022-10-16 07:00:00,3,2022-10-16 10:00:00,379.16,25.7,3
2022-10-16 07:00:00,4,2022-10-16 11:00:00,379.19,27.9,3
2022-10-16 07:00:00,5,2022-10-16 12:00:00,379.24,31.6,3
2022-10-16 07:00:00,6,2022-10-16 13:00:00,379.19,27.5,3
2022-10-17 07:00:00,0,2022-10-17 07:00:00,379.08,20.5,3
2022-10-17 07:00:00,1,2022-10-17 08:00:00,379.11,22.2,3
2022-10-17 07:00:00,2,2022-10-17 09:00:00,379.13,23.5,3
2022-10-17 07:00:00,3,2022-10-17 10:00:00,379.15,25.0,3
2022-10-17 07:00:00,4,2022-10-17 11:00:00,379.19,27.5,3
2022-10-17 07:00:00,5,2022-10-17 12:00:00,379.23,30.9,3
2022-10-17 07:00:00,6,2022-10-17 13:00:00,379.16,25.5,3
2022-10-17 16:00:00,0,2022-10-17 16:00:00,379.25,33.1,3
2022-10-17 16:00:00,1,2022-10-17 17:00:00,379.23,31.5,3
2022-10-17 16:00:00,2,2022-10-17 18:00:00,379.15,24.9,3
2022-10-17 16:00:00,3,2022-10-17 19:00:00,379.14,24.2,3
2022-10-17 16:00:00,4,2022-10-17 20:00:00,379.15,24.8,3
2022-10-17 16:00:00,5,2022-10-17 21:00:00,379.16,25.8,3
2022-10-17 16:00:00,6,2022-10-17 22:00:00,379.16,25.6,3
2022-10-18 06:00:00,0,2022-10-18 06:00:00,379.07,19.5,3
2022-10-18 06:00:00,1,2022-10-18 07:00:00,379.12,22.9,3
2022-10-18 06:00:00,2,2022-10-18 08:00:00,379.24,31.8,3
2022-10-18 06:00:00,3,2022-10-18 09:00:00,379.2,28.4,3
2022-10-18 06:00:00,4,2022-10-18 10:00:00,379.19,28.1,3
2022-10-18 06:00:00,5,2022-10-18 11:00:00,379.19,28.0,3
2022-10-18 06:00:00,6,2022-10-18 12:00:00,379.19,28.2,3
2022-10-18 07:00:00,0,2022-10-18 07:00:00,379.12,22.9,3
2022-10-18 07:00:00,1,2022-10-18 08:00:00,379.24,31.8,3
2022-10-18 07:00:00,2,2022-10-18 09:00:00,379.2,28.4,3
2022-10-18 07:00:00,3,2022-10-18 10:00:00,379.19,28.1,3
2022-10-18 07:00:00,4,2022-10-18 11:00:00,379.19,28.0,3
2022-10-18 07:00:00,5,2022-10-18 12:00:00,379.19,28.2,3
2022-10-18 07:00:00,6,2022-10-18 13:00:00,379.21,29.4,3
2022-10-18 09:00:00,0,2022-10-18 09:00:00,379.2,28.4,3
2022-10-18 09:00:00,1,2022-10-18 10:00:00,379.19,28.1,3
2022-10-18 09:00:00,2,2022-10-18 11:00:00,379.19,28.0,3
2022-10-18 09:00:00,3,2022-10-18 12:00:00,379.19,28.2,3
2022-10-18 09:00:00,4,2022-10-18 13:00:00,379.21,29.4,3
2022-10-18 09:00:00,5,2022-10-18 14:00:00,379.15,24.9,3
2022-10-18 09:00:00,6,2022-10-18 15:00:00,379.11,22.4,3
2022-10-19 07:00:00,0,2022-10-19 07:00:00,379.13,23.8,3
2022-10-19 07:00:00,1,2022-10-19 08:00:00,379.13,23.2,3
2022-10-19 07:00:00,2,2022-10-19 09:00:00,379.1,21.7,3
2022-10-19 07:00:00,3,2022-10-19 10:00:00,379.12,23.1,3
2022-10-19 07:00:00,4,2022-10-19 11:00:00,379.16,25.6,3
2022-10-19 07:00:00,5,2022-10-19 12:00:00,379.17,26.1,3
2022-10-19 07:00:00,6,2022-10-19 13:00:00,379.17,26.6,3
2022-10-20 06:00:00,0,2022-10-20 06:00:00,379.11,21.9,3
2022-10-20 06:00:00,1,2022-10-20 07:00:00,379.1,21.4,3
2022-10-20 06:00:00,2,2022-10-20 08:00:00,379.07,19.8,3
2022-10-20 06:00:00,3,2022-10-20 09:00:00,379.08,20.0,3
2022-10-20 06:00:00,4,2022-10-20 10:00:00,379.1,21.6,3
2022-10-20 06:00:00,5,2022-10-20 11:00:00,379.15,25.2,3
2022-10-20 06:00:00,6,2022-10-20 12:00:00,379.2,28.3,3
2022-10-20 07:00:00,0,2022-10-20 07:00:00,379.1,21.8,3
2022-10-20 07:00:00,1,2022-10-20 08:00:00,379.08,20.4,3
2022-10-20 07:00:00,2,2022-10-20 09:00:00,379.08,20.5,3
2022-10-20 07:00:00,3,2022-10-20 10:00:00,379.11,22.0,3
2022-10-20 07:00:00,4,2022-10-20 11:00:00,379.13,23.5,3
2022-10-20 07:00:00,5,2022-10-20 12:00:00,379.14,24.4,3
2022-10-20 07:00:00,6,2022-10-20 13:00:00,379.17,26.5,3
2022-10-20 08:00:00,0,2022-10-20 08:00:00,379.08,20.4,3
2022-10-20 08:00:00,1,2022-10-20 09:00:00,379.08,20.5,3
2022-10-20 08:00:00,2,2022-10-20 10:00:00,379.11,22.0,3
2022-10-20 08:00:00,3,2022-10-20 11:00:00,379.13,23.5,3
2022-10-20 08:00:00,4,2022-10-20 12:00:00,379.14,24.4,3
2022-10-20 08:00:00,5,2022-10-20 13:00:00,379.17,26.5,3
2022-10-20 08:00:00,6,2022-10-20 14:00:00,379.16,25.9,3
2022-10-21 07:00:00,0,2022-10-21 07:00:00,379.17,26.1,3
2022-10-21 07:00:00,1,2022-10-21 08:00:00,379.18,27.3,3
2022-10-21 07:00:00,2,2022-10-21 09:00:00,379.24,32.2,3
2022-10-21 07:00:00,3,2022-10-21 10:00:00,379.27,34.7,3
2022-10-21 07:00:00,4,2022-10-21 11:00:00,379.35,42.7,3
2022-10-21 07:00:00,5,2022-10-21 12:00:00,379.34,41.2,3
2022-10-21 07:00:00,6,2022-10-21 13:00:00,379.38,45.6,3
2022-10-22 07:00:00,0,2022-10-22 07:00:00,379.86,103.5,3
2022-10-22 07:00:00,1,2022-10-22 08:00:00,379.89,107.1,3
2022-10-22 07:00:00,2,2022-10-22 09:00:00,380.35,171.8,3
2022-10-22 07:00:00,3,2022-10-22 10:00:00,380.37,176.3,3
2022-10-22 07:00:00,4,2022-10-22 11:00:00,380.45,188.2,3
2022-10-22 07:00:00,5,2022-10-22 12:00:00,380.46,190.2,3
2022-10-22 07:00:00,6,2022-10-22 13:00:00,380.47,191.3,3
2022-10-23 07:00:00,0,2022-10-23 07:00:00,379.69,82.2,3
2022-10-23 07:00:00,1,2022-10-23 08:00:00,379.67,79.1,3
2022-10-23 07:00:00,2,2022-10-23 09:00:00,379.66,78.1,3
2022-10-23 07:00:00,3,2022-10-23 10:00:00,379.65,76.3,3
2022-10-23 07:00:00,4,2022-10-23 11:00:00,379.63,74.6,3
2022-10-23 07:00:00,5,2022-10-23 12:00:00,379.72,85.0,3
2022-10-23 07:00:00,6,2022-10-23 13:00:00,379.7,83.4,3
2022-10-24 07:00:00,0,2022-10-24 07:00:00,379.58,68.9,3
2022-10-24 07:00:00,1,2022-10-24 08:00:00,379.58,68.2,3
2022-10-24 07:00:00,2,2022-10-24 09:00:00,379.55,65.0,3
2022-10-24 07:00:00,3,2022-10-24 10:00:00,379.54,63.9,3
2022-10-24 07:00:00,4,2022-10-24 11:00:00,379.73,86.9,3
2022-10-24 07:00:00,5,2022-10-24 12:00:00,379.79,93.7,3
2022-10-24 07:00:00,6,2022-10-24 13:00:00,379.84,100.8,3
2022-10-25 07:00:00,0,2022-10-25 07:00:00,380.74,237.6,3
2022-10-25 07:00:00,1,2022-10-25 08:00:00,380.67,225.4,3
2022-10-25 07:00:00,2,2022-10-25 09:00:00,380.76,239.9,3
2022-10-25 07:00:00,3,2022-10-25 10:00:00,380.63,217.5,3
2022-10-25 07:00:00,4,2022-10-25 11:00:00,380.56,205.5,3
2022-10-25 07:00:00,5,2022-10-25 12:00:00,380.46,189.2,3
2022-10-25 07:00:00,6,2022-10-25 13:00:00,380.41,181.3,3
2022-10-26 07:00:00,0,2022-10-26 07:00:00,379.72,85.9,3
2022-10-26 07:00:00,1,2022-10-26 08:00:00,379.73,87.2,3
2022-10-26 07:00:00,2,2022-10-26 09:00:00,379.74,88.3,3
2022-10-26 07:00:00,3,2022-10-26 10:00:00,379.72,85.3,3
2022-10-26 07:00:00,4,2022-10-26 11:00:00,379.75,89.0,3
2022-10-26 07:00:00,5,2022-10-26 12:00:00,379.82,98.4,3
2022-10-26 07:00:00,6,2022-10-26 13:00:00,379.79,93.9,3
2022-10-27 07:00:00,0,2022-10-27 07:00:00,379.46,55.2,3
2022-10-27 07:00:00,1,2022-10-27 08:00:00,379.45,53.8,3
2022-10-27 07:00:00,2,2022-10-27 09:00:00,379.48,57.3,3
2022-10-27 07:00:00,3,2022-10-27 10:00:00,379.5,59.0,3
2022-10-27 07:00:00,4,2022-10-27 11:00:00,379.48,56.8,3
2022-10-27 07:00:00,5,2022-10-27 12:00:00,379.53,62.7,3
2022-10-27 07:00:00,6,2022-10-27 13:00:00,379.59,69.8,3
2022-10-28 07:00:00,0,2022-10-28 07:00:00,379.37,44.8,3
2022-10-28 07:00:00,1,2022-10-28 08:00:00,379.41,48.5,3
2022-10-28 07:00:00,2,2022-10-28 09:00:00,379.39,46.6,3
2022-10-28 07:00:00,3,2022-10-28 10:00:00,379.38,45.5,3
2022-10-28 07:00:00,4,2022-10-28 11:00:00,379.36,43.7,3
2022-10-28 07:00:00,5,2022-10-28 12:00:00,379.36,44.1,3
2022-10-28 07:00:00,6,2022-10-28 13:00:00,379.43,51.8,3
2022-10-29 08:00:00,0,2022-10-29 08:00:00,379.39,46.7,3
2022-10-29 08:00:00,1,2022-10-29 09:00:00,379.3,37.8,3
2022-10-29 08:00:00,2,2022-10-29 10:00:00,379.3,37.0,3
2022-10-29 08:00:00,3,2022-10-29 11:00:00,379.3,37.0,3
2022-10-29 08:00:00,4,2022-10-29 12:00:00,379.3,37.0,3
2022-10-29 08:00:00,5,2022-10-29 13:00:00,379.37,45.2,3
2022-10-29 08:00:00,6,2022-10-29 14:00:00,379.4,47.8,3
2022-10-30 07:00:00,0,2022-10-30 07:00:00,379.29,36.7,3
2022-10-30 07:00:00,1,2022-10-30 08:00:00,379.3,37.8,3
2022-10-30 07:00:00,2,2022-10-30 09:00:00,379.32,39.6,3
2022-10-30 07:00:00,3,2022-10-30 10:00:00,379.34,41.5,3
2022-10-30 07:00:00,4,2022-10-30 11:00:00,379.3,37.1,3
2022-10-30 07:00:00,5,2022-10-30 12:00:00,379.29,36.7,3
2022-10-30 07:00:00,6,2022-10-30 13:00:00,379.28,35.6,3
2022-10-31 07:00:00,0,2022-10-31 07:00:00,379.25,32.6,3
2022-10-31 07:00:00,1,2022-10-31 08:00:00,379.27,35.0,3
2022-10-31 07:00:00,2,2022-10-31 09:00:00,379.24,32.0,3
2022-10-31 07:00:00,3,2022-10-31 10:00:00,379.27,34.9,3
2022-10-31 07:00:00,4,2022-10-31 11:00:00,379.28,35.4,3
2022-10-31 07:00:00,5,2022-10-31 12:00:00,379.29,36.9,3
2022-10-31 07:00:00,6,2022-10-31 13:00:00,379.26,33.8,3
2022-11-01 08:00:00,0,2022-11-01 08:00:00,379.25,32.7,3
2022-11-01 08:00:00,1,2022-11-01 09:00:00,379.27,34.4,3
2022-11-01 08:00:00,2,2022-11-01 10:00:00,379.31,38.6,3
2022-11-01 08:00:00,3,2022-11-01 11:00:00,379.36,43.2,3
2022-11-01 08:00:00,4,2022-11-01 12:00:00,379.34,41.9,3
2022-11-01 08:00:00,5,2022-11-01 13:00:00,379.3,37.8,3
2022-11-01 08:00:00,6,2022-11-01 14:00:00,379.31,38.3,3
2022-11-02 07:00:00,0,2022-11-02 07:00:00,379.35,42.5,3
2022-11-02 07:00:00,1,2022-11-02 08:00:00,379.33,40.2,3
2022-11-02 07:00:00,2,2022-11-02 09:00:00,379.32,39.2,3
2022-11-02 07:00:00,3,2022-11-02 10:00:00,379.29,36.7,3
2022-11-02 07:00:00,4,2022-11-02 11:00:00,379.29,36.1,3
2022-11-02 07:00:00,5,2022-11-02 12:00:00,379.31,38.9,3
2022-11-02 07:00:00,6,2022-11-02 13:00:00,379.32,39.5,3
2022-11-03 07:00:00,0,2022-11-03 07:00:00,379.19,27.7,3
2022-11-03 07:00:00,1,2022-11-03 08:00:00,379.18,27.4,3
2022-11-03 07:00:00,2,2022-11-03 09:00:00,379.21,29.6,3
2022-11-03 07:00:00,3,2022-11-03 10:00:00,379.19,28.2,3
2022-11-03 07:00:00,4,2022-11-03 11:00:00,379.21,29.4,3
2022-11-03 07:00:00,5,2022-11-03 12:00:00,379.21,29.7,3
2022-11-03 07:00:00,6,2022-11-03 13:00:00,379.27,34.9,3
2022-11-03 21:00:00,0,2022-11-03 21:00:00,379.3,37.7,3
2022-11-03 21:00:00,1,2022-11-03 22:00:00,379.3,37.8,3
2022-11-03 21:00:00,2,2022-11-03 23:00:00,379.32,39.0,3
2022-11-03 21:00:00,3,2022-11-04 00:00:00,379.33,40.7,3
2022-11-03 21:00:00,4,2022-11-04 01:00:00,379.39,46.3,3
2022-11-03 21:00:00,5,2022-11-04 02:00:00,379.44,52.5,3
2022-11-03 21:00:00,6,2022-11-04 03:00:00,379.46,54.3,3
2022-11-04 07:00:00,0,2022-11-04 07:00:00,379.67,79.1,3
2022-11-04 07:00:00,1,2022-11-04 08:00:00,379.98,118.7,3
2022-11-04 07:00:00,2,2022-11-04 09:00:00,380.02,125.1,3
2022-11-04 07:00:00,3,2022-11-04 10:00:00,379.93,112.6,3
2022-11-04 07:00:00,4,2022-11-04 11:00:00,379.87,104.2,3
2022-11-04 07:00:00,5,2022-11-04 12:00:00,379.84,100.4,3
2022-11-04 07:00:00,6,2022-11-04 13:00:00,379.94,114.2,3
2022-11-05 00:00:00,0,2022-11-05 00:00:00,379.83,98.8,3
2022-11-05 00:00:00,1,2022-11-05 01:00:00,379.54,63.9,3
2022-11-05 00:00:00,2,2022-11-05 02:00:00,379.5,59.1,3
2022-11-05 00:00:00,3,2022-11-05 03:00:00,379.49,57.8,3
2022-11-05 00:00:00,4,2022-11-05 04:00:00,379.48,56.5,3
2022-11-05 00:00:00,5,2022-11-05 05:00:00,379.47,55.5,3
2022-11-05 00:00:00,6,2022-11-05 06:00:00,379.47,55.6,3
2022-11-05 07:00:00,0,2022-11-05 07:00:00,379.44,52.4,3
2022-11-05 07:00:00,1,2022-11-05 08:00:00,379.4,47.9,3
2022-11-05 07:00:00,2,2022-11-05 09:00:00,379.42,50.2,3
2022-11-05 07:00:00,3,2022-11-05 10:00:00,379.45,53.5,3
2022-11-05 07:00:00,4,2022-11-05 11:00:00,379.53,62.9,3
2022-11-05 07:00:00,5,2022-11-05 12:00:00,379.55,65.1,3
2022-11-05 07:00:00,6,2022-11-05 13:00:00,379.51,60.7,3
2022-11-06 07:00:00,0,2022-11-06 07:00:00,379.36,43.1,3
2022-11-06 07:00:00,1,2022-11-06 08:00:00,379.32,39.9,3
2022-11-06 07:00:00,2,2022-11-06 09:00:00,379.32,39.5,3
2022-11-06 07:00:00,3,2022-11-06 10:00:00,379.33,40.9,3
2022-11-06 07:00:00,4,2022-11-06 11:00:00,379.36,43.9,3
2022-11-06 07:00:00,5,2022-11-06 12:00:00,379.35,42.5,3
2022-11-06 07:00:00,6,2022-11-06 13:00:00,379.41,49.4,3
2022-11-07 08:00:00,0,2022-11-07 08:00:00,379.27,34.7,3
2022-11-07 08:00:00,1,2022-11-07 09:00:00,379.27,34.3,3
2022-11-07 08:00:00,2,2022-11-07 10:00:00,379.29,36.7,3
2022-11-07 08:00:00,3,2022-11-07 11:00:00,379.28,35.8,3
2022-11-07 08:00:00,4,2022-11-07 12:00:00,379.28,35.6,3
2022-11-07 08:00:00,5,2022-11-07 13:00:00,379.37,45.1,3
2022-11-07 08:00:00,6,2022-11-07 14:00:00,379.41,48.5,3
2022-11-08 06:00:00,0,2022-11-08 06:00:00,379.25,32.7,3
2022-11-08 06:00:00,1,2022-11-08 07:00:00,379.25,32.8,3
2022-11-08 06:00:00,2,2022-11-08 08:00:00,379.24,31.7,3
2022-11-08 06:00:00,3,2022-11-08 09:00:00,379.23,30.9,3
2022-11-08 06:00:00,4,2022-11-08 10:00:00,379.22,30.0,3
2022-11-08 06:00:00,5,2022-11-08 11:00:00,379.22,30.3,3
2022-11-08 06:00:00,6,2022-11-08 12:00:00,379.22,30.4,3
2022-11-09 06:00:00,0,2022-11-09 06:00:00,379.21,29.5,3
2022-11-09 06:00:00,1,2022-11-09 07:00:00,379.22,29.9,3
2022-11-09 06:00:00,2,2022-11-09 08:00:00,379.22,30.4,3
2022-11-09 06:00:00,3,2022-11-09 09:00:00,379.22,30.3,3
2022-11-09 06:00:00,4,2022-11-09 10:00:00,379.22,30.3,3
2022-11-09 06:00:00,5,2022-11-09 11:00:00,379.22,29.9,3
2022-11-09 06:00:00,6,2022-11-09 12:00:00,379.26,33.8,3
2022-11-09 14:00:00,0,2022-11-09 14:00:00,379.43,51.0,3
2022-11-09 14:00:00,1,2022-11-09 15:00:00,379.41,48.6,3
2022-11-09 14:00:00,2,2022-11-09 16:00:00,379.41,48.7,3
2022-11-09 14:00:00,3,2022-11-09 17:00:00,379.42,50.1,3
2022-11-09 14:00:00,4,2022-11-09 18:00:00,379.44,52.8,3
2022-11-09 14:00:00,5,2022-11-09 19:00:00,379.58,68.2,3
2022-11-09 14:00:00,6,2022-11-09 20:00:00,379.72,85.5,3
2022-11-09 22:00:00,0,2022-11-09 22:00:00,379.77,92.2,3
2022-11-09 22:00:00,1,2022-11-09 23:00:00,379.6,71.2,3
2022-11-09 22:00:00,2,2022-11-10 00:00:00,379.57,67.4,3
2022-11-09 22:00:00,3,2022-11-10 01:00:00,379.56,66.2,3
2022-11-09 22:00:00,4,2022-11-10 02:00:00,379.58,67.9,3
2022-11-09 22:00:00,5,2022-11-10 03:00:00,379.88,105.6,3
2022-11-09 22:00:00,6,2022-11-10 04:00:00,379.82,97.3,3
2022-11-10 06:00:00,0,2022-11-10 06:00:00,379.71,84.7,3
2022-11-10 06:00:00,1,2022-11-10 07:00:00,379.63,74.9,3
2022-11-10 06:00:00,2,2022-11-10 08:00:00,379.58,68.2,3
2022-11-10 06:00:00,3,2022-11-10 09:00:00,379.58,68.6,3
2022-11-10 06:00:00,4,2022-11-10 10:00:00,379.66,78.6,3
2022-11-10 06:00:00,5,2022-11-10 11:00:00,379.73,86.7,3
2022-11-10 06:00:00,6,2022-11-10 12:00:00,379.68,80.6,3
2022-11-10 07:00:00,0,2022-11-10 07:00:00,379.63,74.9,3
2022-11-10 07:00:00,1,2022-11-10 08:00:00,379.58,68.2,3
2022-11-10 07:00:00,2,2022-11-10 09:00:00,379.58,68.6,3
2022-11-10 07:00:00,3,2022-11-10 10:00:00,379.66,78.6,3
2022-11-10 07:00:00,4,2022-11-10 11:00:00,379.73,86.7,3
2022-11-10 07:00:00,5,2022-11-10 12:00:00,379.68,80.6,3
2022-11-10 07:00:00,6,2022-11-10 13:00:00,379.65,76.4,3
2022-11-10 16:00:00,0,2022-11-10 16:00:00,379.8,95.2,3
2022-11-10 16:00:00,1,2022-11-10 17:00:00,379.49,57.6,3
2022-11-10 16:00:00,2,2022-11-10 18:00:00,379.45,53.8,3
2022-11-10 16:00:00,3,2022-11-10 19:00:00,379.43,51.3,3
2022-11-10 16:00:00,4,2022-11-10 20:00:00,379.42,50.7,3
2022-11-10 16:00:00,5,2022-11-10 21:00:00,379.41,48.9,3
2022-11-10 16:00:00,6,2022-11-10 22:00:00,379.41,48.6,3
2022-11-11 07:00:00,0,2022-11-11 07:00:00,379.41,48.5,3
2022-11-11 07:00:00,1,2022-11-11 08:00:00,379.38,46.1,3
2022-11-11 07:00:00,2,2022-11-11 09:00:00,379.39,46.5,3
2022-11-11 07:00:00,3,2022-11-11 10:00:00,379.38,46.0,3
2022-11-11 07:00:00,4,2022-11-11 11:00:00,379.38,45.7,3
2022-11-11 07:00:00,5,2022-11-11 12:00:00,379.38,45.7,3
2022-11-11 07:00:00,6,2022-11-11 13:00:00,379.44,53.0,3
2022-11-12 07:00:00,0,2022-11-12 07:00:00,379.28,35.6,3
2022-11-12 07:00:00,1,2022-11-12 08:00:00,379.29,36.8,3
2022-11-12 07:00:00,2,2022-11-12 09:00:00,379.33,40.6,3
2022-11-12 07:00:00,3,2022-11-12 10:00:00,379.29,36.0,3
2022-11-12 07:00:00,4,2022-11-12 11:00:00,379.28,35.6,3
2022-11-12 07:00:00,5,2022-11-12 12:00:00,379.28,35.5,3
2022-11-12 07:00:00,6,2022-11-12 13:00:00,379.35,42.3,3
2022-11-13 08:00:00,0,2022-11-13 08:00:00,379.22,30.3,3
2022-11-13 08:00:00,1,2022-11-13 09:00:00,379.22,30.3,3
2022-11-13 08:00:00,2,2022-11-13 10:00:00,379.25,32.9,3
2022-11-13 08:00:00,3,2022-11-13 11:00:00,379.27,34.3,3
2022-11-13 08:00:00,4,2022-11-13 12:00:00,379.23,31.1,3
2022-11-13 08:00:00,5,2022-11-13 13:00:00,379.23,30.7,3
2022-11-13 08:00:00,6,2022-11-13 14:00:00,379.3,37.3,3
2022-11-15 07:00:00,0,2022-11-15 07:00:00,379.2,28.4,3
2022-11-15 07:00:00,1,2022-11-15 08:00:00,379.19,28.1,3
2022-11-15 07:00:00,2,2022-11-15 09:00:00,379.2,28.5,3
2022-11-15 07:00:00,3,2022-11-15 10:00:00,379.2,28.7,3
2022-11-15 07:00:00,4,2022-11-15 11:00:00,379.21,29.1,3
2022-11-15 07:00:00,5,2022-11-15 12:00:00,379.25,32.7,3
2022-11-15 07:00:00,6,2022-11-15 13:00:00,379.26,33.8,3
2022-11-16 06:00:00,0,2022-11-16 06:00:00,379.5,58.9,3
2022-11-16 06:00:00,1,2022-11-16 07:00:00,379.57,67.1,3
2022-11-16 06:00:00,2,2022-11-16 08:00:00,379.55,65.4,3
2022-11-16 06:00:00,3,2022-11-16 09:00:00,379.51,60.5,3
2022-11-16 06:00:00,4,2022-11-16 10:00:00,379.59,69.8,3
2022-11-16 06:00:00,5,2022-11-16 11:00:00,379.78,92.9,3
2022-11-16 06:00:00,6,2022-11-16 12:00:00,379.77,91.2,3
2022-11-16 11:00:00,0,2022-11-16 11:00:00,379.63,74.4,3
2022-11-16 11:00:00,1,2022-11-16 12:00:00,379.49,58.6,3
2022-11-16 11:00:00,2,2022-11-16 13:00:00,379.41,49.5,3
2022-11-16 11:00:00,3,2022-11-16 14:00:00,379.43,50.9,3
2022-11-16 11:00:00,4,2022-11-16 15:00:00,379.43,51.3,3
2022-11-16 11:00:00,5,2022-11-16 16:00:00,379.47,55.9,3
2022-11-16 11:00:00,6,2022-11-16 17:00:00,379.57,67.5,3
2022-11-17 06:00:00,0,2022-11-17 06:00:00,379.35,42.8,3
2022-11-17 06:00:00,1,2022-11-17 07:00:00,379.34,41.2,3
2022-11-17 06:00:00,2,2022-11-17 08:00:00,379.33,40.7,3
2022-11-17 06:00:00,3,2022-11-17 09:00:00,379.37,45.1,3
2022-11-17 06:00:00,4,2022-11-17 10:00:00,379.4,47.9,3
2022-11-17 06:00:00,5,2022-11-17 11:00:00,379.39,46.6,3
2022-11-17 06:00:00,6,2022-11-17 12:00:00,379.39,46.9,3
2022-11-18 07:00:00,0,2022-11-18 07:00:00,379.6,70.3,3
2022-11-18 07:00:00,1,2022-11-18 08:00:00,379.6,71.3,3
2022-11-18 07:00:00,2,2022-11-18 09:00:00,379.69,81.6,3
2022-11-18 07:00:00,3,2022-11-18 10:00:00,379.95,114.8,3
2022-11-18 07:00:00,4,2022-11-18 11:00:00,379.96,116.3,3
2022-11-18 07:00:00,5,2022-11-18 12:00:00,379.97,117.0,3
2022-11-18 07:00:00,6,2022-11-18 13:00:00,379.89,106.5,3
2022-11-19 07:00:00,0,2022-11-19 07:00:00,379.5,59.2,3
2022-11-19 07:00:00,1,2022-11-19 08:00:00,379.46,54.8,3
2022-11-19 07:00:00,2,2022-11-19 09:00:00,379.46,54.1,3
2022-11-19 07:00:00,3,2022-11-19 10:00:00,379.5,59.2,3
2022-11-19 07:00:00,4,2022-11-19 11:00:00,379.53,62.9,3
2022-11-19 07:00:00,5,2022-11-19 12:00:00,379.61,71.8,3
2022-11-19 07:00:00,6,2022-11-19 13:00:00,379.58,68.1,3
2022-11-20 07:00:00,0,2022-11-20 07:00:00,379.35,42.8,3
2022-11-20 07:00:00,1,2022-11-20 08:00:00,379.35,42.7,3
2022-11-20 07:00:00,2,2022-11-20 09:00:00,379.39,46.4,3
2022-11-20 07:00:00,3,2022-11-20 10:00:00,379.38,45.7,3
2022-11-20 07:00:00,4,2022-11-20 11:00:00,379.39,46.7,3
2022-11-20 07:00:00,5,2022-11-20 12:00:00,379.4,48.0,3
2022-11-20 07:00:00,6,2022-11-20 13:00:00,379.48,57.3,3
2022-11-21 07:00:00,0,2022-11-21 07:00:00,379.31,38.8,3
2022-11-21 07:00:00,1,2022-11-21 08:00:00,379.29,36.4,3
2022-11-21 07:00:00,2,2022-11-21 09:00:00,379.28,36.0,3
2022-11-21 07:00:00,3,2022-11-21 10:00:00,379.29,36.5,3
2022-11-21 07:00:00,4,2022-11-21 11:00:00,379.32,39.6,3
2022-11-21 07:00:00,5,2022-11-21 12:00:00,379.31,38.3,3
2022-11-21 07:00:00,6,2022-11-21 13:00:00,379.39,47.2,3
2022-11-22 07:00:00,0,2022-11-22 07:00:00,379.49,57.8,3
2022-11-22 07:00:00,1,2022-11-22 08:00:00,379.47,55.9,3
2022-11-22 07:00:00,2,2022-11-22 09:00:00,379.45,53.4,3
2022-11-22 07:00:00,3,2022-11-22 10:00:00,379.45,53.0,3
2022-11-22 07:00:00,4,2022-11-22 11:00:00,379.6,70.3,3
2022-11-22 07:00:00,5,2022-11-22 12:00:00,379.59,69.4,3
2022-11-22 07:00:00,6,2022-11-22 13:00:00,379.55,65.2,3
2022-11-23 23:00:00,0,2022-11-23 23:00:00,379.57,67.8,3
2022-11-23 23:00:00,1,2022-11-24 00:00:00,379.59,69.6,3
2022-11-23 23:00:00,2,2022-11-24 01:00:00,379.55,65.0,3
2022-11-23 23:00:00,3,2022-11-24 02:00:00,379.52,61.9,3
2022-11-23 23:00:00,4,2022-11-24 03:00:00,379.46,54.2,3
2022-11-23 23:00:00,5,2022-11-24 04:00:00,379.43,51.2,3
2022-11-23 23:00:00,6,2022-11-24 05:00:00,379.41,49.5,3
2022-11-24 07:00:00,0,2022-11-24 07:00:00,379.44,52.8,3
2022-11-24 07:00:00,1,2022-11-24 08:00:00,379.44,52.4,3
2022-11-24 07:00:00,2,2022-11-24 09:00:00,379.43,51.5,3
2022-11-24 07:00:00,3,2022-11-24 10:00:00,379.42,50.6,3
2022-11-24 07:00:00,4,2022-11-24 11:00:00,379.46,54.5,3
2022-11-24 07:00:00,5,2022-11-24 12:00:00,379.55,64.7,3
2022-11-24 07:00:00,6,2022-11-24 13:00:00,379.53,63.0,3
2022-11-25 06:00:00,0,2022-11-25 06:00:00,379.48,56.5,3
2022-11-25 06:00:00,1,2022-11-25 07:00:00,379.44,52.8,3
2022-11-25 06:00:00,2,2022-11-25 08:00:00,379.42,50.1,3
2022-11-25 06:00:00,3,2022-11-25 09:00:00,379.4,48.4,3
2022-11-25 06:00:00,4,2022-11-25 10:00:00,379.39,46.5,3
2022-11-25 06:00:00,5,2022-11-25 11:00:00,379.38,45.5,3
2022-11-25 06:00:00,6,2022-11-25 12:00:00,379.41,49.0,3
2022-11-26 07:00:00,0,2022-11-26 07:00:00,379.4,48.2,3
2022-11-26 07:00:00,1,2022-11-26 08:00:00,379.36,43.1,3
2022-11-26 07:00:00,2,2022-11-26 09:00:00,379.34,41.7,3
2022-11-26 07:00:00,3,2022-11-26 10:00:00,379.36,43.7,3
2022-11-26 07:00:00,4,2022-11-26 11:00:00,379.34,41.5,3
2022-11-26 07:00:00,5,2022-11-26 12:00:00,379.33,40.2,3
2022-11-26 07:00:00,6,2022-11-26 13:00:00,379.4,48.2,3
2022-11-27 07:00:00,0,2022-11-27 07:00:00,379.38,45.4,3
2022-11-27 07:00:00,1,2022-11-27 08:00:00,379.37,44.3,3
2022-11-27 07:00:00,2,2022-11-27 09:00:00,379.36,43.8,3
2022-11-27 07:00:00,3,2022-11-27 10:00:00,379.36,43.1,3
2022-11-27 07:00:00,4,2022-11-27 11:00:00,379.34,41.1,3
2022-11-27 07:00:00,5,2022-11-27 12:00:00,379.32,39.7,3
2022-11-27 07:00:00,6,2022-11-27 13:00:00,379.36,43.9,3
2022-11-27 23:00:00,0,2022-11-27 23:00:00,379.3,37.7,3
2022-11-27 23:00:00,1,2022-11-28 00:00:00,379.28,35.9,3
2022-11-27 23:00:00,2,2022-11-28 01:00:00,379.28,35.4,3
2022-11-27 23:00:00,3,2022-11-28 02:00:00,379.31,38.5,3
2022-11-27 23:00:00,4,2022-11-28 03:00:00,379.3,37.5,3
2022-11-27 23:00:00,5,2022-11-28 04:00:00,379.29,36.3,3
2022-11-27 23:00:00,6,2022-11-28 05:00:00,379.27,34.3,3
2022-11-28 07:00:00,0,2022-11-28 07:00:00,379.31,38.2,3
2022-11-28 07:00:00,1,2022-11-28 08:00:00,379.3,37.6,3
2022-11-28 07:00:00,2,2022-11-28 09:00:00,379.31,38.8,3
2022-11-28 07:00:00,3,2022-11-28 10:00:00,379.31,38.0,3
2022-11-28 07:00:00,4,2022-11-28 11:00:00,379.29,36.4,3
2022-11-28 07:00:00,5,2022-11-28 12:00:00,379.28,35.1,3
2022-11-28 07:00:00,6,2022-11-28 13:00:00,379.32,39.7,3
2022-11-28 15:00:00,0,2022-11-28 15:00:00,379.34,41.1,3
2022-11-28 15:00:00,1,2022-11-28 16:00:00,379.32,39.9,3
2022-11-28 15:00:00,2,2022-11-28 17:00:00,379.33,40.0,3
2022-11-28 15:00:00,3,2022-11-28 18:00:00,379.31,38.9,3
2022-11-28 15:00:00,4,2022-11-28 19:00:00,379.29,36.5,3
2022-11-28 15:00:00,5,2022-11-28 20:00:00,379.3,37.5,3
2022-11-28 15:00:00,6,2022-11-28 21:00:00,379.34,41.1,3
2022-11-29 07:00:00,0,2022-11-29 07:00:00,379.31,38.3,3
2022-11-29 07:00:00,1,2022-11-29 08:00:00,379.31,38.6,3
2022-11-29 07:00:00,2,2022-11-29 09:00:00,379.33,40.1,3
2022-11-29 07:00:00,3,2022-11-29 10:00:00,379.33,40.4,3
2022-11-29 07:00:00,4,2022-11-29 11:00:00,379.31,38.9,3
2022-11-29 07:00:00,5,2022-11-29 12:00:00,379.31,38.1,3
2022-11-29 07:00:00,6,2022-11-29 13:00:00,379.36,43.4,3
2022-11-29 08:00:00,0,2022-11-29 08:00:00,379.31,38.6,3
2022-11-29 08:00:00,1,2022-11-29 09:00:00,379.33,40.1,3
2022-11-29 08:00:00,2,2022-11-29 10:00:00,379.33,40.4,3
2022-11-29 08:00:00,3,2022-11-29 11:00:00,379.31,38.9,3
2022-11-29 08:00:00,4,2022-11-29 12:00:00,379.31,38.1,3
2022-11-29 08:00:00,5,2022-11-29 13:00:00,379.36,43.4,3
2022-11-29 08:00:00,6,2022-11-29 14:00:00,379.36,43.4,3
2022-11-29 09:00:00,0,2022-11-29 09:00:00,379.33,40.1,3
2022-11-29 09:00:00,1,2022-11-29 10:00:00,379.33,40.4,3
2022-11-29 09:00:00,2,2022-11-29 11:00:00,379.31,38.9,3
2022-11-29 09:00:00,3,2022-11-29 12:00:00,379.31,38.1,3
2022-11-29 09:00:00,4,2022-11-29 13:00:00,379.36,43.4,3
2022-11-29 09:00:00,5,2022-11-29 14:00:00,379.36,43.4,3
2022-11-29 09:00:00,6,2022-11-29 15:00:00,379.38,45.4,3
2022-11-30 07:00:00,0,2022-11-30 07:00:00,379.36,43.1,3
2022-11-30 07:00:00,1,2022-11-30 08:00:00,379.31,38.7,3
2022-11-30 07:00:00,2,2022-11-30 09:00:00,379.28,35.9,3
2022-11-30 07:00:00,3,2022-11-30 10:00:00,379.28,35.5,3
2022-11-30 07:00:00,4,2022-11-30 11:00:00,379.27,35.0,3
2022-11-30 07:00:00,5,2022-11-30 12:00:00,379.27,34.1,3
2022-11-30 07:00:00,6,2022-11-30 13:00:00,379.26,33.5,3
2022-12-01 07:00:00,0,2022-12-01 07:00:00,379.3,37.9,3
2022-12-01 07:00:00,1,2022-12-01 08:00:00,379.29,36.3,3
2022-12-01 07:00:00,2,2022-12-01 09:00:00,379.3,37.3,3
2022-12-01 07:00:00,3,2022-12-01 10:00:00,379.3,37.2,3
2022-12-01 07:00:00,4,2022-12-01 11:00:00,379.29,36.3,3
2022-12-01 07:00:00,5,2022-12-01 12:00:00,379.27,35.0,3
2022-12-01 07:00:00,6,2022-12-01 13:00:00,379.26,33.6,3
2022-12-02 07:00:00,0,2022-12-02 07:00:00,379.29,36.5,3
2022-12-02 07:00:00,1,2022-12-02 08:00:00,379.29,36.1,3
2022-12-02 07:00:00,2,2022-12-02 09:00:00,379.28,35.4,3
2022-12-02 07:00:00,3,2022-12-02 10:00:00,379.27,34.6,3
2022-12-02 07:00:00,4,2022-12-02 11:00:00,379.27,34.7,3
2022-12-02 07:00:00,5,2022-12-02 12:00:00,379.26,33.5,3
2022-12-02 07:00:00,6,2022-12-02 13:00:00,379.25,33.0,3
2022-12-03 07:00:00,0,2022-12-03 07:00:00,379.28,35.1,3
2022-12-03 07:00:00,1,2022-12-03 08:00:00,379.27,34.8,3
2022-12-03 07:00:00,2,2022-12-03 09:00:00,379.26,33.4,3
2022-12-03 07:00:00,3,2022-12-03 10:00:00,379.25,32.8,3
2022-12-03 07:00:00,4,2022-12-03 11:00:00,379.25,32.8,3
2022-12-03 07:00:00,5,2022-12-03 12:00:00,379.25,32.5,3
2022-12-03 07:00:00,6,2022-12-03 13:00:00,379.23,30.8,3
2022-12-04 07:00:00,0,2022-12-04 07:00:00,379.27,34.2,3
2022-12-04 07:00:00,1,2022-12-04 08:00:00,379.27,34.2,3
2022-12-04 07:00:00,2,2022-12-04 09:00:00,379.25,32.8,3
2022-12-04 07:00:00,3,2022-12-04 10:00:00,379.24,32.0,3
2022-12-04 07:00:00,4,2022-12-04 11:00:00,379.23,31.0,3
2022-12-04 07:00:00,5,2022-12-04 12:00:00,379.23,31.2,3
2022-12-04 07:00:00,6,2022-12-04 13:00:00,379.23,31.0,3
2022-12-05 07:00:00,0,2022-12-05 07:00:00,379.26,34.0,3
2022-12-05 07:00:00,1,2022-12-05 08:00:00,379.26,33.8,3
2022-12-05 07:00:00,2,2022-12-05 09:00:00,379.25,32.5,3
2022-12-05 07:00:00,3,2022-12-05 10:00:00,379.24,31.6,3
2022-12-05 07:00:00,4,2022-12-05 11:00:00,379.22,30.0,3
2022-12-05 07:00:00,5,2022-12-05 12:00:00,379.22,29.8,3
2022-12-05 07:00:00,6,2022-12-05 13:00:00,379.22,30.0,3
2022-12-06 07:00:00,0,2022-12-06 07:00:00,379.23,31.3,3
2022-12-06 07:00:00,1,2022-12-06 08:00:00,379.23,31.4,3
2022-12-06 07:00:00,2,2022-12-06 09:00:00,379.23,31.4,3
2022-12-06 07:00:00,3,2022-12-06 10:00:00,379.22,30.5,3
2022-12-06 07:00:00,4,2022-12-06 11:00:00,379.2,28.7,3
2022-12-06 07:00:00,5,2022-12-06 12:00:00,379.2,28.3,3
2022-12-06 07:00:00,6,2022-12-06 13:00:00,379.19,28.0,3
2022-12-07 07:00:00,0,2022-12-07 07:00:00,379.21,29.6,3
2022-12-07 07:00:00,1,2022-12-07 08:00:00,379.21,29.2,3
2022-12-07 07:00:00,2,2022-12-07 09:00:00,379.21,29.6,3
2022-12-07 07:00:00,3,2022-12-07 10:00:00,379.2,28.9,3
2022-12-07 07:00:00,4,2022-12-07 11:00:00,379.19,27.5,3
2022-12-07 07:00:00,5,2022-12-07 12:00:00,379.18,27.4,3
2022-12-07 07:00:00,6,2022-12-07 13:00:00,379.19,27.8,3
2022-12-08 09:00:00,0,2022-12-08 09:00:00,379.18,26.8,3
2022-12-08 09:00:00,1,2022-12-08 10:00:00,379.19,27.7,3
2022-12-08 09:00:00,2,2022-12-08 11:00:00,379.17,26.4,3
2022-12-08 09:00:00,3,2022-12-08 12:00:00,379.16,26.0,3
2022-12-08 09:00:00,4,2022-12-08 13:00:00,379.16,25.4,3
2022-12-08 09:00:00,5,2022-12-08 14:00:00,379.16,25.6,3
2022-12-08 09:00:00,6,2022-12-08 15:00:00,379.15,25.1,3
2022-12-09 07:00:00,0,2022-12-09 07:00:00,379.22,30.3,3
2022-12-09 07:00:00,1,2022-12-09 08:00:00,379.21,29.6,3
2022-12-09 07:00:00,2,2022-12-09 09:00:00,379.21,29.8,3
2022-12-09 07:00:00,3,2022-12-09 10:00:00,379.24,31.9,3
2022-12-09 07:00:00,4,2022-12-09 11:00:00,379.26,34.0,3
2022-12-09 07:00:00,5,2022-12-09 12:00:00,379.28,35.4,3
2022-12-09 07:00:00,6,2022-12-09 13:00:00,379.28,35.2,3
2022-12-10 07:00:00,0,2022-12-10 07:00:00,379.27,34.3,3
2022-12-10 07:00:00,1,2022-12-10 08:00:00,379.27,34.3,3
2022-12-10 07:00:00,2,2022-12-10 09:00:00,379.25,33.1,3
2022-12-10 07:00:00,3,2022-12-10 10:00:00,379.24,32.0,3
2022-12-10 07:00:00,4,2022-12-10 11:00:00,379.24,31.9,3
2022-12-10 07:00:00,5,2022-12-10 12:00:00,379.24,31.8,3
2022-12-10 07:00:00,6,2022-12-10 13:00:00,379.24,31.5,3
2022-12-11 07:00:00,0,2022-12-11 07:00:00,379.23,31.3,3
2022-12-11 07:00:00,1,2022-12-11 08:00:00,379.23,31.2,3
2022-12-11 07:00:00,2,2022-12-11 09:00:00,379.24,31.5,3
2022-12-11 07:00:00,3,2022-12-11 10:00:00,379.22,30.5,3
2022-12-11 07:00:00,4,2022-12-11 11:00:00,379.2,28.8,3
2022-12-11 07:00:00,5,2022-12-11 12:00:00,379.2,28.5,3
2022-12-11 07:00:00,6,2022-12-11 13:00:00,379.2,28.5,3
2022-12-12 07:00:00,0,2022-12-12 07:00:00,379.22,30.3,3
2022-12-12 07:00:00,1,2022-12-12 08:00:00,379.22,30.1,3
2022-12-12 07:00:00,2,2022-12-12 09:00:00,379.21,29.8,3
2022-12-12 07:00:00,3,2022-12-12 10:00:00,379.21,29.5,3
2022-12-12 07:00:00,4,2022-12-12 11:00:00,379.2,28.5,3
2022-12-12 07:00:00,5,2022-12-12 12:00:00,379.18,27.1,3
2022-12-12 07:00:00,6,2022-12-12 13:00:00,379.17,26.6,3
2022-12-13 08:00:00,0,2022-12-13 08:00:00,379.19,28.1,3
2022-12-13 08:00:00,1,2022-12-13 09:00:00,379.18,27.0,3
2022-12-13 08:00:00,2,2022-12-13 10:00:00,379.18,26.9,3
2022-12-13 08:00:00,3,2022-12-13 11:00:00,379.18,27.4,3
2022-12-13 08:00:00,4,2022-12-13 12:00:00,379.18,27.0,3
2022-12-13 08:00:00,5,2022-12-13 13:00:00,379.16,25.6,3
2022-12-13 08:00:00,6,2022-12-13 14:00:00,379.16,25.6,3
2022-12-14 07:00:00,0,2022-12-14 07:00:00,379.21,29.5,3
2022-12-14 07:00:00,1,2022-12-14 08:00:00,379.2,28.8,3
2022-12-14 07:00:00,2,2022-12-14 09:00:00,379.2,28.5,3
2022-12-14 07:00:00,3,2022-12-14 10:00:00,379.2,28.9,3
2022-12-14 07:00:00,4,2022-12-14 11:00:00,379.22,30.4,3
2022-12-14 07:00:00,5,2022-12-14 12:00:00,379.24,32.2,3
2022-12-14 07:00:00,6,2022-12-14 13:00:00,379.25,33.1,3
2022-12-15 07:00:00,0,2022-12-15 07:00:00,379.56,66.3,3
2022-12-15 07:00:00,1,2022-12-15 08:00:00,379.52,61.3,3
2022-12-15 07:00:00,2,2022-12-15 09:00:00,379.49,58.5,3
2022-12-15 07:00:00,3,2022-12-15 10:00:00,379.47,55.6,3
2022-12-15 07:00:00,4,2022-12-15 11:00:00,379.45,53.3,3
2022-12-15 07:00:00,5,2022-12-15 12:00:00,379.51,60.5,3
2022-12-15 07:00:00,6,2022-12-15 13:00:00,379.48,56.5,3
2022-12-16 07:00:00,0,2022-12-16 07:00:00,380.07,131.0,3
2022-12-16 07:00:00,1,2022-12-16 08:00:00,380.03,126.5,3
2022-12-16 07:00:00,2,2022-12-16 09:00:00,379.99,121.0,3
2022-12-16 07:00:00,3,2022-12-16 10:00:00,379.95,115.3,3
2022-12-16 07:00:00,4,2022-12-16 11:00:00,379.98,118.4,3
2022-12-16 07:00:00,5,2022-12-16 12:00:00,379.97,118.2,3
2022-12-16 07:00:00,6,2022-12-16 13:00:00,379.93,111.8,3
2022-12-17 07:00:00,0,2022-12-17 07:00:00,379.65,77.4,3
2022-12-17 07:00:00,1,2022-12-17 08:00:00,379.65,77.2,3
2022-12-17 07:00:00,2,2022-12-17 09:00:00,379.64,75.3,3
2022-12-17 07:00:00,3,2022-12-17 10:00:00,379.63,74.0,3
2022-12-17 07:00:00,4,2022-12-17 11:00:00,379.61,72.4,3
2022-12-17 07:00:00,5,2022-12-17 12:00:00,379.61,72.0,3
2022-12-17 07:00:00,6,2022-12-17 13:00:00,379.62,73.7,3
2022-12-18 08:00:00,0,2022-12-18 08:00:00,379.47,56.0,3
2022-12-18 08:00:00,1,2022-12-18 09:00:00,379.47,55.8,3
2022-12-18 08:00:00,2,2022-12-18 10:00:00,379.47,55.6,3
2022-12-18 08:00:00,3,2022-12-18 11:00:00,379.46,54.4,3
2022-12-18 08:00:00,4,2022-12-18 12:00:00,379.45,53.1,3
2022-12-18 08:00:00,5,2022-12-18 13:00:00,379.44,52.9,3
2022-12-18 08:00:00,6,2022-12-18 14:00:00,379.47,55.3,3
2022-12-19 07:00:00,0,2022-12-19 07:00:00,379.42,50.2,3
2022-12-19 07:00:00,1,2022-12-19 08:00:00,379.41,48.6,3
2022-12-19 07:00:00,2,2022-12-19 09:00:00,379.41,48.6,3
2022-12-19 07:00:00,3,2022-12-19 10:00:00,379.41,48.8,3
2022-12-19 07:00:00,4,2022-12-19 11:00:00,379.4,47.5,3
2022-12-19 07:00:00,5,2022-12-19 12:00:00,379.38,46.2,3
2022-12-19 07:00:00,6,2022-12-19 13:00:00,379.38,46.3,3
2022-12-20 09:00:00,0,2022-12-20 09:00:00,379.41,48.8,3
2022-12-20 09:00:00,1,2022-12-20 10:00:00,379.41,48.8,3
2022-12-20 09:00:00,2,2022-12-20 11:00:00,379.4,48.0,3
2022-12-20 09:00:00,3,2022-12-20 12:00:00,379.39,47.2,3
2022-12-20 09:00:00,4,2022-12-20 13:00:00,379.39,47.3,3
2022-12-20 09:00:00,5,2022-12-20 14:00:00,379.45,53.8,3
2022-12-20 09:00:00,6,2022-12-20 15:00:00,379.47,55.8,3
2022-12-21 06:00:00,0,2022-12-21 06:00:00,379.38,46.3,3
2022-12-21 06:00:00,1,2022-12-21 07:00:00,379.39,46.8,3
2022-12-21 06:00:00,2,2022-12-21 08:00:00,379.4,48.1,3
2022-12-21 06:00:00,3,2022-12-21 09:00:00,379.45,53.9,3
2022-12-21 06:00:00,4,2022-12-21 10:00:00,379.47,55.3,3
2022-12-21 06:00:00,5,2022-12-21 11:00:00,379.48,56.5,3
2022-12-21 06:00:00,6,2022-12-21 12:00:00,379.51,60.4,3
2022-12-22 07:00:00,0,2022-12-22 07:00:00,379.7,83.1,3
2022-12-22 07:00:00,1,2022-12-22 08:00:00,379.69,81.8,3
2022-12-22 07:00:00,2,2022-12-22 09:00:00,379.68,79.8,3
2022-12-22 07:00:00,3,2022-12-22 10:00:00,379.68,80.3,3
2022-12-22 07:00:00,4,2022-12-22 11:00:00,379.67,79.0,3
2022-12-22 07:00:00,5,2022-12-22 12:00:00,379.76,90.2,3
2022-12-22 07:00:00,6,2022-12-22 13:00:00,379.75,89.7,3
2022-12-23 07:00:00,0,2022-12-23 07:00:00,379.82,98.1,3
2022-12-23 07:00:00,1,2022-12-23 08:00:00,379.85,102.2,3
2022-12-23 07:00:00,2,2022-12-23 09:00:00,380.28,161.4,3
2022-12-23 07:00:00,3,2022-12-23 10:00:00,380.35,172.5,3
2022-12-23 07:00:00,4,2022-12-23 11:00:00,380.41,181.2,3
2022-12-23 07:00:00,5,2022-12-23 12:00:00,380.42,183.9,3
2022-12-23 07:00:00,6,2022-12-23 13:00:00,380.45,188.8,3
2022-12-23 11:00:00,0,2022-12-23 11:00:00,380.44,186.1,3
2022-12-23 11:00:00,1,2022-12-23 12:00:00,380.8,248.4,3
2022-12-23 11:00:00,2,2022-12-23 13:00:00,380.87,261.3,3
2022-12-23 11:00:00,3,2022-12-23 14:00:00,381.06,296.7,3
2022-12-23 11:00:00,4,2022-12-23 15:00:00,381.29,344.6,3
2022-12-23 11:00:00,5,2022-12-23 16:00:00,381.31,348.8,3
2022-12-23 11:00:00,6,2022-12-23 17:00:00,381.26,337.3,3
2022-12-23 15:00:00,0,2022-12-23 15:00:00,381.34,355.2,3
2022-12-23 15:00:00,1,2022-12-23 16:00:00,381.49,386.5,3
2022-12-23 15:00:00,2,2022-12-23 17:00:00,381.6,413.1,3
2022-12-23 15:00:00,3,2022-12-23 18:00:00,381.74,445.5,3
2022-12-23 15:00:00,4,2022-12-23 19:00:00,381.88,482.7,3
2022-12-23 15:00:00,5,2022-12-23 20:00:00,381.93,495.4,3
2022-12-23 15:00:00,6,2022-12-23 21:00:00,382.01,514.8,3
2022-12-23 18:00:00,0,2022-12-23 18:00:00,381.74,445.5,3
2022-12-23 18:00:00,1,2022-12-23 19:00:00,381.88,482.7,3
2022-12-23 18:00:00,2,2022-12-23 20:00:00,381.93,495.4,3
2022-12-23 18:00:00,3,2022-12-23 21:00:00,382.01,514.8,3
2022-12-23 18:00:00,4,2022-12-23 22:00:00,382.07,531.0,3
2022-12-23 18:00:00,5,2022-12-23 23:00:00,382.02,516.9,3
2022-12-23 18:00:00,6,2022-12-24 00:00:00,381.99,509.1,3
2022-12-24 05:00:00,0,2022-12-24 05:00:00,382.29,592.1,3
2022-12-24 05:00:00,1,2022-12-24 06:00:00,382.25,582.4,3
2022-12-24 05:00:00,2,2022-12-24 07:00:00,382.16,555.1,3
2022-12-24 05:00:00,3,2022-12-24 08:00:00,382.04,522.9,3
2022-12-24 05:00:00,4,2022-12-24 09:00:00,381.91,488.0,3
2022-12-24 05:00:00,5,2022-12-24 10:00:00,381.74,446.0,3
2022-12-24 05:00:00,6,2022-12-24 11:00:00,381.6,413.6,3
2022-12-24 06:00:00,0,2022-12-24 06:00:00,382.25,582.4,3
2022-12-24 06:00:00,1,2022-12-24 07:00:00,382.16,555.1,3
2022-12-24 06:00:00,2,2022-12-24 08:00:00,382.04,522.9,3
2022-12-24 06:00:00,3,2022-12-24 09:00:00,381.91,488.0,3
2022-12-24 06:00:00,4,2022-12-24 10:00:00,381.74,446.0,3
2022-12-24 06:00:00,5,2022-12-24 11:00:00,381.6,413.6,3
2022-12-24 06:00:00,6,2022-12-24 12:00:00,381.51,391.5,3
2022-12-24 11:00:00,0,2022-12-24 11:00:00,382.09,535.8,3
2022-12-24 11:00:00,1,2022-12-24 12:00:00,382.01,514.3,3
2022-12-24 11:00:00,2,2022-12-24 13:00:00,381.92,493.0,3
2022-12-24 11:00:00,3,2022-12-24 14:00:00,381.76,451.5,3
2022-12-24 11:00:00,4,2022-12-24 15:00:00,381.61,415.6,3
2022-12-24 11:00:00,5,2022-12-24 16:00:00,381.42,372.8,3
2022-12-24 11:00:00,6,2022-12-24 17:00:00,381.34,353.7,3
2022-12-24 15:00:00,0,2022-12-24 15:00:00,381.52,393.7,3
2022-12-24 15:00:00,1,2022-12-24 16:00:00,381.4,367.6,3
2022-12-24 15:00:00,2,2022-12-24 17:00:00,381.31,348.1,3
2022-12-24 15:00:00,3,2022-12-24 18:00:00,381.25,334.6,3
2022-12-24 15:00:00,4,2022-12-24 19:00:00,381.03,290.6,3
2022-12-24 15:00:00,5,2022-12-24 20:00:00,380.95,275.6,3
2022-12-24 15:00:00,6,2022-12-24 21:00:00,380.9,266.0,3
2022-12-25 07:00:00,0,2022-12-25 07:00:00,380.65,221.4,3
2022-12-25 07:00:00,1,2022-12-25 08:00:00,380.62,217.0,3
2022-12-25 07:00:00,2,2022-12-25 09:00:00,380.47,191.0,3
2022-12-25 07:00:00,3,2022-12-25 10:00:00,380.41,181.9,3
2022-12-25 07:00:00,4,2022-12-25 11:00:00,380.37,175.5,3
2022-12-25 07:00:00,5,2022-12-25 12:00:00,380.35,172.3,3
2022-12-25 07:00:00,6,2022-12-25 13:00:00,380.34,170.4,3
2022-12-25 12:00:00,0,2022-12-25 12:00:00,380.51,197.9,3
2022-12-25 12:00:00,1,2022-12-25 13:00:00,380.51,198.4,3
2022-12-25 12:00:00,2,2022-12-25 14:00:00,380.45,188.3,3
2022-12-25 12:00:00,3,2022-12-25 15:00:00,380.4,180.4,3
2022-12-25 12:00:00,4,2022-12-25 16:00:00,380.36,173.4,3
2022-12-25 12:00:00,5,2022-12-25 17:00:00,380.32,167.4,3
2022-12-25 12:00:00,6,2022-12-25 18:00:00,380.24,156.2,3
2022-12-26 07:00:00,0,2022-12-26 07:00:00,380.15,143.3,3
2022-12-26 07:00:00,1,2022-12-26 08:00:00,380.1,136.3,3
2022-12-26 07:00:00,2,2022-12-26 09:00:00,380.1,136.2,3
2022-12-26 07:00:00,3,2022-12-26 10:00:00,380.11,136.8,3
2022-12-26 07:00:00,4,2022-12-26 11:00:00,380.13,140.2,3
2022-12-26 07:00:00,5,2022-12-26 12:00:00,380.11,137.6,3
2022-12-26 07:00:00,6,2022-12-26 13:00:00,380.1,135.2,3
2022-12-27 08:00:00,0,2022-12-27 08:00:00,380.08,132.8,3
2022-12-27 08:00:00,1,2022-12-27 09:00:00,380.1,135.1,3
2022-12-27 08:00:00,2,2022-12-27 10:00:00,380.25,157.5,3
2022-12-27 08:00:00,3,2022-12-27 11:00:00,380.22,153.0,3
2022-12-27 08:00:00,4,2022-12-27 12:00:00,380.19,148.1,3
2022-12-27 08:00:00,5,2022-12-27 13:00:00,380.14,141.6,3
2022-12-27 08:00:00,6,2022-12-27 14:00:00,380.1,136.2,3
2022-12-28 07:00:00,0,2022-12-28 07:00:00,379.87,104.0,3
2022-12-28 07:00:00,1,2022-12-28 08:00:00,379.87,104.2,3
2022-12-28 07:00:00,2,2022-12-28 09:00:00,379.84,101.1,3
2022-12-28 07:00:00,3,2022-12-28 10:00:00,379.82,98.3,3
2022-12-28 07:00:00,4,2022-12-28 11:00:00,379.84,100.6,3
2022-12-28 07:00:00,5,2022-12-28 12:00:00,379.9,107.8,3
2022-12-28 07:00:00,6,2022-12-28 13:00:00,379.89,106.4,3
2022-12-29 14:00:00,0,2022-12-29 14:00:00,379.68,80.8,3
2022-12-29 14:00:00,1,2022-12-29 15:00:00,379.66,78.6,3
2022-12-29 14:00:00,2,2022-12-29 16:00:00,379.65,76.7,3
2022-12-29 14:00:00,3,2022-12-29 17:00:00,379.65,77.4,3
2022-12-29 14:00:00,4,2022-12-29 18:00:00,379.64,76.2,3
2022-12-29 14:00:00,5,2022-12-29 19:00:00,379.62,73.3,3
2022-12-29 14:00:00,6,2022-12-29 20:00:00,379.74,87.3,3
2022-12-30 08:00:00,0,2022-12-30 08:00:00,379.96,115.7,3
2022-12-30 08:00:00,1,2022-12-30 09:00:00,379.97,117.0,3
2022-12-30 08:00:00,2,2022-12-30 10:00:00,380.15,142.7,3
2022-12-30 08:00:00,3,2022-12-30 11:00:00,380.12,138.6,3
2022-12-30 08:00:00,4,2022-12-30 12:00:00,380.05,129.1,3
2022-12-30 08:00:00,5,2022-12-30 13:00:00,380.04,126.6,3
2022-12-30 08:00:00,6,2022-12-30 14:00:00,380.02,124.7,3
2022-12-31 07:00:00,0,2022-12-31 07:00:00,380.18,147.1,3
2022-12-31 07:00:00,1,2022-12-31 08:00:00,380.19,147.8,3
2022-12-31 07:00:00,2,2022-12-31 09:00:00,380.32,168.5,3
2022-12-31 07:00:00,3,2022-12-31 10:00:00,380.32,167.6,3
2022-12-31 07:00:00,4,2022-12-31 11:00:00,380.29,164.1,3
2022-12-31 07:00:00,5,2022-12-31 12:00:00,380.29,163.1,3
2022-12-31 07:00:00,6,2022-12-31 13:00:00,380.26,159.1,3
2023-01-01 07:00:00,0,2023-01-01 07:00:00,380.05,128.9,3
2023-01-01 07:00:00,1,2023-01-01 08:00:00,380.03,125.1,3
2023-01-01 07:00:00,2,2023-01-01 09:00:00,380.0,122.1,3
2023-01-01 07:00:00,3,2023-01-01 10:00:00,380.0,121.6,3
2023-01-01 07:00:00,4,2023-01-01 11:00:00,380.08,132.4,3
2023-01-01 07:00:00,5,2023-01-01 12:00:00,380.07,132.0,3
2023-01-01 07:00:00,6,2023-01-01 13:00:00,380.05,129.0,3
2023-01-02 07:00:00,0,2023-01-02 07:00:00,379.86,103.1,3
2023-01-02 07:00:00,1,2023-01-02 08:00:00,379.83,98.9,3
2023-01-02 07:00:00,2,2023-01-02 09:00:00,379.81,96.0,3
2023-01-02 07:00:00,3,2023-01-02 10:00:00,379.81,96.7,3
2023-01-02 07:00:00,4,2023-01-02 11:00:00,379.84,100.9,3
2023-01-02 07:00:00,5,2023-01-02 12:00:00,379.91,110.0,3
2023-01-02 07:00:00,6,2023-01-02 13:00:00,379.9,108.4,3
2023-01-03 07:00:00,0,2023-01-03 07:00:00,379.74,88.2,3
2023-01-03 07:00:00,1,2023-01-03 08:00:00,379.75,89.2,3
2023-01-03 07:00:00,2,2023-01-03 09:00:00,379.77,91.0,3
2023-01-03 07:00:00,3,2023-01-03 10:00:00,379.77,91.5,3
2023-01-03 07:00:00,4,2023-01-03 11:00:00,379.78,92.7,3
2023-01-03 07:00:00,5,2023-01-03 12:00:00,379.86,102.8,3
2023-01-03 07:00:00,6,2023-01-03 13:00:00,379.89,106.5,3
2023-01-04 07:00:00,0,2023-01-04 07:00:00,379.7,82.5,3
2023-01-04 07:00:00,1,2023-01-04 08:00:00,379.69,82.0,3
2023-01-04 07:00:00,2,2023-01-04 09:00:00,379.68,80.6,3
2023-01-04 07:00:00,3,2023-01-04 10:00:00,379.68,79.9,3
2023-01-04 07:00:00,4,2023-01-04 11:00:00,379.68,80.4,3
2023-01-04 07:00:00,5,2023-01-04 12:00:00,379.73,87.1,3
2023-01-04 07:00:00,6,2023-01-04 13:00:00,379.76,90.0,3
2023-01-05 07:00:00,0,2023-01-05 07:00:00,379.61,72.2,3
2023-01-05 07:00:00,1,2023-01-05 08:00:00,379.61,72.6,3
2023-01-05 07:00:00,2,2023-01-05 09:00:00,379.63,73.8,3
2023-01-05 07:00:00,3,2023-01-05 10:00:00,379.64,75.1,3
2023-01-05 07:00:00,4,2023-01-05 11:00:00,379.65,76.2,3
2023-01-05 07:00:00,5,2023-01-05 12:00:00,379.72,85.0,3
2023-01-05 07:00:00,6,2023-01-05 13:00:00,379.74,87.7,3
2023-01-06 07:00:00,0,2023-01-06 07:00:00,379.61,72.5,3
2023-01-06 07:00:00,1,2023-01-06 08:00:00,379.59,69.9,3
2023-01-06 07:00:00,2,2023-01-06 09:00:00,379.58,68.1,3
2023-01-06 07:00:00,3,2023-01-06 10:00:00,379.57,66.8,3
2023-01-06 07:00:00,4,2023-01-06 11:00:00,379.54,63.7,3
2023-01-06 07:00:00,5,2023-01-06 12:00:00,379.58,69.1,3
2023-01-06 07:00:00,6,2023-01-06 13:00:00,379.63,73.9,3
2023-01-07 07:00:00,0,2023-01-07 07:00:00,379.53,63.0,3
2023-01-07 07:00:00,1,2023-01-07 08:00:00,379.53,62.2,3
2023-01-07 07:00:00,2,2023-01-07 09:00:00,379.48,57.3,3
2023-01-07 07:00:00,3,2023-01-07 10:00:00,379.51,59.9,3
2023-01-07 07:00:00,4,2023-01-07 11:00:00,379.52,62.0,3
2023-01-07 07:00:00,5,2023-01-07 12:00:00,379.54,64.3,3
2023-01-07 07:00:00,6,2023-01-07 13:00:00,379.59,69.4,3
2023-01-08 07:00:00,0,2023-01-08 07:00:00,379.5,59.6,3
2023-01-08 07:00:00,1,2023-01-08 08:00:00,379.48,57.4,3
2023-01-08 07:00:00,2,2023-01-08 09:00:00,379.48,56.9,3
2023-01-08 07:00:00,3,2023-01-08 10:00:00,379.5,59.4,3
2023-01-08 07:00:00,4,2023-01-08 11:00:00,379.54,63.8,3
2023-01-08 07:00:00,5,2023-01-08 12:00:00,379.55,64.5,3
2023-01-08 07:00:00,6,2023-01-08 13:00:00,379.59,69.3,3
2023-01-09 07:00:00,0,2023-01-09 07:00:00,379.97,117.6,3
2023-01-09 07:00:00,1,2023-01-09 08:00:00,379.91,109.0,3
2023-01-09 07:00:00,2,2023-01-09 09:00:00,380.15,143.3,3
2023-01-09 07:00:00,3,2023-01-09 10:00:00,380.23,154.3,3
2023-01-09 07:00:00,4,2023-01-09 11:00:00,380.15,143.0,3
2023-01-09 07:00:00,5,2023-01-09 12:00:00,380.08,133.1,3
2023-01-09 07:00:00,6,2023-01-09 13:00:00,380.02,124.3,3
2023-01-10 06:00:00,0,2023-01-10 06:00:00,379.86,102.7,3
2023-01-10 06:00:00,1,2023-01-10 07:00:00,379.86,102.6,3
2023-01-10 06:00:00,2,2023-01-10 08:00:00,379.84,100.3,3
2023-01-10 06:00:00,3,2023-01-10 09:00:00,379.82,98.4,3
2023-01-10 06:00:00,4,2023-01-10 10:00:00,379.82,97.7,3
2023-01-10 06:00:00,5,2023-01-10 11:00:00,379.9,107.8,3
2023-01-10 06:00:00,6,2023-01-10 12:00:00,379.92,110.6,3
2023-01-11 08:00:00,0,2023-01-11 08:00:00,379.66,78.1,3
2023-01-11 08:00:00,1,2023-01-11 09:00:00,379.65,76.8,3
2023-01-11 08:00:00,2,2023-01-11 10:00:00,379.64,75.2,3
2023-01-11 08:00:00,3,2023-01-11 11:00:00,379.68,80.0,3
2023-01-11 08:00:00,4,2023-01-11 12:00:00,379.71,84.1,3
2023-01-11 08:00:00,5,2023-01-11 13:00:00,379.71,84.6,3
2023-01-11 08:00:00,6,2023-01-11 14:00:00,379.73,86.4,3
2023-01-12 08:00:00,0,2023-01-12 08:00:00,379.84,100.1,3
2023-01-12 08:00:00,1,2023-01-12 09:00:00,379.84,100.8,3
2023-01-12 08:00:00,2,2023-01-12 10:00:00,379.84,99.9,3
2023-01-12 08:00:00,3,2023-01-12 11:00:00,379.89,107.3,3
2023-01-12 08:00:00,4,2023-01-12 12:00:00,379.88,106.1,3
2023-01-12 08:00:00,5,2023-01-12 13:00:00,379.87,103.8,3
2023-01-12 08:00:00,6,2023-01-12 14:00:00,379.86,102.8,3
2023-01-13 07:00:00,0,2023-01-13 07:00:00,379.68,80.6,3
2023-01-13 07:00:00,1,2023-01-13 08:00:00,379.7,83.1,3
2023-01-13 07:00:00,2,2023-01-13 09:00:00,379.7,82.6,3
2023-01-13 07:00:00,3,2023-01-13 10:00:00,379.72,84.9,3
2023-01-13 07:00:00,4,2023-01-13 11:00:00,379.73,86.5,3
2023-01-13 07:00:00,5,2023-01-13 12:00:00,379.79,94.7,3
2023-01-13 07:00:00,6,2023-01-13 13:00:00,379.84,101.0,3
2023-01-14 07:00:00,0,2023-01-14 07:00:00,379.63,74.7,3
2023-01-14 07:00:00,1,2023-01-14 08:00:00,379.63,73.9,3
2023-01-14 07:00:00,2,2023-01-14 09:00:00,379.61,72.3,3
2023-01-14 07:00:00,3,2023-01-14 10:00:00,379.61,71.6,3
2023-01-14 07:00:00,4,2023-01-14 11:00:00,379.62,73.1,3
2023-01-14 07:00:00,5,2023-01-14 12:00:00,379.65,76.9,3
2023-01-14 07:00:00,6,2023-01-14 13:00:00,379.69,81.7,3
2023-01-15 07:00:00,0,2023-01-15 07:00:00,379.6,70.6,3
2023-01-15 07:00:00,1,2023-01-15 08:00:00,379.62,73.0,3
2023-01-15 07:00:00,2,2023-01-15 09:00:00,379.62,73.4,3
2023-01-15 07:00:00,3,2023-01-15 10:00:00,379.65,76.3,3
2023-01-15 07:00:00,4,2023-01-15 11:00:00,379.69,81.9,3
2023-01-15 07:00:00,5,2023-01-15 12:00:00,379.8,95.0,3
2023-01-15 07:00:00,6,2023-01-15 13:00:00,379.81,96.5,3
2023-01-16 06:00:00,0,2023-01-16 06:00:00,379.89,107.2,3
2023-01-16 06:00:00,1,2023-01-16 07:00:00,379.84,100.9,3
2023-01-16 06:00:00,2,2023-01-16 08:00:00,379.81,97.3,3
2023-01-16 06:00:00,3,2023-01-16 09:00:00,379.81,96.1,3
2023-01-16 06:00:00,4,2023-01-16 10:00:00,379.8,94.8,3
2023-01-16 06:00:00,5,2023-01-16 11:00:00,379.79,94.0,3
2023-01-16 06:00:00,6,2023-01-16 12:00:00,379.89,106.8,3
2023-01-17 06:00:00,0,2023-01-17 06:00:00,379.72,84.8,3
2023-01-17 06:00:00,1,2023-01-17 07:00:00,379.69,81.8,3
2023-01-17 06:00:00,2,2023-01-17 08:00:00,379.67,79.5,3
2023-01-17 06:00:00,3,2023-01-17 09:00:00,379.66,77.7,3
2023-01-17 06:00:00,4,2023-01-17 10:00:00,379.64,75.9,3
2023-01-17 06:00:00,5,2023-01-17 11:00:00,379.63,74.6,3
2023-01-17 06:00:00,6,2023-01-17 12:00:00,379.66,77.8,3
2023-01-18 07:00:00,0,2023-01-18 07:00:00,379.68,80.4,3
2023-01-18 07:00:00,1,2023-01-18 08:00:00,379.67,78.7,3
2023-01-18 07:00:00,2,2023-01-18 09:00:00,379.66,78.0,3
2023-01-18 07:00:00,3,2023-01-18 10:00:00,379.65,76.8,3
2023-01-18 07:00:00,4,2023-01-18 11:00:00,379.64,76.0,3
2023-01-18 07:00:00,5,2023-01-18 12:00:00,379.64,75.2,3
2023-01-18 07:00:00,6,2023-01-18 13:00:00,379.7,82.9,3
2023-01-18 14:00:00,0,2023-01-18 14:00:00,379.65,76.6,3
2023-01-18 14:00:00,1,2023-01-18 15:00:00,379.65,76.9,3
2023-01-18 14:00:00,2,2023-01-18 16:00:00,379.64,75.8,3
2023-01-18 14:00:00,3,2023-01-18 17:00:00,379.64,75.8,3
2023-01-18 14:00:00,4,2023-01-18 18:00:00,379.66,78.3,3
2023-01-18 14:00:00,5,2023-01-18 19:00:00,379.66,78.4,3
2023-01-18 14:00:00,6,2023-01-18 20:00:00,379.65,77.3,3
2023-01-19 07:00:00,0,2023-01-19 07:00:00,379.58,69.0,3
2023-01-19 07:00:00,1,2023-01-19 08:00:00,379.59,69.6,3
2023-01-19 07:00:00,2,2023-01-19 09:00:00,379.58,68.3,3
2023-01-19 07:00:00,3,2023-01-19 10:00:00,379.58,68.1,3
2023-01-19 07:00:00,4,2023-01-19 11:00:00,379.55,64.9,3
2023-01-19 07:00:00,5,2023-01-19 12:00:00,379.55,64.7,3
2023-01-19 07:00:00,6,2023-01-19 13:00:00,379.61,72.0,3
2023-01-20 07:00:00,0,2023-01-20 07:00:00,379.51,60.2,3
2023-01-20 07:00:00,1,2023-01-20 08:00:00,379.52,61.4,3
2023-01-20 07:00:00,2,2023-01-20 09:00:00,379.51,60.3,3
2023-01-20 07:00:00,3,2023-01-20 10:00:00,379.5,59.4,3
2023-01-20 07:00:00,4,2023-01-20 11:00:00,379.49,58.6,3
2023-01-20 07:00:00,5,2023-01-20 12:00:00,379.5,59.3,3
2023-01-20 07:00:00,6,2023-01-20 13:00:00,379.54,64.3,3
2023-01-21 07:00:00,0,2023-01-21 07:00:00,379.46,54.4,3
2023-01-21 07:00:00,1,2023-01-21 08:00:00,379.45,53.5,3
2023-01-21 07:00:00,2,2023-01-21 09:00:00,379.45,54.0,3
2023-01-21 07:00:00,3,2023-01-21 10:00:00,379.46,54.4,3
2023-01-21 07:00:00,4,2023-01-21 11:00:00,379.45,53.0,3
2023-01-21 07:00:00,5,2023-01-21 12:00:00,379.44,52.3,3
2023-01-21 07:00:00,6,2023-01-21 13:00:00,379.45,53.2,3
2023-01-22 07:00:00,0,2023-01-22 07:00:00,379.4,48.4,3
2023-01-22 07:00:00,1,2023-01-22 08:00:00,379.4,48.3,3
2023-01-22 07:00:00,2,2023-01-22 09:00:00,379.41,49.0,3
2023-01-22 07:00:00,3,2023-01-22 10:00:00,379.41,49.2,3
2023-01-22 07:00:00,4,2023-01-22 11:00:00,379.4,48.1,3
2023-01-22 07:00:00,5,2023-01-22 12:00:00,379.4,47.6,3
2023-01-22 07:00:00,6,2023-01-22 13:00:00,379.39,47.0,3
2023-01-23 07:00:00,0,2023-01-23 07:00:00,379.36,43.9,3
2023-01-23 07:00:00,1,2023-01-23 08:00:00,379.36,44.0,3
2023-01-23 07:00:00,2,2023-01-23 09:00:00,379.36,43.5,3
2023-01-23 07:00:00,3,2023-01-23 10:00:00,379.36,43.3,3
2023-01-23 07:00:00,4,2023-01-23 11:00:00,379.37,44.4,3
2023-01-23 07:00:00,5,2023-01-23 12:00:00,379.36,43.7,3
2023-01-23 07:00:00,6,2023-01-23 13:00:00,379.35,43.0,3
2023-01-24 09:00:00,0,2023-01-24 09:00:00,379.28,35.7,3
2023-01-24 09:00:00,1,2023-01-24 10:00:00,379.28,35.9,3
2023-01-24 09:00:00,2,2023-01-24 11:00:00,379.29,36.0,3
2023-01-24 09:00:00,3,2023-01-24 12:00:00,379.28,35.8,3
2023-01-24 09:00:00,4,2023-01-24 13:00:00,379.28,35.7,3
2023-01-24 09:00:00,5,2023-01-24 14:00:00,379.31,38.0,3
2023-01-24 09:00:00,6,2023-01-24 15:00:00,379.34,41.5,3
2023-01-24 13:00:00,0,2023-01-24 13:00:00,379.28,35.4,3
2023-01-24 13:00:00,1,2023-01-24 14:00:00,379.28,35.0,3
2023-01-24 13:00:00,2,2023-01-24 15:00:00,379.27,34.8,3
2023-01-24 13:00:00,3,2023-01-24 16:00:00,379.28,35.4,3
2023-01-24 13:00:00,4,2023-01-24 17:00:00,379.28,35.3,3
2023-01-24 13:00:00,5,2023-01-24 18:00:00,379.28,35.2,3
2023-01-24 13:00:00,6,2023-01-24 19:00:00,379.27,34.9,3
2023-01-25 07:00:00,0,2023-01-25 07:00:00,379.35,42.3,3
2023-01-25 07:00:00,1,2023-01-25 08:00:00,379.35,42.2,3
2023-01-25 07:00:00,2,2023-01-25 09:00:00,379.34,41.8,3
2023-01-25 07:00:00,3,2023-01-25 10:00:00,379.34,41.8,3
2023-01-25 07:00:00,4,2023-01-25 11:00:00,379.34,41.9,3
2023-01-25 07:00:00,5,2023-01-25 12:00:00,379.34,41.4,3
2023-01-25 07:00:00,6,2023-01-25 13:00:00,379.33,40.4,3
2023-01-26 07:00:00,0,2023-01-26 07:00:00,379.33,40.5,3
2023-01-26 07:00:00,1,2023-01-26 08:00:00,379.34,41.2,3
2023-01-26 07:00:00,2,2023-01-26 09:00:00,379.34,41.2,3
2023-01-26 07:00:00,3,2023-01-26 10:00:00,379.33,40.9,3
2023-01-26 07:00:00,4,2023-01-26 11:00:00,379.33,40.5,3
2023-01-26 07:00:00,5,2023-01-26 12:00:00,379.32,39.7,3
2023-01-26 07:00:00,6,2023-01-26 13:00:00,379.32,39.6,3
2023-01-27 07:00:00,0,2023-01-27 07:00:00,379.29,36.7,3
2023-01-27 07:00:00,1,2023-01-27 08:00:00,379.3,37.1,3
2023-01-27 07:00:00,2,2023-01-27 09:00:00,379.29,36.7,3
2023-01-27 07:00:00,3,2023-01-27 10:00:00,379.29,36.1,3
2023-01-27 07:00:00,4,2023-01-27 11:00:00,379.36,43.6,3
2023-01-27 07:00:00,5,2023-01-27 12:00:00,379.34,42.0,3
2023-01-27 07:00:00,6,2023-01-27 13:00:00,379.34,41.4,3
2023-01-28 07:00:00,0,2023-01-28 07:00:00,379.31,38.7,3
2023-01-28 07:00:00,1,2023-01-28 08:00:00,379.32,39.2,3
2023-01-28 07:00:00,2,2023-01-28 09:00:00,379.38,45.9,3
2023-01-28 07:00:00,3,2023-01-28 10:00:00,379.31,38.8,3
2023-01-28 07:00:00,4,2023-01-28 11:00:00,379.28,35.9,3
2023-01-28 07:00:00,5,2023-01-28 12:00:00,379.28,35.4,3
2023-01-28 07:00:00,6,2023-01-28 13:00:00,379.27,35.0,3
2023-01-29 07:00:00,0,2023-01-29 07:00:00,379.29,36.4,3
2023-01-29 07:00:00,1,2023-01-29 08:00:00,379.29,36.2,3
2023-01-29 07:00:00,2,2023-01-29 09:00:00,379.28,35.5,3
2023-01-29 07:00:00,3,2023-01-29 10:00:00,379.27,34.5,3
2023-01-29 07:00:00,4,2023-01-29 11:00:00,379.27,34.2,3
2023-01-29 07:00:00,5,2023-01-29 12:00:00,379.27,34.2,3
2023-01-29 07:00:00,6,2023-01-29 13:00:00,379.26,33.4,3
2023-01-30 06:00:00,0,2023-01-30 06:00:00,379.28,35.1,3
2023-01-30 06:00:00,1,2023-01-30 07:00:00,379.27,34.2,3
2023-01-30 06:00:00,2,2023-01-30 08:00:00,379.26,33.5,3
2023-01-30 06:00:00,3,2023-01-30 09:00:00,379.25,33.1,3
2023-01-30 06:00:00,4,2023-01-30 10:00:00,379.26,33.3,3
2023-01-30 06:00:00,5,2023-01-30 11:00:00,379.25,32.8,3
2023-01-30 06:00:00,6,2023-01-30 12:00:00,379.24,31.9,3
2023-01-31 07:00:00,0,2023-01-31 07:00:00,379.26,33.6,3
2023-01-31 07:00:00,1,2023-01-31 08:00:00,379.26,33.2,3
2023-01-31 07:00:00,2,2023-01-31 09:00:00,379.25,33.0,3
2023-01-31 07:00:00,3,2023-01-31 10:00:00,379.25,32.5,3
2023-01-31 07:00:00,4,2023-01-31 11:00:00,379.24,31.7,3
2023-01-31 07:00:00,5,2023-01-31 12:00:00,379.23,30.7,3
2023-01-31 07:00:00,6,2023-01-31 13:00:00,379.22,30.2,3
2023-02-01 08:00:00,0,2023-02-01 08:00:00,379.24,31.6,3
2023-02-01 08:00:00,1,2023-02-01 09:00:00,379.24,32.0,3
2023-02-01 08:00:00,2,2023-02-01 10:00:00,379.23,31.1,3
2023-02-01 08:00:00,3,2023-02-01 11:00:00,379.22,30.2,3
2023-02-01 08:00:00,4,2023-02-01 12:00:00,379.21,29.2,3
2023-02-01 08:00:00,5,2023-02-01 13:00:00,379.2,28.6,3
2023-02-01 08:00:00,6,2023-02-01 14:00:00,379.2,28.8,3
2023-02-01 14:00:00,0,2023-02-01 14:00:00,379.18,26.9,3
2023-02-01 14:00:00,1,2023-02-01 15:00:00,379.19,27.9,3
2023-02-01 14:00:00,2,2023-02-01 16:00:00,379.21,29.1,3
2023-02-01 14:00:00,3,2023-02-01 17:00:00,379.21,29.0,3
2023-02-01 14:00:00,4,2023-02-01 18:00:00,379.21,29.5,3
2023-02-01 14:00:00,5,2023-02-01 19:00:00,379.22,30.1,3
2023-02-01 14:00:00,6,2023-02-01 20:00:00,379.22,30.5,3
2023-02-02 08:00:00,0,2023-02-02 08:00:00,379.25,32.8,3
2023-02-02 08:00:00,1,2023-02-02 09:00:00,379.24,31.8,3
2023-02-02 08:00:00,2,2023-02-02 10:00:00,379.22,30.5,3
2023-02-02 08:00:00,3,2023-02-02 11:00:00,379.22,29.9,3
2023-02-02 08:00:00,4,2023-02-02 12:00:00,379.21,29.4,3
2023-02-02 08:00:00,5,2023-02-02 13:00:00,379.21,29.1,3
2023-02-02 08:00:00,6,2023-02-02 14:00:00,379.21,29.0,3
2023-02-03 07:00:00,0,2023-02-03 07:00:00,379.24,32.3,3
2023-02-03 07:00:00,1,2023-02-03 08:00:00,379.25,33.0,3
2023-02-03 07:00:00,2,2023-02-03 09:00:00,379.24,31.6,3
2023-02-03 07:00:00,3,2023-02-03 10:00:00,379.21,29.6,3
2023-02-03 07:00:00,4,2023-02-03 11:00:00,379.2,28.9,3
2023-02-03 07:00:00,5,2023-02-03 12:00:00,379.22,30.5,3
2023-02-03 07:00:00,6,2023-02-03 13:00:00,379.22,30.5,3
2023-02-04 07:00:00,0,2023-02-04 07:00:00,379.22,30.2,3
2023-02-04 07:00:00,1,2023-02-04 08:00:00,379.23,31.4,3
2023-02-04 07:00:00,2,2023-02-04 09:00:00,379.23,30.6,3
2023-02-04 07:00:00,3,2023-02-04 10:00:00,379.22,30.1,3
2023-02-04 07:00:00,4,2023-02-04 11:00:00,379.21,29.6,3
2023-02-04 07:00:00,5,2023-02-04 12:00:00,379.2,28.9,3
2023-02-04 07:00:00,6,2023-02-04 13:00:00,379.33,40.4,3
2023-02-05 07:00:00,0,2023-02-05 07:00:00,379.25,33.1,3
2023-02-05 07:00:00,1,2023-02-05 08:00:00,379.24,32.2,3
2023-02-05 07:00:00,2,2023-02-05 09:00:00,379.23,31.0,3
2023-02-05 07:00:00,3,2023-02-05 10:00:00,379.22,30.2,3
2023-02-05 07:00:00,4,2023-02-05 11:00:00,379.22,30.1,3
2023-02-05 07:00:00,5,2023-02-05 12:00:00,379.22,30.3,3
2023-02-05 07:00:00,6,2023-02-05 13:00:00,379.22,30.0,3
2023-02-06 07:00:00,0,2023-02-06 07:00:00,379.24,31.6,3
2023-02-06 07:00:00,1,2023-02-06 08:00:00,379.23,31.4,3
2023-02-06 07:00:00,2,2023-02-06 09:00:00,379.22,30.5,3
2023-02-06 07:00:00,3,2023-02-06 10:00:00,379.21,29.8,3
2023-02-06 07:00:00,4,2023-02-06 11:00:00,379.21,29.4,3
2023-02-06 07:00:00,5,2023-02-06 12:00:00,379.2,28.8,3
2023-02-06 07:00:00,6,2023-02-06 13:00:00,379.2,28.6,3
2023-02-07 07:00:00,0,2023-02-07 07:00:00,379.23,30.7,3
2023-02-07 07:00:00,1,2023-02-07 08:00:00,379.23,30.6,3
2023-02-07 07:00:00,2,2023-02-07 09:00:00,379.21,29.7,3
2023-02-07 07:00:00,3,2023-02-07 10:00:00,379.2,28.4,3
2023-02-07 07:00:00,4,2023-02-07 11:00:00,379.19,27.8,3
2023-02-07 07:00:00,5,2023-02-07 12:00:00,379.18,27.2,3
2023-02-07 07:00:00,6,2023-02-07 13:00:00,379.19,28.2,3
2023-02-08 07:00:00,0,2023-02-08 07:00:00,379.21,29.6,3
2023-02-08 07:00:00,1,2023-02-08 08:00:00,379.2,28.9,3
2023-02-08 07:00:00,2,2023-02-08 09:00:00,379.19,28.0,3
2023-02-08 07:00:00,3,2023-02-08 10:00:00,379.18,26.9,3
2023-02-08 07:00:00,4,2023-02-08 11:00:00,379.17,26.1,3
2023-02-08 07:00:00,5,2023-02-08 12:00:00,379.16,25.9,3
2023-02-08 07:00:00,6,2023-02-08 13:00:00,379.17,26.3,3
2023-02-08 08:00:00,0,2023-02-08 08:00:00,379.2,28.9,3
2023-02-08 08:00:00,1,2023-02-08 09:00:00,379.19,28.0,3
2023-02-08 08:00:00,2,2023-02-08 10:00:00,379.18,26.9,3
2023-02-08 08:00:00,3,2023-02-08 11:00:00,379.17,26.1,3
2023-02-08 08:00:00,4,2023-02-08 12:00:00,379.16,25.9,3
2023-02-08 08:00:00,5,2023-02-08 13:00:00,379.17,26.3,3
2023-02-08 08:00:00,6,2023-02-08 14:00:00,379.18,26.9,3
2023-02-09 07:00:00,0,2023-02-09 07:00:00,379.19,27.9,3
2023-02-09 07:00:00,1,2023-02-09 08:00:00,379.17,26.5,3
2023-02-09 07:00:00,2,2023-02-09 09:00:00,379.16,25.8,3
2023-02-09 07:00:00,3,2023-02-09 10:00:00,379.17,26.2,3
2023-02-09 07:00:00,4,2023-02-09 11:00:00,379.17,26.6,3
2023-02-09 07:00:00,5,2023-02-09 12:00:00,379.17,26.1,3
2023-02-09 07:00:00,6,2023-02-09 13:00:00,379.17,26.4,3
2023-02-10 08:00:00,0,2023-02-10 08:00:00,379.2,28.8,3
2023-02-10 08:00:00,1,2023-02-10 09:00:00,379.18,26.8,3
2023-02-10 08:00:00,2,2023-02-10 10:00:00,379.17,26.2,3
2023-02-10 08:00:00,3,2023-02-10 11:00:00,379.17,26.3,3
2023-02-10 08:00:00,4,2023-02-10 12:00:00,379.18,26.8,3
2023-02-10 08:00:00,5,2023-02-10 13:00:00,379.17,26.6,3
2023-02-10 08:00:00,6,2023-02-10 14:00:00,379.15,25.1,3
2023-02-11 07:00:00,0,2023-02-11 07:00:00,379.17,26.0,3
2023-02-11 07:00:00,1,2023-02-11 08:00:00,379.16,25.8,3
2023-02-11 07:00:00,2,2023-02-11 09:00:00,379.15,25.1,3
2023-02-11 07:00:00,3,2023-02-11 10:00:00,379.14,24.3,3
2023-02-11 07:00:00,4,2023-02-11 11:00:00,379.14,24.4,3
2023-02-11 07:00:00,5,2023-02-11 12:00:00,379.14,24.4,3
2023-02-11 07:00:00,6,2023-02-11 13:00:00,379.15,24.6,3
2023-02-12 07:00:00,0,2023-02-12 07:00:00,379.16,25.6,3
2023-02-12 07:00:00,1,2023-02-12 08:00:00,379.16,25.4,3
2023-02-12 07:00:00,2,2023-02-12 09:00:00,379.15,25.0,3
2023-02-12 07:00:00,3,2023-02-12 10:00:00,379.14,24.4,3
2023-02-12 07:00:00,4,2023-02-12 11:00:00,379.14,24.4,3
2023-02-12 07:00:00,5,2023-02-12 12:00:00,379.14,24.4,3
2023-02-12 07:00:00,6,2023-02-12 13:00:00,379.14,24.2,3
2023-02-13 07:00:00,0,2023-02-13 07:00:00,379.17,26.2,3
2023-02-13 07:00:00,1,2023-02-13 08:00:00,379.16,25.8,3
2023-02-13 07:00:00,2,2023-02-13 09:00:00,379.16,25.4,3
2023-02-13 07:00:00,3,2023-02-13 10:00:00,379.15,25.0,3
2023-02-13 07:00:00,4,2023-02-13 11:00:00,379.14,24.4,3
2023-02-13 07:00:00,5,2023-02-13 12:00:00,379.14,24.5,3
2023-02-13 07:00:00,6,2023-02-13 13:00:00,379.15,24.6,3
2023-02-14 07:00:00,0,2023-02-14 07:00:00,379.18,27.4,3
2023-02-14 07:00:00,1,2023-02-14 08:00:00,379.18,26.9,3
2023-02-14 07:00:00,2,2023-02-14 09:00:00,379.17,26.1,3
2023-02-14 07:00:00,3,2023-02-14 10:00:00,379.16,25.5,3
2023-02-14 07:00:00,4,2023-02-14 11:00:00,379.16,25.9,3
2023-02-14 07:00:00,5,2023-02-14 12:00:00,379.14,24.5,3
2023-02-14 07:00:00,6,2023-02-14 13:00:00,379.15,24.8,3
2023-02-15 07:00:00,0,2023-02-15 07:00:00,379.21,29.6,3
2023-02-15 07:00:00,1,2023-02-15 08:00:00,379.2,28.5,3
2023-02-15 07:00:00,2,2023-02-15 09:00:00,379.18,27.0,3
2023-02-15 07:00:00,3,2023-02-15 10:00:00,379.17,26.2,3
2023-02-15 07:00:00,4,2023-02-15 11:00:00,379.15,25.3,3
2023-02-15 07:00:00,5,2023-02-15 12:00:00,379.16,25.6,3
2023-02-15 07:00:00,6,2023-02-15 13:00:00,379.16,25.8,3
2023-02-16 07:00:00,0,2023-02-16 07:00:00,379.23,31.4,3
2023-02-16 07:00:00,1,2023-02-16 08:00:00,379.21,29.8,3
2023-02-16 07:00:00,2,2023-02-16 09:00:00,379.2,28.4,3
2023-02-16 07:00:00,3,2023-02-16 10:00:00,379.18,27.0,3
2023-02-16 07:00:00,4,2023-02-16 11:00:00,379.17,26.1,3
2023-02-16 07:00:00,5,2023-02-16 12:00:00,379.16,25.8,3
2023-02-16 07:00:00,6,2023-02-16 13:00:00,379.17,26.4,3
2023-02-17 07:00:00,0,2023-02-17 07:00:00,379.23,30.7,3
2023-02-17 07:00:00,1,2023-02-17 08:00:00,379.2,28.9,3
2023-02-17 07:00:00,2,2023-02-17 09:00:00,379.19,27.8,3
2023-02-17 07:00:00,3,2023-02-17 10:00:00,379.17,26.2,3
2023-02-17 07:00:00,4,2023-02-17 11:00:00,379.15,24.6,3
2023-02-17 07:00:00,5,2023-02-17 12:00:00,379.15,24.8,3
2023-02-17 07:00:00,6,2023-02-17 13:00:00,379.16,25.5,3
2023-02-18 07:00:00,0,2023-02-18 07:00:00,379.26,33.5,3
2023-02-18 07:00:00,1,2023-02-18 08:00:00,379.23,31.2,3
2023-02-18 07:00:00,2,2023-02-18 09:00:00,379.2,28.9,3
2023-02-18 07:00:00,3,2023-02-18 10:00:00,379.18,26.9,3
2023-02-18 07:00:00,4,2023-02-18 11:00:00,379.16,26.0,3
2023-02-18 07:00:00,5,2023-02-18 12:00:00,379.16,25.4,3
2023-02-18 07:00:00,6,2023-02-18 13:00:00,379.17,26.6,3
2023-02-19 07:00:00,0,2023-02-19 07:00:00,379.28,35.1,3
2023-02-19 07:00:00,1,2023-02-19 08:00:00,379.24,32.2,3
2023-02-19 07:00:00,2,2023-02-19 09:00:00,379.21,29.1,3
2023-02-19 07:00:00,3,2023-02-19 10:00:00,379.18,27.0,3
2023-02-19 07:00:00,4,2023-02-19 11:00:00,379.16,25.7,3
2023-02-19 07:00:00,5,2023-02-19 12:00:00,379.16,25.9,3
2023-02-19 07:00:00,6,2023-02-19 13:00:00,379.23,31.3,3
2023-02-20 07:00:00,0,2023-02-20 07:00:00,379.27,34.3,3
2023-02-20 07:00:00,1,2023-02-20 08:00:00,379.23,31.2,3
2023-02-20 07:00:00,2,2023-02-20 09:00:00,379.2,28.7,3
2023-02-20 07:00:00,3,2023-02-20 10:00:00,379.17,26.5,3
2023-02-20 07:00:00,4,2023-02-20 11:00:00,379.16,25.8,3
2023-02-20 07:00:00,5,2023-02-20 12:00:00,379.18,27.1,3
2023-02-20 07:00:00,6,2023-02-20 13:00:00,379.2,28.4,3
2023-02-21 07:00:00,0,2023-02-21 07:00:00,379.26,33.7,3
2023-02-21 07:00:00,1,2023-02-21 08:00:00,379.22,30.6,3
2023-02-21 07:00:00,2,2023-02-21 09:00:00,379.2,28.6,3
2023-02-21 07:00:00,3,2023-02-21 10:00:00,379.18,27.1,3
2023-02-21 07:00:00,4,2023-02-21 11:00:00,379.17,26.2,3
2023-02-21 07:00:00,5,2023-02-21 12:00:00,379.17,26.5,3
2023-02-21 07:00:00,6,2023-02-21 13:00:00,379.19,27.9,3
2023-02-22 07:00:00,0,2023-02-22 07:00:00,379.27,34.3,3
2023-02-22 07:00:00,1,2023-02-22 08:00:00,379.22,30.0,3
2023-02-22 07:00:00,2,2023-02-22 09:00:00,379.18,27.2,3
2023-02-22 07:00:00,3,2023-02-22 10:00:00,379.15,25.1,3
2023-02-22 07:00:00,4,2023-02-22 11:00:00,379.15,24.9,3
2023-02-22 07:00:00,5,2023-02-22 12:00:00,379.16,25.9,3
2023-02-22 07:00:00,6,2023-02-22 13:00:00,379.2,28.7,3
2023-02-22 15:00:00,0,2023-02-22 15:00:00,379.26,33.8,3
2023-02-22 15:00:00,1,2023-02-22 16:00:00,379.26,33.8,3
2023-02-22 15:00:00,2,2023-02-22 17:00:00,379.24,32.3,3
2023-02-22 15:00:00,3,2023-02-22 18:00:00,379.22,30.4,3
2023-02-22 15:00:00,4,2023-02-22 19:00:00,379.23,31.1,3
2023-02-22 15:00:00,5,2023-02-22 20:00:00,379.23,31.1,3
2023-02-22 15:00:00,6,2023-02-22 21:00:00,379.23,30.9,3
2023-02-23 08:00:00,0,2023-02-23 08:00:00,379.22,30.1,3
2023-02-23 08:00:00,1,2023-02-23 09:00:00,379.19,27.5,3
2023-02-23 08:00:00,2,2023-02-23 10:00:00,379.17,26.0,3
2023-02-23 08:00:00,3,2023-02-23 11:00:00,379.16,26.0,3
2023-02-23 08:00:00,4,2023-02-23 12:00:00,379.17,26.7,3
2023-02-23 08:00:00,5,2023-02-23 13:00:00,379.2,28.3,3
2023-02-23 08:00:00,6,2023-02-23 14:00:00,379.31,38.7,3
2023-02-24 07:00:00,0,2023-02-24 07:00:00,379.24,31.5,3
2023-02-24 07:00:00,1,2023-02-24 08:00:00,379.21,29.5,3
2023-02-24 07:00:00,2,2023-02-24 09:00:00,379.19,28.0,3
2023-02-24 07:00:00,3,2023-02-24 10:00:00,379.18,26.8,3
2023-02-24 07:00:00,4,2023-02-24 11:00:00,379.17,26.3,3
2023-02-24 07:00:00,5,2023-02-24 12:00:00,379.17,26.6,3
2023-02-24 07:00:00,6,2023-02-24 13:00:00,379.21,29.1,3
2023-02-25 07:00:00,0,2023-02-25 07:00:00,379.24,31.7,3
2023-02-25 07:00:00,1,2023-02-25 08:00:00,379.21,29.5,3
2023-02-25 07:00:00,2,2023-02-25 09:00:00,379.2,28.6,3
2023-02-25 07:00:00,3,2023-02-25 10:00:00,379.19,27.9,3
2023-02-25 07:00:00,4,2023-02-25 11:00:00,379.18,27.3,3
2023-02-25 07:00:00,5,2023-02-25 12:00:00,379.18,27.0,3
2023-02-25 07:00:00,6,2023-02-25 13:00:00,379.18,27.0,3
2023-02-26 08:00:00,0,2023-02-26 08:00:00,379.21,29.6,3
2023-02-26 08:00:00,1,2023-02-26 09:00:00,379.19,27.9,3
2023-02-26 08:00:00,2,2023-02-26 10:00:00,379.18,27.1,3
2023-02-26 08:00:00,3,2023-02-26 11:00:00,379.17,26.7,3
2023-02-26 08:00:00,4,2023-02-26 12:00:00,379.17,26.2,3
2023-02-26 08:00:00,5,2023-02-26 13:00:00,379.17,26.1,3
2023-02-26 08:00:00,6,2023-02-26 14:00:00,379.18,26.9,3
2023-02-27 07:00:00,0,2023-02-27 07:00:00,379.23,30.9,3
2023-02-27 07:00:00,1,2023-02-27 08:00:00,379.2,28.5,3
2023-02-27 07:00:00,2,2023-02-27 09:00:00,379.18,26.9,3
2023-02-27 07:00:00,3,2023-02-27 10:00:00,379.16,25.4,3
2023-02-27 07:00:00,4,2023-02-27 11:00:00,379.15,25.1,3
2023-02-27 07:00:00,5,2023-02-27 12:00:00,379.15,25.1,3
2023-02-27 07:00:00,6,2023-02-27 13:00:00,379.15,25.1,3
2023-02-28 07:00:00,0,2023-02-28 07:00:00,379.23,31.0,3
2023-02-28 07:00:00,1,2023-02-28 08:00:00,379.18,27.3,3
2023-02-28 07:00:00,2,2023-02-28 09:00:00,379.15,25.0,3
2023-02-28 07:00:00,3,2023-02-28 10:00:00,379.14,24.0,3
2023-02-28 07:00:00,4,2023-02-28 11:00:00,379.14,24.0,3
2023-02-28 07:00:00,5,2023-02-28 12:00:00,379.13,23.8,3
2023-02-28 07:00:00,6,2023-02-28 13:00:00,379.13,23.8,3
2023-03-01 07:00:00,0,2023-03-01 07:00:00,379.19,27.9,3
2023-03-01 07:00:00,1,2023-03-01 08:00:00,379.18,26.8,3
2023-03-01 07:00:00,2,2023-03-01 09:00:00,379.17,26.0,3
2023-03-01 07:00:00,3,2023-03-01 10:00:00,379.15,24.9,3
2023-03-01 07:00:00,4,2023-03-01 11:00:00,379.14,24.1,3
2023-03-01 07:00:00,5,2023-03-01 12:00:00,379.13,23.7,3
2023-03-01 07:00:00,6,2023-03-01 13:00:00,379.13,23.2,3
2023-03-02 07:00:00,0,2023-03-02 07:00:00,379.15,24.8,3
2023-03-02 07:00:00,1,2023-03-02 08:00:00,379.14,24.3,3
2023-03-02 07:00:00,2,2023-03-02 09:00:00,379.14,24.3,3
2023-03-02 07:00:00,3,2023-03-02 10:00:00,379.13,23.5,3
2023-03-02 07:00:00,4,2023-03-02 11:00:00,379.13,23.8,3
2023-03-02 07:00:00,5,2023-03-02 12:00:00,379.13,23.5,3
2023-03-02 07:00:00,6,2023-03-02 13:00:00,379.13,23.2,3
2023-03-03 07:00:00,0,2023-03-03 07:00:00,379.14,24.5,3
2023-03-03 07:00:00,1,2023-03-03 08:00:00,379.14,24.3,3
2023-03-03 07:00:00,2,2023-03-03 09:00:00,379.14,24.1,3
2023-03-03 07:00:00,3,2023-03-03 10:00:00,379.14,23.9,3
2023-03-03 07:00:00,4,2023-03-03 11:00:00,379.13,23.5,3
2023-03-03 07:00:00,5,2023-03-03 12:00:00,379.13,23.3,3
2023-03-03 07:00:00,6,2023-03-03 13:00:00,379.12,22.9,3
2023-03-04 07:00:00,0,2023-03-04 07:00:00,379.15,25.0,3
2023-03-04 07:00:00,1,2023-03-04 08:00:00,379.15,24.8,3
2023-03-04 07:00:00,2,2023-03-04 09:00:00,379.14,24.4,3
2023-03-04 07:00:00,3,2023-03-04 10:00:00,379.14,24.0,3
2023-03-04 07:00:00,4,2023-03-04 11:00:00,379.13,23.7,3
2023-03-04 07:00:00,5,2023-03-04 12:00:00,379.12,23.0,3
2023-03-04 07:00:00,6,2023-03-04 13:00:00,379.12,22.6,3
2023-03-05 07:00:00,0,2023-03-05 07:00:00,379.16,25.5,3
2023-03-05 07:00:00,1,2023-03-05 08:00:00,379.15,24.8,3
2023-03-05 07:00:00,2,2023-03-05 09:00:00,379.14,24.1,3
2023-03-05 07:00:00,3,2023-03-05 10:00:00,379.14,24.5,3
2023-03-05 07:00:00,4,2023-03-05 11:00:00,379.14,24.0,3
2023-03-05 07:00:00,5,2023-03-05 12:00:00,379.12,23.0,3
2023-03-05 07:00:00,6,2023-03-05 13:00:00,379.12,22.8,3
2023-03-06 07:00:00,0,2023-03-06 07:00:00,379.15,24.9,3
2023-03-06 07:00:00,1,2023-03-06 08:00:00,379.14,24.5,3
2023-03-06 07:00:00,2,2023-03-06 09:00:00,379.13,23.2,3
2023-03-06 07:00:00,3,2023-03-06 10:00:00,379.13,23.5,3
2023-03-06 07:00:00,4,2023-03-06 11:00:00,379.12,23.0,3
2023-03-06 07:00:00,5,2023-03-06 12:00:00,379.12,22.6,3
2023-03-06 07:00:00,6,2023-03-06 13:00:00,379.11,22.1,3
2023-03-07 07:00:00,0,2023-03-07 07:00:00,379.11,21.9,3
2023-03-07 07:00:00,1,2023-03-07 08:00:00,379.1,21.6,3
2023-03-07 07:00:00,2,2023-03-07 09:00:00,379.11,22.0,3
2023-03-07 07:00:00,3,2023-03-07 10:00:00,379.2,28.4,3
2023-03-07 07:00:00,4,2023-03-07 11:00:00,379.18,27.2,3
2023-03-07 07:00:00,5,2023-03-07 12:00:00,379.16,25.7,3
2023-03-07 07:00:00,6,2023-03-07 13:00:00,379.15,24.7,3
2023-03-08 07:00:00,0,2023-03-08 07:00:00,379.17,26.2,3
2023-03-08 07:00:00,1,2023-03-08 08:00:00,379.17,26.7,3
2023-03-08 07:00:00,2,2023-03-08 09:00:00,379.19,27.8,3
2023-03-08 07:00:00,3,2023-03-08 10:00:00,379.17,26.5,3
2023-03-08 07:00:00,4,2023-03-08 11:00:00,379.15,24.8,3
2023-03-08 07:00:00,5,2023-03-08 12:00:00,379.15,24.6,3
2023-03-08 07:00:00,6,2023-03-08 13:00:00,379.15,25.2,3
2023-03-08 16:00:00,0,2023-03-08 16:00:00,379.14,23.9,3
2023-03-08 16:00:00,1,2023-03-08 17:00:00,379.15,24.9,3
2023-03-08 16:00:00,2,2023-03-08 18:00:00,379.15,24.9,3
2023-03-08 16:00:00,3,2023-03-08 19:00:00,379.16,25.4,3
2023-03-08 16:00:00,4,2023-03-08 20:00:00,379.17,26.4,3
2023-03-08 16:00:00,5,2023-03-08 21:00:00,379.2,28.8,3
2023-03-08 16:00:00,6,2023-03-08 22:00:00,379.21,29.3,3
2023-03-09 06:00:00,0,2023-03-09 06:00:00,379.54,64.2,3
2023-03-09 06:00:00,1,2023-03-09 07:00:00,379.66,77.6,3
2023-03-09 06:00:00,2,2023-03-09 08:00:00,379.9,107.8,3
2023-03-09 06:00:00,3,2023-03-09 09:00:00,380.28,161.3,3
2023-03-09 06:00:00,4,2023-03-09 10:00:00,380.27,160.0,3
2023-03-09 06:00:00,5,2023-03-09 11:00:00,380.17,144.9,3
2023-03-09 06:00:00,6,2023-03-09 12:00:00,380.05,128.7,3
2023-03-09 07:00:00,0,2023-03-09 07:00:00,379.66,77.6,3
2023-03-09 07:00:00,1,2023-03-09 08:00:00,379.9,107.8,3
2023-03-09 07:00:00,2,2023-03-09 09:00:00,380.28,161.3,3
2023-03-09 07:00:00,3,2023-03-09 10:00:00,380.27,160.0,3
2023-03-09 07:00:00,4,2023-03-09 11:00:00,380.17,144.9,3
2023-03-09 07:00:00,5,2023-03-09 12:00:00,380.05,128.7,3
2023-03-09 07:00:00,6,2023-03-09 13:00:00,379.94,114.0,3
2023-03-09 14:00:00,0,2023-03-09 14:00:00,379.66,78.0,3
2023-03-09 14:00:00,1,2023-03-09 15:00:00,379.62,72.9,3
2023-03-09 14:00:00,2,2023-03-09 16:00:00,379.55,64.6,3
2023-03-09 14:00:00,3,2023-03-09 17:00:00,379.55,64.8,3
2023-03-09 14:00:00,4,2023-03-09 18:00:00,379.54,64.4,3
2023-03-09 14:00:00,5,2023-03-09 19:00:00,379.64,75.1,3
2023-03-09 14:00:00,6,2023-03-09 20:00:00,379.66,77.9,3
2023-03-10 07:00:00,0,2023-03-10 07:00:00,379.49,58.3,3
2023-03-10 07:00:00,1,2023-03-10 08:00:00,379.51,60.2,3
2023-03-10 07:00:00,2,2023-03-10 09:00:00,379.5,59.7,3
2023-03-10 07:00:00,3,2023-03-10 10:00:00,379.51,60.6,3
2023-03-10 07:00:00,4,2023-03-10 11:00:00,379.74,87.8,3
2023-03-10 07:00:00,5,2023-03-10 12:00:00,379.8,95.9,3
2023-03-10 07:00:00,6,2023-03-10 13:00:00,379.82,97.3,3
2023-03-10 13:00:00,0,2023-03-10 13:00:00,379.61,72.5,3
2023-03-10 13:00:00,1,2023-03-10 14:00:00,379.62,72.7,3
2023-03-10 13:00:00,2,2023-03-10 15:00:00,379.61,71.7,3
2023-03-10 13:00:00,3,2023-03-10 16:00:00,379.6,70.3,3
2023-03-10 13:00:00,4,2023-03-10 17:00:00,379.58,68.3,3
2023-03-10 13:00:00,5,2023-03-10 18:00:00,379.87,104.7,3
2023-03-10 13:00:00,6,2023-03-10 19:00:00,379.87,104.2,3
2023-03-11 06:00:00,0,2023-03-11 06:00:00,379.87,104.8,3
2023-03-11 06:00:00,1,2023-03-11 07:00:00,379.79,94.7,3
2023-03-11 06:00:00,2,2023-03-11 08:00:00,379.75,88.5,3
2023-03-11 06:00:00,3,2023-03-11 09:00:00,379.78,92.8,3
2023-03-11 06:00:00,4,2023-03-11 10:00:00,379.87,103.8,3
2023-03-11 06:00:00,5,2023-03-11 11:00:00,379.84,100.2,3
2023-03-11 06:00:00,6,2023-03-11 12:00:00,379.84,100.6,3
2023-03-12 07:00:00,0,2023-03-12 07:00:00,380.3,165.4,3
2023-03-12 07:00:00,1,2023-03-12 08:00:00,380.32,167.2,3
2023-03-12 07:00:00,2,2023-03-12 09:00:00,380.44,186.0,3
2023-03-12 07:00:00,3,2023-03-12 10:00:00,380.42,183.3,3
2023-03-12 07:00:00,4,2023-03-12 11:00:00,380.4,179.7,3
2023-03-12 07:00:00,5,2023-03-12 12:00:00,380.37,175.4,3
2023-03-12 07:00:00,6,2023-03-12 13:00:00,380.36,173.9,3
2023-03-13 07:00:00,0,2023-03-13 07:00:00,380.08,133.1,3
2023-03-13 07:00:00,1,2023-03-13 08:00:00,380.05,127.9,3
2023-03-13 07:00:00,2,2023-03-13 09:00:00,380.02,123.9,3
2023-03-13 07:00:00,3,2023-03-13 10:00:00,380.02,125.0,3
2023-03-13 07:00:00,4,2023-03-13 11:00:00,380.06,130.2,3
2023-03-13 07:00:00,5,2023-03-13 12:00:00,380.03,126.1,3
2023-03-13 07:00:00,6,2023-03-13 13:00:00,380.02,124.2,3
2023-03-14 07:00:00,0,2023-03-14 07:00:00,380.91,267.2,3
2023-03-14 07:00:00,1,2023-03-14 08:00:00,381.06,297.5,3
2023-03-14 07:00:00,2,2023-03-14 09:00:00,381.2,324.1,3
2023-03-14 07:00:00,3,2023-03-14 10:00:00,381.15,314.0,3
2023-03-14 07:00:00,4,2023-03-14 11:00:00,381.18,321.7,3
2023-03-14 07:00:00,5,2023-03-14 12:00:00,381.06,296.6,3
2023-03-14 07:00:00,6,2023-03-14 13:00:00,380.95,276.0,3
2023-03-15 07:00:00,0,2023-03-15 07:00:00,380.4,180.8,3
2023-03-15 07:00:00,1,2023-03-15 08:00:00,380.37,175.9,3
2023-03-15 07:00:00,2,2023-03-15 09:00:00,380.34,170.3,3
2023-03-15 07:00:00,3,2023-03-15 10:00:00,380.33,169.3,3
2023-03-15 07:00:00,4,2023-03-15 11:00:00,380.28,161.3,3
2023-03-15 07:00:00,5,2023-03-15 12:00:00,380.25,157.1,3
2023-03-15 07:00:00,6,2023-03-15 13:00:00,380.23,153.9,3
2023-03-15 13:00:00,0,2023-03-15 13:00:00,380.28,161.2,3
2023-03-15 13:00:00,1,2023-03-15 14:00:00,380.24,155.9,3
2023-03-15 13:00:00,2,2023-03-15 15:00:00,380.2,149.9,3
2023-03-15 13:00:00,3,2023-03-15 16:00:00,380.16,144.1,3
2023-03-15 13:00:00,4,2023-03-15 17:00:00,380.16,143.5,3
2023-03-15 13:00:00,5,2023-03-15 18:00:00,380.11,136.5,3
2023-03-15 13:00:00,6,2023-03-15 19:00:00,380.14,140.6,3
2023-03-16 07:00:00,0,2023-03-16 07:00:00,379.94,113.1,3
2023-03-16 07:00:00,1,2023-03-16 08:00:00,379.92,110.7,3
2023-03-16 07:00:00,2,2023-03-16 09:00:00,379.93,112.2,3
2023-03-16 07:00:00,3,2023-03-16 10:00:00,379.93,112.2,3
2023-03-16 07:00:00,4,2023-03-16 11:00:00,379.91,110.0,3
2023-03-16 07:00:00,5,2023-03-16 12:00:00,379.94,113.4,3
2023-03-16 07:00:00,6,2023-03-16 13:00:00,379.91,109.1,3
2023-03-17 07:00:00,0,2023-03-17 07:00:00,379.77,91.9,3
2023-03-17 07:00:00,1,2023-03-17 08:00:00,379.76,90.6,3
2023-03-17 07:00:00,2,2023-03-17 09:00:00,379.75,89.1,3
2023-03-17 07:00:00,3,2023-03-17 10:00:00,379.74,87.4,3
2023-03-17 07:00:00,4,2023-03-17 11:00:00,379.75,89.6,3
2023-03-17 07:00:00,5,2023-03-17 12:00:00,379.83,99.8,3
2023-03-17 07:00:00,6,2023-03-17 13:00:00,379.82,97.9,3
2023-03-18 07:00:00,0,2023-03-18 07:00:00,379.7,83.4,3
2023-03-18 07:00:00,1,2023-03-18 08:00:00,379.69,81.9,3
2023-03-18 07:00:00,2,2023-03-18 09:00:00,379.67,79.7,3
2023-03-18 07:00:00,3,2023-03-18 10:00:00,379.67,79.5,3
2023-03-18 07:00:00,4,2023-03-18 11:00:00,379.69,82.0,3
2023-03-18 07:00:00,5,2023-03-18 12:00:00,379.77,92.1,3
2023-03-18 07:00:00,6,2023-03-18 13:00:00,379.76,90.0,3
2023-03-19 08:00:00,0,2023-03-19 08:00:00,379.62,73.5,3
2023-03-19 08:00:00,1,2023-03-19 09:00:00,379.61,72.5,3
2023-03-19 08:00:00,2,2023-03-19 10:00:00,379.61,71.8,3
2023-03-19 08:00:00,3,2023-03-19 11:00:00,379.6,71.4,3
2023-03-19 08:00:00,4,2023-03-19 12:00:00,379.66,78.0,3
2023-03-19 08:00:00,5,2023-03-19 13:00:00,379.7,82.6,3
2023-03-19 08:00:00,6,2023-03-19 14:00:00,379.69,81.4,3
2023-03-20 07:00:00,0,2023-03-20 07:00:00,379.66,77.8,3
2023-03-20 07:00:00,1,2023-03-20 08:00:00,379.65,76.5,3
2023-03-20 07:00:00,2,2023-03-20 09:00:00,379.64,75.2,3
2023-03-20 07:00:00,3,2023-03-20 10:00:00,379.63,74.1,3
2023-03-20 07:00:00,4,2023-03-20 11:00:00,379.65,76.4,3
2023-03-20 07:00:00,5,2023-03-20 12:00:00,379.77,91.3,3
2023-03-20 07:00:00,6,2023-03-20 13:00:00,379.75,88.8,3
2023-03-21 07:00:00,0,2023-03-21 07:00:00,379.62,73.6,3
2023-03-21 07:00:00,1,2023-03-21 08:00:00,379.61,72.0,3
2023-03-21 07:00:00,2,2023-03-21 09:00:00,379.6,70.4,3
2023-03-21 07:00:00,3,2023-03-21 10:00:00,379.59,69.8,3
2023-03-21 07:00:00,4,2023-03-21 11:00:00,379.59,69.3,3
2023-03-21 07:00:00,5,2023-03-21 12:00:00,379.61,72.0,3
2023-03-21 07:00:00,6,2023-03-21 13:00:00,379.65,76.8,3
2023-03-22 07:00:00,0,2023-03-22 07:00:00,379.53,62.2,3
2023-03-22 07:00:00,1,2023-03-22 08:00:00,379.51,60.3,3
2023-03-22 07:00:00,2,2023-03-22 09:00:00,379.57,66.8,3
2023-03-22 07:00:00,3,2023-03-22 10:00:00,379.61,72.1,3
2023-03-22 07:00:00,4,2023-03-22 11:00:00,379.59,69.3,3
2023-03-22 07:00:00,5,2023-03-22 12:00:00,379.55,64.7,3
2023-03-22 07:00:00,6,2023-03-22 13:00:00,379.56,66.6,3
2023-03-23 07:00:00,0,2023-03-23 07:00:00,379.53,62.9,3
2023-03-23 07:00:00,1,2023-03-23 08:00:00,379.51,60.1,3
2023-03-23 07:00:00,2,2023-03-23 09:00:00,379.5,59.4,3
2023-03-23 07:00:00,3,2023-03-23 10:00:00,379.47,56.3,3
2023-03-23 07:00:00,4,2023-03-23 11:00:00,379.5,59.8,3
2023-03-23 07:00:00,5,2023-03-23 12:00:00,379.53,62.7,3
2023-03-23 07:00:00,6,2023-03-23 13:00:00,379.57,67.9,3
2023-03-24 08:00:00,0,2023-03-24 08:00:00,379.72,85.9,3
2023-03-24 08:00:00,1,2023-03-24 09:00:00,379.73,86.6,3
2023-03-24 08:00:00,2,2023-03-24 10:00:00,379.71,83.7,3
2023-03-24 08:00:00,3,2023-03-24 11:00:00,379.7,83.2,3
2023-03-24 08:00:00,4,2023-03-24 12:00:00,379.75,88.8,3
2023-03-24 08:00:00,5,2023-03-24 13:00:00,379.78,92.5,3
2023-03-24 08:00:00,6,2023-03-24 14:00:00,379.78,92.8,3
2023-03-25 07:00:00,0,2023-03-25 07:00:00,380.1,135.1,3
2023-03-25 07:00:00,1,2023-03-25 08:00:00,380.12,138.8,3
2023-03-25 07:00:00,2,2023-03-25 09:00:00,380.12,137.8,3
2023-03-25 07:00:00,3,2023-03-25 10:00:00,380.17,146.2,3
2023-03-25 07:00:00,4,2023-03-25 11:00:00,380.19,148.4,3
2023-03-25 07:00:00,5,2023-03-25 12:00:00,380.18,146.8,3
2023-03-25 07:00:00,6,2023-03-25 13:00:00,380.14,141.9,3
2023-03-26 08:00:00,0,2023-03-26 08:00:00,379.69,82.2,3
2023-03-26 08:00:00,1,2023-03-26 09:00:00,379.69,81.9,3
2023-03-26 08:00:00,2,2023-03-26 10:00:00,379.7,82.7,3
2023-03-26 08:00:00,3,2023-03-26 11:00:00,379.72,85.2,3
2023-03-26 08:00:00,4,2023-03-26 12:00:00,379.81,96.5,3
2023-03-26 08:00:00,5,2023-03-26 13:00:00,379.8,95.6,3
2023-03-26 08:00:00,6,2023-03-26 14:00:00,379.81,96.6,3
2023-03-27 07:00:00,0,2023-03-27 07:00:00,379.77,91.3,3
2023-03-27 07:00:00,1,2023-03-27 08:00:00,379.77,91.1,3
2023-03-27 07:00:00,2,2023-03-27 09:00:00,379.77,92.1,3
2023-03-27 07:00:00,3,2023-03-27 10:00:00,379.77,91.8,3
2023-03-27 07:00:00,4,2023-03-27 11:00:00,379.85,102.4,3
2023-03-27 07:00:00,5,2023-03-27 12:00:00,379.87,103.7,3
2023-03-27 07:00:00,6,2023-03-27 13:00:00,379.85,101.5,3
2023-03-28 07:00:00,0,2023-03-28 07:00:00,379.66,77.6,3
2023-03-28 07:00:00,1,2023-03-28 08:00:00,379.65,76.8,3
2023-03-28 07:00:00,2,2023-03-28 09:00:00,379.64,76.0,3
2023-03-28 07:00:00,3,2023-03-28 10:00:00,379.64,75.8,3
2023-03-28 07:00:00,4,2023-03-28 11:00:00,379.63,75.0,3
2023-03-28 07:00:00,5,2023-03-28 12:00:00,379.71,84.6,3
2023-03-28 07:00:00,6,2023-03-28 13:00:00,379.71,84.2,3
2023-03-29 07:00:00,0,2023-03-29 07:00:00,379.67,79.1,3
2023-03-29 07:00:00,1,2023-03-29 08:00:00,379.67,79.5,3
2023-03-29 07:00:00,2,2023-03-29 09:00:00,379.64,75.9,3
2023-03-29 07:00:00,3,2023-03-29 10:00:00,379.64,75.2,3
2023-03-29 07:00:00,4,2023-03-29 11:00:00,379.63,74.1,3
2023-03-29 07:00:00,5,2023-03-29 12:00:00,379.67,78.7,3
2023-03-29 07:00:00,6,2023-03-29 13:00:00,379.71,83.7,3
2023-03-30 07:00:00,0,2023-03-30 07:00:00,379.55,64.8,3
2023-03-30 07:00:00,1,2023-03-30 08:00:00,379.53,62.3,3
2023-03-30 07:00:00,2,2023-03-30 09:00:00,379.52,61.2,3
2023-03-30 07:00:00,3,2023-03-30 10:00:00,379.48,56.8,3
2023-03-30 07:00:00,4,2023-03-30 11:00:00,379.56,66.6,3
2023-03-30 07:00:00,5,2023-03-30 12:00:00,379.66,78.6,3
2023-03-30 07:00:00,6,2023-03-30 13:00:00,379.66,77.8,3
2023-03-31 07:00:00,0,2023-03-31 07:00:00,379.74,87.6,3
2023-03-31 07:00:00,1,2023-03-31 08:00:00,379.74,87.8,3
2023-03-31 07:00:00,2,2023-03-31 09:00:00,379.73,87.1,3
2023-03-31 07:00:00,3,2023-03-31 10:00:00,379.76,90.6,3
2023-03-31 07:00:00,4,2023-03-31 11:00:00,379.79,94.2,3
2023-03-31 07:00:00,5,2023-03-31 12:00:00,379.88,105.1,3
2023-03-31 07:00:00,6,2023-03-31 13:00:00,379.9,108.5,3
2023-04-01 07:00:00,0,2023-04-01 07:00:00,379.83,98.9,3
2023-04-01 07:00:00,1,2023-04-01 08:00:00,379.85,101.3,3
2023-04-01 07:00:00,2,2023-04-01 09:00:00,379.89,107.0,3
2023-04-01 07:00:00,3,2023-04-01 10:00:00,380.13,139.9,3
2023-04-01 07:00:00,4,2023-04-01 11:00:00,380.13,140.5,3
2023-04-01 07:00:00,5,2023-04-01 12:00:00,380.12,138.5,3
2023-04-01 07:00:00,6,2023-04-01 13:00:00,380.11,137.1,3
2023-04-02 07:00:00,0,2023-04-02 07:00:00,379.88,105.4,3
2023-04-02 07:00:00,1,2023-04-02 08:00:00,379.87,104.0,3
2023-04-02 07:00:00,2,2023-04-02 09:00:00,379.85,101.8,3
2023-04-02 07:00:00,3,2023-04-02 10:00:00,379.84,101.0,3
2023-04-02 07:00:00,4,2023-04-02 11:00:00,379.98,119.2,3
2023-04-02 07:00:00,5,2023-04-02 12:00:00,379.97,117.2,3
2023-04-02 07:00:00,6,2023-04-02 13:00:00,379.93,112.7,3
2023-04-03 07:00:00,0,2023-04-03 07:00:00,379.79,94.0,3
2023-04-03 07:00:00,1,2023-04-03 08:00:00,379.78,92.6,3
2023-04-03 07:00:00,2,2023-04-03 09:00:00,379.78,92.9,3
2023-04-03 07:00:00,3,2023-04-03 10:00:00,379.77,91.5,3
2023-04-03 07:00:00,4,2023-04-03 11:00:00,379.77,91.7,3
2023-04-03 07:00:00,5,2023-04-03 12:00:00,379.85,101.3,3
2023-04-03 07:00:00,6,2023-04-03 13:00:00,379.84,99.8,3
2023-04-03 13:00:00,0,2023-04-03 13:00:00,379.74,87.6,3
2023-04-03 13:00:00,1,2023-04-03 14:00:00,379.73,87.1,3
2023-04-03 13:00:00,2,2023-04-03 15:00:00,379.74,87.4,3
2023-04-03 13:00:00,3,2023-04-03 16:00:00,379.73,87.1,3
2023-04-03 13:00:00,4,2023-04-03 17:00:00,379.72,85.6,3
2023-04-03 13:00:00,5,2023-04-03 18:00:00,379.72,84.8,3
2023-04-03 13:00:00,6,2023-04-03 19:00:00,379.73,87.1,3
2023-04-04 07:00:00,0,2023-04-04 07:00:00,379.66,78.1,3
2023-04-04 07:00:00,1,2023-04-04 08:00:00,379.68,79.9,3
2023-04-04 07:00:00,2,2023-04-04 09:00:00,379.67,78.7,3
2023-04-04 07:00:00,3,2023-04-04 10:00:00,379.68,81.0,3
2023-04-04 07:00:00,4,2023-04-04 11:00:00,379.69,82.0,3
2023-04-04 07:00:00,5,2023-04-04 12:00:00,379.72,84.9,3
2023-04-04 07:00:00,6,2023-04-04 13:00:00,379.73,86.7,3
2023-04-05 08:00:00,0,2023-04-05 08:00:00,379.57,67.8,3
2023-04-05 08:00:00,1,2023-04-05 09:00:00,379.56,66.1,3
2023-04-05 08:00:00,2,2023-04-05 10:00:00,379.58,68.5,3
2023-04-05 08:00:00,3,2023-04-05 11:00:00,379.59,69.7,3
2023-04-05 08:00:00,4,2023-04-05 12:00:00,379.58,68.3,3
2023-04-05 08:00:00,5,2023-04-05 13:00:00,379.63,75.0,3
2023-04-05 08:00:00,6,2023-04-05 14:00:00,379.62,72.7,3
2023-04-06 07:00:00,0,2023-04-06 07:00:00,379.53,62.5,3
2023-04-06 07:00:00,1,2023-04-06 08:00:00,379.52,62.0,3
2023-04-06 07:00:00,2,2023-04-06 09:00:00,379.53,62.8,3
2023-04-06 07:00:00,3,2023-04-06 10:00:00,379.54,64.3,3
2023-04-06 07:00:00,4,2023-04-06 11:00:00,379.56,65.6,3
2023-04-06 07:00:00,5,2023-04-06 12:00:00,379.58,68.2,3
2023-04-06 07:00:00,6,2023-04-06 13:00:00,379.62,73.4,3
2023-04-07 07:00:00,0,2023-04-07 07:00:00,379.44,52.5,3
2023-04-07 07:00:00,1,2023-04-07 08:00:00,379.43,51.2,3
2023-04-07 07:00:00,2,2023-04-07 09:00:00,379.43,51.6,3
2023-04-07 07:00:00,3,2023-04-07 10:00:00,379.44,52.5,3
2023-04-07 07:00:00,4,2023-04-07 11:00:00,379.47,56.3,3
2023-04-07 07:00:00,5,2023-04-07 12:00:00,379.5,59.5,3
2023-04-07 07:00:00,6,2023-04-07 13:00:00,379.51,60.5,3
2023-04-08 07:00:00,0,2023-04-08 07:00:00,379.44,52.8,3
2023-04-08 07:00:00,1,2023-04-08 08:00:00,379.41,49.2,3
2023-04-08 07:00:00,2,2023-04-08 09:00:00,379.41,48.9,3
2023-04-08 07:00:00,3,2023-04-08 10:00:00,379.43,51.3,3
2023-04-08 07:00:00,4,2023-04-08 11:00:00,379.46,54.5,3
2023-04-08 07:00:00,5,2023-04-08 12:00:00,379.47,55.5,3
2023-04-08 07:00:00,6,2023-04-08 13:00:00,379.52,61.8,3
2023-04-09 07:00:00,0,2023-04-09 07:00:00,379.39,46.5,3
2023-04-09 07:00:00,1,2023-04-09 08:00:00,379.38,45.3,3
2023-04-09 07:00:00,2,2023-04-09 09:00:00,379.38,45.5,3
2023-04-09 07:00:00,3,2023-04-09 10:00:00,379.37,44.4,3
2023-04-09 07:00:00,4,2023-04-09 11:00:00,379.4,47.4,3
2023-04-09 07:00:00,5,2023-04-09 12:00:00,379.41,48.8,3
2023-04-09 07:00:00,6,2023-04-09 13:00:00,379.44,52.8,3
2023-04-10 07:00:00,0,2023-04-10 07:00:00,379.38,45.3,3
2023-04-10 07:00:00,1,2023-04-10 08:00:00,379.38,45.3,3
2023-04-10 07:00:00,2,2023-04-10 09:00:00,379.37,44.7,3
2023-04-10 07:00:00,3,2023-04-10 10:00:00,379.4,47.5,3
2023-04-10 07:00:00,4,2023-04-10 11:00:00,379.39,47.3,3
2023-04-10 07:00:00,5,2023-04-10 12:00:00,379.4,48.4,3
2023-04-10 07:00:00,6,2023-04-10 13:00:00,379.44,52.7,3
2023-04-11 07:00:00,0,2023-04-11 07:00:00,379.37,44.9,3
2023-04-11 07:00:00,1,2023-04-11 08:00:00,379.38,45.5,3
2023-04-11 07:00:00,2,2023-04-11 09:00:00,379.39,47.0,3
2023-04-11 07:00:00,3,2023-04-11 10:00:00,379.39,46.3,3
2023-04-11 07:00:00,4,2023-04-11 11:00:00,379.41,49.2,3
2023-04-11 07:00:00,5,2023-04-11 12:00:00,379.47,55.7,3
2023-04-11 07:00:00,6,2023-04-11 13:00:00,379.52,61.1,3
2023-04-12 07:00:00,0,2023-04-12 07:00:00,379.47,55.8,3
2023-04-12 07:00:00,1,2023-04-12 08:00:00,379.45,53.5,3
2023-04-12 07:00:00,2,2023-04-12 09:00:00,379.48,56.7,3
2023-04-12 07:00:00,3,2023-04-12 10:00:00,379.47,55.4,3
2023-04-12 07:00:00,4,2023-04-12 11:00:00,379.43,51.8,3
2023-04-12 07:00:00,5,2023-04-12 12:00:00,379.53,62.6,3
2023-04-12 07:00:00,6,2023-04-12 13:00:00,379.58,68.8,3
2023-04-13 07:00:00,0,2023-04-13 07:00:00,379.75,89.3,3
2023-04-13 07:00:00,1,2023-04-13 08:00:00,379.73,86.3,3
2023-04-13 07:00:00,2,2023-04-13 09:00:00,379.7,82.3,3
2023-04-13 07:00:00,3,2023-04-13 10:00:00,379.76,90.9,3
2023-04-13 07:00:00,4,2023-04-13 11:00:00,379.88,106.2,3
2023-04-13 07:00:00,5,2023-04-13 12:00:00,379.88,105.4,3
2023-04-13 07:00:00,6,2023-04-13 13:00:00,379.85,102.1,3
2023-04-14 07:00:00,0,2023-04-14 07:00:00,379.66,78.4,3
2023-04-14 07:00:00,1,2023-04-14 08:00:00,379.64,75.3,3
2023-04-14 07:00:00,2,2023-04-14 09:00:00,379.61,72.6,3
2023-04-14 07:00:00,3,2023-04-14 10:00:00,379.58,68.1,3
2023-04-14 07:00:00,4,2023-04-14 11:00:00,379.56,66.3,3
2023-04-14 07:00:00,5,2023-04-14 12:00:00,379.59,69.6,3
2023-04-14 07:00:00,6,2023-04-14 13:00:00,379.63,74.3,3
2023-04-15 07:00:00,0,2023-04-15 07:00:00,379.48,56.7,3
2023-04-15 07:00:00,1,2023-04-15 08:00:00,379.48,56.5,3
2023-04-15 07:00:00,2,2023-04-15 09:00:00,379.48,57.5,3
2023-04-15 07:00:00,3,2023-04-15 10:00:00,379.49,58.0,3
2023-04-15 07:00:00,4,2023-04-15 11:00:00,379.54,63.3,3
2023-04-15 07:00:00,5,2023-04-15 12:00:00,379.6,71.3,3
2023-04-15 07:00:00,6,2023-04-15 13:00:00,379.71,84.5,3
2023-04-16 07:00:00,0,2023-04-16 07:00:00,379.64,75.8,3
2023-04-16 07:00:00,1,2023-04-16 08:00:00,379.61,72.4,3
2023-04-16 07:00:00,2,2023-04-16 09:00:00,379.62,72.7,3
2023-04-16 07:00:00,3,2023-04-16 10:00:00,379.62,73.3,3
2023-04-16 07:00:00,4,2023-04-16 11:00:00,379.62,73.6,3
2023-04-16 07:00:00,5,2023-04-16 12:00:00,379.7,82.3,3
2023-04-16 07:00:00,6,2023-04-16 13:00:00,379.66,78.5,3
2023-04-17 07:00:00,0,2023-04-17 07:00:00,379.54,63.9,3
2023-04-17 07:00:00,1,2023-04-17 08:00:00,379.53,62.5,3
2023-04-17 07:00:00,2,2023-04-17 09:00:00,379.52,61.4,3
2023-04-17 07:00:00,3,2023-04-17 10:00:00,379.51,60.1,3
2023-04-17 07:00:00,4,2023-04-17 11:00:00,379.54,63.8,3
2023-04-17 07:00:00,5,2023-04-17 12:00:00,379.58,68.4,3
2023-04-17 07:00:00,6,2023-04-17 13:00:00,379.6,70.9,3
2023-04-18 07:00:00,0,2023-04-18 07:00:00,379.54,63.5,3
2023-04-18 07:00:00,1,2023-04-18 08:00:00,379.53,62.3,3
2023-04-18 07:00:00,2,2023-04-18 09:00:00,379.51,60.8,3
2023-04-18 07:00:00,3,2023-04-18 10:00:00,379.51,60.1,3
2023-04-18 07:00:00,4,2023-04-18 11:00:00,379.5,59.2,3
2023-04-18 07:00:00,5,2023-04-18 12:00:00,379.53,62.8,3
2023-04-18 07:00:00,6,2023-04-18 13:00:00,379.56,66.6,3
2023-04-19 07:00:00,0,2023-04-19 07:00:00,379.5,58.9,3
2023-04-19 07:00:00,1,2023-04-19 08:00:00,379.49,57.6,3
2023-04-19 07:00:00,2,2023-04-19 09:00:00,379.47,56.3,3
2023-04-19 07:00:00,3,2023-04-19 10:00:00,379.47,55.3,3
2023-04-19 07:00:00,4,2023-04-19 11:00:00,379.46,54.5,3
2023-04-19 07:00:00,5,2023-04-19 12:00:00,379.45,53.7,3
2023-04-19 07:00:00,6,2023-04-19 13:00:00,379.51,60.0,3
2023-04-20 07:00:00,0,2023-04-20 07:00:00,379.49,57.5,3
2023-04-20 07:00:00,1,2023-04-20 08:00:00,379.48,56.4,3
2023-04-20 07:00:00,2,2023-04-20 09:00:00,379.46,55.1,3
2023-04-20 07:00:00,3,2023-04-20 10:00:00,379.45,54.0,3
2023-04-20 07:00:00,4,2023-04-20 11:00:00,379.45,53.3,3
2023-04-20 07:00:00,5,2023-04-20 12:00:00,379.45,53.0,3
2023-04-20 07:00:00,6,2023-04-20 13:00:00,379.51,60.0,3
2023-04-21 07:00:00,0,2023-04-21 07:00:00,379.66,78.1,3
2023-04-21 07:00:00,1,2023-04-21 08:00:00,379.64,76.0,3
2023-04-21 07:00:00,2,2023-04-21 09:00:00,379.63,74.2,3
2023-04-21 07:00:00,3,2023-04-21 10:00:00,379.61,71.8,3
2023-04-21 07:00:00,4,2023-04-21 11:00:00,379.6,70.5,3
2023-04-21 07:00:00,5,2023-04-21 12:00:00,379.63,74.9,3
2023-04-21 07:00:00,6,2023-04-21 13:00:00,379.67,79.1,3
2023-04-22 08:00:00,0,2023-04-22 08:00:00,379.52,61.3,3
2023-04-22 08:00:00,1,2023-04-22 09:00:00,379.5,59.6,3
2023-04-22 08:00:00,2,2023-04-22 10:00:00,379.5,58.8,3
2023-04-22 08:00:00,3,2023-04-22 11:00:00,379.49,58.0,3
2023-04-22 08:00:00,4,2023-04-22 12:00:00,379.49,57.5,3
2023-04-22 08:00:00,5,2023-04-22 13:00:00,379.56,66.7,3
2023-04-22 08:00:00,6,2023-04-22 14:00:00,379.56,66.5,3
2023-04-23 07:00:00,0,2023-04-23 07:00:00,379.55,64.6,3
2023-04-23 07:00:00,1,2023-04-23 08:00:00,379.55,65.3,3
2023-04-23 07:00:00,2,2023-04-23 09:00:00,379.55,65.2,3
2023-04-23 07:00:00,3,2023-04-23 10:00:00,379.54,64.2,3
2023-04-23 07:00:00,4,2023-04-23 11:00:00,379.53,63.2,3
2023-04-23 07:00:00,5,2023-04-23 12:00:00,379.58,69.0,3
2023-04-23 07:00:00,6,2023-04-23 13:00:00,379.62,73.6,3
2023-04-24 08:00:00,0,2023-04-24 08:00:00,379.86,103.4,3
2023-04-24 08:00:00,1,2023-04-24 09:00:00,380.27,159.9,3
2023-04-24 08:00:00,2,2023-04-24 10:00:00,380.33,170.1,3
2023-04-24 08:00:00,3,2023-04-24 11:00:00,380.3,165.0,3
2023-04-24 08:00:00,4,2023-04-24 12:00:00,380.26,159.5,3
2023-04-24 08:00:00,5,2023-04-24 13:00:00,380.23,154.4,3
2023-04-24 08:00:00,6,2023-04-24 14:00:00,380.19,148.3,3
2023-04-25 07:00:00,0,2023-04-25 07:00:00,379.8,95.0,3
2023-04-25 07:00:00,1,2023-04-25 08:00:00,379.79,94.1,3
2023-04-25 07:00:00,2,2023-04-25 09:00:00,379.79,94.1,3
2023-04-25 07:00:00,3,2023-04-25 10:00:00,379.8,94.8,3
2023-04-25 07:00:00,4,2023-04-25 11:00:00,379.82,97.3,3
2023-04-25 07:00:00,5,2023-04-25 12:00:00,379.89,106.5,3
2023-04-25 07:00:00,6,2023-04-25 13:00:00,379.88,105.5,3
2023-04-26 07:00:00,0,2023-04-26 07:00:00,379.64,75.9,3
2023-04-26 07:00:00,1,2023-04-26 08:00:00,379.64,75.4,3
2023-04-26 07:00:00,2,2023-04-26 09:00:00,379.63,74.9,3
2023-04-26 07:00:00,3,2023-04-26 10:00:00,379.63,74.2,3
2023-04-26 07:00:00,4,2023-04-26 11:00:00,379.62,73.8,3
2023-04-26 07:00:00,5,2023-04-26 12:00:00,379.72,85.8,3
2023-04-26 07:00:00,6,2023-04-26 13:00:00,379.72,85.5,3
2023-04-26 15:00:00,0,2023-04-26 15:00:00,379.65,76.3,3
2023-04-26 15:00:00,1,2023-04-26 16:00:00,379.64,75.1,3
2023-04-26 15:00:00,2,2023-04-26 17:00:00,379.63,74.5,3
2023-04-26 15:00:00,3,2023-04-26 18:00:00,379.63,73.9,3
2023-04-26 15:00:00,4,2023-04-26 19:00:00,379.62,72.7,3
2023-04-26 15:00:00,5,2023-04-26 20:00:00,379.65,76.9,3
2023-04-26 15:00:00,6,2023-04-26 21:00:00,379.69,82.2,3
2023-04-27 07:00:00,0,2023-04-27 07:00:00,379.54,64.0,3
2023-04-27 07:00:00,1,2023-04-27 08:00:00,379.55,64.6,3
2023-04-27 07:00:00,2,2023-04-27 09:00:00,379.54,63.5,3
2023-04-27 07:00:00,3,2023-04-27 10:00:00,379.53,63.2,3
2023-04-27 07:00:00,4,2023-04-27 11:00:00,379.53,62.8,3
2023-04-27 07:00:00,5,2023-04-27 12:00:00,379.57,67.3,3
2023-04-27 07:00:00,6,2023-04-27 13:00:00,379.62,72.8,3
2023-04-28 07:00:00,0,2023-04-28 07:00:00,379.54,64.1,3
2023-04-28 07:00:00,1,2023-04-28 08:00:00,379.54,63.5,3
2023-04-28 07:00:00,2,2023-04-28 09:00:00,379.53,62.8,3
2023-04-28 07:00:00,3,2023-04-28 10:00:00,379.53,62.2,3
2023-04-28 07:00:00,4,2023-04-28 11:00:00,379.52,61.8,3
2023-04-28 07:00:00,5,2023-04-28 12:00:00,379.52,61.8,3
2023-04-28 07:00:00,6,2023-04-28 13:00:00,379.59,69.4,3
2023-04-29 07:00:00,0,2023-04-29 07:00:00,379.83,99.6,3
2023-04-29 07:00:00,1,2023-04-29 08:00:00,379.88,105.3,3
2023-04-29 07:00:00,2,2023-04-29 09:00:00,380.05,128.5,3
2023-04-29 07:00:00,3,2023-04-29 10:00:00,380.32,167.8,3
2023-04-29 07:00:00,4,2023-04-29 11:00:00,380.48,193.2,3
2023-04-29 07:00:00,5,2023-04-29 12:00:00,380.53,201.8,3
2023-04-29 07:00:00,6,2023-04-29 13:00:00,380.51,197.2,3
2023-04-30 07:00:00,0,2023-04-30 07:00:00,380.23,154.8,3
2023-04-30 07:00:00,1,2023-04-30 08:00:00,380.2,150.5,3
2023-04-30 07:00:00,2,2023-04-30 09:00:00,380.17,146.1,3
2023-04-30 07:00:00,3,2023-04-30 10:00:00,380.17,146.0,3
2023-04-30 07:00:00,4,2023-04-30 11:00:00,380.17,146.0,3
2023-04-30 07:00:00,5,2023-04-30 12:00:00,380.15,143.1,3
2023-04-30 07:00:00,6,2023-04-30 13:00:00,380.13,139.8,3
2023-05-01 07:00:00,0,2023-05-01 07:00:00,379.9,108.7,3
2023-05-01 07:00:00,1,2023-05-01 08:00:00,379.92,111.0,3
2023-05-01 07:00:00,2,2023-05-01 09:00:00,379.91,109.7,3
2023-05-01 07:00:00,3,2023-05-01 10:00:00,379.97,117.6,3
2023-05-01 07:00:00,4,2023-05-01 11:00:00,380.05,128.4,3
2023-05-01 07:00:00,5,2023-05-01 12:00:00,380.04,127.1,3
2023-05-01 07:00:00,6,2023-05-01 13:00:00,380.04,126.9,3
2023-05-02 07:00:00,0,2023-05-02 07:00:00,380.06,130.4,3
2023-05-02 07:00:00,1,2023-05-02 08:00:00,380.05,128.6,3
2023-05-02 07:00:00,2,2023-05-02 09:00:00,380.03,125.8,3
2023-05-02 07:00:00,3,2023-05-02 10:00:00,380.02,125.0,3
2023-05-02 07:00:00,4,2023-05-02 11:00:00,379.98,118.7,3
2023-05-02 07:00:00,5,2023-05-02 12:00:00,379.96,116.2,3
2023-05-02 07:00:00,6,2023-05-02 13:00:00,379.94,114.0,3
2023-05-03 08:00:00,0,2023-05-03 08:00:00,379.88,105.3,3
2023-05-03 08:00:00,1,2023-05-03 09:00:00,379.89,106.7,3
2023-05-03 08:00:00,2,2023-05-03 10:00:00,379.88,105.7,3
2023-05-03 08:00:00,3,2023-05-03 11:00:00,379.9,107.9,3
2023-05-03 08:00:00,4,2023-05-03 12:00:00,379.95,114.7,3
2023-05-03 08:00:00,5,2023-05-03 13:00:00,379.94,113.9,3
2023-05-03 08:00:00,6,2023-05-03 14:00:00,379.92,110.6,3
2023-05-04 07:00:00,0,2023-05-04 07:00:00,379.85,102.1,3
2023-05-04 07:00:00,1,2023-05-04 08:00:00,379.88,105.4,3
2023-05-04 07:00:00,2,2023-05-04 09:00:00,379.86,103.3,3
2023-05-04 07:00:00,3,2023-05-04 10:00:00,379.88,105.7,3
2023-05-04 07:00:00,4,2023-05-04 11:00:00,379.93,111.7,3
2023-05-04 07:00:00,5,2023-05-04 12:00:00,379.96,116.9,3
2023-05-04 07:00:00,6,2023-05-04 13:00:00,379.95,114.8,3
2023-05-05 07:00:00,0,2023-05-05 07:00:00,379.95,115.0,3
2023-05-05 07:00:00,1,2023-05-05 08:00:00,379.97,117.5,3
2023-05-05 07:00:00,2,2023-05-05 09:00:00,379.98,118.7,3
2023-05-05 07:00:00,3,2023-05-05 10:00:00,379.97,117.4,3
2023-05-05 07:00:00,4,2023-05-05 11:00:00,379.98,118.7,3
2023-05-05 07:00:00,5,2023-05-05 12:00:00,380.03,125.3,3
2023-05-05 07:00:00,6,2023-05-05 13:00:00,380.01,122.9,3
2023-05-06 07:00:00,0,2023-05-06 07:00:00,379.98,119.2,3
2023-05-06 07:00:00,1,2023-05-06 08:00:00,379.98,118.4,3
2023-05-06 07:00:00,2,2023-05-06 09:00:00,379.98,118.7,3
2023-05-06 07:00:00,3,2023-05-06 10:00:00,379.97,117.6,3
2023-05-06 07:00:00,4,2023-05-06 11:00:00,380.01,123.6,3
2023-05-06 07:00:00,5,2023-05-06 12:00:00,380.05,128.6,3
2023-05-06 07:00:00,6,2023-05-06 13:00:00,380.04,127.5,3
2023-05-07 08:00:00,0,2023-05-07 08:00:00,380.17,145.0,3
2023-05-07 08:00:00,1,2023-05-07 09:00:00,380.16,144.0,3
2023-05-07 08:00:00,2,2023-05-07 10:00:00,380.13,140.0,3
2023-05-07 08:00:00,3,2023-05-07 11:00:00,380.17,145.0,3
2023-05-07 08:00:00,4,2023-05-07 12:00:00,380.15,142.5,3
2023-05-07 08:00:00,5,2023-05-07 13:00:00,380.08,133.4,3
2023-05-07 08:00:00,6,2023-05-07 14:00:00,380.02,123.8,3
2023-05-07 20:00:00,0,2023-05-07 20:00:00,379.99,120.6,3
2023-05-07 20:00:00,1,2023-05-07 21:00:00,380.0,122.2,3
2023-05-07 20:00:00,2,2023-05-07 22:00:00,379.98,119.2,3
2023-05-07 20:00:00,3,2023-05-07 23:00:00,379.97,117.5,3
2023-05-07 20:00:00,4,2023-05-08 00:00:00,380.0,122.3,3
2023-05-07 20:00:00,5,2023-05-08 01:00:00,380.22,153.5,3
2023-05-07 20:00:00,6,2023-05-08 02:00:00,380.26,158.3,3
2023-05-08 07:00:00,0,2023-05-08 07:00:00,380.29,163.9,3
2023-05-08 07:00:00,1,2023-05-08 08:00:00,380.28,161.8,3
2023-05-08 07:00:00,2,2023-05-08 09:00:00,380.28,161.4,3
2023-05-08 07:00:00,3,2023-05-08 10:00:00,380.26,158.3,3
2023-05-08 07:00:00,4,2023-05-08 11:00:00,380.27,159.7,3
2023-05-08 07:00:00,5,2023-05-08 12:00:00,380.24,156.0,3
2023-05-08 07:00:00,6,2023-05-08 13:00:00,380.13,139.2,3
2023-05-09 07:00:00,0,2023-05-09 07:00:00,380.08,132.8,3
2023-05-09 07:00:00,1,2023-05-09 08:00:00,380.08,132.4,3
2023-05-09 07:00:00,2,2023-05-09 09:00:00,380.06,130.4,3
2023-05-09 07:00:00,3,2023-05-09 10:00:00,380.08,132.4,3
2023-05-09 07:00:00,4,2023-05-09 11:00:00,380.12,138.7,3
2023-05-09 07:00:00,5,2023-05-09 12:00:00,380.12,138.8,3
2023-05-09 07:00:00,6,2023-05-09 13:00:00,380.02,124.9,3
2023-05-09 12:00:00,0,2023-05-09 12:00:00,380.05,128.4,3
2023-05-09 12:00:00,1,2023-05-09 13:00:00,379.94,113.0,3
2023-05-09 12:00:00,2,2023-05-09 14:00:00,379.97,117.6,3
2023-05-09 12:00:00,3,2023-05-09 15:00:00,379.98,119.5,3
2023-05-09 12:00:00,4,2023-05-09 16:00:00,379.98,118.5,3
2023-05-09 12:00:00,5,2023-05-09 17:00:00,380.03,126.5,3
2023-05-09 12:00:00,6,2023-05-09 18:00:00,380.05,128.1,3
2023-05-09 17:00:00,0,2023-05-09 17:00:00,379.98,119.1,3
2023-05-09 17:00:00,1,2023-05-09 18:00:00,379.97,117.6,3
2023-05-09 17:00:00,2,2023-05-09 19:00:00,379.96,116.9,3
2023-05-09 17:00:00,3,2023-05-09 20:00:00,379.96,116.7,3
2023-05-09 17:00:00,4,2023-05-09 21:00:00,380.04,127.8,3
2023-05-09 17:00:00,5,2023-05-09 22:00:00,380.17,145.9,3
2023-05-09 17:00:00,6,2023-05-09 23:00:00,380.29,162.9,3
2023-05-09 20:00:00,0,2023-05-09 20:00:00,379.96,115.6,3
2023-05-09 20:00:00,1,2023-05-09 21:00:00,379.96,116.3,3
2023-05-09 20:00:00,2,2023-05-09 22:00:00,380.08,132.8,3
2023-05-09 20:00:00,3,2023-05-09 23:00:00,380.13,139.8,3
2023-05-09 20:00:00,4,2023-05-10 00:00:00,380.45,188.1,3
2023-05-09 20:00:00,5,2023-05-10 01:00:00,380.79,246.5,3
2023-05-09 20:00:00,6,2023-05-10 02:00:00,380.91,267.2,3
2023-05-09 21:00:00,0,2023-05-09 21:00:00,379.96,116.3,3
2023-05-09 21:00:00,1,2023-05-09 22:00:00,380.08,132.8,3
2023-05-09 21:00:00,2,2023-05-09 23:00:00,380.13,139.8,3
2023-05-09 21:00:00,3,2023-05-10 00:00:00,380.45,188.1,3
2023-05-09 21:00:00,4,2023-05-10 01:00:00,380.79,246.5,3
2023-05-09 21:00:00,5,2023-05-10 02:00:00,380.91,267.2,3
2023-05-09 21:00:00,6,2023-05-10 03:00:00,381.02,289.6,3
2023-05-10 05:00:00,0,2023-05-10 05:00:00,381.08,301.4,3
2023-05-10 05:00:00,1,2023-05-10 06:00:00,381.11,305.9,3
2023-05-10 05:00:00,2,2023-05-10 07:00:00,380.99,282.9,3
2023-05-10 05:00:00,3,2023-05-10 08:00:00,380.91,267.6,3
2023-05-10 05:00:00,4,2023-05-10 09:00:00,380.9,266.9,3
2023-05-10 05:00:00,5,2023-05-10 10:00:00,380.91,267.0,3
2023-05-10 05:00:00,6,2023-05-10 11:00:00,380.83,254.0,3
2023-05-10 06:00:00,0,2023-05-10 06:00:00,381.11,305.9,3
2023-05-10 06:00:00,1,2023-05-10 07:00:00,380.99,282.9,3
2023-05-10 06:00:00,2,2023-05-10 08:00:00,380.91,267.6,3
2023-05-10 06:00:00,3,2023-05-10 09:00:00,380.9,266.9,3
2023-05-10 06:00:00,4,2023-05-10 10:00:00,380.91,267.0,3
2023-05-10 06:00:00,5,2023-05-10 11:00:00,380.83,254.0,3
2023-05-10 06:00:00,6,2023-05-10 12:00:00,380.8,246.9,3
2023-05-10 07:00:00,0,2023-05-10 07:00:00,381.13,311.6,3
2023-05-10 07:00:00,1,2023-05-10 08:00:00,381.1,304.7,3
2023-05-10 07:00:00,2,2023-05-10 09:00:00,381.09,302.2,3
2023-05-10 07:00:00,3,2023-05-10 10:00:00,381.05,294.6,3
2023-05-10 07:00:00,4,2023-05-10 11:00:00,380.96,277.2,3
2023-05-10 07:00:00,5,2023-05-10 12:00:00,380.86,259.3,3
2023-05-10 07:00:00,6,2023-05-10 13:00:00,380.82,250.6,3
2023-05-10 10:00:00,0,2023-05-10 10:00:00,381.05,294.6,3
2023-05-10 10:00:00,1,2023-05-10 11:00:00,380.96,277.2,3
2023-05-10 10:00:00,2,2023-05-10 12:00:00,380.86,259.3,3
2023-05-10 10:00:00,3,2023-05-10 13:00:00,380.82,250.6,3
2023-05-10 10:00:00,4,2023-05-10 14:00:00,380.8,248.6,3
2023-05-10 10:00:00,5,2023-05-10 15:00:00,380.77,242.2,3
2023-05-10 10:00:00,6,2023-05-10 16:00:00,380.71,231.7,3
2023-05-10 11:00:00,0,2023-05-10 11:00:00,380.82,250.5,3
2023-05-10 11:00:00,1,2023-05-10 12:00:00,380.74,236.6,3
2023-05-10 11:00:00,2,2023-05-10 13:00:00,380.73,236.0,3
2023-05-10 11:00:00,3,2023-05-10 14:00:00,380.63,218.7,3
2023-05-10 11:00:00,4,2023-05-10 15:00:00,380.56,206.0,3
2023-05-10 11:00:00,5,2023-05-10 16:00:00,380.52,199.7,3
2023-05-10 11:00:00,6,2023-05-10 17:00:00,380.46,189.3,3
2023-05-10 13:00:00,0,2023-05-10 13:00:00,380.85,256.5,3
2023-05-10 13:00:00,1,2023-05-10 14:00:00,380.8,247.3,3
2023-05-10 13:00:00,2,2023-05-10 15:00:00,380.73,236.0,3
2023-05-10 13:00:00,3,2023-05-10 16:00:00,380.65,221.0,3
2023-05-10 13:00:00,4,2023-05-10 17:00:00,380.58,209.3,3
2023-05-10 13:00:00,5,2023-05-10 18:00:00,380.52,199.1,3
2023-05-10 13:00:00,6,2023-05-10 19:00:00,380.5,196.4,3
2023-05-10 14:00:00,0,2023-05-10 14:00:00,380.8,247.3,3
2023-05-10 14:00:00,1,2023-05-10 15:00:00,380.73,236.0,3
2023-05-10 14:00:00,2,2023-05-10 16:00:00,380.65,221.0,3
2023-05-10 14:00:00,3,2023-05-10 17:00:00,380.58,209.3,3
2023-05-10 14:00:00,4,2023-05-10 18:00:00,380.52,199.1,3
2023-05-10 14:00:00,5,2023-05-10 19:00:00,380.5,196.4,3
2023-05-10 14:00:00,6,2023-05-10 20:00:00,380.44,186.2,3
2023-05-10 17:00:00,0,2023-05-10 17:00:00,380.59,212.0,3
2023-05-10 17:00:00,1,2023-05-10 18:00:00,380.52,199.9,3
2023-05-10 17:00:00,2,2023-05-10 19:00:00,380.51,197.4,3
2023-05-10 17:00:00,3,2023-05-10 20:00:00,380.45,188.9,3
2023-05-10 17:00:00,4,2023-05-10 21:00:00,380.44,186.6,3
2023-05-10 17:00:00,5,2023-05-10 22:00:00,380.42,183.1,3
2023-05-10 17:00:00,6,2023-05-10 23:00:00,380.4,179.9,3
2023-05-10 21:00:00,0,2023-05-10 21:00:00,380.56,206.8,3
2023-05-10 21:00:00,1,2023-05-10 22:00:00,380.55,203.9,3
2023-05-10 21:00:00,2,2023-05-10 23:00:00,380.56,206.4,3
2023-05-10 21:00:00,3,2023-05-11 00:00:00,380.53,202.0,3
2023-05-10 21:00:00,4,2023-05-11 01:00:00,380.48,193.1,3
2023-05-10 21:00:00,5,2023-05-11 02:00:00,380.46,190.4,3
2023-05-10 21:00:00,6,2023-05-11 03:00:00,380.43,185.0,3
2023-05-11 06:00:00,0,2023-05-11 06:00:00,380.31,166.6,3
2023-05-11 06:00:00,1,2023-05-11 07:00:00,380.27,160.7,3
2023-05-11 06:00:00,2,2023-05-11 08:00:00,380.24,156.1,3
2023-05-11 06:00:00,3,2023-05-11 09:00:00,380.24,155.9,3
2023-05-11 06:00:00,4,2023-05-11 10:00:00,380.23,153.8,3
2023-05-11 06:00:00,5,2023-05-11 11:00:00,380.21,152.1,3
2023-05-11 06:00:00,6,2023-05-11 12:00:00,380.2,149.7,3
2023-05-11 08:00:00,0,2023-05-11 08:00:00,380.24,156.1,3
2023-05-11 08:00:00,1,2023-05-11 09:00:00,380.24,155.9,3
2023-05-11 08:00:00,2,2023-05-11 10:00:00,380.23,153.8,3
2023-05-11 08:00:00,3,2023-05-11 11:00:00,380.21,152.1,3
2023-05-11 08:00:00,4,2023-05-11 12:00:00,380.2,149.7,3
2023-05-11 08:00:00,5,2023-05-11 13:00:00,380.18,146.9,3
2023-05-11 08:00:00,6,2023-05-11 14:00:00,380.13,139.4,3
2023-05-11 14:00:00,0,2023-05-11 14:00:00,380.16,143.7,3
2023-05-11 14:00:00,1,2023-05-11 15:00:00,380.17,146.1,3
2023-05-11 14:00:00,2,2023-05-11 16:00:00,380.16,144.4,3
2023-05-11 14:00:00,3,2023-05-11 17:00:00,380.15,142.4,3
2023-05-11 14:00:00,4,2023-05-11 18:00:00,380.15,142.3,3
2023-05-11 14:00:00,5,2023-05-11 19:00:00,380.17,146.2,3
2023-05-11 14:00:00,6,2023-05-11 20:00:00,380.16,144.1,3
2023-05-11 15:00:00,0,2023-05-11 15:00:00,380.17,146.1,3
2023-05-11 15:00:00,1,2023-05-11 16:00:00,380.16,144.4,3
2023-05-11 15:00:00,2,2023-05-11 17:00:00,380.15,142.4,3
2023-05-11 15:00:00,3,2023-05-11 18:00:00,380.15,142.3,3
2023-05-11 15:00:00,4,2023-05-11 19:00:00,380.17,146.2,3
2023-05-11 15:00:00,5,2023-05-11 20:00:00,380.16,144.1,3
2023-05-11 15:00:00,6,2023-05-11 21:00:00,380.14,141.7,3
2023-05-11 16:00:00,0,2023-05-11 16:00:00,380.21,150.8,3
2023-05-11 16:00:00,1,2023-05-11 17:00:00,380.19,148.3,3
2023-05-11 16:00:00,2,2023-05-11 18:00:00,380.17,146.2,3
2023-05-11 16:00:00,3,2023-05-11 19:00:00,380.14,141.3,3
2023-05-11 16:00:00,4,2023-05-11 20:00:00,380.13,140.4,3
2023-05-11 16:00:00,5,2023-05-11 21:00:00,380.11,136.7,3
2023-05-11 16:00:00,6,2023-05-11 22:00:00,380.17,145.9,3
2023-05-11 19:00:00,0,2023-05-11 19:00:00,380.14,141.3,3
2023-05-11 19:00:00,1,2023-05-11 20:00:00,380.13,140.4,3
2023-05-11 19:00:00,2,2023-05-11 21:00:00,380.11,136.7,3
2023-05-11 19:00:00,3,2023-05-11 22:00:00,380.17,145.9,3
2023-05-11 19:00:00,4,2023-05-11 23:00:00,380.16,143.7,3
2023-05-11 19:00:00,5,2023-05-12 00:00:00,380.18,146.4,3
2023-05-11 19:00:00,6,2023-05-12 01:00:00,380.19,148.2,3
2023-05-12 07:00:00,0,2023-05-12 07:00:00,379.98,118.9,3
2023-05-12 07:00:00,1,2023-05-12 08:00:00,379.97,117.5,3
2023-05-12 07:00:00,2,2023-05-12 09:00:00,379.95,114.9,3
2023-05-12 07:00:00,3,2023-05-12 10:00:00,379.94,113.4,3
2023-05-12 07:00:00,4,2023-05-12 11:00:00,380.02,125.0,3
2023-05-12 07:00:00,5,2023-05-12 12:00:00,380.02,123.8,3
2023-05-12 07:00:00,6,2023-05-12 13:00:00,379.99,120.8,3
2023-05-12 17:00:00,0,2023-05-12 17:00:00,379.95,114.6,3
2023-05-12 17:00:00,1,2023-05-12 18:00:00,379.94,114.1,3
2023-05-12 17:00:00,2,2023-05-12 19:00:00,379.93,111.7,3
2023-05-12 17:00:00,3,2023-05-12 20:00:00,379.9,108.6,3
2023-05-12 17:00:00,4,2023-05-12 21:00:00,379.91,109.8,3
2023-05-12 17:00:00,5,2023-05-12 22:00:00,380.01,122.9,3
2023-05-12 17:00:00,6,2023-05-12 23:00:00,380.02,124.8,3
2023-05-13 07:00:00,0,2023-05-13 07:00:00,379.85,101.8,3
2023-05-13 07:00:00,1,2023-05-13 08:00:00,379.86,103.0,3
2023-05-13 07:00:00,2,2023-05-13 09:00:00,379.84,99.9,3
2023-05-13 07:00:00,3,2023-05-13 10:00:00,379.95,115.2,3
2023-05-13 07:00:00,4,2023-05-13 11:00:00,379.92,110.7,3
2023-05-13 07:00:00,5,2023-05-13 12:00:00,379.92,111.0,3
2023-05-13 07:00:00,6,2023-05-13 13:00:00,379.92,110.4,3
2023-05-13 16:00:00,0,2023-05-13 16:00:00,379.82,97.6,3
2023-05-13 16:00:00,1,2023-05-13 17:00:00,379.81,97.1,3
2023-05-13 16:00:00,2,2023-05-13 18:00:00,379.81,97.1,3
2023-05-13 16:00:00,3,2023-05-13 19:00:00,379.82,98.4,3
2023-05-13 16:00:00,4,2023-05-13 20:00:00,379.82,98.4,3
2023-05-13 16:00:00,5,2023-05-13 21:00:00,379.9,107.9,3
2023-05-13 16:00:00,6,2023-05-13 22:00:00,380.1,135.1,3
2023-05-14 07:00:00,0,2023-05-14 07:00:00,379.86,103.4,3
2023-05-14 07:00:00,1,2023-05-14 08:00:00,379.84,101.1,3
2023-05-14 07:00:00,2,2023-05-14 09:00:00,379.84,100.4,3
2023-05-14 07:00:00,3,2023-05-14 10:00:00,379.84,100.1,3
2023-05-14 07:00:00,4,2023-05-14 11:00:00,379.87,104.4,3
2023-05-14 07:00:00,5,2023-05-14 12:00:00,379.93,112.0,3
2023-05-14 07:00:00,6,2023-05-14 13:00:00,379.93,111.8,3
2023-05-14 11:00:00,0,2023-05-14 11:00:00,379.83,99.8,3
2023-05-14 11:00:00,1,2023-05-14 12:00:00,379.82,98.3,3
2023-05-14 11:00:00,2,2023-05-14 13:00:00,379.81,96.9,3
2023-05-14 11:00:00,3,2023-05-14 14:00:00,379.8,95.6,3
2023-05-14 11:00:00,4,2023-05-14 15:00:00,379.8,95.0,3
2023-05-14 11:00:00,5,2023-05-14 16:00:00,379.76,90.6,3
2023-05-14 11:00:00,6,2023-05-14 17:00:00,379.87,104.9,3
2023-05-15 07:00:00,0,2023-05-15 07:00:00,379.84,101.1,3
2023-05-15 07:00:00,1,2023-05-15 08:00:00,379.84,100.5,3
2023-05-15 07:00:00,2,2023-05-15 09:00:00,379.83,99.6,3
2023-05-15 07:00:00,3,2023-05-15 10:00:00,379.82,98.4,3
2023-05-15 07:00:00,4,2023-05-15 11:00:00,379.9,108.6,3
2023-05-15 07:00:00,5,2023-05-15 12:00:00,379.94,114.1,3
2023-05-15 07:00:00,6,2023-05-15 13:00:00,379.93,112.0,3
2023-05-16 12:00:00,0,2023-05-16 12:00:00,379.75,89.4,3
2023-05-16 12:00:00,1,2023-05-16 13:00:00,379.76,89.9,3
2023-05-16 12:00:00,2,2023-05-16 14:00:00,379.75,89.2,3
2023-05-16 12:00:00,3,2023-05-16 15:00:00,379.74,88.2,3
2023-05-16 12:00:00,4,2023-05-16 16:00:00,379.74,87.4,3
2023-05-16 12:00:00,5,2023-05-16 17:00:00,379.76,90.2,3
2023-05-16 12:00:00,6,2023-05-16 18:00:00,379.86,103.4,3
2023-05-16 17:00:00,0,2023-05-16 17:00:00,379.74,87.5,3
2023-05-16 17:00:00,1,2023-05-16 18:00:00,379.73,86.9,3
2023-05-16 17:00:00,2,2023-05-16 19:00:00,379.72,85.2,3
2023-05-16 17:00:00,3,2023-05-16 20:00:00,379.72,84.9,3
2023-05-16 17:00:00,4,2023-05-16 21:00:00,379.72,85.6,3
2023-05-16 17:00:00,5,2023-05-16 22:00:00,379.86,102.7,3
2023-05-16 17:00:00,6,2023-05-16 23:00:00,379.86,103.0,3
2023-05-16 21:00:00,0,2023-05-16 21:00:00,379.74,87.4,3
2023-05-16 21:00:00,1,2023-05-16 22:00:00,379.75,88.8,3
2023-05-16 21:00:00,2,2023-05-16 23:00:00,379.7,83.3,3
2023-05-16 21:00:00,3,2023-05-17 00:00:00,379.68,80.2,3
2023-05-16 21:00:00,4,2023-05-17 01:00:00,379.68,80.5,3
2023-05-16 21:00:00,5,2023-05-17 02:00:00,379.8,95.6,3
2023-05-16 21:00:00,6,2023-05-17 03:00:00,379.86,102.7,3
2023-05-17 07:00:00,0,2023-05-17 07:00:00,379.73,86.1,3
2023-05-17 07:00:00,1,2023-05-17 08:00:00,379.72,84.8,3
2023-05-17 07:00:00,2,2023-05-17 09:00:00,379.71,84.6,3
2023-05-17 07:00:00,3,2023-05-17 10:00:00,379.7,83.2,3
2023-05-17 07:00:00,4,2023-05-17 11:00:00,379.73,86.0,3
2023-05-17 07:00:00,5,2023-05-17 12:00:00,379.83,99.5,3
2023-05-17 07:00:00,6,2023-05-17 13:00:00,379.83,99.3,3
2023-05-17 17:00:00,0,2023-05-17 17:00:00,379.65,76.7,3
2023-05-17 17:00:00,1,2023-05-17 18:00:00,379.64,76.2,3
2023-05-17 17:00:00,2,2023-05-17 19:00:00,379.63,74.8,3
2023-05-17 17:00:00,3,2023-05-17 20:00:00,379.65,76.3,3
2023-05-17 17:00:00,4,2023-05-17 21:00:00,379.64,75.8,3
2023-05-17 17:00:00,5,2023-05-17 22:00:00,379.63,74.2,3
2023-05-17 17:00:00,6,2023-05-17 23:00:00,379.74,88.1,3
2023-05-18 07:00:00,0,2023-05-18 07:00:00,379.63,74.3,3
2023-05-18 07:00:00,1,2023-05-18 08:00:00,379.63,74.1,3
2023-05-18 07:00:00,2,2023-05-18 09:00:00,379.62,73.6,3
2023-05-18 07:00:00,3,2023-05-18 10:00:00,379.62,72.9,3
2023-05-18 07:00:00,4,2023-05-18 11:00:00,379.61,72.5,3
2023-05-18 07:00:00,5,2023-05-18 12:00:00,379.67,78.8,3
2023-05-18 07:00:00,6,2023-05-18 13:00:00,379.72,85.9,3
2023-05-19 07:00:00,0,2023-05-19 07:00:00,379.61,72.4,3
2023-05-19 07:00:00,1,2023-05-19 08:00:00,379.66,77.5,3
2023-05-19 07:00:00,2,2023-05-19 09:00:00,379.7,82.8,3
2023-05-19 07:00:00,3,2023-05-19 10:00:00,379.69,81.4,3
2023-05-19 07:00:00,4,2023-05-19 11:00:00,379.68,80.1,3
2023-05-19 07:00:00,5,2023-05-19 12:00:00,379.72,85.9,3
2023-05-19 07:00:00,6,2023-05-19 13:00:00,379.72,85.8,3
2023-05-19 09:00:00,0,2023-05-19 09:00:00,379.7,82.8,3
2023-05-19 09:00:00,1,2023-05-19 10:00:00,379.69,81.4,3
2023-05-19 09:00:00,2,2023-05-19 11:00:00,379.68,80.1,3
2023-05-19 09:00:00,3,2023-05-19 12:00:00,379.72,85.9,3
2023-05-19 09:00:00,4,2023-05-19 13:00:00,379.72,85.8,3
2023-05-19 09:00:00,5,2023-05-19 14:00:00,379.72,85.1,3
2023-05-19 09:00:00,6,2023-05-19 15:00:00,379.74,87.9,3
2023-05-19 22:00:00,0,2023-05-19 22:00:00,379.54,63.4,3
2023-05-19 22:00:00,1,2023-05-19 23:00:00,379.54,63.3,3
2023-05-19 22:00:00,2,2023-05-20 00:00:00,379.53,63.1,3
2023-05-19 22:00:00,3,2023-05-20 01:00:00,379.53,63.2,3
2023-05-19 22:00:00,4,2023-05-20 02:00:00,379.54,63.3,3
2023-05-19 22:00:00,5,2023-05-20 03:00:00,379.54,63.6,3
2023-05-19 22:00:00,6,2023-05-20 04:00:00,379.58,68.6,3
2023-05-20 07:00:00,0,2023-05-20 07:00:00,379.63,74.1,3
2023-05-20 07:00:00,1,2023-05-20 08:00:00,379.63,74.9,3
2023-05-20 07:00:00,2,2023-05-20 09:00:00,379.65,77.1,3
2023-05-20 07:00:00,3,2023-05-20 10:00:00,379.65,76.9,3
2023-05-20 07:00:00,4,2023-05-20 11:00:00,379.68,81.0,3
2023-05-20 07:00:00,5,2023-05-20 12:00:00,379.77,91.3,3
2023-05-20 07:00:00,6,2023-05-20 13:00:00,379.77,91.2,3
2023-05-20 10:00:00,0,2023-05-20 10:00:00,379.65,76.9,3
2023-05-20 10:00:00,1,2023-05-20 11:00:00,379.68,81.0,3
2023-05-20 10:00:00,2,2023-05-20 12:00:00,379.77,91.3,3
2023-05-20 10:00:00,3,2023-05-20 13:00:00,379.77,91.2,3
2023-05-20 10:00:00,4,2023-05-20 14:00:00,379.77,91.3,3
2023-05-20 10:00:00,5,2023-05-20 15:00:00,379.76,90.2,3
2023-05-20 10:00:00,6,2023-05-20 16:00:00,379.73,86.0,3
2023-05-20 22:00:00,0,2023-05-20 22:00:00,379.56,66.1,3
2023-05-20 22:00:00,1,2023-05-20 23:00:00,379.56,66.3,3
2023-05-20 22:00:00,2,2023-05-21 00:00:00,379.56,66.3,3
2023-05-20 22:00:00,3,2023-05-21 01:00:00,379.56,66.6,3
2023-05-20 22:00:00,4,2023-05-21 02:00:00,379.56,66.6,3
2023-05-20 22:00:00,5,2023-05-21 03:00:00,379.57,67.0,3
2023-05-20 22:00:00,6,2023-05-21 04:00:00,379.62,73.2,3
2023-05-21 07:00:00,0,2023-05-21 07:00:00,379.66,78.5,3
2023-05-21 07:00:00,1,2023-05-21 08:00:00,379.66,78.0,3
2023-05-21 07:00:00,2,2023-05-21 09:00:00,379.67,79.3,3
2023-05-21 07:00:00,3,2023-05-21 10:00:00,379.7,82.8,3
2023-05-21 07:00:00,4,2023-05-21 11:00:00,379.79,94.7,3
2023-05-21 07:00:00,5,2023-05-21 12:00:00,379.8,95.5,3
2023-05-21 07:00:00,6,2023-05-21 13:00:00,379.8,95.4,3
2023-05-21 14:00:00,0,2023-05-21 14:00:00,379.53,62.5,3
2023-05-21 14:00:00,1,2023-05-21 15:00:00,379.51,60.8,3
2023-05-21 14:00:00,2,2023-05-21 16:00:00,379.5,59.1,3
2023-05-21 14:00:00,3,2023-05-21 17:00:00,379.52,61.4,3
2023-05-21 14:00:00,4,2023-05-21 18:00:00,379.52,61.2,3
2023-05-21 14:00:00,5,2023-05-21 19:00:00,379.54,64.4,3
2023-05-21 14:00:00,6,2023-05-21 20:00:00,379.65,76.5,3
2023-05-21 21:00:00,0,2023-05-21 21:00:00,379.62,73.6,3
2023-05-21 21:00:00,1,2023-05-21 22:00:00,379.63,73.9,3
2023-05-21 21:00:00,2,2023-05-21 23:00:00,379.63,74.1,3
2023-05-21 21:00:00,3,2023-05-22 00:00:00,379.63,74.0,3
2023-05-21 21:00:00,4,2023-05-22 01:00:00,379.62,73.7,3
2023-05-21 21:00:00,5,2023-05-22 02:00:00,379.75,88.5,3
2023-05-21 21:00:00,6,2023-05-22 03:00:00,379.82,97.3,3
2023-05-22 07:00:00,0,2023-05-22 07:00:00,379.76,90.6,3
2023-05-22 07:00:00,1,2023-05-22 08:00:00,379.76,90.4,3
2023-05-22 07:00:00,2,2023-05-22 09:00:00,379.75,89.6,3
2023-05-22 07:00:00,3,2023-05-22 10:00:00,379.77,91.3,3
2023-05-22 07:00:00,4,2023-05-22 11:00:00,379.79,93.9,3
2023-05-22 07:00:00,5,2023-05-22 12:00:00,379.89,106.4,3
2023-05-22 07:00:00,6,2023-05-22 13:00:00,379.89,106.8,3
2023-05-22 10:00:00,0,2023-05-22 10:00:00,379.77,91.3,3
2023-05-22 10:00:00,1,2023-05-22 11:00:00,379.79,93.9,3
2023-05-22 10:00:00,2,2023-05-22 12:00:00,379.89,106.4,3
2023-05-22 10:00:00,3,2023-05-22 13:00:00,379.89,106.8,3
2023-05-22 10:00:00,4,2023-05-22 14:00:00,379.88,106.0,3
2023-05-22 10:00:00,5,2023-05-22 15:00:00,379.83,98.6,3
2023-05-22 10:00:00,6,2023-05-22 16:00:00,379.8,95.3,3
2023-05-23 08:00:00,0,2023-05-23 08:00:00,379.82,98.1,3
2023-05-23 08:00:00,1,2023-05-23 09:00:00,379.84,101.1,3
2023-05-23 08:00:00,2,2023-05-23 10:00:00,379.85,101.9,3
2023-05-23 08:00:00,3,2023-05-23 11:00:00,379.9,108.4,3
2023-05-23 08:00:00,4,2023-05-23 12:00:00,379.97,117.3,3
2023-05-23 08:00:00,5,2023-05-23 13:00:00,379.95,115.5,3
2023-05-23 08:00:00,6,2023-05-23 14:00:00,379.88,105.2,3
2023-05-24 07:00:00,0,2023-05-24 07:00:00,379.96,116.3,3
2023-05-24 07:00:00,1,2023-05-24 08:00:00,379.98,119.3,3
2023-05-24 07:00:00,2,2023-05-24 09:00:00,379.99,120.6,3
2023-05-24 07:00:00,3,2023-05-24 10:00:00,379.99,119.8,3
2023-05-24 07:00:00,4,2023-05-24 11:00:00,380.05,128.5,3
2023-05-24 07:00:00,5,2023-05-24 12:00:00,380.05,128.2,3
2023-05-24 07:00:00,6,2023-05-24 13:00:00,380.03,125.2,3
2023-05-24 15:00:00,0,2023-05-24 15:00:00,379.78,92.7,3
2023-05-24 15:00:00,1,2023-05-24 16:00:00,379.79,94.1,3
2023-05-24 15:00:00,2,2023-05-24 17:00:00,379.83,98.8,3
2023-05-24 15:00:00,3,2023-05-24 18:00:00,379.81,96.1,3
2023-05-24 15:00:00,4,2023-05-24 19:00:00,379.88,105.4,3
2023-05-24 15:00:00,5,2023-05-24 20:00:00,379.92,110.8,3
2023-05-24 15:00:00,6,2023-05-24 21:00:00,379.91,110.2,3
2023-05-25 07:00:00,0,2023-05-25 07:00:00,379.93,112.1,3
2023-05-25 07:00:00,1,2023-05-25 08:00:00,379.92,111.4,3
2023-05-25 07:00:00,2,2023-05-25 09:00:00,379.93,111.8,3
2023-05-25 07:00:00,3,2023-05-25 10:00:00,379.94,113.8,3
2023-05-25 07:00:00,4,2023-05-25 11:00:00,380.01,123.6,3
2023-05-25 07:00:00,5,2023-05-25 12:00:00,380.02,125.0,3
2023-05-25 07:00:00,6,2023-05-25 13:00:00,380.02,124.3,3
2023-05-26 07:00:00,0,2023-05-26 07:00:00,379.9,107.8,3
2023-05-26 07:00:00,1,2023-05-26 08:00:00,379.9,107.8,3
2023-05-26 07:00:00,2,2023-05-26 09:00:00,379.88,106.3,3
2023-05-26 07:00:00,3,2023-05-26 10:00:00,379.92,110.4,3
2023-05-26 07:00:00,4,2023-05-26 11:00:00,379.93,111.9,3
2023-05-26 07:00:00,5,2023-05-26 12:00:00,379.97,117.3,3
2023-05-26 07:00:00,6,2023-05-26 13:00:00,379.96,115.8,3
2023-05-27 08:00:00,0,2023-05-27 08:00:00,379.91,109.7,3
2023-05-27 08:00:00,1,2023-05-27 09:00:00,379.92,110.6,3
2023-05-27 08:00:00,2,2023-05-27 10:00:00,379.9,107.9,3
2023-05-27 08:00:00,3,2023-05-27 11:00:00,379.93,112.5,3
2023-05-27 08:00:00,4,2023-05-27 12:00:00,379.98,119.1,3
2023-05-27 08:00:00,5,2023-05-27 13:00:00,379.98,118.6,3
2023-05-27 08:00:00,6,2023-05-27 14:00:00,379.9,108.4,3
2023-05-28 07:00:00,0,2023-05-28 07:00:00,379.95,114.8,3
2023-05-28 07:00:00,1,2023-05-28 08:00:00,379.96,116.6,3
2023-05-28 07:00:00,2,2023-05-28 09:00:00,379.97,117.8,3
2023-05-28 07:00:00,3,2023-05-28 10:00:00,379.95,115.5,3
2023-05-28 07:00:00,4,2023-05-28 11:00:00,379.98,118.3,3
2023-05-28 07:00:00,5,2023-05-28 12:00:00,380.0,122.3,3
2023-05-28 07:00:00,6,2023-05-28 13:00:00,379.97,118.2,3
2023-05-29 07:00:00,0,2023-05-29 07:00:00,379.9,108.2,3
2023-05-29 07:00:00,1,2023-05-29 08:00:00,379.91,109.1,3
2023-05-29 07:00:00,2,2023-05-29 09:00:00,379.9,108.6,3
2023-05-29 07:00:00,3,2023-05-29 10:00:00,379.92,110.8,3
2023-05-29 07:00:00,4,2023-05-29 11:00:00,379.96,115.8,3
2023-05-29 07:00:00,5,2023-05-29 12:00:00,379.99,120.6,3
2023-05-29 07:00:00,6,2023-05-29 13:00:00,379.93,112.8,3
2023-05-30 07:00:00,0,2023-05-30 07:00:00,379.89,106.9,3
2023-05-30 07:00:00,1,2023-05-30 08:00:00,379.9,108.8,3
2023-05-30 07:00:00,2,2023-05-30 09:00:00,379.92,110.4,3
2023-05-30 07:00:00,3,2023-05-30 10:00:00,379.91,109.3,3
2023-05-30 07:00:00,4,2023-05-30 11:00:00,379.94,113.3,3
2023-05-30 07:00:00,5,2023-05-30 12:00:00,379.98,118.9,3
2023-05-30 07:00:00,6,2023-05-30 13:00:00,379.94,113.3,3
2023-05-31 07:00:00,0,2023-05-31 07:00:00,380.1,135.9,3
2023-05-31 07:00:00,1,2023-05-31 08:00:00,380.07,131.1,3
2023-05-31 07:00:00,2,2023-05-31 09:00:00,380.07,130.9,3
2023-05-31 07:00:00,3,2023-05-31 10:00:00,380.01,123.3,3
2023-05-31 07:00:00,4,2023-05-31 11:00:00,379.97,117.7,3
2023-05-31 07:00:00,5,2023-05-31 12:00:00,379.96,116.9,3
2023-05-31 07:00:00,6,2023-05-31 13:00:00,379.92,110.7,3
2023-06-01 07:00:00,0,2023-06-01 07:00:00,379.86,102.6,3
2023-06-01 07:00:00,1,2023-06-01 08:00:00,379.87,103.9,3
2023-06-01 07:00:00,2,2023-06-01 09:00:00,379.86,103.5,3
2023-06-01 07:00:00,3,2023-06-01 10:00:00,379.87,104.5,3
2023-06-01 07:00:00,4,2023-06-01 11:00:00,379.88,106.1,3
2023-06-01 07:00:00,5,2023-06-01 12:00:00,379.9,107.9,3
2023-06-01 07:00:00,6,2023-06-01 13:00:00,379.89,107.4,3
2023-06-02 07:00:00,0,2023-06-02 07:00:00,379.83,98.6,3
2023-06-02 07:00:00,1,2023-06-02 08:00:00,379.84,100.2,3
2023-06-02 07:00:00,2,2023-06-02 09:00:00,379.84,100.9,3
2023-06-02 07:00:00,3,2023-06-02 10:00:00,379.85,101.9,3
2023-06-02 07:00:00,4,2023-06-02 11:00:00,379.86,102.7,3
2023-06-02 07:00:00,5,2023-06-02 12:00:00,379.89,106.4,3
2023-06-02 07:00:00,6,2023-06-02 13:00:00,379.88,106.1,3
2023-06-03 07:00:00,0,2023-06-03 07:00:00,379.84,100.6,3
2023-06-03 07:00:00,1,2023-06-03 08:00:00,379.83,99.8,3
2023-06-03 07:00:00,2,2023-06-03 09:00:00,379.83,99.1,3
2023-06-03 07:00:00,3,2023-06-03 10:00:00,379.8,95.9,3
2023-06-03 07:00:00,4,2023-06-03 11:00:00,379.89,107.4,3
2023-06-03 07:00:00,5,2023-06-03 12:00:00,379.89,106.8,3
2023-06-03 07:00:00,6,2023-06-03 13:00:00,379.88,105.8,3
2023-06-04 08:00:00,0,2023-06-04 08:00:00,380.0,122.3,3
2023-06-04 08:00:00,1,2023-06-04 09:00:00,380.0,121.6,3
2023-06-04 08:00:00,2,2023-06-04 10:00:00,379.98,118.7,3
2023-06-04 08:00:00,3,2023-06-04 11:00:00,380.01,123.3,3
2023-06-04 08:00:00,4,2023-06-04 12:00:00,380.05,128.4,3
2023-06-04 08:00:00,5,2023-06-04 13:00:00,380.05,127.9,3
2023-06-04 08:00:00,6,2023-06-04 14:00:00,380.02,125.1,3
2023-06-05 08:00:00,0,2023-06-05 08:00:00,380.07,131.5,3
2023-06-05 08:00:00,1,2023-06-05 09:00:00,380.05,128.5,3
2023-06-05 08:00:00,2,2023-06-05 10:00:00,380.04,127.7,3
2023-06-05 08:00:00,3,2023-06-05 11:00:00,380.01,122.9,3
2023-06-05 08:00:00,4,2023-06-05 12:00:00,380.03,125.3,3
2023-06-05 08:00:00,5,2023-06-05 13:00:00,380.07,131.1,3
2023-06-05 08:00:00,6,2023-06-05 14:00:00,380.04,127.3,3
2023-06-05 14:00:00,0,2023-06-05 14:00:00,379.89,107.6,3
2023-06-05 14:00:00,1,2023-06-05 15:00:00,379.89,106.4,3
2023-06-05 14:00:00,2,2023-06-05 16:00:00,379.88,105.1,3
2023-06-05 14:00:00,3,2023-06-05 17:00:00,379.85,101.2,3
2023-06-05 14:00:00,4,2023-06-05 18:00:00,379.81,96.2,3
2023-06-05 14:00:00,5,2023-06-05 19:00:00,379.8,95.4,3
2023-06-05 14:00:00,6,2023-06-05 20:00:00,379.85,102.3,3
2023-06-06 07:00:00,0,2023-06-06 07:00:00,379.97,117.1,3
2023-06-06 07:00:00,1,2023-06-06 08:00:00,379.84,100.6,3
2023-06-06 07:00:00,2,2023-06-06 09:00:00,379.82,98.0,3
2023-06-06 07:00:00,3,2023-06-06 10:00:00,379.88,105.1,3
2023-06-06 07:00:00,4,2023-06-06 11:00:00,379.85,102.0,3
2023-06-06 07:00:00,5,2023-06-06 12:00:00,379.88,105.8,3
2023-06-06 07:00:00,6,2023-06-06 13:00:00,379.89,106.5,3
2023-06-07 07:00:00,0,2023-06-07 07:00:00,379.83,98.6,3
2023-06-07 07:00:00,1,2023-06-07 08:00:00,379.81,97.1,3
2023-06-07 07:00:00,2,2023-06-07 09:00:00,379.8,95.7,3
2023-06-07 07:00:00,3,2023-06-07 10:00:00,379.84,100.0,3
2023-06-07 07:00:00,4,2023-06-07 11:00:00,379.85,101.3,3
2023-06-07 07:00:00,5,2023-06-07 12:00:00,379.88,105.4,3
2023-06-07 07:00:00,6,2023-06-07 13:00:00,379.88,105.2,3
2023-06-08 07:00:00,0,2023-06-08 07:00:00,379.85,101.9,3
2023-06-08 07:00:00,1,2023-06-08 08:00:00,379.87,104.4,3
2023-06-08 07:00:00,2,2023-06-08 09:00:00,379.85,102.0,3
2023-06-08 07:00:00,3,2023-06-08 10:00:00,379.86,103.2,3
2023-06-08 07:00:00,4,2023-06-08 11:00:00,379.89,107.6,3
2023-06-08 07:00:00,5,2023-06-08 12:00:00,379.92,110.8,3
2023-06-08 07:00:00,6,2023-06-08 13:00:00,379.9,108.8,3
2023-06-09 07:00:00,0,2023-06-09 07:00:00,379.87,104.8,3
2023-06-09 07:00:00,1,2023-06-09 08:00:00,379.88,106.3,3
2023-06-09 07:00:00,2,2023-06-09 09:00:00,379.89,106.6,3
2023-06-09 07:00:00,3,2023-06-09 10:00:00,379.89,107.4,3
2023-06-09 07:00:00,4,2023-06-09 11:00:00,379.93,112.4,3
2023-06-09 07:00:00,5,2023-06-09 12:00:00,379.96,116.8,3
2023-06-09 07:00:00,6,2023-06-09 13:00:00,379.93,112.3,3
2023-06-10 07:00:00,0,2023-06-10 07:00:00,379.85,102.1,3
2023-06-10 07:00:00,1,2023-06-10 08:00:00,379.85,101.8,3
2023-06-10 07:00:00,2,2023-06-10 09:00:00,379.87,104.4,3
2023-06-10 07:00:00,3,2023-06-10 10:00:00,379.86,103.3,3
2023-06-10 07:00:00,4,2023-06-10 11:00:00,379.96,116.4,3
2023-06-10 07:00:00,5,2023-06-10 12:00:00,380.02,124.5,3
2023-06-10 07:00:00,6,2023-06-10 13:00:00,380.05,129.3,3
2023-06-11 07:00:00,0,2023-06-11 07:00:00,380.0,122.0,3
2023-06-11 07:00:00,1,2023-06-11 08:00:00,379.99,120.7,3
2023-06-11 07:00:00,2,2023-06-11 09:00:00,379.99,120.3,3
2023-06-11 07:00:00,3,2023-06-11 10:00:00,379.97,118.1,3
2023-06-11 07:00:00,4,2023-06-11 11:00:00,379.96,116.6,3
2023-06-11 07:00:00,5,2023-06-11 12:00:00,379.97,117.6,3
2023-06-11 07:00:00,6,2023-06-11 13:00:00,379.96,116.5,3
2023-06-12 07:00:00,0,2023-06-12 07:00:00,379.98,118.9,3
2023-06-12 07:00:00,1,2023-06-12 08:00:00,380.09,133.6,3
2023-06-12 07:00:00,2,2023-06-12 09:00:00,380.05,128.6,3
2023-06-12 07:00:00,3,2023-06-12 10:00:00,380.06,129.6,3
2023-06-12 07:00:00,4,2023-06-12 11:00:00,380.08,133.0,3
2023-06-12 07:00:00,5,2023-06-12 12:00:00,380.06,130.5,3
2023-06-12 07:00:00,6,2023-06-12 13:00:00,380.04,127.3,3
2023-06-13 07:00:00,0,2023-06-13 07:00:00,380.13,139.4,3
2023-06-13 07:00:00,1,2023-06-13 08:00:00,380.05,128.1,3
2023-06-13 07:00:00,2,2023-06-13 09:00:00,380.03,125.8,3
2023-06-13 07:00:00,3,2023-06-13 10:00:00,380.0,121.0,3
2023-06-13 07:00:00,4,2023-06-13 11:00:00,380.07,130.9,3
2023-06-13 07:00:00,5,2023-06-13 12:00:00,380.05,129.2,3
2023-06-13 07:00:00,6,2023-06-13 13:00:00,380.01,123.7,3
2023-06-14 07:00:00,0,2023-06-14 07:00:00,379.87,104.2,3
2023-06-14 07:00:00,1,2023-06-14 08:00:00,379.86,103.2,3
2023-06-14 07:00:00,2,2023-06-14 09:00:00,379.87,104.4,3
2023-06-14 07:00:00,3,2023-06-14 10:00:00,379.87,103.7,3
2023-06-14 07:00:00,4,2023-06-14 11:00:00,379.86,102.8,3
2023-06-14 07:00:00,5,2023-06-14 12:00:00,379.89,106.6,3
2023-06-14 07:00:00,6,2023-06-14 13:00:00,379.89,106.6,3
2023-06-15 07:00:00,0,2023-06-15 07:00:00,379.89,106.4,3
2023-06-15 07:00:00,1,2023-06-15 08:00:00,379.9,108.4,3
2023-06-15 07:00:00,2,2023-06-15 09:00:00,379.9,108.5,3
2023-06-15 07:00:00,3,2023-06-15 10:00:00,379.9,108.1,3
2023-06-15 07:00:00,4,2023-06-15 11:00:00,379.9,108.2,3
2023-06-15 07:00:00,5,2023-06-15 12:00:00,379.9,108.7,3
2023-06-15 07:00:00,6,2023-06-15 13:00:00,379.9,108.6,3
2023-06-15 08:00:00,0,2023-06-15 08:00:00,379.9,108.4,3
2023-06-15 08:00:00,1,2023-06-15 09:00:00,379.9,108.5,3
2023-06-15 08:00:00,2,2023-06-15 10:00:00,379.9,108.1,3
2023-06-15 08:00:00,3,2023-06-15 11:00:00,379.9,108.2,3
2023-06-15 08:00:00,4,2023-06-15 12:00:00,379.9,108.7,3
2023-06-15 08:00:00,5,2023-06-15 13:00:00,379.9,108.6,3
2023-06-15 08:00:00,6,2023-06-15 14:00:00,379.89,106.5,3
2023-06-15 21:00:00,0,2023-06-15 21:00:00,379.67,79.7,3
2023-06-15 21:00:00,1,2023-06-15 22:00:00,379.64,75.9,3
2023-06-15 21:00:00,2,2023-06-15 23:00:00,379.64,75.2,3
2023-06-15 21:00:00,3,2023-06-16 00:00:00,379.65,77.2,3
2023-06-15 21:00:00,4,2023-06-16 01:00:00,379.66,77.5,3
2023-06-15 21:00:00,5,2023-06-16 02:00:00,379.66,77.5,3
2023-06-15 21:00:00,6,2023-06-16 03:00:00,379.67,78.9,3
2023-06-16 07:00:00,0,2023-06-16 07:00:00,379.72,85.5,3
2023-06-16 07:00:00,1,2023-06-16 08:00:00,379.72,85.0,3
2023-06-16 07:00:00,2,2023-06-16 09:00:00,379.72,85.5,3
2023-06-16 07:00:00,3,2023-06-16 10:00:00,379.72,85.9,3
2023-06-16 07:00:00,4,2023-06-16 11:00:00,379.76,90.7,3
2023-06-16 07:00:00,5,2023-06-16 12:00:00,379.76,90.9,3
2023-06-16 07:00:00,6,2023-06-16 13:00:00,379.79,94.0,3
2023-06-17 08:00:00,0,2023-06-17 08:00:00,379.68,81.0,3
2023-06-17 08:00:00,1,2023-06-17 09:00:00,379.69,82.0,3
2023-06-17 08:00:00,2,2023-06-17 10:00:00,379.69,81.8,3
2023-06-17 08:00:00,3,2023-06-17 11:00:00,379.7,83.3,3
2023-06-17 08:00:00,4,2023-06-17 12:00:00,379.71,83.9,3
2023-06-17 08:00:00,5,2023-06-17 13:00:00,379.75,89.0,3
2023-06-17 08:00:00,6,2023-06-17 14:00:00,379.74,87.6,3
2023-06-18 07:00:00,0,2023-06-18 07:00:00,379.67,79.0,3
2023-06-18 07:00:00,1,2023-06-18 08:00:00,379.7,82.5,3
2023-06-18 07:00:00,2,2023-06-18 09:00:00,379.71,84.6,3
2023-06-18 07:00:00,3,2023-06-18 10:00:00,379.71,84.5,3
2023-06-18 07:00:00,4,2023-06-18 11:00:00,379.71,84.2,3
2023-06-18 07:00:00,5,2023-06-18 12:00:00,379.72,84.8,3
2023-06-18 07:00:00,6,2023-06-18 13:00:00,379.77,91.2,3
2023-06-19 08:00:00,0,2023-06-19 08:00:00,379.67,79.7,3
2023-06-19 08:00:00,1,2023-06-19 09:00:00,379.69,81.8,3
2023-06-19 08:00:00,2,2023-06-19 10:00:00,379.69,81.6,3
2023-06-19 08:00:00,3,2023-06-19 11:00:00,379.69,81.5,3
2023-06-19 08:00:00,4,2023-06-19 12:00:00,379.69,81.7,3
2023-06-19 08:00:00,5,2023-06-19 13:00:00,379.73,86.4,3
2023-06-19 08:00:00,6,2023-06-19 14:00:00,379.73,86.8,3
2023-06-20 07:00:00,0,2023-06-20 07:00:00,379.88,106.1,3
2023-06-20 07:00:00,1,2023-06-20 08:00:00,379.91,109.5,3
2023-06-20 07:00:00,2,2023-06-20 09:00:00,379.91,109.6,3
2023-06-20 07:00:00,3,2023-06-20 10:00:00,379.92,110.4,3
2023-06-20 07:00:00,4,2023-06-20 11:00:00,379.93,111.6,3
2023-06-20 07:00:00,5,2023-06-20 12:00:00,379.93,112.5,3
2023-06-20 07:00:00,6,2023-06-20 13:00:00,379.87,104.6,3
2023-06-21 07:00:00,0,2023-06-21 07:00:00,380.08,132.6,3
2023-06-21 07:00:00,1,2023-06-21 08:00:00,380.08,133.4,3
2023-06-21 07:00:00,2,2023-06-21 09:00:00,380.06,129.9,3
2023-06-21 07:00:00,3,2023-06-21 10:00:00,380.08,132.6,3
2023-06-21 07:00:00,4,2023-06-21 11:00:00,380.03,125.6,3
2023-06-21 07:00:00,5,2023-06-21 12:00:00,379.89,106.6,3
2023-06-21 07:00:00,6,2023-06-21 13:00:00,379.86,102.9,3
2023-06-22 09:00:00,0,2023-06-22 09:00:00,380.05,128.1,3
2023-06-22 09:00:00,1,2023-06-22 10:00:00,380.04,127.0,3
2023-06-22 09:00:00,2,2023-06-22 11:00:00,380.0,121.8,3
2023-06-22 09:00:00,3,2023-06-22 12:00:00,379.91,109.3,3
2023-06-22 09:00:00,4,2023-06-22 13:00:00,379.89,106.8,3
2023-06-22 09:00:00,5,2023-06-22 14:00:00,379.91,109.2,3
2023-06-22 09:00:00,6,2023-06-22 15:00:00,379.95,115.6,3
2023-06-22 17:00:00,0,2023-06-22 17:00:00,379.9,107.7,3
2023-06-22 17:00:00,1,2023-06-22 18:00:00,379.86,103.4,3
2023-06-22 17:00:00,2,2023-06-22 19:00:00,379.87,104.0,3
2023-06-22 17:00:00,3,2023-06-22 20:00:00,379.89,107.2,3
2023-06-22 17:00:00,4,2023-06-22 21:00:00,379.92,110.3,3
2023-06-22 17:00:00,5,2023-06-22 22:00:00,379.95,115.2,3
2023-06-22 17:00:00,6,2023-06-22 23:00:00,379.97,117.3,3
2023-06-23 07:00:00,0,2023-06-23 07:00:00,380.32,167.6,3
2023-06-23 07:00:00,1,2023-06-23 08:00:00,380.28,161.2,3
2023-06-23 07:00:00,2,2023-06-23 09:00:00,380.24,155.8,3
2023-06-23 07:00:00,3,2023-06-23 10:00:00,380.21,152.1,3
2023-06-23 07:00:00,4,2023-06-23 11:00:00,380.17,145.8,3
2023-06-23 07:00:00,5,2023-06-23 12:00:00,380.12,138.1,3
2023-06-23 07:00:00,6,2023-06-23 13:00:00,380.13,139.9,3
2023-06-24 06:00:00,0,2023-06-24 06:00:00,380.05,128.0,3
2023-06-24 06:00:00,1,2023-06-24 07:00:00,380.02,125.1,3
2023-06-24 06:00:00,2,2023-06-24 08:00:00,380.02,123.9,3
2023-06-24 06:00:00,3,2023-06-24 09:00:00,380.0,121.1,3
2023-06-24 06:00:00,4,2023-06-24 10:00:00,379.96,115.9,3
2023-06-24 06:00:00,5,2023-06-24 11:00:00,379.99,120.7,3
2023-06-24 06:00:00,6,2023-06-24 12:00:00,379.88,105.6,3
2023-06-25 07:00:00,0,2023-06-25 07:00:00,379.86,103.3,3
2023-06-25 07:00:00,1,2023-06-25 08:00:00,379.88,106.1,3
2023-06-25 07:00:00,2,2023-06-25 09:00:00,379.89,106.5,3
2023-06-25 07:00:00,3,2023-06-25 10:00:00,379.9,108.6,3
2023-06-25 07:00:00,4,2023-06-25 11:00:00,379.9,107.8,3
2023-06-25 07:00:00,5,2023-06-25 12:00:00,379.89,107.3,3
2023-06-25 07:00:00,6,2023-06-25 13:00:00,379.86,102.9,3
2023-06-26 07:00:00,0,2023-06-26 07:00:00,379.95,114.8,3
2023-06-26 07:00:00,1,2023-06-26 08:00:00,379.96,115.9,3
2023-06-26 07:00:00,2,2023-06-26 09:00:00,379.92,111.0,3
2023-06-26 07:00:00,3,2023-06-26 10:00:00,379.93,112.5,3
2023-06-26 07:00:00,4,2023-06-26 11:00:00,379.92,110.8,3
2023-06-26 07:00:00,5,2023-06-26 12:00:00,379.93,112.0,3
2023-06-26 07:00:00,6,2023-06-26 13:00:00,379.92,110.8,3
2023-06-27 06:00:00,0,2023-06-27 06:00:00,379.85,101.2,3
2023-06-27 06:00:00,1,2023-06-27 07:00:00,379.85,102.0,3
2023-06-27 06:00:00,2,2023-06-27 08:00:00,379.86,102.5,3
2023-06-27 06:00:00,3,2023-06-27 09:00:00,379.83,99.5,3
2023-06-27 06:00:00,4,2023-06-27 10:00:00,379.85,102.3,3
2023-06-27 06:00:00,5,2023-06-27 11:00:00,379.82,98.3,3
2023-06-27 06:00:00,6,2023-06-27 12:00:00,379.8,95.5,3
2023-06-28 07:00:00,0,2023-06-28 07:00:00,379.74,88.2,3
2023-06-28 07:00:00,1,2023-06-28 08:00:00,379.74,88.4,3
2023-06-28 07:00:00,2,2023-06-28 09:00:00,379.74,88.1,3
2023-06-28 07:00:00,3,2023-06-28 10:00:00,379.75,88.5,3
2023-06-28 07:00:00,4,2023-06-28 11:00:00,379.74,87.8,3
2023-06-28 07:00:00,5,2023-06-28 12:00:00,379.73,86.2,3
2023-06-28 07:00:00,6,2023-06-28 13:00:00,379.7,82.9,3
2023-06-29 07:00:00,0,2023-06-29 07:00:00,379.84,100.2,3
2023-06-29 07:00:00,1,2023-06-29 08:00:00,379.82,97.7,3
2023-06-29 07:00:00,2,2023-06-29 09:00:00,379.8,95.6,3
2023-06-29 07:00:00,3,2023-06-29 10:00:00,379.82,97.3,3
2023-06-29 07:00:00,4,2023-06-29 11:00:00,379.8,94.9,3
2023-06-29 07:00:00,5,2023-06-29 12:00:00,379.77,91.7,3
2023-06-29 07:00:00,6,2023-06-29 13:00:00,379.77,91.7,3
2023-06-29 19:00:00,0,2023-06-29 19:00:00,379.62,73.0,3
2023-06-29 19:00:00,1,2023-06-29 20:00:00,379.6,71.2,3
2023-06-29 19:00:00,2,2023-06-29 21:00:00,379.6,70.9,3
2023-06-29 19:00:00,3,2023-06-29 22:00:00,379.61,71.7,3
2023-06-29 19:00:00,4,2023-06-29 23:00:00,379.61,72.2,3
2023-06-29 19:00:00,5,2023-06-30 00:00:00,379.64,75.2,3
2023-06-29 19:00:00,6,2023-06-30 01:00:00,379.67,79.1,3
2023-06-30 07:00:00,0,2023-06-30 07:00:00,380.09,134.6,3
2023-06-30 07:00:00,1,2023-06-30 08:00:00,380.3,164.2,3
2023-06-30 07:00:00,2,2023-06-30 09:00:00,380.22,153.3,3
2023-06-30 07:00:00,3,2023-06-30 10:00:00,380.0,121.9,3
2023-06-30 07:00:00,4,2023-06-30 11:00:00,380.05,128.1,3
2023-06-30 07:00:00,5,2023-06-30 12:00:00,380.02,124.3,3
2023-06-30 07:00:00,6,2023-06-30 13:00:00,379.98,118.6,3
2023-07-01 07:00:00,0,2023-07-01 07:00:00,380.11,137.4,3
2023-07-01 07:00:00,1,2023-07-01 08:00:00,380.12,139.0,3
2023-07-01 07:00:00,2,2023-07-01 09:00:00,380.12,138.7,3
2023-07-01 07:00:00,3,2023-07-01 10:00:00,380.07,131.5,3
2023-07-01 07:00:00,4,2023-07-01 11:00:00,380.06,129.3,3
2023-07-01 07:00:00,5,2023-07-01 12:00:00,380.05,128.4,3
2023-07-01 07:00:00,6,2023-07-01 13:00:00,379.94,113.1,3
2023-07-01 14:00:00,0,2023-07-01 14:00:00,379.95,115.2,3
2023-07-01 14:00:00,1,2023-07-01 15:00:00,379.89,107.5,3
2023-07-01 14:00:00,2,2023-07-01 16:00:00,379.85,101.3,3
2023-07-01 14:00:00,3,2023-07-01 17:00:00,379.82,98.2,3
2023-07-01 14:00:00,4,2023-07-01 18:00:00,379.8,95.1,3
2023-07-01 14:00:00,5,2023-07-01 19:00:00,379.76,90.7,3
2023-07-01 14:00:00,6,2023-07-01 20:00:00,379.75,88.6,3
2023-07-02 07:00:00,0,2023-07-02 07:00:00,379.71,83.6,3
2023-07-02 07:00:00,1,2023-07-02 08:00:00,379.72,85.3,3
2023-07-02 07:00:00,2,2023-07-02 09:00:00,379.65,76.5,3
2023-07-02 07:00:00,3,2023-07-02 10:00:00,379.66,77.8,3
2023-07-02 07:00:00,4,2023-07-02 11:00:00,379.68,81.0,3
2023-07-02 07:00:00,5,2023-07-02 12:00:00,379.72,85.8,3
2023-07-02 07:00:00,6,2023-07-02 13:00:00,379.74,87.9,3
2023-07-03 07:00:00,0,2023-07-03 07:00:00,379.71,83.8,3
2023-07-03 07:00:00,1,2023-07-03 08:00:00,379.71,84.2,3
2023-07-03 07:00:00,2,2023-07-03 09:00:00,379.71,84.3,3
2023-07-03 07:00:00,3,2023-07-03 10:00:00,379.7,83.5,3
2023-07-03 07:00:00,4,2023-07-03 11:00:00,379.71,83.5,3
2023-07-03 07:00:00,5,2023-07-03 12:00:00,379.68,81.0,3
2023-07-03 07:00:00,6,2023-07-03 13:00:00,379.68,80.1,3
2023-07-04 07:00:00,0,2023-07-04 07:00:00,379.76,90.2,3
2023-07-04 07:00:00,1,2023-07-04 08:00:00,379.72,85.8,3
2023-07-04 07:00:00,2,2023-07-04 09:00:00,379.7,83.2,3
2023-07-04 07:00:00,3,2023-07-04 10:00:00,379.7,82.3,3
2023-07-04 07:00:00,4,2023-07-04 11:00:00,379.72,85.1,3
2023-07-04 07:00:00,5,2023-07-04 12:00:00,379.71,83.9,3
2023-07-04 07:00:00,6,2023-07-04 13:00:00,379.68,80.8,3
2023-07-05 08:00:00,0,2023-07-05 08:00:00,379.65,77.1,3
2023-07-05 08:00:00,1,2023-07-05 09:00:00,379.62,73.4,3
2023-07-05 08:00:00,2,2023-07-05 10:00:00,379.61,72.3,3
2023-07-05 08:00:00,3,2023-07-05 11:00:00,379.63,74.1,3
2023-07-05 08:00:00,4,2023-07-05 12:00:00,379.62,73.4,3
2023-07-05 08:00:00,5,2023-07-05 13:00:00,379.6,71.4,3
2023-07-05 08:00:00,6,2023-07-05 14:00:00,379.63,74.8,3
2023-07-06 07:00:00,0,2023-07-06 07:00:00,379.6,71.0,3
2023-07-06 07:00:00,1,2023-07-06 08:00:00,379.62,73.0,3
2023-07-06 07:00:00,2,2023-07-06 09:00:00,379.6,70.3,3
2023-07-06 07:00:00,3,2023-07-06 10:00:00,379.58,68.1,3
2023-07-06 07:00:00,4,2023-07-06 11:00:00,379.57,67.5,3
2023-07-06 07:00:00,5,2023-07-06 12:00:00,379.58,68.0,3
2023-07-06 07:00:00,6,2023-07-06 13:00:00,379.58,67.9,3
2023-07-07 07:00:00,0,2023-07-07 07:00:00,379.64,75.7,3
2023-07-07 07:00:00,1,2023-07-07 08:00:00,379.62,73.6,3
2023-07-07 07:00:00,2,2023-07-07 09:00:00,379.6,71.4,3
2023-07-07 07:00:00,3,2023-07-07 10:00:00,379.61,71.9,3
2023-07-07 07:00:00,4,2023-07-07 11:00:00,379.61,71.9,3
2023-07-07 07:00:00,5,2023-07-07 12:00:00,379.6,71.0,3
2023-07-07 07:00:00,6,2023-07-07 13:00:00,379.57,67.7,3
2023-07-08 08:00:00,0,2023-07-08 08:00:00,379.6,70.4,3
2023-07-08 08:00:00,1,2023-07-08 09:00:00,379.59,69.3,3
2023-07-08 08:00:00,2,2023-07-08 10:00:00,379.59,69.4,3
2023-07-08 08:00:00,3,2023-07-08 11:00:00,379.58,68.8,3
2023-07-08 08:00:00,4,2023-07-08 12:00:00,379.56,66.3,3
2023-07-08 08:00:00,5,2023-07-08 13:00:00,379.57,67.1,3
2023-07-08 08:00:00,6,2023-07-08 14:00:00,379.57,67.7,3
2023-07-09 08:00:00,0,2023-07-09 08:00:00,379.76,89.7,3
2023-07-09 08:00:00,1,2023-07-09 09:00:00,379.77,91.4,3
2023-07-09 08:00:00,2,2023-07-09 10:00:00,379.75,88.5,3
2023-07-09 08:00:00,3,2023-07-09 11:00:00,379.71,83.6,3
2023-07-09 08:00:00,4,2023-07-09 12:00:00,379.68,80.3,3
2023-07-09 08:00:00,5,2023-07-09 13:00:00,379.66,78.0,3
2023-07-09 08:00:00,6,2023-07-09 14:00:00,379.66,77.9,3
2023-07-10 07:00:00,0,2023-07-10 07:00:00,379.75,89.3,3
2023-07-10 07:00:00,1,2023-07-10 08:00:00,379.74,87.9,3
2023-07-10 07:00:00,2,2023-07-10 09:00:00,379.74,88.3,3
2023-07-10 07:00:00,3,2023-07-10 10:00:00,379.7,83.3,3
2023-07-10 07:00:00,4,2023-07-10 11:00:00,379.67,79.2,3
2023-07-10 07:00:00,5,2023-07-10 12:00:00,379.68,80.0,3
2023-07-10 07:00:00,6,2023-07-10 13:00:00,379.65,77.1,3
2023-07-11 07:00:00,0,2023-07-11 07:00:00,379.94,113.1,3
2023-07-11 07:00:00,1,2023-07-11 08:00:00,379.84,100.4,3
2023-07-11 07:00:00,2,2023-07-11 09:00:00,379.86,103.5,3
2023-07-11 07:00:00,3,2023-07-11 10:00:00,379.83,99.3,3
2023-07-11 07:00:00,4,2023-07-11 11:00:00,379.82,97.8,3
2023-07-11 07:00:00,5,2023-07-11 12:00:00,379.79,93.9,3
2023-07-11 07:00:00,6,2023-07-11 13:00:00,379.77,91.1,3
2023-07-12 07:00:00,0,2023-07-12 07:00:00,379.87,104.4,3
2023-07-12 07:00:00,1,2023-07-12 08:00:00,379.86,102.5,3
2023-07-12 07:00:00,2,2023-07-12 09:00:00,379.87,104.5,3
2023-07-12 07:00:00,3,2023-07-12 10:00:00,379.85,102.3,3
2023-07-12 07:00:00,4,2023-07-12 11:00:00,379.82,97.3,3
2023-07-12 07:00:00,5,2023-07-12 12:00:00,379.84,100.6,3
2023-07-12 07:00:00,6,2023-07-12 13:00:00,379.84,100.6,3
2023-07-12 14:00:00,0,2023-07-12 14:00:00,379.94,113.3,3
2023-07-12 14:00:00,1,2023-07-12 15:00:00,379.98,118.4,3
2023-07-12 14:00:00,2,2023-07-12 16:00:00,380.05,128.9,3
2023-07-12 14:00:00,3,2023-07-12 17:00:00,380.05,128.9,3
2023-07-12 14:00:00,4,2023-07-12 18:00:00,380.08,132.5,3
2023-07-12 14:00:00,5,2023-07-12 19:00:00,380.03,126.1,3
2023-07-12 14:00:00,6,2023-07-12 20:00:00,379.9,108.2,3
2023-07-12 15:00:00,0,2023-07-12 15:00:00,379.98,118.4,3
2023-07-12 15:00:00,1,2023-07-12 16:00:00,380.05,128.9,3
2023-07-12 15:00:00,2,2023-07-12 17:00:00,380.05,128.9,3
2023-07-12 15:00:00,3,2023-07-12 18:00:00,380.08,132.5,3
2023-07-12 15:00:00,4,2023-07-12 19:00:00,380.03,126.1,3
2023-07-12 15:00:00,5,2023-07-12 20:00:00,379.9,108.2,3
2023-07-12 15:00:00,6,2023-07-12 21:00:00,379.94,113.7,3
2023-07-12 19:00:00,0,2023-07-12 19:00:00,380.1,135.6,3
2023-07-12 19:00:00,1,2023-07-12 20:00:00,380.09,134.6,3
2023-07-12 19:00:00,2,2023-07-12 21:00:00,380.06,130.4,3
2023-07-12 19:00:00,3,2023-07-12 22:00:00,379.96,116.0,3
2023-07-12 19:00:00,4,2023-07-12 23:00:00,379.95,114.3,3
2023-07-12 19:00:00,5,2023-07-13 00:00:00,379.91,109.2,3
2023-07-12 19:00:00,6,2023-07-13 01:00:00,379.98,118.3,3
2023-07-13 07:00:00,0,2023-07-13 07:00:00,379.95,115.0,3
2023-07-13 07:00:00,1,2023-07-13 08:00:00,379.9,107.6,3
2023-07-13 07:00:00,2,2023-07-13 09:00:00,379.96,115.7,3
2023-07-13 07:00:00,3,2023-07-13 10:00:00,379.94,113.2,3
2023-07-13 07:00:00,4,2023-07-13 11:00:00,379.94,113.2,3
2023-07-13 07:00:00,5,2023-07-13 12:00:00,379.89,106.4,3
2023-07-13 07:00:00,6,2023-07-13 13:00:00,379.88,105.1,3
2023-07-14 07:00:00,0,2023-07-14 07:00:00,379.71,84.1,3
2023-07-14 07:00:00,1,2023-07-14 08:00:00,379.71,83.9,3
2023-07-14 07:00:00,2,2023-07-14 09:00:00,379.65,77.2,3
2023-07-14 07:00:00,3,2023-07-14 10:00:00,379.66,78.0,3
2023-07-14 07:00:00,4,2023-07-14 11:00:00,379.65,76.6,3
2023-07-14 07:00:00,5,2023-07-14 12:00:00,379.6,71.3,3
2023-07-14 07:00:00,6,2023-07-14 13:00:00,379.59,70.0,3
2023-07-15 07:00:00,0,2023-07-15 07:00:00,379.65,76.6,3
2023-07-15 07:00:00,1,2023-07-15 08:00:00,379.74,87.7,3
2023-07-15 07:00:00,2,2023-07-15 09:00:00,379.76,90.8,3
2023-07-15 07:00:00,3,2023-07-15 10:00:00,379.66,78.3,3
2023-07-15 07:00:00,4,2023-07-15 11:00:00,379.67,79.0,3
2023-07-15 07:00:00,5,2023-07-15 12:00:00,379.64,76.1,3
2023-07-15 07:00:00,6,2023-07-15 13:00:00,379.65,76.9,3
2023-07-16 07:00:00,0,2023-07-16 07:00:00,379.63,74.3,3
2023-07-16 07:00:00,1,2023-07-16 08:00:00,379.63,74.2,3
2023-07-16 07:00:00,2,2023-07-16 09:00:00,379.63,74.2,3
2023-07-16 07:00:00,3,2023-07-16 10:00:00,379.62,73.4,3
2023-07-16 07:00:00,4,2023-07-16 11:00:00,379.62,73.6,3
2023-07-16 07:00:00,5,2023-07-16 12:00:00,379.66,77.4,3
2023-07-16 07:00:00,6,2023-07-16 13:00:00,379.63,74.1,3
2023-07-17 07:00:00,0,2023-07-17 07:00:00,379.77,91.6,3
2023-07-17 07:00:00,1,2023-07-17 08:00:00,379.75,88.7,3
2023-07-17 07:00:00,2,2023-07-17 09:00:00,379.74,87.8,3
2023-07-17 07:00:00,3,2023-07-17 10:00:00,379.78,92.7,3
2023-07-17 07:00:00,4,2023-07-17 11:00:00,379.78,93.1,3
2023-07-17 07:00:00,5,2023-07-17 12:00:00,379.76,90.8,3
2023-07-17 07:00:00,6,2023-07-17 13:00:00,379.75,89.4,3
2023-07-17 15:00:00,0,2023-07-17 15:00:00,379.58,68.2,3
2023-07-17 15:00:00,1,2023-07-17 16:00:00,379.58,68.7,3
2023-07-17 15:00:00,2,2023-07-17 17:00:00,379.55,65.4,3
2023-07-17 15:00:00,3,2023-07-17 18:00:00,379.54,63.6,3
2023-07-17 15:00:00,4,2023-07-17 19:00:00,379.52,62.0,3
2023-07-17 15:00:00,5,2023-07-17 20:00:00,379.51,60.0,3
2023-07-17 15:00:00,6,2023-07-17 21:00:00,379.51,60.1,3
2023-07-18 07:00:00,0,2023-07-18 07:00:00,379.74,87.3,3
2023-07-18 07:00:00,1,2023-07-18 08:00:00,379.74,87.5,3
2023-07-18 07:00:00,2,2023-07-18 09:00:00,379.72,85.3,3
2023-07-18 07:00:00,3,2023-07-18 10:00:00,379.68,80.7,3
2023-07-18 07:00:00,4,2023-07-18 11:00:00,379.68,80.1,3
2023-07-18 07:00:00,5,2023-07-18 12:00:00,379.65,76.5,3
2023-07-18 07:00:00,6,2023-07-18 13:00:00,379.63,74.2,3
2023-07-19 07:00:00,0,2023-07-19 07:00:00,379.82,97.5,3
2023-07-19 07:00:00,1,2023-07-19 08:00:00,379.81,96.4,3
2023-07-19 07:00:00,2,2023-07-19 09:00:00,379.82,97.3,3
2023-07-19 07:00:00,3,2023-07-19 10:00:00,379.73,86.1,3
2023-07-19 07:00:00,4,2023-07-19 11:00:00,379.8,95.3,3
2023-07-19 07:00:00,5,2023-07-19 12:00:00,379.75,89.4,3
2023-07-19 07:00:00,6,2023-07-19 13:00:00,379.74,88.2,3
2023-07-20 07:00:00,0,2023-07-20 07:00:00,379.89,106.6,3
2023-07-20 07:00:00,1,2023-07-20 08:00:00,379.85,101.9,3
2023-07-20 07:00:00,2,2023-07-20 09:00:00,379.88,106.0,3
2023-07-20 07:00:00,3,2023-07-20 10:00:00,379.73,86.8,3
2023-07-20 07:00:00,4,2023-07-20 11:00:00,379.76,90.7,3
2023-07-20 07:00:00,5,2023-07-20 12:00:00,379.67,79.0,3
2023-07-20 07:00:00,6,2023-07-20 13:00:00,379.64,75.1,3
2023-07-21 07:00:00,0,2023-07-21 07:00:00,379.73,86.5,3
2023-07-21 07:00:00,1,2023-07-21 08:00:00,379.64,76.2,3
2023-07-21 07:00:00,2,2023-07-21 09:00:00,379.62,73.2,3
2023-07-21 07:00:00,3,2023-07-21 10:00:00,379.64,75.6,3
2023-07-21 07:00:00,4,2023-07-21 11:00:00,379.59,69.3,3
2023-07-21 07:00:00,5,2023-07-21 12:00:00,379.57,67.6,3
2023-07-21 07:00:00,6,2023-07-21 13:00:00,379.58,67.9,3
2023-07-22 07:00:00,0,2023-07-22 07:00:00,379.55,65.2,3
2023-07-22 07:00:00,1,2023-07-22 08:00:00,379.55,64.9,3
2023-07-22 07:00:00,2,2023-07-22 09:00:00,379.54,63.8,3
2023-07-22 07:00:00,3,2023-07-22 10:00:00,379.52,61.8,3
2023-07-22 07:00:00,4,2023-07-22 11:00:00,379.5,59.5,3
2023-07-22 07:00:00,5,2023-07-22 12:00:00,379.51,60.9,3
2023-07-22 07:00:00,6,2023-07-22 13:00:00,379.53,62.8,3
2023-07-23 07:00:00,0,2023-07-23 07:00:00,379.55,64.8,3
2023-07-23 07:00:00,1,2023-07-23 08:00:00,379.54,64.4,3
2023-07-23 07:00:00,2,2023-07-23 09:00:00,379.55,65.2,3
2023-07-23 07:00:00,3,2023-07-23 10:00:00,379.55,65.0,3
2023-07-23 07:00:00,4,2023-07-23 11:00:00,379.53,62.2,3
2023-07-23 07:00:00,5,2023-07-23 12:00:00,379.5,59.3,3
2023-07-23 07:00:00,6,2023-07-23 13:00:00,379.48,56.9,3
2023-07-24 07:00:00,0,2023-07-24 07:00:00,379.53,63.0,3
2023-07-24 07:00:00,1,2023-07-24 08:00:00,379.56,66.2,3
2023-07-24 07:00:00,2,2023-07-24 09:00:00,379.57,66.8,3
2023-07-24 07:00:00,3,2023-07-24 10:00:00,379.55,65.4,3
2023-07-24 07:00:00,4,2023-07-24 11:00:00,379.53,62.3,3
2023-07-24 07:00:00,5,2023-07-24 12:00:00,379.53,62.4,3
2023-07-24 07:00:00,6,2023-07-24 13:00:00,379.52,61.0,3
2023-07-25 07:00:00,0,2023-07-25 07:00:00,379.9,107.8,3
2023-07-25 07:00:00,1,2023-07-25 08:00:00,379.89,106.4,3
2023-07-25 07:00:00,2,2023-07-25 09:00:00,379.83,98.6,3
2023-07-25 07:00:00,3,2023-07-25 10:00:00,379.95,115.4,3
2023-07-25 07:00:00,4,2023-07-25 11:00:00,380.13,140.2,3
2023-07-25 07:00:00,5,2023-07-25 12:00:00,380.32,168.6,3
2023-07-25 07:00:00,6,2023-07-25 13:00:00,380.33,169.9,3
2023-07-26 07:00:00,0,2023-07-26 07:00:00,379.96,115.9,3
2023-07-26 07:00:00,1,2023-07-26 08:00:00,379.93,112.9,3
2023-07-26 07:00:00,2,2023-07-26 09:00:00,379.91,110.1,3
2023-07-26 07:00:00,3,2023-07-26 10:00:00,379.87,104.4,3
2023-07-26 07:00:00,4,2023-07-26 11:00:00,379.8,95.2,3
2023-07-26 07:00:00,5,2023-07-26 12:00:00,379.78,93.1,3
2023-07-26 07:00:00,6,2023-07-26 13:00:00,379.82,98.1,3
2023-07-27 07:00:00,0,2023-07-27 07:00:00,379.52,62.0,3
2023-07-27 07:00:00,1,2023-07-27 08:00:00,379.5,59.8,3
2023-07-27 07:00:00,2,2023-07-27 09:00:00,379.5,59.3,3
2023-07-27 07:00:00,3,2023-07-27 10:00:00,379.5,59.0,3
2023-07-27 07:00:00,4,2023-07-27 11:00:00,379.48,56.6,3
2023-07-27 07:00:00,5,2023-07-27 12:00:00,379.47,55.5,3
2023-07-27 07:00:00,6,2023-07-27 13:00:00,379.5,59.5,3
2023-07-28 07:00:00,0,2023-07-28 07:00:00,379.42,50.6,3
2023-07-28 07:00:00,1,2023-07-28 08:00:00,379.42,50.3,3
2023-07-28 07:00:00,2,2023-07-28 09:00:00,379.44,52.2,3
2023-07-28 07:00:00,3,2023-07-28 10:00:00,379.43,51.7,3
2023-07-28 07:00:00,4,2023-07-28 11:00:00,379.41,49.3,3
2023-07-28 07:00:00,5,2023-07-28 12:00:00,379.41,48.8,3
2023-07-28 07:00:00,6,2023-07-28 13:00:00,379.41,49.4,3
2023-07-29 08:00:00,0,2023-07-29 08:00:00,379.45,53.2,3
2023-07-29 08:00:00,1,2023-07-29 09:00:00,379.44,51.9,3
2023-07-29 08:00:00,2,2023-07-29 10:00:00,379.44,52.6,3
2023-07-29 08:00:00,3,2023-07-29 11:00:00,379.45,53.4,3
2023-07-29 08:00:00,4,2023-07-29 12:00:00,379.44,52.5,3
2023-07-29 08:00:00,5,2023-07-29 13:00:00,379.43,51.4,3
2023-07-29 08:00:00,6,2023-07-29 14:00:00,379.44,52.8,3
2023-07-30 04:00:00,0,2023-07-30 04:00:00,379.52,61.4,3
2023-07-30 04:00:00,1,2023-07-30 05:00:00,379.55,65.4,3
2023-07-30 04:00:00,2,2023-07-30 06:00:00,379.66,77.8,3
2023-07-30 04:00:00,3,2023-07-30 07:00:00,379.83,98.9,3
2023-07-30 04:00:00,4,2023-07-30 08:00:00,379.9,108.6,3
2023-07-30 04:00:00,5,2023-07-30 09:00:00,380.08,133.0,3
2023-07-30 04:00:00,6,2023-07-30 10:00:00,380.09,134.8,3
2023-07-30 05:00:00,0,2023-07-30 05:00:00,379.55,65.4,3
2023-07-30 05:00:00,1,2023-07-30 06:00:00,379.66,77.8,3
2023-07-30 05:00:00,2,2023-07-30 07:00:00,379.83,98.9,3
2023-07-30 05:00:00,3,2023-07-30 08:00:00,379.9,108.6,3
2023-07-30 05:00:00,4,2023-07-30 09:00:00,380.08,133.0,3
2023-07-30 05:00:00,5,2023-07-30 10:00:00,380.09,134.8,3
2023-07-30 05:00:00,6,2023-07-30 11:00:00,380.07,130.7,3
2023-07-30 08:00:00,0,2023-07-30 08:00:00,379.65,76.3,3
2023-07-30 08:00:00,1,2023-07-30 09:00:00,379.91,109.0,3
2023-07-30 08:00:00,2,2023-07-30 10:00:00,379.93,112.1,3
2023-07-30 08:00:00,3,2023-07-30 11:00:00,380.05,128.6,3
2023-07-30 08:00:00,4,2023-07-30 12:00:00,379.9,107.7,3
2023-07-30 08:00:00,5,2023-07-30 13:00:00,379.86,103.1,3
2023-07-30 08:00:00,6,2023-07-30 14:00:00,379.86,103.2,3
2023-07-31 07:00:00,0,2023-07-31 07:00:00,379.73,86.7,3
2023-07-31 07:00:00,1,2023-07-31 08:00:00,379.71,83.7,3
2023-07-31 07:00:00,2,2023-07-31 09:00:00,379.65,77.1,3
2023-07-31 07:00:00,3,2023-07-31 10:00:00,379.6,70.6,3
2023-07-31 07:00:00,4,2023-07-31 11:00:00,379.56,66.5,3
2023-07-31 07:00:00,5,2023-07-31 12:00:00,379.58,67.9,3
2023-07-31 07:00:00,6,2023-07-31 13:00:00,379.54,64.1,3
2023-08-01 07:00:00,0,2023-08-01 07:00:00,379.57,67.6,3
2023-08-01 07:00:00,1,2023-08-01 08:00:00,379.59,69.1,3
2023-08-01 07:00:00,2,2023-08-01 09:00:00,379.57,67.1,3
2023-08-01 07:00:00,3,2023-08-01 10:00:00,379.56,66.0,3
2023-08-01 07:00:00,4,2023-08-01 11:00:00,379.55,64.8,3
2023-08-01 07:00:00,5,2023-08-01 12:00:00,379.52,61.5,3
2023-08-01 07:00:00,6,2023-08-01 13:00:00,379.48,57.4,3
2023-08-02 07:00:00,0,2023-08-02 07:00:00,379.5,59.5,3
2023-08-02 07:00:00,1,2023-08-02 08:00:00,379.46,54.8,3
2023-08-02 07:00:00,2,2023-08-02 09:00:00,379.44,52.7,3
2023-08-02 07:00:00,3,2023-08-02 10:00:00,379.43,51.8,3
2023-08-02 07:00:00,4,2023-08-02 11:00:00,379.42,50.6,3
2023-08-02 07:00:00,5,2023-08-02 12:00:00,379.42,50.5,3
2023-08-02 07:00:00,6,2023-08-02 13:00:00,379.41,48.9,3
2023-08-03 07:00:00,0,2023-08-03 07:00:00,379.55,64.5,3
2023-08-03 07:00:00,1,2023-08-03 08:00:00,379.59,69.2,3
2023-08-03 07:00:00,2,2023-08-03 09:00:00,379.69,81.5,3
2023-08-03 07:00:00,3,2023-08-03 10:00:00,379.92,110.6,3
2023-08-03 07:00:00,4,2023-08-03 11:00:00,379.85,101.8,3
2023-08-03 07:00:00,5,2023-08-03 12:00:00,379.7,82.8,3
2023-08-03 07:00:00,6,2023-08-03 13:00:00,379.77,92.2,3
2023-08-04 07:00:00,0,2023-08-04 07:00:00,379.62,73.4,3
2023-08-04 07:00:00,1,2023-08-04 08:00:00,379.61,71.8,3
2023-08-04 07:00:00,2,2023-08-04 09:00:00,379.56,65.7,3
2023-08-04 07:00:00,3,2023-08-04 10:00:00,379.54,64.1,3
2023-08-04 07:00:00,4,2023-08-04 11:00:00,379.52,61.1,3
2023-08-04 07:00:00,5,2023-08-04 12:00:00,379.52,61.0,3
2023-08-04 07:00:00,6,2023-08-04 13:00:00,379.51,59.9,3
2023-08-04 10:00:00,0,2023-08-04 10:00:00,379.54,64.1,3
2023-08-04 10:00:00,1,2023-08-04 11:00:00,379.52,61.1,3
2023-08-04 10:00:00,2,2023-08-04 12:00:00,379.52,61.0,3
2023-08-04 10:00:00,3,2023-08-04 13:00:00,379.51,59.9,3
2023-08-04 10:00:00,4,2023-08-04 14:00:00,379.54,64.0,3
2023-08-04 10:00:00,5,2023-08-04 15:00:00,379.56,65.8,3
2023-08-04 10:00:00,6,2023-08-04 16:00:00,379.6,71.0,3
2023-08-04 17:00:00,0,2023-08-04 17:00:00,379.42,50.7,3
2023-08-04 17:00:00,1,2023-08-04 18:00:00,379.42,50.4,3
2023-08-04 17:00:00,2,2023-08-04 19:00:00,379.43,51.8,3
2023-08-04 17:00:00,3,2023-08-04 20:00:00,379.44,52.4,3
2023-08-04 17:00:00,4,2023-08-04 21:00:00,379.45,53.1,3
2023-08-04 17:00:00,5,2023-08-04 22:00:00,379.44,51.9,3
2023-08-04 17:00:00,6,2023-08-04 23:00:00,379.42,49.9,3
2023-08-05 07:00:00,0,2023-08-05 07:00:00,379.75,88.7,3
2023-08-05 07:00:00,1,2023-08-05 08:00:00,379.76,89.9,3
2023-08-05 07:00:00,2,2023-08-05 09:00:00,379.78,93.3,3
2023-08-05 07:00:00,3,2023-08-05 10:00:00,379.86,102.7,3
2023-08-05 07:00:00,4,2023-08-05 11:00:00,379.73,87.0,3
2023-08-05 07:00:00,5,2023-08-05 12:00:00,379.76,89.8,3
2023-08-05 07:00:00,6,2023-08-05 13:00:00,379.68,79.9,3
2023-08-05 11:00:00,0,2023-08-05 11:00:00,379.8,95.1,3
2023-08-05 11:00:00,1,2023-08-05 12:00:00,379.82,98.1,3
2023-08-05 11:00:00,2,2023-08-05 13:00:00,379.74,87.9,3
2023-08-05 11:00:00,3,2023-08-05 14:00:00,379.71,83.9,3
2023-08-05 11:00:00,4,2023-08-05 15:00:00,379.7,83.0,3
2023-08-05 11:00:00,5,2023-08-05 16:00:00,379.68,79.9,3
2023-08-05 11:00:00,6,2023-08-05 17:00:00,379.63,74.6,3
2023-08-05 14:00:00,0,2023-08-05 14:00:00,379.68,81.0,3
2023-08-05 14:00:00,1,2023-08-05 15:00:00,379.69,81.1,3
2023-08-05 14:00:00,2,2023-08-05 16:00:00,379.67,78.8,3
2023-08-05 14:00:00,3,2023-08-05 17:00:00,379.64,75.0,3
2023-08-05 14:00:00,4,2023-08-05 18:00:00,379.6,70.4,3
2023-08-05 14:00:00,5,2023-08-05 19:00:00,379.51,60.5,3
2023-08-05 14:00:00,6,2023-08-05 20:00:00,379.47,56.3,3
2023-08-05 21:00:00,0,2023-08-05 21:00:00,379.49,58.3,3
2023-08-05 21:00:00,1,2023-08-05 22:00:00,379.51,59.9,3
2023-08-05 21:00:00,2,2023-08-05 23:00:00,379.49,58.0,3
2023-08-05 21:00:00,3,2023-08-06 00:00:00,379.46,54.6,3
2023-08-05 21:00:00,4,2023-08-06 01:00:00,379.46,54.9,3
2023-08-05 21:00:00,5,2023-08-06 02:00:00,379.45,54.0,3
2023-08-05 21:00:00,6,2023-08-06 03:00:00,379.45,53.1,3
2023-08-06 07:00:00,0,2023-08-06 07:00:00,379.47,55.7,3
2023-08-06 07:00:00,1,2023-08-06 08:00:00,379.47,56.3,3
2023-08-06 07:00:00,2,2023-08-06 09:00:00,379.46,54.3,3
2023-08-06 07:00:00,3,2023-08-06 10:00:00,379.45,53.0,3
2023-08-06 07:00:00,4,2023-08-06 11:00:00,379.44,52.7,3
2023-08-06 07:00:00,5,2023-08-06 12:00:00,379.44,52.5,3
2023-08-06 07:00:00,6,2023-08-06 13:00:00,379.44,52.6,3
2023-08-06 14:00:00,0,2023-08-06 14:00:00,379.46,54.1,3
2023-08-06 14:00:00,1,2023-08-06 15:00:00,379.46,54.7,3
2023-08-06 14:00:00,2,2023-08-06 16:00:00,379.47,55.7,3
2023-08-06 14:00:00,3,2023-08-06 17:00:00,379.45,53.1,3
2023-08-06 14:00:00,4,2023-08-06 18:00:00,379.43,50.9,3
2023-08-06 14:00:00,5,2023-08-06 19:00:00,379.43,51.2,3
2023-08-06 14:00:00,6,2023-08-06 20:00:00,379.43,51.3,3
2023-08-07 07:00:00,0,2023-08-07 07:00:00,379.47,55.2,3
2023-08-07 07:00:00,1,2023-08-07 08:00:00,379.47,55.3,3
2023-08-07 07:00:00,2,2023-08-07 09:00:00,379.48,57.3,3
2023-08-07 07:00:00,3,2023-08-07 10:00:00,379.46,55.0,3
2023-08-07 07:00:00,4,2023-08-07 11:00:00,379.43,51.8,3
2023-08-07 07:00:00,5,2023-08-07 12:00:00,379.42,50.4,3
2023-08-07 07:00:00,6,2023-08-07 13:00:00,379.52,61.3,3
2023-08-08 07:00:00,0,2023-08-08 07:00:00,379.4,48.4,3
2023-08-08 07:00:00,1,2023-08-08 08:00:00,379.4,47.5,3
2023-08-08 07:00:00,2,2023-08-08 09:00:00,379.39,46.6,3
2023-08-08 07:00:00,3,2023-08-08 10:00:00,379.39,46.3,3
2023-08-08 07:00:00,4,2023-08-08 11:00:00,379.38,45.9,3
2023-08-08 07:00:00,5,2023-08-08 12:00:00,379.38,45.7,3
2023-08-08 07:00:00,6,2023-08-08 13:00:00,379.37,45.1,3
2023-08-09 07:00:00,0,2023-08-09 07:00:00,379.35,43.0,3
2023-08-09 07:00:00,1,2023-08-09 08:00:00,379.36,43.5,3
2023-08-09 07:00:00,2,2023-08-09 09:00:00,379.36,44.1,3
2023-08-09 07:00:00,3,2023-08-09 10:00:00,379.37,44.4,3
2023-08-09 07:00:00,4,2023-08-09 11:00:00,379.37,44.7,3
2023-08-09 07:00:00,5,2023-08-09 12:00:00,379.37,44.7,3
2023-08-09 07:00:00,6,2023-08-09 13:00:00,379.37,44.3,3
2023-08-10 07:00:00,0,2023-08-10 07:00:00,379.37,44.5,3
2023-08-10 07:00:00,1,2023-08-10 08:00:00,379.38,45.5,3
2023-08-10 07:00:00,2,2023-08-10 09:00:00,379.38,45.4,3
2023-08-10 07:00:00,3,2023-08-10 10:00:00,379.38,45.3,3
2023-08-10 07:00:00,4,2023-08-10 11:00:00,379.38,45.4,3
2023-08-10 07:00:00,5,2023-08-10 12:00:00,379.38,45.3,3
2023-08-10 07:00:00,6,2023-08-10 13:00:00,379.37,45.0,3
2023-08-11 07:00:00,0,2023-08-11 07:00:00,379.43,51.4,3
2023-08-11 07:00:00,1,2023-08-11 08:00:00,379.43,51.8,3
2023-08-11 07:00:00,2,2023-08-11 09:00:00,379.41,49.3,3
2023-08-11 07:00:00,3,2023-08-11 10:00:00,379.41,48.6,3
2023-08-11 07:00:00,4,2023-08-11 11:00:00,379.39,46.7,3
2023-08-11 07:00:00,5,2023-08-11 12:00:00,379.38,45.5,3
2023-08-11 07:00:00,6,2023-08-11 13:00:00,379.38,45.2,3
2023-08-12 08:00:00,0,2023-08-12 08:00:00,379.47,56.1,3
2023-08-12 08:00:00,1,2023-08-12 09:00:00,379.48,56.8,3
2023-08-12 08:00:00,2,2023-08-12 10:00:00,379.47,55.8,3
2023-08-12 08:00:00,3,2023-08-12 11:00:00,379.46,55.2,3
2023-08-12 08:00:00,4,2023-08-12 12:00:00,379.48,56.9,3
2023-08-12 08:00:00,5,2023-08-12 13:00:00,379.49,58.1,3
2023-08-12 08:00:00,6,2023-08-12 14:00:00,379.49,57.8,3
2023-08-13 08:00:00,0,2023-08-13 08:00:00,379.56,65.6,3
2023-08-13 08:00:00,1,2023-08-13 09:00:00,379.55,65.4,3
2023-08-13 08:00:00,2,2023-08-13 10:00:00,379.56,66.3,3
2023-08-13 08:00:00,3,2023-08-13 11:00:00,379.56,66.4,3
2023-08-13 08:00:00,4,2023-08-13 12:00:00,379.55,64.6,3
2023-08-13 08:00:00,5,2023-08-13 13:00:00,379.54,63.4,3
2023-08-13 08:00:00,6,2023-08-13 14:00:00,379.52,61.1,3
2023-08-14 07:00:00,0,2023-08-14 07:00:00,379.57,66.8,3
2023-08-14 07:00:00,1,2023-08-14 08:00:00,379.56,66.4,3
2023-08-14 07:00:00,2,2023-08-14 09:00:00,379.55,65.0,3
2023-08-14 07:00:00,3,2023-08-14 10:00:00,379.53,63.2,3
2023-08-14 07:00:00,4,2023-08-14 11:00:00,379.52,62.1,3
2023-08-14 07:00:00,5,2023-08-14 12:00:00,379.51,60.4,3
2023-08-14 07:00:00,6,2023-08-14 13:00:00,379.5,59.8,3
2023-08-15 07:00:00,0,2023-08-15 07:00:00,379.64,75.2,3
2023-08-15 07:00:00,1,2023-08-15 08:00:00,379.63,74.8,3
2023-08-15 07:00:00,2,2023-08-15 09:00:00,379.6,70.6,3
2023-08-15 07:00:00,3,2023-08-15 10:00:00,379.59,69.3,3
2023-08-15 07:00:00,4,2023-08-15 11:00:00,379.57,67.2,3
2023-08-15 07:00:00,5,2023-08-15 12:00:00,379.55,65.5,3
2023-08-15 07:00:00,6,2023-08-15 13:00:00,379.54,64.1,3
2023-08-16 07:00:00,0,2023-08-16 07:00:00,379.57,67.9,3
2023-08-16 07:00:00,1,2023-08-16 08:00:00,379.58,68.3,3
2023-08-16 07:00:00,2,2023-08-16 09:00:00,379.58,68.3,3
2023-08-16 07:00:00,3,2023-08-16 10:00:00,379.54,64.3,3
2023-08-16 07:00:00,4,2023-08-16 11:00:00,379.53,63.0,3
2023-08-16 07:00:00,5,2023-08-16 12:00:00,379.53,62.2,3
2023-08-16 07:00:00,6,2023-08-16 13:00:00,379.48,57.0,3
2023-08-17 07:00:00,0,2023-08-17 07:00:00,379.56,66.5,3
2023-08-17 07:00:00,1,2023-08-17 08:00:00,379.57,67.4,3
2023-08-17 07:00:00,2,2023-08-17 09:00:00,379.55,65.2,3
2023-08-17 07:00:00,3,2023-08-17 10:00:00,379.54,64.3,3
2023-08-17 07:00:00,4,2023-08-17 11:00:00,379.53,62.6,3
2023-08-17 07:00:00,5,2023-08-17 12:00:00,379.52,61.5,3
2023-08-17 07:00:00,6,2023-08-17 13:00:00,379.51,60.8,3
2023-08-18 07:00:00,0,2023-08-18 07:00:00,379.5,58.9,3
2023-08-18 07:00:00,1,2023-08-18 08:00:00,379.51,60.1,3
2023-08-18 07:00:00,2,2023-08-18 09:00:00,379.51,60.1,3
2023-08-18 07:00:00,3,2023-08-18 10:00:00,379.49,58.3,3
2023-08-18 07:00:00,4,2023-08-18 11:00:00,379.48,57.4,3
2023-08-18 07:00:00,5,2023-08-18 12:00:00,379.48,56.5,3
2023-08-18 07:00:00,6,2023-08-18 13:00:00,379.45,53.1,3
2023-08-19 07:00:00,0,2023-08-19 07:00:00,379.52,61.8,3
2023-08-19 07:00:00,1,2023-08-19 08:00:00,379.49,58.6,3
2023-08-19 07:00:00,2,2023-08-19 09:00:00,379.47,55.7,3
2023-08-19 07:00:00,3,2023-08-19 10:00:00,379.47,56.3,3
2023-08-19 07:00:00,4,2023-08-19 11:00:00,379.48,57.5,3
2023-08-19 07:00:00,5,2023-08-19 12:00:00,379.49,58.4,3
2023-08-19 07:00:00,6,2023-08-19 13:00:00,379.47,56.1,3
2023-08-20 06:00:00,0,2023-08-20 06:00:00,379.57,67.3,3
2023-08-20 06:00:00,1,2023-08-20 07:00:00,379.59,69.3,3
2023-08-20 06:00:00,2,2023-08-20 08:00:00,379.59,69.5,3
2023-08-20 06:00:00,3,2023-08-20 09:00:00,379.6,70.7,3
2023-08-20 06:00:00,4,2023-08-20 10:00:00,379.58,69.0,3
2023-08-20 06:00:00,5,2023-08-20 11:00:00,379.55,65.2,3
2023-08-20 06:00:00,6,2023-08-20 12:00:00,379.54,63.3,3
2023-08-20 07:00:00,0,2023-08-20 07:00:00,379.59,69.3,3
2023-08-20 07:00:00,1,2023-08-20 08:00:00,379.59,69.5,3
2023-08-20 07:00:00,2,2023-08-20 09:00:00,379.6,70.7,3
2023-08-20 07:00:00,3,2023-08-20 10:00:00,379.58,69.0,3
2023-08-20 07:00:00,4,2023-08-20 11:00:00,379.55,65.2,3
2023-08-20 07:00:00,5,2023-08-20 12:00:00,379.54,63.3,3
2023-08-20 07:00:00,6,2023-08-20 13:00:00,379.53,62.7,3
2023-08-21 06:00:00,0,2023-08-21 06:00:00,379.67,79.1,3
2023-08-21 06:00:00,1,2023-08-21 07:00:00,379.68,80.7,3
2023-08-21 06:00:00,2,2023-08-21 08:00:00,379.66,77.6,3
2023-08-21 06:00:00,3,2023-08-21 09:00:00,379.61,72.1,3
2023-08-21 06:00:00,4,2023-08-21 10:00:00,379.61,71.8,3
2023-08-21 06:00:00,5,2023-08-21 11:00:00,379.57,67.3,3
2023-08-21 06:00:00,6,2023-08-21 12:00:00,379.55,65.4,3
2023-08-22 07:00:00,0,2023-08-22 07:00:00,379.71,83.7,3
2023-08-22 07:00:00,1,2023-08-22 08:00:00,379.65,76.9,3
2023-08-22 07:00:00,2,2023-08-22 09:00:00,379.64,75.9,3
2023-08-22 07:00:00,3,2023-08-22 10:00:00,379.62,73.2,3
2023-08-22 07:00:00,4,2023-08-22 11:00:00,379.62,73.2,3
2023-08-22 07:00:00,5,2023-08-22 12:00:00,379.62,73.2,3
2023-08-22 07:00:00,6,2023-08-22 13:00:00,379.58,68.0,3
2023-08-23 07:00:00,0,2023-08-23 07:00:00,379.62,72.8,3
2023-08-23 07:00:00,1,2023-08-23 08:00:00,379.66,77.4,3
2023-08-23 07:00:00,2,2023-08-23 09:00:00,379.67,79.4,3
2023-08-23 07:00:00,3,2023-08-23 10:00:00,379.69,81.3,3
2023-08-23 07:00:00,4,2023-08-23 11:00:00,379.65,76.5,3
2023-08-23 07:00:00,5,2023-08-23 12:00:00,379.62,73.0,3
2023-08-23 07:00:00,6,2023-08-23 13:00:00,379.59,70.0,3
2023-08-24 07:00:00,0,2023-08-24 07:00:00,379.68,80.8,3
2023-08-24 07:00:00,1,2023-08-24 08:00:00,379.59,69.9,3
2023-08-24 07:00:00,2,2023-08-24 09:00:00,379.6,70.8,3
2023-08-24 07:00:00,3,2023-08-24 10:00:00,379.59,70.2,3
2023-08-24 07:00:00,4,2023-08-24 11:00:00,379.58,68.6,3
2023-08-24 07:00:00,5,2023-08-24 12:00:00,379.52,61.4,3
2023-08-24 07:00:00,6,2023-08-24 13:00:00,379.51,60.9,3
2023-08-24 10:00:00,0,2023-08-24 10:00:00,379.59,70.2,3
2023-08-24 10:00:00,1,2023-08-24 11:00:00,379.58,68.6,3
2023-08-24 10:00:00,2,2023-08-24 12:00:00,379.52,61.4,3
2023-08-24 10:00:00,3,2023-08-24 13:00:00,379.51,60.9,3
2023-08-24 10:00:00,4,2023-08-24 14:00:00,379.53,62.2,3
2023-08-24 10:00:00,5,2023-08-24 15:00:00,379.52,61.7,3
2023-08-24 10:00:00,6,2023-08-24 16:00:00,379.59,69.2,3
2023-08-25 07:00:00,0,2023-08-25 07:00:00,379.69,81.6,3
2023-08-25 07:00:00,1,2023-08-25 08:00:00,379.68,80.0,3
2023-08-25 07:00:00,2,2023-08-25 09:00:00,379.68,80.2,3
2023-08-25 07:00:00,3,2023-08-25 10:00:00,379.64,75.1,3
2023-08-25 07:00:00,4,2023-08-25 11:00:00,379.62,73.3,3
2023-08-25 07:00:00,5,2023-08-25 12:00:00,379.58,68.2,3
2023-08-25 07:00:00,6,2023-08-25 13:00:00,379.53,62.7,3
2023-08-25 09:00:00,0,2023-08-25 09:00:00,379.68,80.2,3
2023-08-25 09:00:00,1,2023-08-25 10:00:00,379.64,75.1,3
2023-08-25 09:00:00,2,2023-08-25 11:00:00,379.62,73.3,3
2023-08-25 09:00:00,3,2023-08-25 12:00:00,379.58,68.2,3
2023-08-25 09:00:00,4,2023-08-25 13:00:00,379.53,62.7,3
2023-08-25 09:00:00,5,2023-08-25 14:00:00,379.51,60.1,3
2023-08-25 09:00:00,6,2023-08-25 15:00:00,379.5,59.4,3
2023-08-25 11:00:00,0,2023-08-25 11:00:00,379.57,67.5,3
2023-08-25 11:00:00,1,2023-08-25 12:00:00,379.56,66.0,3
2023-08-25 11:00:00,2,2023-08-25 13:00:00,379.53,63.0,3
2023-08-25 11:00:00,3,2023-08-25 14:00:00,379.52,61.7,3
2023-08-25 11:00:00,4,2023-08-25 15:00:00,379.52,61.6,3
2023-08-25 11:00:00,5,2023-08-25 16:00:00,379.51,60.8,3
2023-08-25 11:00:00,6,2023-08-25 17:00:00,379.5,59.4,3
2023-08-25 12:00:00,0,2023-08-25 12:00:00,379.56,66.0,3
2023-08-25 12:00:00,1,2023-08-25 13:00:00,379.53,63.0,3
2023-08-25 12:00:00,2,2023-08-25 14:00:00,379.52,61.7,3
2023-08-25 12:00:00,3,2023-08-25 15:00:00,379.52,61.6,3
2023-08-25 12:00:00,4,2023-08-25 16:00:00,379.51,60.8,3
2023-08-25 12:00:00,5,2023-08-25 17:00:00,379.5,59.4,3
2023-08-25 12:00:00,6,2023-08-25 18:00:00,379.48,56.8,3
2023-08-25 14:00:00,0,2023-08-25 14:00:00,379.49,58.3,3
2023-08-25 14:00:00,1,2023-08-25 15:00:00,379.51,60.2,3
2023-08-25 14:00:00,2,2023-08-25 16:00:00,379.52,61.0,3
2023-08-25 14:00:00,3,2023-08-25 17:00:00,379.51,60.9,3
2023-08-25 14:00:00,4,2023-08-25 18:00:00,379.5,58.8,3
2023-08-25 14:00:00,5,2023-08-25 19:00:00,379.47,55.4,3
2023-08-25 14:00:00,6,2023-08-25 20:00:00,379.45,53.5,3
2023-08-25 16:00:00,0,2023-08-25 16:00:00,379.52,61.9,3
2023-08-25 16:00:00,1,2023-08-25 17:00:00,379.52,61.2,3
2023-08-25 16:00:00,2,2023-08-25 18:00:00,379.5,58.8,3
2023-08-25 16:00:00,3,2023-08-25 19:00:00,379.47,55.2,3
2023-08-25 16:00:00,4,2023-08-25 20:00:00,379.45,53.4,3
2023-08-25 16:00:00,5,2023-08-25 21:00:00,379.44,52.1,3
2023-08-25 16:00:00,6,2023-08-25 22:00:00,379.42,50.6,3
2023-08-25 20:00:00,0,2023-08-25 20:00:00,379.42,50.3,3
2023-08-25 20:00:00,1,2023-08-25 21:00:00,379.43,50.8,3
2023-08-25 20:00:00,2,2023-08-25 22:00:00,379.42,50.6,3
2023-08-25 20:00:00,3,2023-08-25 23:00:00,379.43,50.9,3
2023-08-25 20:00:00,4,2023-08-26 00:00:00,379.44,52.9,3
2023-08-25 20:00:00,5,2023-08-26 01:00:00,379.47,55.5,3
2023-08-25 20:00:00,6,2023-08-26 02:00:00,379.49,57.6,3
2023-08-26 06:00:00,0,2023-08-26 06:00:00,379.59,69.9,3
2023-08-26 06:00:00,1,2023-08-26 07:00:00,379.62,73.0,3
2023-08-26 06:00:00,2,2023-08-26 08:00:00,379.62,73.5,3
2023-08-26 06:00:00,3,2023-08-26 09:00:00,379.6,71.0,3
2023-08-26 06:00:00,4,2023-08-26 10:00:00,379.61,71.8,3
2023-08-26 06:00:00,5,2023-08-26 11:00:00,379.73,86.6,3
2023-08-26 06:00:00,6,2023-08-26 12:00:00,379.69,81.2,3
2023-08-26 09:00:00,0,2023-08-26 09:00:00,379.6,71.0,3
2023-08-26 09:00:00,1,2023-08-26 10:00:00,379.61,71.8,3
2023-08-26 09:00:00,2,2023-08-26 11:00:00,379.73,86.6,3
2023-08-26 09:00:00,3,2023-08-26 12:00:00,379.69,81.2,3
2023-08-26 09:00:00,4,2023-08-26 13:00:00,379.63,74.8,3
2023-08-26 09:00:00,5,2023-08-26 14:00:00,379.63,74.3,3
2023-08-26 09:00:00,6,2023-08-26 15:00:00,379.59,69.3,3
2023-08-26 12:00:00,0,2023-08-26 12:00:00,379.67,79.15,3
2023-08-26 12:00:00,1,2023-08-26 13:00:00,379.65,77.15,3
2023-08-26 12:00:00,2,2023-08-26 14:00:00,379.685,80.95,3
2023-08-26 12:00:00,3,2023-08-26 15:00:00,379.635,74.85,3
2023-08-26 12:00:00,4,2023-08-26 16:00:00,379.595,70.0,3
2023-08-26 12:00:00,5,2023-08-26 17:00:00,379.6,70.65,3
2023-08-26 12:00:00,6,2023-08-26 18:00:00,379.585,69.2,3
2023-08-26 13:00:00,0,2023-08-26 13:00:00,379.59,70.2,3
2023-08-26 13:00:00,1,2023-08-26 14:00:00,379.64,76.1,3
2023-08-26 13:00:00,2,2023-08-26 15:00:00,379.61,72.1,3
2023-08-26 13:00:00,3,2023-08-26 16:00:00,379.6,70.3,3
2023-08-26 13:00:00,4,2023-08-26 17:00:00,379.6,71.2,3
2023-08-26 13:00:00,5,2023-08-26 18:00:00,379.6,70.3,3
2023-08-26 13:00:00,6,2023-08-26 19:00:00,379.59,69.4,3
2023-08-26 20:00:00,0,2023-08-26 20:00:00,379.49,57.9,3
2023-08-26 20:00:00,1,2023-08-26 21:00:00,379.47,56.3,3
2023-08-26 20:00:00,2,2023-08-26 22:00:00,379.45,54.0,3
2023-08-26 20:00:00,3,2023-08-26 23:00:00,379.46,54.5,3
2023-08-26 20:00:00,4,2023-08-27 00:00:00,379.72,85.2,3
2023-08-26 20:00:00,5,2023-08-27 01:00:00,379.96,116.8,3
2023-08-26 20:00:00,6,2023-08-27 02:00:00,379.86,103.7,3
2023-08-27 06:00:00,0,2023-08-27 06:00:00,379.85,101.5,3
2023-08-27 06:00:00,1,2023-08-27 07:00:00,379.85,102.1,3
2023-08-27 06:00:00,2,2023-08-27 08:00:00,379.76,90.9,3
2023-08-27 06:00:00,3,2023-08-27 09:00:00,379.75,89.5,3
2023-08-27 06:00:00,4,2023-08-27 10:00:00,379.75,89.1,3
2023-08-27 06:00:00,5,2023-08-27 11:00:00,379.94,113.6,3
2023-08-27 06:00:00,6,2023-08-27 12:00:00,380.28,161.6,3
2023-08-27 07:00:00,0,2023-08-27 07:00:00,379.85,102.1,3
2023-08-27 07:00:00,1,2023-08-27 08:00:00,379.76,90.9,3
2023-08-27 07:00:00,2,2023-08-27 09:00:00,379.75,89.5,3
2023-08-27 07:00:00,3,2023-08-27 10:00:00,379.75,89.1,3
2023-08-27 07:00:00,4,2023-08-27 11:00:00,379.94,113.6,3
2023-08-27 07:00:00,5,2023-08-27 12:00:00,380.28,161.6,3
2023-08-27 07:00:00,6,2023-08-27 13:00:00,380.28,162.1,3
2023-08-27 12:00:00,0,2023-08-27 12:00:00,380.23,154.8,3
2023-08-27 12:00:00,1,2023-08-27 13:00:00,380.31,165.9,3
2023-08-27 12:00:00,2,2023-08-27 14:00:00,380.23,154.8,3
2023-08-27 12:00:00,3,2023-08-27 15:00:00,380.16,143.6,3
2023-08-27 12:00:00,4,2023-08-27 16:00:00,380.11,137.4,3
2023-08-27 12:00:00,5,2023-08-27 17:00:00,380.1,135.1,3
2023-08-27 12:00:00,6,2023-08-27 18:00:00,380.06,130.6,3
2023-08-27 14:00:00,0,2023-08-27 14:00:00,380.32,168.4,3
2023-08-27 14:00:00,1,2023-08-27 15:00:00,380.2,150.6,3
2023-08-27 14:00:00,2,2023-08-27 16:00:00,380.13,139.7,3
2023-08-27 14:00:00,3,2023-08-27 17:00:00,380.06,130.1,3
2023-08-27 14:00:00,4,2023-08-27 18:00:00,380.03,125.8,3
2023-08-27 14:00:00,5,2023-08-27 19:00:00,379.97,117.4,3
2023-08-27 14:00:00,6,2023-08-27 20:00:00,379.99,120.9,3
2023-08-27 15:00:00,0,2023-08-27 15:00:00,380.2,150.6,3
2023-08-27 15:00:00,1,2023-08-27 16:00:00,380.13,139.7,3
2023-08-27 15:00:00,2,2023-08-27 17:00:00,380.06,130.1,3
2023-08-27 15:00:00,3,2023-08-27 18:00:00,380.03,125.8,3
2023-08-27 15:00:00,4,2023-08-27 19:00:00,379.97,117.4,3
2023-08-27 15:00:00,5,2023-08-27 20:00:00,379.99,120.9,3
2023-08-27 15:00:00,6,2023-08-27 21:00:00,379.82,98.4,3
2023-08-27 17:00:00,0,2023-08-27 17:00:00,380.09,133.7,3
2023-08-27 17:00:00,1,2023-08-27 18:00:00,380.04,127.9,3
2023-08-27 17:00:00,2,2023-08-27 19:00:00,379.97,118.1,3
2023-08-27 17:00:00,3,2023-08-27 20:00:00,379.97,117.4,3
2023-08-27 17:00:00,4,2023-08-27 21:00:00,379.85,102.2,3
2023-08-27 17:00:00,5,2023-08-27 22:00:00,379.75,88.8,3
2023-08-27 17:00:00,6,2023-08-27 23:00:00,379.74,87.8,3
2023-08-27 20:00:00,0,2023-08-27 20:00:00,380.01,123.7,3
2023-08-27 20:00:00,1,2023-08-27 21:00:00,379.88,105.7,3
2023-08-27 20:00:00,2,2023-08-27 22:00:00,379.76,90.4,3
2023-08-27 20:00:00,3,2023-08-27 23:00:00,379.74,87.8,3
2023-08-27 20:00:00,4,2023-08-28 00:00:00,379.73,86.0,3
2023-08-27 20:00:00,5,2023-08-28 01:00:00,379.68,80.3,3
2023-08-27 20:00:00,6,2023-08-28 02:00:00,379.66,77.7,3
2023-08-28 06:00:00,0,2023-08-28 06:00:00,379.64,75.3,3
2023-08-28 06:00:00,1,2023-08-28 07:00:00,379.62,73.3,3
2023-08-28 06:00:00,2,2023-08-28 08:00:00,379.61,71.7,3
2023-08-28 06:00:00,3,2023-08-28 09:00:00,379.61,72.4,3
2023-08-28 06:00:00,4,2023-08-28 10:00:00,379.63,73.8,3
2023-08-28 06:00:00,5,2023-08-28 11:00:00,379.72,85.7,3
2023-08-28 06:00:00,6,2023-08-28 12:00:00,379.74,88.2,3
2023-08-28 07:00:00,0,2023-08-28 07:00:00,379.62,73.3,3
2023-08-28 07:00:00,1,2023-08-28 08:00:00,379.61,71.7,3
2023-08-28 07:00:00,2,2023-08-28 09:00:00,379.61,72.4,3
2023-08-28 07:00:00,3,2023-08-28 10:00:00,379.63,73.8,3
2023-08-28 07:00:00,4,2023-08-28 11:00:00,379.72,85.7,3
2023-08-28 07:00:00,5,2023-08-28 12:00:00,379.74,88.2,3
2023-08-28 07:00:00,6,2023-08-28 13:00:00,379.81,96.9,3
2023-08-28 11:00:00,0,2023-08-28 11:00:00,379.72,85.7,3
2023-08-28 11:00:00,1,2023-08-28 12:00:00,379.74,88.2,3
2023-08-28 11:00:00,2,2023-08-28 13:00:00,379.81,96.9,3
2023-08-28 11:00:00,3,2023-08-28 14:00:00,379.86,102.7,3
2023-08-28 11:00:00,4,2023-08-28 15:00:00,379.9,108.5,3
2023-08-28 11:00:00,5,2023-08-28 16:00:00,380.0,121.2,3
2023-08-28 11:00:00,6,2023-08-28 17:00:00,380.03,125.5,3
2023-08-28 13:00:00,0,2023-08-28 13:00:00,379.66,78.2,3
2023-08-28 13:00:00,1,2023-08-28 14:00:00,379.64,75.2,3
2023-08-28 13:00:00,2,2023-08-28 15:00:00,379.66,78.2,3
2023-08-28 13:00:00,3,2023-08-28 16:00:00,379.75,89.5,3
2023-08-28 13:00:00,4,2023-08-28 17:00:00,380.3,164.2,3
2023-08-28 13:00:00,5,2023-08-28 18:00:00,380.39,178.0,3
2023-08-28 13:00:00,6,2023-08-28 19:00:00,380.31,165.9,3
2023-08-28 14:00:00,0,2023-08-28 14:00:00,379.64,75.2,3
2023-08-28 14:00:00,1,2023-08-28 15:00:00,379.66,78.2,3
2023-08-28 14:00:00,2,2023-08-28 16:00:00,379.75,89.5,3
2023-08-28 14:00:00,3,2023-08-28 17:00:00,380.3,164.2,3
2023-08-28 14:00:00,4,2023-08-28 18:00:00,380.39,178.0,3
2023-08-28 14:00:00,5,2023-08-28 19:00:00,380.31,165.9,3
2023-08-28 14:00:00,6,2023-08-28 20:00:00,380.28,161.5,3
2023-08-28 21:00:00,0,2023-08-28 21:00:00,379.97,117.3,3
2023-08-28 21:00:00,1,2023-08-28 22:00:00,379.77,92.0,3
2023-08-28 21:00:00,2,2023-08-28 23:00:00,379.74,88.1,3
2023-08-28 21:00:00,3,2023-08-29 00:00:00,379.71,83.9,3
2023-08-28 21:00:00,4,2023-08-29 01:00:00,379.85,101.4,3
2023-08-28 21:00:00,5,2023-08-29 02:00:00,379.92,110.3,3
2023-08-28 21:00:00,6,2023-08-29 03:00:00,379.97,117.2,3
2023-08-29 07:00:00,0,2023-08-29 07:00:00,379.71,83.8,3
2023-08-29 07:00:00,1,2023-08-29 08:00:00,379.65,76.8,3
2023-08-29 07:00:00,2,2023-08-29 09:00:00,379.67,79.6,3
2023-08-29 07:00:00,3,2023-08-29 10:00:00,379.66,77.8,3
2023-08-29 07:00:00,4,2023-08-29 11:00:00,379.71,84.7,3
2023-08-29 07:00:00,5,2023-08-29 12:00:00,379.74,88.0,3
2023-08-29 07:00:00,6,2023-08-29 13:00:00,379.7,83.2,3
2023-08-29 13:00:00,0,2023-08-29 13:00:00,379.65,76.7,3
2023-08-29 13:00:00,1,2023-08-29 14:00:00,379.65,77.2,3
2023-08-29 13:00:00,2,2023-08-29 15:00:00,379.55,64.7,3
2023-08-29 13:00:00,3,2023-08-29 16:00:00,379.49,57.9,3
2023-08-29 13:00:00,4,2023-08-29 17:00:00,379.47,56.3,3
2023-08-29 13:00:00,5,2023-08-29 18:00:00,379.46,54.8,3
2023-08-29 13:00:00,6,2023-08-29 19:00:00,379.45,54.0,3
2023-08-29 17:00:00,0,2023-08-29 17:00:00,379.48,57.2,3
2023-08-29 17:00:00,1,2023-08-29 18:00:00,379.47,55.3,3
2023-08-29 17:00:00,2,2023-08-29 19:00:00,379.46,54.5,3
2023-08-29 17:00:00,3,2023-08-29 20:00:00,379.45,53.6,3
2023-08-29 17:00:00,4,2023-08-29 21:00:00,379.44,52.8,3
2023-08-29 17:00:00,5,2023-08-29 22:00:00,379.47,56.1,3
2023-08-29 17:00:00,6,2023-08-29 23:00:00,379.56,65.8,3
2023-08-30 07:00:00,0,2023-08-30 07:00:00,379.44,52.8,3
2023-08-30 07:00:00,1,2023-08-30 08:00:00,379.46,54.9,3
2023-08-30 07:00:00,2,2023-08-30 09:00:00,379.45,53.3,3
2023-08-30 07:00:00,3,2023-08-30 10:00:00,379.44,52.9,3
2023-08-30 07:00:00,4,2023-08-30 11:00:00,379.44,52.2,3
2023-08-30 07:00:00,5,2023-08-30 12:00:00,379.43,51.6,3
2023-08-30 07:00:00,6,2023-08-30 13:00:00,379.46,54.6,3
2023-08-30 13:00:00,0,2023-08-30 13:00:00,379.44,52.0,3
2023-08-30 13:00:00,1,2023-08-30 14:00:00,379.43,50.7,3
2023-08-30 13:00:00,2,2023-08-30 15:00:00,379.42,50.0,3
2023-08-30 13:00:00,3,2023-08-30 16:00:00,379.41,49.1,3
2023-08-30 13:00:00,4,2023-08-30 17:00:00,379.4,48.3,3
2023-08-30 13:00:00,5,2023-08-30 18:00:00,379.4,47.9,3
2023-08-30 13:00:00,6,2023-08-30 19:00:00,379.39,47.3,3
2023-08-31 07:00:00,0,2023-08-31 07:00:00,379.38,45.5,3
2023-08-31 07:00:00,1,2023-08-31 08:00:00,379.37,45.2,3
2023-08-31 07:00:00,2,2023-08-31 09:00:00,379.37,45.0,3
2023-08-31 07:00:00,3,2023-08-31 10:00:00,379.37,45.1,3
2023-08-31 07:00:00,4,2023-08-31 11:00:00,379.38,45.3,3
2023-08-31 07:00:00,5,2023-08-31 12:00:00,379.37,44.8,3
2023-08-31 07:00:00,6,2023-08-31 13:00:00,379.37,44.5,3
2023-08-31 13:00:00,0,2023-08-31 13:00:00,379.35,42.7,3
2023-08-31 13:00:00,1,2023-08-31 14:00:00,379.35,43.0,3
2023-08-31 13:00:00,2,2023-08-31 15:00:00,379.36,43.1,3
2023-08-31 13:00:00,3,2023-08-31 16:00:00,379.36,43.4,3
2023-08-31 13:00:00,4,2023-08-31 17:00:00,379.35,42.3,3
2023-08-31 13:00:00,5,2023-08-31 18:00:00,379.33,40.3,3
2023-08-31 13:00:00,6,2023-08-31 19:00:00,379.33,40.2,3
2023-09-01 07:00:00,0,2023-09-01 07:00:00,379.34,41.8,3
2023-09-01 07:00:00,1,2023-09-01 08:00:00,379.35,42.4,3
2023-09-01 07:00:00,2,2023-09-01 09:00:00,379.35,42.7,3
2023-09-01 07:00:00,3,2023-09-01 10:00:00,379.35,42.5,3
2023-09-01 07:00:00,4,2023-09-01 11:00:00,379.35,42.2,3
2023-09-01 07:00:00,5,2023-09-01 12:00:00,379.35,42.3,3
2023-09-01 07:00:00,6,2023-09-01 13:00:00,379.35,42.4,3
2023-09-02 07:00:00,0,2023-09-02 07:00:00,379.44,52.5,3
2023-09-02 07:00:00,1,2023-09-02 08:00:00,379.45,53.0,3
2023-09-02 07:00:00,2,2023-09-02 09:00:00,379.47,55.7,3
2023-09-02 07:00:00,3,2023-09-02 10:00:00,379.42,50.3,3
2023-09-02 07:00:00,4,2023-09-02 11:00:00,379.42,50.4,3
2023-09-02 07:00:00,5,2023-09-02 12:00:00,379.44,52.5,3
2023-09-02 07:00:00,6,2023-09-02 13:00:00,379.45,53.4,3
2023-09-03 07:00:00,0,2023-09-03 07:00:00,379.44,52.5,3
2023-09-03 07:00:00,1,2023-09-03 08:00:00,379.46,54.2,3
2023-09-03 07:00:00,2,2023-09-03 09:00:00,379.47,55.6,3
2023-09-03 07:00:00,3,2023-09-03 10:00:00,379.47,56.0,3
2023-09-03 07:00:00,4,2023-09-03 11:00:00,379.48,56.8,3
2023-09-03 07:00:00,5,2023-09-03 12:00:00,379.48,56.4,3
2023-09-03 07:00:00,6,2023-09-03 13:00:00,379.48,57.1,3
2023-09-04 07:00:00,0,2023-09-04 07:00:00,379.39,47.2,3
2023-09-04 07:00:00,1,2023-09-04 08:00:00,379.41,48.7,3
2023-09-04 07:00:00,2,2023-09-04 09:00:00,379.42,50.5,3
2023-09-04 07:00:00,3,2023-09-04 10:00:00,379.45,53.7,3
2023-09-04 07:00:00,4,2023-09-04 11:00:00,379.45,53.4,3
2023-09-04 07:00:00,5,2023-09-04 12:00:00,379.48,57.0,3
2023-09-04 07:00:00,6,2023-09-04 13:00:00,379.46,54.1,3
2023-09-05 07:00:00,0,2023-09-05 07:00:00,379.43,51.5,3
2023-09-05 07:00:00,1,2023-09-05 08:00:00,379.43,51.7,3
2023-09-05 07:00:00,2,2023-09-05 09:00:00,379.44,52.2,3
2023-09-05 07:00:00,3,2023-09-05 10:00:00,379.44,52.8,3
2023-09-05 07:00:00,4,2023-09-05 11:00:00,379.44,52.3,3
2023-09-05 07:00:00,5,2023-09-05 12:00:00,379.44,52.0,3
2023-09-05 07:00:00,6,2023-09-05 13:00:00,379.44,52.6,3
2023-09-06 08:00:00,0,2023-09-06 08:00:00,379.48,57.4,3
2023-09-06 08:00:00,1,2023-09-06 09:00:00,379.49,58.2,3
2023-09-06 08:00:00,2,2023-09-06 10:00:00,379.49,57.7,3
2023-09-06 08:00:00,3,2023-09-06 11:00:00,379.47,56.0,3
2023-09-06 08:00:00,4,2023-09-06 12:00:00,379.47,55.5,3
2023-09-06 08:00:00,5,2023-09-06 13:00:00,379.47,55.8,3
2023-09-06 08:00:00,6,2023-09-06 14:00:00,379.44,51.8,3
2023-09-07 07:00:00,0,2023-09-07 07:00:00,379.51,60.8,3
2023-09-07 07:00:00,1,2023-09-07 08:00:00,379.51,60.0,3
2023-09-07 07:00:00,2,2023-09-07 09:00:00,379.49,57.6,3
2023-09-07 07:00:00,3,2023-09-07 10:00:00,379.48,56.5,3
2023-09-07 07:00:00,4,2023-09-07 11:00:00,379.46,54.4,3
2023-09-07 07:00:00,5,2023-09-07 12:00:00,379.44,52.5,3
2023-09-07 07:00:00,6,2023-09-07 13:00:00,379.44,52.2,3
2023-09-08 07:00:00,0,2023-09-08 07:00:00,379.47,56.3,3
2023-09-08 07:00:00,1,2023-09-08 08:00:00,379.47,55.7,3
2023-09-08 07:00:00,2,2023-09-08 09:00:00,379.48,56.6,3
2023-09-08 07:00:00,3,2023-09-08 10:00:00,379.46,54.7,3
2023-09-08 07:00:00,4,2023-09-08 11:00:00,379.44,52.9,3
2023-09-08 07:00:00,5,2023-09-08 12:00:00,379.42,50.3,3
2023-09-08 07:00:00,6,2023-09-08 13:00:00,379.4,47.9,3
2023-09-09 07:00:00,0,2023-09-09 07:00:00,379.48,56.8,3
2023-09-09 07:00:00,1,2023-09-09 08:00:00,379.47,56.2,3
2023-09-09 07:00:00,2,2023-09-09 09:00:00,379.49,58.3,3
2023-09-09 07:00:00,3,2023-09-09 10:00:00,379.47,55.9,3
2023-09-09 07:00:00,4,2023-09-09 11:00:00,379.45,53.7,3
2023-09-09 07:00:00,5,2023-09-09 12:00:00,379.42,50.0,3
2023-09-09 07:00:00,6,2023-09-09 13:00:00,379.4,48.2,3
2023-09-10 07:00:00,0,2023-09-10 07:00:00,379.44,52.0,3
2023-09-10 07:00:00,1,2023-09-10 08:00:00,379.45,53.8,3
2023-09-10 07:00:00,2,2023-09-10 09:00:00,379.45,53.9,3
2023-09-10 07:00:00,3,2023-09-10 10:00:00,379.44,51.9,3
2023-09-10 07:00:00,4,2023-09-10 11:00:00,379.43,51.2,3
2023-09-10 07:00:00,5,2023-09-10 12:00:00,379.41,49.2,3
2023-09-10 07:00:00,6,2023-09-10 13:00:00,379.4,48.4,3
2023-09-11 07:00:00,0,2023-09-11 07:00:00,379.43,51.1,3
2023-09-11 07:00:00,1,2023-09-11 08:00:00,379.44,52.9,3
2023-09-11 07:00:00,2,2023-09-11 09:00:00,379.46,54.2,3
2023-09-11 07:00:00,3,2023-09-11 10:00:00,379.45,53.2,3
2023-09-11 07:00:00,4,2023-09-11 11:00:00,379.44,52.1,3
2023-09-11 07:00:00,5,2023-09-11 12:00:00,379.42,49.6,3
2023-09-11 07:00:00,6,2023-09-11 13:00:00,379.4,48.0,3
2023-09-12 07:00:00,0,2023-09-12 07:00:00,379.47,55.4,3
2023-09-12 07:00:00,1,2023-09-12 08:00:00,379.46,54.4,3
2023-09-12 07:00:00,2,2023-09-12 09:00:00,379.46,54.6,3
2023-09-12 07:00:00,3,2023-09-12 10:00:00,379.46,55.0,3
2023-09-12 07:00:00,4,2023-09-12 11:00:00,379.45,53.7,3
2023-09-12 07:00:00,5,2023-09-12 12:00:00,379.42,50.2,3
2023-09-12 07:00:00,6,2023-09-12 13:00:00,379.4,47.8,3
2023-09-13 07:00:00,0,2023-09-13 07:00:00,379.42,49.7,3
2023-09-13 07:00:00,1,2023-09-13 08:00:00,379.42,49.8,3
2023-09-13 07:00:00,2,2023-09-13 09:00:00,379.39,47.3,3
2023-09-13 07:00:00,3,2023-09-13 10:00:00,379.39,46.8,3
2023-09-13 07:00:00,4,2023-09-13 11:00:00,379.37,45.1,3
2023-09-13 07:00:00,5,2023-09-13 12:00:00,379.37,45.1,3
2023-09-13 07:00:00,6,2023-09-13 13:00:00,379.4,47.9,3
2023-09-14 07:00:00,0,2023-09-14 07:00:00,379.42,50.6,3
2023-09-14 07:00:00,1,2023-09-14 08:00:00,379.4,48.2,3
2023-09-14 07:00:00,2,2023-09-14 09:00:00,379.39,46.4,3
2023-09-14 07:00:00,3,2023-09-14 10:00:00,379.39,46.4,3
2023-09-14 07:00:00,4,2023-09-14 11:00:00,379.39,47.1,3
2023-09-14 07:00:00,5,2023-09-14 12:00:00,379.39,46.5,3
2023-09-14 07:00:00,6,2023-09-14 13:00:00,379.38,45.2,3
2023-09-15 07:00:00,0,2023-09-15 07:00:00,379.33,40.6,3
2023-09-15 07:00:00,1,2023-09-15 08:00:00,379.34,41.8,3
2023-09-15 07:00:00,2,2023-09-15 09:00:00,379.35,43.0,3
2023-09-15 07:00:00,3,2023-09-15 10:00:00,379.37,44.4,3
2023-09-15 07:00:00,4,2023-09-15 11:00:00,379.37,45.1,3
2023-09-15 07:00:00,5,2023-09-15 12:00:00,379.37,44.5,3
2023-09-15 07:00:00,6,2023-09-15 13:00:00,379.35,42.7,3
2023-09-16 07:00:00,0,2023-09-16 07:00:00,379.39,46.9,3
2023-09-16 07:00:00,1,2023-09-16 08:00:00,379.38,45.3,3
2023-09-16 07:00:00,2,2023-09-16 09:00:00,379.37,44.8,3
2023-09-16 07:00:00,3,2023-09-16 10:00:00,379.36,43.6,3
2023-09-16 07:00:00,4,2023-09-16 11:00:00,379.36,43.7,3
2023-09-16 07:00:00,5,2023-09-16 12:00:00,379.37,44.3,3
2023-09-16 07:00:00,6,2023-09-16 13:00:00,379.36,43.3,3
2023-09-17 07:00:00,0,2023-09-17 07:00:00,379.36,44.0,3
2023-09-17 07:00:00,1,2023-09-17 08:00:00,379.37,44.6,3
2023-09-17 07:00:00,2,2023-09-17 09:00:00,379.36,43.2,3
2023-09-17 07:00:00,3,2023-09-17 10:00:00,379.35,43.0,3
2023-09-17 07:00:00,4,2023-09-17 11:00:00,379.35,42.8,3
2023-09-17 07:00:00,5,2023-09-17 12:00:00,379.36,44.0,3
2023-09-17 07:00:00,6,2023-09-17 13:00:00,379.36,43.3,3
2023-09-17 20:00:00,0,2023-09-17 20:00:00,379.23,31.2,3
2023-09-17 20:00:00,1,2023-09-17 21:00:00,379.24,31.9,3
2023-09-17 20:00:00,2,2023-09-17 22:00:00,379.25,32.4,3
2023-09-17 20:00:00,3,2023-09-17 23:00:00,379.25,33.0,3
2023-09-17 20:00:00,4,2023-09-18 00:00:00,379.25,33.0,3
2023-09-17 20:00:00,5,2023-09-18 01:00:00,379.25,32.4,3
2023-09-17 20:00:00,6,2023-09-18 02:00:00,379.24,32.2,3
2023-09-18 07:00:00,0,2023-09-18 07:00:00,379.4,47.5,3
2023-09-18 07:00:00,1,2023-09-18 08:00:00,379.39,47.0,3
2023-09-18 07:00:00,2,2023-09-18 09:00:00,379.39,46.5,3
2023-09-18 07:00:00,3,2023-09-18 10:00:00,379.39,47.2,3
2023-09-18 07:00:00,4,2023-09-18 11:00:00,379.42,49.7,3
2023-09-18 07:00:00,5,2023-09-18 12:00:00,379.41,49.2,3
2023-09-18 07:00:00,6,2023-09-18 13:00:00,379.4,48.3,3
2023-09-19 07:00:00,0,2023-09-19 07:00:00,379.96,116.9,3
2023-09-19 07:00:00,1,2023-09-19 08:00:00,379.91,109.0,3
2023-09-19 07:00:00,2,2023-09-19 09:00:00,379.88,105.2,3
2023-09-19 07:00:00,3,2023-09-19 10:00:00,379.95,115.4,3
2023-09-19 07:00:00,4,2023-09-19 11:00:00,380.0,121.1,3
2023-09-19 07:00:00,5,2023-09-19 12:00:00,379.91,110.1,3
2023-09-19 07:00:00,6,2023-09-19 13:00:00,379.94,113.8,3
2023-09-19 10:00:00,0,2023-09-19 10:00:00,379.95,115.4,3
2023-09-19 10:00:00,1,2023-09-19 11:00:00,380.0,121.1,3
2023-09-19 10:00:00,2,2023-09-19 12:00:00,379.91,110.1,3
2023-09-19 10:00:00,3,2023-09-19 13:00:00,379.94,113.8,3
2023-09-19 10:00:00,4,2023-09-19 14:00:00,380.09,133.8,3
2023-09-19 10:00:00,5,2023-09-19 15:00:00,380.07,131.8,3
2023-09-19 10:00:00,6,2023-09-19 16:00:00,380.03,126.4,3
2023-09-19 15:00:00,0,2023-09-19 15:00:00,380.0,122.2,3
2023-09-19 15:00:00,1,2023-09-19 16:00:00,379.95,115.4,3
2023-09-19 15:00:00,2,2023-09-19 17:00:00,379.86,102.4,3
2023-09-19 15:00:00,3,2023-09-19 18:00:00,379.82,97.8,3
2023-09-19 15:00:00,4,2023-09-19 19:00:00,379.8,94.7,3
2023-09-19 15:00:00,5,2023-09-19 20:00:00,379.74,88.1,3
2023-09-19 15:00:00,6,2023-09-19 21:00:00,379.74,88.3,3
2023-09-20 07:00:00,0,2023-09-20 07:00:00,379.62,73.2,3
2023-09-20 07:00:00,1,2023-09-20 08:00:00,379.59,69.2,3
2023-09-20 07:00:00,2,2023-09-20 09:00:00,379.55,64.8,3
2023-09-20 07:00:00,3,2023-09-20 10:00:00,379.53,62.3,3
2023-09-20 07:00:00,4,2023-09-20 11:00:00,379.54,63.6,3
2023-09-20 07:00:00,5,2023-09-20 12:00:00,379.55,65.4,3
2023-09-20 07:00:00,6,2023-09-20 13:00:00,379.54,63.9,3
2023-09-20 14:00:00,0,2023-09-20 14:00:00,379.5,58.9,3
2023-09-20 14:00:00,1,2023-09-20 15:00:00,379.47,56.3,3
2023-09-20 14:00:00,2,2023-09-20 16:00:00,379.47,56.2,3
2023-09-20 14:00:00,3,2023-09-20 17:00:00,379.46,54.1,3
2023-09-20 14:00:00,4,2023-09-20 18:00:00,379.45,53.8,3
2023-09-20 14:00:00,5,2023-09-20 19:00:00,379.45,53.1,3
2023-09-20 14:00:00,6,2023-09-20 20:00:00,379.44,52.0,3
2023-09-21 07:00:00,0,2023-09-21 07:00:00,379.41,49.0,3
2023-09-21 07:00:00,1,2023-09-21 08:00:00,379.42,50.6,3
2023-09-21 07:00:00,2,2023-09-21 09:00:00,379.41,49.1,3
2023-09-21 07:00:00,3,2023-09-21 10:00:00,379.4,48.2,3
2023-09-21 07:00:00,4,2023-09-21 11:00:00,379.39,47.1,3
2023-09-21 07:00:00,5,2023-09-21 12:00:00,379.39,46.9,3
2023-09-21 07:00:00,6,2023-09-21 13:00:00,379.39,46.5,3
2023-09-21 11:00:00,0,2023-09-21 11:00:00,379.39,47.0,3
2023-09-21 11:00:00,1,2023-09-21 12:00:00,379.39,47.1,3
2023-09-21 11:00:00,2,2023-09-21 13:00:00,379.39,46.8,3
2023-09-21 11:00:00,3,2023-09-21 14:00:00,379.39,46.9,3
2023-09-21 11:00:00,4,2023-09-21 15:00:00,379.38,46.0,3
2023-09-21 11:00:00,5,2023-09-21 16:00:00,379.39,46.3,3
2023-09-21 11:00:00,6,2023-09-21 17:00:00,379.38,45.3,3
2023-09-21 21:00:00,0,2023-09-21 21:00:00,379.39,47.2,3
2023-09-21 21:00:00,1,2023-09-21 22:00:00,379.4,47.6,3
2023-09-21 21:00:00,2,2023-09-21 23:00:00,379.4,47.6,3
2023-09-21 21:00:00,3,2023-09-22 00:00:00,379.41,48.8,3
2023-09-21 21:00:00,4,2023-09-22 01:00:00,379.43,51.6,3
2023-09-21 21:00:00,5,2023-09-22 02:00:00,379.46,54.5,3
2023-09-21 21:00:00,6,2023-09-22 03:00:00,379.5,58.9,3
2023-09-22 07:00:00,0,2023-09-22 07:00:00,379.63,74.7,3
2023-09-22 07:00:00,1,2023-09-22 08:00:00,379.64,75.4,3
2023-09-22 07:00:00,2,2023-09-22 09:00:00,379.67,79.4,3
2023-09-22 07:00:00,3,2023-09-22 10:00:00,379.97,117.3,3
2023-09-22 07:00:00,4,2023-09-22 11:00:00,380.14,141.6,3
2023-09-22 07:00:00,5,2023-09-22 12:00:00,380.19,147.9,3
2023-09-22 07:00:00,6,2023-09-22 13:00:00,380.18,147.4,3
2023-09-22 14:00:00,0,2023-09-22 14:00:00,380.4,179.9,3
2023-09-22 14:00:00,1,2023-09-22 15:00:00,380.21,151.1,3
2023-09-22 14:00:00,2,2023-09-22 16:00:00,380.02,125.0,3
2023-09-22 14:00:00,3,2023-09-22 17:00:00,379.95,114.6,3
2023-09-22 14:00:00,4,2023-09-22 18:00:00,379.9,108.8,3
2023-09-22 14:00:00,5,2023-09-22 19:00:00,379.83,99.4,3
2023-09-22 14:00:00,6,2023-09-22 20:00:00,379.82,98.5,3
2023-09-22 16:00:00,0,2023-09-22 16:00:00,379.98,119.5,3
2023-09-22 16:00:00,1,2023-09-22 17:00:00,379.94,114.2,3
2023-09-22 16:00:00,2,2023-09-22 18:00:00,379.9,107.7,3
2023-09-22 16:00:00,3,2023-09-22 19:00:00,379.84,100.6,3
2023-09-22 16:00:00,4,2023-09-22 20:00:00,379.82,98.5,3
2023-09-22 16:00:00,5,2023-09-22 21:00:00,379.81,96.1,3
2023-09-22 16:00:00,6,2023-09-22 22:00:00,379.73,86.6,3
2023-09-22 19:00:00,0,2023-09-22 19:00:00,379.84,100.6,3
2023-09-22 19:00:00,1,2023-09-22 20:00:00,379.82,98.5,3
2023-09-22 19:00:00,2,2023-09-22 21:00:00,379.81,96.1,3
2023-09-22 19:00:00,3,2023-09-22 22:00:00,379.73,86.6,3
2023-09-22 19:00:00,4,2023-09-22 23:00:00,379.75,88.7,3
2023-09-22 19:00:00,5,2023-09-23 00:00:00,379.74,87.3,3
2023-09-22 19:00:00,6,2023-09-23 01:00:00,379.7,82.7,3
2023-09-23 07:00:00,0,2023-09-23 07:00:00,379.64,75.6,3
2023-09-23 07:00:00,1,2023-09-23 08:00:00,379.69,81.2,3
2023-09-23 07:00:00,2,2023-09-23 09:00:00,379.67,79.4,3
2023-09-23 07:00:00,3,2023-09-23 10:00:00,379.71,84.3,3
2023-09-23 07:00:00,4,2023-09-23 11:00:00,379.74,87.7,3
2023-09-23 07:00:00,5,2023-09-23 12:00:00,379.76,90.5,3
2023-09-23 07:00:00,6,2023-09-23 13:00:00,379.73,86.8,3
2023-09-24 08:00:00,0,2023-09-24 08:00:00,379.55,64.4,3
2023-09-24 08:00:00,1,2023-09-24 09:00:00,379.53,62.2,3
2023-09-24 08:00:00,2,2023-09-24 10:00:00,379.51,60.2,3
2023-09-24 08:00:00,3,2023-09-24 11:00:00,379.5,59.2,3
2023-09-24 08:00:00,4,2023-09-24 12:00:00,379.49,58.2,3
2023-09-24 08:00:00,5,2023-09-24 13:00:00,379.52,61.7,3
2023-09-24 08:00:00,6,2023-09-24 14:00:00,379.51,60.9,3
2023-09-25 08:00:00,0,2023-09-25 08:00:00,379.37,44.8,3
2023-09-25 08:00:00,1,2023-09-25 09:00:00,379.37,45.1,3
2023-09-25 08:00:00,2,2023-09-25 10:00:00,379.37,44.4,3
2023-09-25 08:00:00,3,2023-09-25 11:00:00,379.37,44.2,3
2023-09-25 08:00:00,4,2023-09-25 12:00:00,379.37,44.3,3
2023-09-25 08:00:00,5,2023-09-25 13:00:00,379.38,45.5,3
2023-09-25 08:00:00,6,2023-09-25 14:00:00,379.42,49.8,3
2023-09-25 14:00:00,0,2023-09-25 14:00:00,379.34,41.5,3
2023-09-25 14:00:00,1,2023-09-25 15:00:00,379.35,42.5,3
2023-09-25 14:00:00,2,2023-09-25 16:00:00,379.34,42.0,3
2023-09-25 14:00:00,3,2023-09-25 17:00:00,379.34,41.8,3
2023-09-25 14:00:00,4,2023-09-25 18:00:00,379.34,41.2,3
2023-09-25 14:00:00,5,2023-09-25 19:00:00,379.39,47.0,3
2023-09-25 14:00:00,6,2023-09-25 20:00:00,379.38,46.0,3
2023-09-26 07:00:00,0,2023-09-26 07:00:00,379.37,44.3,3
2023-09-26 07:00:00,1,2023-09-26 08:00:00,379.38,46.0,3
2023-09-26 07:00:00,2,2023-09-26 09:00:00,379.4,47.4,3
2023-09-26 07:00:00,3,2023-09-26 10:00:00,379.4,47.4,3
2023-09-26 07:00:00,4,2023-09-26 11:00:00,379.39,47.2,3
2023-09-26 07:00:00,5,2023-09-26 12:00:00,379.39,46.8,3
2023-09-26 07:00:00,6,2023-09-26 13:00:00,379.36,43.8,3
2023-09-27 07:00:00,0,2023-09-27 07:00:00,379.34,41.0,3
2023-09-27 07:00:00,1,2023-09-27 08:00:00,379.36,43.8,3
2023-09-27 07:00:00,2,2023-09-27 09:00:00,379.37,44.8,3
2023-09-27 07:00:00,3,2023-09-27 10:00:00,379.37,45.1,3
2023-09-27 07:00:00,4,2023-09-27 11:00:00,379.37,45.1,3
2023-09-27 07:00:00,5,2023-09-27 12:00:00,379.37,44.6,3
2023-09-27 07:00:00,6,2023-09-27 13:00:00,379.36,43.3,3
2023-09-28 07:00:00,0,2023-09-28 07:00:00,379.33,40.6,3
2023-09-28 07:00:00,1,2023-09-28 08:00:00,379.34,41.9,3
2023-09-28 07:00:00,2,2023-09-28 09:00:00,379.36,43.6,3
2023-09-28 07:00:00,3,2023-09-28 10:00:00,379.36,43.7,3
2023-09-28 07:00:00,4,2023-09-28 11:00:00,379.36,43.7,3
2023-09-28 07:00:00,5,2023-09-28 12:00:00,379.36,43.5,3
2023-09-28 07:00:00,6,2023-09-28 13:00:00,379.35,42.4,3
2023-09-29 07:00:00,0,2023-09-29 07:00:00,379.32,39.6,3
2023-09-29 07:00:00,1,2023-09-29 08:00:00,379.34,41.5,3
2023-09-29 07:00:00,2,2023-09-29 09:00:00,379.35,42.7,3
2023-09-29 07:00:00,3,2023-09-29 10:00:00,379.35,42.9,3
2023-09-29 07:00:00,4,2023-09-29 11:00:00,379.35,43.0,3
2023-09-29 07:00:00,5,2023-09-29 12:00:00,379.35,42.9,3
2023-09-29 07:00:00,6,2023-09-29 13:00:00,379.36,43.4,3
2023-09-30 07:00:00,0,2023-09-30 07:00:00,379.28,35.5,3
2023-09-30 07:00:00,1,2023-09-30 08:00:00,379.28,35.3,3
2023-09-30 07:00:00,2,2023-09-30 09:00:00,379.29,36.0,3
2023-09-30 07:00:00,3,2023-09-30 10:00:00,379.28,35.7,3
2023-09-30 07:00:00,4,2023-09-30 11:00:00,379.29,36.2,3
2023-09-30 07:00:00,5,2023-09-30 12:00:00,379.29,36.3,3
2023-09-30 07:00:00,6,2023-09-30 13:00:00,379.29,36.2,3
2023-10-01 07:00:00,0,2023-10-01 07:00:00,379.31,38.0,3
2023-10-01 07:00:00,1,2023-10-01 08:00:00,379.32,39.2,3
2023-10-01 07:00:00,2,2023-10-01 09:00:00,379.32,39.7,3
2023-10-01 07:00:00,3,2023-10-01 10:00:00,379.33,40.5,3
2023-10-01 07:00:00,4,2023-10-01 11:00:00,379.33,40.3,3
2023-10-01 07:00:00,5,2023-10-01 12:00:00,379.32,39.7,3
2023-10-01 07:00:00,6,2023-10-01 13:00:00,379.32,39.8,3
2023-10-02 07:00:00,0,2023-10-02 07:00:00,379.32,39.9,3
2023-10-02 07:00:00,1,2023-10-02 08:00:00,379.34,41.3,3
2023-10-02 07:00:00,2,2023-10-02 09:00:00,379.34,41.4,3
2023-10-02 07:00:00,3,2023-10-02 10:00:00,379.34,41.0,3
2023-10-02 07:00:00,4,2023-10-02 11:00:00,379.33,40.9,3
2023-10-02 07:00:00,5,2023-10-02 12:00:00,379.34,41.2,3
2023-10-02 07:00:00,6,2023-10-02 13:00:00,379.34,41.0,3
2023-10-03 07:00:00,0,2023-10-03 07:00:00,379.35,42.4,3
2023-10-03 07:00:00,1,2023-10-03 08:00:00,379.35,42.8,3
2023-10-03 07:00:00,2,2023-10-03 09:00:00,379.35,42.7,3
2023-10-03 07:00:00,3,2023-10-03 10:00:00,379.35,42.8,3
2023-10-03 07:00:00,4,2023-10-03 11:00:00,379.35,42.4,3
2023-10-03 07:00:00,5,2023-10-03 12:00:00,379.35,42.7,3
2023-10-03 07:00:00,6,2023-10-03 13:00:00,379.34,41.9,3
2023-10-04 07:00:00,0,2023-10-04 07:00:00,379.34,41.4,3
2023-10-04 07:00:00,1,2023-10-04 08:00:00,379.37,44.5,3
2023-10-04 07:00:00,2,2023-10-04 09:00:00,379.38,45.3,3
2023-10-04 07:00:00,3,2023-10-04 10:00:00,379.38,46.3,3
2023-10-04 07:00:00,4,2023-10-04 11:00:00,379.39,47.2,3
2023-10-04 07:00:00,5,2023-10-04 12:00:00,379.39,47.2,3
2023-10-04 07:00:00,6,2023-10-04 13:00:00,379.38,45.6,3
2023-10-05 07:00:00,0,2023-10-05 07:00:00,379.29,36.8,3
2023-10-05 07:00:00,1,2023-10-05 08:00:00,379.32,39.6,3
2023-10-05 07:00:00,2,2023-10-05 09:00:00,379.32,39.2,3
2023-10-05 07:00:00,3,2023-10-05 10:00:00,379.32,39.0,3
2023-10-05 07:00:00,4,2023-10-05 11:00:00,379.32,39.1,3
2023-10-05 07:00:00,5,2023-10-05 12:00:00,379.31,38.5,3
2023-10-05 07:00:00,6,2023-10-05 13:00:00,379.3,37.5,3
2023-10-05 14:00:00,0,2023-10-05 14:00:00,379.18,27.3,3
2023-10-05 14:00:00,1,2023-10-05 15:00:00,379.19,27.7,3
2023-10-05 14:00:00,2,2023-10-05 16:00:00,379.19,27.8,3
2023-10-05 14:00:00,3,2023-10-05 17:00:00,379.17,26.3,3
2023-10-05 14:00:00,4,2023-10-05 18:00:00,379.17,26.2,3
2023-10-05 14:00:00,5,2023-10-05 19:00:00,379.22,30.6,3
2023-10-05 14:00:00,6,2023-10-05 20:00:00,379.2,28.8,3
2023-10-06 07:00:00,0,2023-10-06 07:00:00,379.23,31.1,3
2023-10-06 07:00:00,1,2023-10-06 08:00:00,379.22,30.6,3
2023-10-06 07:00:00,2,2023-10-06 09:00:00,379.23,31.1,3
2023-10-06 07:00:00,3,2023-10-06 10:00:00,379.25,32.4,3
2023-10-06 07:00:00,4,2023-10-06 11:00:00,379.25,32.9,3
2023-10-06 07:00:00,5,2023-10-06 12:00:00,379.26,33.6,3
2023-10-06 07:00:00,6,2023-10-06 13:00:00,379.26,33.4,3
2023-10-07 07:00:00,0,2023-10-07 07:00:00,379.24,32.1,3
2023-10-07 07:00:00,1,2023-10-07 08:00:00,379.24,31.9,3
2023-10-07 07:00:00,2,2023-10-07 09:00:00,379.25,32.6,3
2023-10-07 07:00:00,3,2023-10-07 10:00:00,379.26,33.3,3
2023-10-07 07:00:00,4,2023-10-07 11:00:00,379.26,33.5,3
2023-10-07 07:00:00,5,2023-10-07 12:00:00,379.25,33.1,3
2023-10-07 07:00:00,6,2023-10-07 13:00:00,379.25,33.1,3
2023-10-08 07:00:00,0,2023-10-08 07:00:00,379.22,30.1,3
2023-10-08 07:00:00,1,2023-10-08 08:00:00,379.22,29.9,3
2023-10-08 07:00:00,2,2023-10-08 09:00:00,379.23,30.6,3
2023-10-08 07:00:00,3,2023-10-08 10:00:00,379.23,31.4,3
2023-10-08 07:00:00,4,2023-10-08 11:00:00,379.23,31.4,3
2023-10-08 07:00:00,5,2023-10-08 12:00:00,379.23,31.0,3
2023-10-08 07:00:00,6,2023-10-08 13:00:00,379.23,31.1,3
2023-10-09 06:00:00,0,2023-10-09 06:00:00,379.24,32.1,3
2023-10-09 06:00:00,1,2023-10-09 07:00:00,379.24,31.7,3
2023-10-09 06:00:00,2,2023-10-09 08:00:00,379.24,31.9,3
2023-10-09 06:00:00,3,2023-10-09 09:00:00,379.25,32.5,3
2023-10-09 06:00:00,4,2023-10-09 10:00:00,379.26,33.6,3
2023-10-09 06:00:00,5,2023-10-09 11:00:00,379.25,33.1,3
2023-10-09 06:00:00,6,2023-10-09 12:00:00,379.25,32.4,3
2023-10-10 07:00:00,0,2023-10-10 07:00:00,379.24,31.9,3
2023-10-10 07:00:00,1,2023-10-10 08:00:00,379.25,32.5,3
2023-10-10 07:00:00,2,2023-10-10 09:00:00,379.25,33.1,3
2023-10-10 07:00:00,3,2023-10-10 10:00:00,379.26,33.6,3
2023-10-10 07:00:00,4,2023-10-10 11:00:00,379.26,33.2,3
2023-10-10 07:00:00,5,2023-10-10 12:00:00,379.24,32.2,3
2023-10-10 07:00:00,6,2023-10-10 13:00:00,379.24,32.2,3
2023-10-10 09:00:00,0,2023-10-10 09:00:00,379.25,33.1,3
2023-10-10 09:00:00,1,2023-10-10 10:00:00,379.26,33.6,3
2023-10-10 09:00:00,2,2023-10-10 11:00:00,379.26,33.2,3
2023-10-10 09:00:00,3,2023-10-10 12:00:00,379.24,32.2,3
2023-10-10 09:00:00,4,2023-10-10 13:00:00,379.24,32.2,3
2023-10-10 09:00:00,5,2023-10-10 14:00:00,379.24,32.3,3
2023-10-10 09:00:00,6,2023-10-10 15:00:00,379.24,32.1,3
2023-10-11 07:00:00,0,2023-10-11 07:00:00,379.21,29.4,3
2023-10-11 07:00:00,1,2023-10-11 08:00:00,379.22,30.1,3
2023-10-11 07:00:00,2,2023-10-11 09:00:00,379.25,32.4,3
2023-10-11 07:00:00,3,2023-10-11 10:00:00,379.24,32.3,3
2023-10-11 07:00:00,4,2023-10-11 11:00:00,379.25,32.6,3
2023-10-11 07:00:00,5,2023-10-11 12:00:00,379.25,32.7,3
2023-10-11 07:00:00,6,2023-10-11 13:00:00,379.24,32.3,3
2023-10-12 07:00:00,0,2023-10-12 07:00:00,379.22,30.0,3
2023-10-12 07:00:00,1,2023-10-12 08:00:00,379.21,29.1,3
2023-10-12 07:00:00,2,2023-10-12 09:00:00,379.22,29.8,3
2023-10-12 07:00:00,3,2023-10-12 10:00:00,379.22,30.4,3
2023-10-12 07:00:00,4,2023-10-12 11:00:00,379.21,29.4,3
2023-10-12 07:00:00,5,2023-10-12 12:00:00,379.2,29.0,3
2023-10-12 07:00:00,6,2023-10-12 13:00:00,379.21,29.0,3
2023-10-13 07:00:00,0,2023-10-13 07:00:00,379.18,26.9,3
2023-10-13 07:00:00,1,2023-10-13 08:00:00,379.17,26.1,3
2023-10-13 07:00:00,2,2023-10-13 09:00:00,379.16,25.8,3
2023-10-13 07:00:00,3,2023-10-13 10:00:00,379.16,25.7,3
2023-10-13 07:00:00,4,2023-10-13 11:00:00,379.17,26.2,3
2023-10-13 07:00:00,5,2023-10-13 12:00:00,379.17,26.5,3
2023-10-13 07:00:00,6,2023-10-13 13:00:00,379.17,26.7,3
2023-10-14 07:00:00,0,2023-10-14 07:00:00,379.18,27.4,3
2023-10-14 07:00:00,1,2023-10-14 08:00:00,379.18,26.9,3
2023-10-14 07:00:00,2,2023-10-14 09:00:00,379.17,26.6,3
2023-10-14 07:00:00,3,2023-10-14 10:00:00,379.18,27.1,3
2023-10-14 07:00:00,4,2023-10-14 11:00:00,379.18,27.4,3
2023-10-14 07:00:00,5,2023-10-14 12:00:00,379.2,28.4,3
2023-10-14 07:00:00,6,2023-10-14 13:00:00,379.2,28.8,3
2023-10-15 07:00:00,0,2023-10-15 07:00:00,379.31,38.6,3
2023-10-15 07:00:00,1,2023-10-15 08:00:00,379.31,38.3,3
2023-10-15 07:00:00,2,2023-10-15 09:00:00,379.31,38.8,3
2023-10-15 07:00:00,3,2023-10-15 10:00:00,379.32,39.8,3
2023-10-15 07:00:00,4,2023-10-15 11:00:00,379.32,39.9,3
2023-10-15 07:00:00,5,2023-10-15 12:00:00,379.33,40.3,3
2023-10-15 07:00:00,6,2023-10-15 13:00:00,379.32,39.4,3
2023-10-16 07:00:00,0,2023-10-16 07:00:00,379.21,29.4,3
2023-10-16 07:00:00,1,2023-10-16 08:00:00,379.21,29.5,3
2023-10-16 07:00:00,2,2023-10-16 09:00:00,379.21,29.8,3
2023-10-16 07:00:00,3,2023-10-16 10:00:00,379.22,29.8,3
2023-10-16 07:00:00,4,2023-10-16 11:00:00,379.21,29.6,3
2023-10-16 07:00:00,5,2023-10-16 12:00:00,379.21,29.5,3
2023-10-16 07:00:00,6,2023-10-16 13:00:00,379.21,29.3,3
2023-10-17 07:00:00,0,2023-10-17 07:00:00,379.16,25.6,3
2023-10-17 07:00:00,1,2023-10-17 08:00:00,379.16,26.0,3
2023-10-17 07:00:00,2,2023-10-17 09:00:00,379.16,25.6,3
2023-10-17 07:00:00,3,2023-10-17 10:00:00,379.16,25.8,3
2023-10-17 07:00:00,4,2023-10-17 11:00:00,379.16,25.9,3
2023-10-17 07:00:00,5,2023-10-17 12:00:00,379.16,26.0,3
2023-10-17 07:00:00,6,2023-10-17 13:00:00,379.16,25.8,3
2023-10-18 07:00:00,0,2023-10-18 07:00:00,379.16,25.8,3
2023-10-18 07:00:00,1,2023-10-18 08:00:00,379.15,24.9,3
2023-10-18 07:00:00,2,2023-10-18 09:00:00,379.14,24.1,3
2023-10-18 07:00:00,3,2023-10-18 10:00:00,379.13,23.7,3
2023-10-18 07:00:00,4,2023-10-18 11:00:00,379.13,23.5,3
2023-10-18 07:00:00,5,2023-10-18 12:00:00,379.13,23.2,3
2023-10-18 07:00:00,6,2023-10-18 13:00:00,379.13,23.5,3
2023-10-19 07:00:00,0,2023-10-19 07:00:00,379.22,30.2,3
2023-10-19 07:00:00,1,2023-10-19 08:00:00,379.22,29.9,3
2023-10-19 07:00:00,2,2023-10-19 09:00:00,379.2,29.0,3
2023-10-19 07:00:00,3,2023-10-19 10:00:00,379.19,28.1,3
2023-10-19 07:00:00,4,2023-10-19 11:00:00,379.18,27.1,3
2023-10-19 07:00:00,5,2023-10-19 12:00:00,379.17,26.4,3
2023-10-19 07:00:00,6,2023-10-19 13:00:00,379.16,25.9,3
2023-10-20 07:00:00,0,2023-10-20 07:00:00,379.24,31.5,3
2023-10-20 07:00:00,1,2023-10-20 08:00:00,379.26,33.7,3
2023-10-20 07:00:00,2,2023-10-20 09:00:00,379.3,37.4,3
2023-10-20 07:00:00,3,2023-10-20 10:00:00,379.33,40.8,3
2023-10-20 07:00:00,4,2023-10-20 11:00:00,379.38,45.9,3
2023-10-20 07:00:00,5,2023-10-20 12:00:00,379.44,52.6,3
2023-10-20 07:00:00,6,2023-10-20 13:00:00,379.5,59.5,3
2023-10-21 07:00:00,0,2023-10-21 07:00:00,379.76,90.7,3
2023-10-21 07:00:00,1,2023-10-21 08:00:00,379.71,83.6,3
2023-10-21 07:00:00,2,2023-10-21 09:00:00,379.67,78.9,3
2023-10-21 07:00:00,3,2023-10-21 10:00:00,379.64,75.4,3
2023-10-21 07:00:00,4,2023-10-21 11:00:00,379.81,96.2,3
2023-10-21 07:00:00,5,2023-10-21 12:00:00,379.82,97.3,3
2023-10-21 07:00:00,6,2023-10-21 13:00:00,379.82,97.3,3
2023-10-22 07:00:00,0,2023-10-22 07:00:00,379.59,69.3,3
2023-10-22 07:00:00,1,2023-10-22 08:00:00,379.55,64.9,3
2023-10-22 07:00:00,2,2023-10-22 09:00:00,379.54,63.3,3
2023-10-22 07:00:00,3,2023-10-22 10:00:00,379.52,61.6,3
2023-10-22 07:00:00,4,2023-10-22 11:00:00,379.52,61.1,3
2023-10-22 07:00:00,5,2023-10-22 12:00:00,379.58,68.8,3
2023-10-22 07:00:00,6,2023-10-22 13:00:00,379.57,67.7,3
2023-10-23 07:00:00,0,2023-10-23 07:00:00,379.33,40.6,3
2023-10-23 07:00:00,1,2023-10-23 08:00:00,379.33,40.3,3
2023-10-23 07:00:00,2,2023-10-23 09:00:00,379.32,39.1,3
2023-10-23 07:00:00,3,2023-10-23 10:00:00,379.31,38.7,3
2023-10-23 07:00:00,4,2023-10-23 11:00:00,379.31,38.5,3
2023-10-23 07:00:00,5,2023-10-23 12:00:00,379.31,38.3,3
2023-10-23 07:00:00,6,2023-10-23 13:00:00,379.34,41.5,3
2023-10-24 07:00:00,0,2023-10-24 07:00:00,379.3,37.0,3
2023-10-24 07:00:00,1,2023-10-24 08:00:00,379.31,38.8,3
2023-10-24 07:00:00,2,2023-10-24 09:00:00,379.32,39.6,3
2023-10-24 07:00:00,3,2023-10-24 10:00:00,379.34,41.4,3
2023-10-24 07:00:00,4,2023-10-24 11:00:00,379.36,43.1,3
2023-10-24 07:00:00,5,2023-10-24 12:00:00,379.38,45.5,3
2023-10-24 07:00:00,6,2023-10-24 13:00:00,379.42,50.2,3
2023-10-25 07:00:00,0,2023-10-25 07:00:00,379.93,112.7,3
2023-10-25 07:00:00,1,2023-10-25 08:00:00,379.89,106.4,3
2023-10-25 07:00:00,2,2023-10-25 09:00:00,379.83,99.1,3
2023-10-25 07:00:00,3,2023-10-25 10:00:00,379.79,94.2,3
2023-10-25 07:00:00,4,2023-10-25 11:00:00,379.76,90.9,3
2023-10-25 07:00:00,5,2023-10-25 12:00:00,379.8,94.8,3
2023-10-25 07:00:00,6,2023-10-25 13:00:00,379.75,89.5,3
2023-10-26 07:00:00,0,2023-10-26 07:00:00,380.39,179.1,3
2023-10-26 07:00:00,1,2023-10-26 08:00:00,380.42,184.2,3
2023-10-26 07:00:00,2,2023-10-26 09:00:00,380.55,204.4,3
2023-10-26 07:00:00,3,2023-10-26 10:00:00,380.55,204.0,3
2023-10-26 07:00:00,4,2023-10-26 11:00:00,380.52,199.4,3
2023-10-26 07:00:00,5,2023-10-26 12:00:00,380.47,191.5,3
2023-10-26 07:00:00,6,2023-10-26 13:00:00,380.45,187.8,3
2023-10-27 07:00:00,0,2023-10-27 07:00:00,381.43,373.8,3
2023-10-27 07:00:00,1,2023-10-27 08:00:00,381.6,413.6,3
2023-10-27 07:00:00,2,2023-10-27 09:00:00,381.93,494.9,3
2023-10-27 07:00:00,3,2023-10-27 10:00:00,381.95,500.6,3
2023-10-27 07:00:00,4,2023-10-27 11:00:00,381.81,463.1,3
2023-10-27 07:00:00,5,2023-10-27 12:00:00,381.65,424.5,3
2023-10-27 07:00:00,6,2023-10-27 13:00:00,381.51,391.1,3
2023-10-28 07:00:00,0,2023-10-28 07:00:00,380.48,192.3,3
2023-10-28 07:00:00,1,2023-10-28 08:00:00,380.44,186.3,3
2023-10-28 07:00:00,2,2023-10-28 09:00:00,380.42,183.9,3
2023-10-28 07:00:00,3,2023-10-28 10:00:00,380.48,192.8,3
2023-10-28 07:00:00,4,2023-10-28 11:00:00,380.41,182.6,3
2023-10-28 07:00:00,5,2023-10-28 12:00:00,380.39,178.0,3
2023-10-28 07:00:00,6,2023-10-28 13:00:00,380.35,173.1,3
2023-10-29 07:00:00,0,2023-10-29 07:00:00,379.91,110.2,3
2023-10-29 07:00:00,1,2023-10-29 08:00:00,379.9,108.1,3
2023-10-29 07:00:00,2,2023-10-29 09:00:00,379.88,106.1,3
2023-10-29 07:00:00,3,2023-10-29 10:00:00,379.87,103.8,3
2023-10-29 07:00:00,4,2023-10-29 11:00:00,379.9,108.5,3
2023-10-29 07:00:00,5,2023-10-29 12:00:00,379.95,114.6,3
2023-10-29 07:00:00,6,2023-10-29 13:00:00,379.93,112.1,3
2023-10-30 07:00:00,0,2023-10-30 07:00:00,379.66,77.6,3
2023-10-30 07:00:00,1,2023-10-30 08:00:00,379.65,76.2,3
2023-10-30 07:00:00,2,2023-10-30 09:00:00,379.63,74.7,3
2023-10-30 07:00:00,3,2023-10-30 10:00:00,379.63,73.9,3
2023-10-30 07:00:00,4,2023-10-30 11:00:00,379.61,72.5,3
2023-10-30 07:00:00,5,2023-10-30 12:00:00,379.68,80.6,3
2023-10-30 07:00:00,6,2023-10-30 13:00:00,379.71,83.5,3
2023-10-31 07:00:00,0,2023-10-31 07:00:00,380.62,216.5,3
2023-10-31 07:00:00,1,2023-10-31 08:00:00,380.58,209.2,3
2023-10-31 07:00:00,2,2023-10-31 09:00:00,380.55,204.6,3
2023-10-31 07:00:00,3,2023-10-31 10:00:00,380.55,205.1,3
2023-10-31 07:00:00,4,2023-10-31 11:00:00,380.53,200.6,3
2023-10-31 07:00:00,5,2023-10-31 12:00:00,380.47,192.0,3
2023-10-31 07:00:00,6,2023-10-31 13:00:00,380.45,188.1,3
2023-11-01 07:00:00,0,2023-11-01 07:00:00,380.09,134.6,3
2023-11-01 07:00:00,1,2023-11-01 08:00:00,380.08,132.1,3
2023-11-01 07:00:00,2,2023-11-01 09:00:00,380.06,129.4,3
2023-11-01 07:00:00,3,2023-11-01 10:00:00,380.03,125.7,3
2023-11-01 07:00:00,4,2023-11-01 11:00:00,380.04,127.2,3
2023-11-01 07:00:00,5,2023-11-01 12:00:00,380.0,122.2,3
2023-11-01 07:00:00,6,2023-11-01 13:00:00,379.99,120.5,3
2023-11-02 07:00:00,0,2023-11-02 07:00:00,379.84,100.9,3
2023-11-02 07:00:00,1,2023-11-02 08:00:00,379.84,100.9,3
2023-11-02 07:00:00,2,2023-11-02 09:00:00,379.84,101.0,3
2023-11-02 07:00:00,3,2023-11-02 10:00:00,379.84,100.3,3
2023-11-02 07:00:00,4,2023-11-02 11:00:00,379.9,108.8,3
2023-11-02 07:00:00,5,2023-11-02 12:00:00,380.03,125.3,3
2023-11-02 07:00:00,6,2023-11-02 13:00:00,380.14,141.0,3
2023-11-03 07:00:00,0,2023-11-03 07:00:00,380.68,226.8,3
2023-11-03 07:00:00,1,2023-11-03 08:00:00,380.61,214.9,3
2023-11-03 07:00:00,2,2023-11-03 09:00:00,380.64,220.1,3
2023-11-03 07:00:00,3,2023-11-03 10:00:00,380.59,210.6,3
2023-11-03 07:00:00,4,2023-11-03 11:00:00,380.52,198.9,3
2023-11-03 07:00:00,5,2023-11-03 12:00:00,380.49,194.3,3
2023-11-03 07:00:00,6,2023-11-03 13:00:00,380.42,183.9,3
2023-11-04 07:00:00,0,2023-11-04 07:00:00,380.25,157.7,3
2023-11-04 07:00:00,1,2023-11-04 08:00:00,380.22,153.3,3
2023-11-04 07:00:00,2,2023-11-04 09:00:00,380.22,152.3,3
2023-11-04 07:00:00,3,2023-11-04 10:00:00,380.19,148.2,3
2023-11-04 07:00:00,4,2023-11-04 11:00:00,380.16,144.9,3
2023-11-04 07:00:00,5,2023-11-04 12:00:00,380.15,142.4,3
2023-11-04 07:00:00,6,2023-11-04 13:00:00,380.13,140.5,3
2023-11-05 07:00:00,0,2023-11-05 07:00:00,381.06,297.4,3
2023-11-05 07:00:00,1,2023-11-05 08:00:00,381.08,300.3,3
2023-11-05 07:00:00,2,2023-11-05 09:00:00,381.04,292.5,3
2023-11-05 07:00:00,3,2023-11-05 10:00:00,381.02,288.7,3
2023-11-05 07:00:00,4,2023-11-05 11:00:00,380.94,274.2,3
2023-11-05 07:00:00,5,2023-11-05 12:00:00,380.88,262.4,3
2023-11-05 07:00:00,6,2023-11-05 13:00:00,380.86,258.2,3
2023-11-06 07:00:00,0,2023-11-06 07:00:00,380.78,243.7,3
2023-11-06 07:00:00,1,2023-11-06 08:00:00,380.72,233.4,3
2023-11-06 07:00:00,2,2023-11-06 09:00:00,380.68,227.3,3
2023-11-06 07:00:00,3,2023-11-06 10:00:00,380.66,222.3,3
2023-11-06 07:00:00,4,2023-11-06 11:00:00,380.59,210.6,3
2023-11-06 07:00:00,5,2023-11-06 12:00:00,380.55,203.7,3
2023-11-06 07:00:00,6,2023-11-06 13:00:00,380.51,197.7,3
2023-11-07 07:00:00,0,2023-11-07 07:00:00,380.21,150.7,3
2023-11-07 07:00:00,1,2023-11-07 08:00:00,380.16,144.7,3
2023-11-07 07:00:00,2,2023-11-07 09:00:00,380.17,145.8,3
2023-11-07 07:00:00,3,2023-11-07 10:00:00,380.18,146.6,3
2023-11-07 07:00:00,4,2023-11-07 11:00:00,380.17,145.8,3
2023-11-07 07:00:00,5,2023-11-07 12:00:00,380.15,142.8,3
2023-11-07 07:00:00,6,2023-11-07 13:00:00,380.14,141.0,3
2023-11-08 07:00:00,0,2023-11-08 07:00:00,379.95,115.1,3
2023-11-08 07:00:00,1,2023-11-08 08:00:00,379.94,113.3,3
2023-11-08 07:00:00,2,2023-11-08 09:00:00,379.92,110.9,3
2023-11-08 07:00:00,3,2023-11-08 10:00:00,379.91,109.4,3
2023-11-08 07:00:00,4,2023-11-08 11:00:00,379.94,114.1,3
2023-11-08 07:00:00,5,2023-11-08 12:00:00,379.94,112.9,3
2023-11-08 07:00:00,6,2023-11-08 13:00:00,379.93,111.9,3
2023-11-09 07:00:00,0,2023-11-09 07:00:00,379.77,92.0,3
2023-11-09 07:00:00,1,2023-11-09 08:00:00,379.77,91.4,3
2023-11-09 07:00:00,2,2023-11-09 09:00:00,379.78,93.0,3
2023-11-09 07:00:00,3,2023-11-09 10:00:00,379.78,93.4,3
2023-11-09 07:00:00,4,2023-11-09 11:00:00,379.77,91.2,3
2023-11-09 07:00:00,5,2023-11-09 12:00:00,379.79,94.7,3
2023-11-09 07:00:00,6,2023-11-09 13:00:00,379.79,94.1,3
2023-11-10 07:00:00,0,2023-11-10 07:00:00,379.85,101.6,3
2023-11-10 07:00:00,1,2023-11-10 08:00:00,379.87,104.2,3
2023-11-10 07:00:00,2,2023-11-10 09:00:00,379.88,106.2,3
2023-11-10 07:00:00,3,2023-11-10 10:00:00,379.94,114.0,3
2023-11-10 07:00:00,4,2023-11-10 11:00:00,380.02,125.0,3
2023-11-10 07:00:00,5,2023-11-10 12:00:00,380.06,129.8,3
2023-11-10 07:00:00,6,2023-11-10 13:00:00,380.08,132.6,3
2023-11-11 07:00:00,0,2023-11-11 07:00:00,380.01,123.4,3
2023-11-11 07:00:00,1,2023-11-11 08:00:00,380.0,122.2,3
2023-11-11 07:00:00,2,2023-11-11 09:00:00,380.08,132.5,3
2023-11-11 07:00:00,3,2023-11-11 10:00:00,380.13,140.3,3
2023-11-11 07:00:00,4,2023-11-11 11:00:00,380.11,137.4,3
2023-11-11 07:00:00,5,2023-11-11 12:00:00,380.09,133.8,3
2023-11-11 07:00:00,6,2023-11-11 13:00:00,380.07,131.5,3
2023-11-12 07:00:00,0,2023-11-12 07:00:00,379.85,102.0,3
2023-11-12 07:00:00,1,2023-11-12 08:00:00,379.86,103.7,3
2023-11-12 07:00:00,2,2023-11-12 09:00:00,379.88,105.3,3
2023-11-12 07:00:00,3,2023-11-12 10:00:00,379.93,112.6,3
2023-11-12 07:00:00,4,2023-11-12 11:00:00,380.0,121.4,3
2023-11-12 07:00:00,5,2023-11-12 12:00:00,380.03,125.9,3
2023-11-12 07:00:00,6,2023-11-12 13:00:00,380.05,128.7,3
2023-11-13 07:00:00,0,2023-11-13 07:00:00,380.88,261.9,3
2023-11-13 07:00:00,1,2023-11-13 08:00:00,380.92,269.3,3
2023-11-13 07:00:00,2,2023-11-13 09:00:00,380.99,283.5,3
2023-11-13 07:00:00,3,2023-11-13 10:00:00,381.0,284.2,3
2023-11-13 07:00:00,4,2023-11-13 11:00:00,380.95,275.3,3
2023-11-13 07:00:00,5,2023-11-13 12:00:00,380.87,261.4,3
2023-11-13 07:00:00,6,2023-11-13 13:00:00,380.78,243.6,3
2023-11-14 07:00:00,0,2023-11-14 07:00:00,381.45,378.0,3
2023-11-14 07:00:00,1,2023-11-14 08:00:00,381.5,390.3,3
2023-11-14 07:00:00,2,2023-11-14 09:00:00,381.61,414.5,3
2023-11-14 07:00:00,3,2023-11-14 10:00:00,381.7,436.8,3
2023-11-14 07:00:00,4,2023-11-14 11:00:00,381.82,465.8,3
2023-11-14 07:00:00,5,2023-11-14 12:00:00,381.91,488.1,3
2023-11-14 07:00:00,6,2023-11-14 13:00:00,382.01,515.6,3
2023-11-15 07:00:00,0,2023-11-15 07:00:00,382.97,810.0,3
2023-11-15 07:00:00,1,2023-11-15 08:00:00,382.82,759.4,3
2023-11-15 07:00:00,2,2023-11-15 09:00:00,382.61,690.7,3
2023-11-15 07:00:00,3,2023-11-15 10:00:00,382.38,620.0,3
2023-11-15 07:00:00,4,2023-11-15 11:00:00,382.16,555.9,3
2023-11-15 07:00:00,5,2023-11-15 12:00:00,381.94,497.5,3
2023-11-15 07:00:00,6,2023-11-15 13:00:00,381.75,448.5,3
2023-11-16 07:00:00,0,2023-11-16 07:00:00,381.13,310.9,3
2023-11-16 07:00:00,1,2023-11-16 08:00:00,380.98,281.5,3
2023-11-16 07:00:00,2,2023-11-16 09:00:00,380.84,254.4,3
2023-11-16 07:00:00,3,2023-11-16 10:00:00,380.79,246.7,3
2023-11-16 07:00:00,4,2023-11-16 11:00:00,380.77,243.1,3
2023-11-16 07:00:00,5,2023-11-16 12:00:00,380.7,229.4,3
2023-11-16 07:00:00,6,2023-11-16 13:00:00,380.62,215.9,3
2023-11-17 07:00:00,0,2023-11-17 07:00:00,380.54,203.4,3
2023-11-17 07:00:00,1,2023-11-17 08:00:00,380.55,204.2,3
2023-11-17 07:00:00,2,2023-11-17 09:00:00,380.71,231.9,3
2023-11-17 07:00:00,3,2023-11-17 10:00:00,380.65,220.8,3
2023-11-17 07:00:00,4,2023-11-17 11:00:00,380.57,207.1,3
2023-11-17 07:00:00,5,2023-11-17 12:00:00,380.51,198.5,3
2023-11-17 07:00:00,6,2023-11-17 13:00:00,380.48,193.4,3
2023-11-18 07:00:00,0,2023-11-18 07:00:00,380.27,160.8,3
2023-11-18 07:00:00,1,2023-11-18 08:00:00,380.25,157.7,3
2023-11-18 07:00:00,2,2023-11-18 09:00:00,380.22,152.6,3
2023-11-18 07:00:00,3,2023-11-18 10:00:00,380.24,155.9,3
2023-11-18 07:00:00,4,2023-11-18 11:00:00,380.21,151.4,3
2023-11-18 07:00:00,5,2023-11-18 12:00:00,380.19,148.6,3
2023-11-18 07:00:00,6,2023-11-18 13:00:00,380.18,147.4,3
2023-11-19 07:00:00,0,2023-11-19 07:00:00,380.05,128.2,3
2023-11-19 07:00:00,1,2023-11-19 08:00:00,380.04,127.3,3
2023-11-19 07:00:00,2,2023-11-19 09:00:00,380.03,125.9,3
2023-11-19 07:00:00,3,2023-11-19 10:00:00,380.05,128.3,3
2023-11-19 07:00:00,4,2023-11-19 11:00:00,380.08,132.8,3
2023-11-19 07:00:00,5,2023-11-19 12:00:00,380.07,131.9,3
2023-11-19 07:00:00,6,2023-11-19 13:00:00,380.08,132.8,3
2023-11-20 07:00:00,0,2023-11-20 07:00:00,380.36,173.8,3
2023-11-20 07:00:00,1,2023-11-20 08:00:00,380.3,165.2,3
2023-11-20 07:00:00,2,2023-11-20 09:00:00,380.25,157.9,3
2023-11-20 07:00:00,3,2023-11-20 10:00:00,380.24,155.2,3
2023-11-20 07:00:00,4,2023-11-20 11:00:00,380.21,150.8,3
2023-11-20 07:00:00,5,2023-11-20 12:00:00,380.18,146.4,3
2023-11-20 07:00:00,6,2023-11-20 13:00:00,380.15,142.1,3
2023-11-21 07:00:00,0,2023-11-21 07:00:00,379.94,113.5,3
2023-11-21 07:00:00,1,2023-11-21 08:00:00,379.94,113.4,3
2023-11-21 07:00:00,2,2023-11-21 09:00:00,379.94,114.2,3
2023-11-21 07:00:00,3,2023-11-21 10:00:00,379.95,114.9,3
2023-11-21 07:00:00,4,2023-11-21 11:00:00,379.98,118.5,3
2023-11-21 07:00:00,5,2023-11-21 12:00:00,379.97,117.7,3
2023-11-21 07:00:00,6,2023-11-21 13:00:00,379.94,114.1,3
2023-11-22 07:00:00,0,2023-11-22 07:00:00,379.87,104.9,3
2023-11-22 07:00:00,1,2023-11-22 08:00:00,379.86,102.7,3
2023-11-22 07:00:00,2,2023-11-22 09:00:00,379.85,102.2,3
2023-11-22 07:00:00,3,2023-11-22 10:00:00,379.86,103.1,3
2023-11-22 07:00:00,4,2023-11-22 11:00:00,379.93,112.7,3
2023-11-22 07:00:00,5,2023-11-22 12:00:00,379.91,110.1,3
2023-11-22 07:00:00,6,2023-11-22 13:00:00,379.9,108.9,3
2023-11-23 07:00:00,0,2023-11-23 07:00:00,379.72,85.4,3
2023-11-23 07:00:00,1,2023-11-23 08:00:00,379.71,84.7,3
2023-11-23 07:00:00,2,2023-11-23 09:00:00,379.71,84.3,3
2023-11-23 07:00:00,3,2023-11-23 10:00:00,379.71,84.0,3
2023-11-23 07:00:00,4,2023-11-23 11:00:00,379.77,91.7,3
2023-11-23 07:00:00,5,2023-11-23 12:00:00,379.81,96.6,3
2023-11-23 07:00:00,6,2023-11-23 13:00:00,379.8,95.9,3
2023-11-24 07:00:00,0,2023-11-24 07:00:00,379.66,78.2,3
2023-11-24 07:00:00,1,2023-11-24 08:00:00,379.65,76.9,3
2023-11-24 07:00:00,2,2023-11-24 09:00:00,379.64,75.1,3
2023-11-24 07:00:00,3,2023-11-24 10:00:00,379.64,76.0,3
2023-11-24 07:00:00,4,2023-11-24 11:00:00,379.68,80.5,3
2023-11-24 07:00:00,5,2023-11-24 12:00:00,379.74,87.2,3
2023-11-24 07:00:00,6,2023-11-24 13:00:00,379.73,86.5,3
2023-11-25 07:00:00,0,2023-11-25 07:00:00,379.61,71.8,3
2023-11-25 07:00:00,1,2023-11-25 08:00:00,379.61,72.2,3
2023-11-25 07:00:00,2,2023-11-25 09:00:00,379.61,72.4,3
2023-11-25 07:00:00,3,2023-11-25 10:00:00,379.64,75.8,3
2023-11-25 07:00:00,4,2023-11-25 11:00:00,379.73,87.1,3
2023-11-25 07:00:00,5,2023-11-25 12:00:00,379.73,86.0,3
2023-11-25 07:00:00,6,2023-11-25 13:00:00,379.72,85.3,3
2023-11-26 07:00:00,0,2023-11-26 07:00:00,379.51,60.8,3
2023-11-26 07:00:00,1,2023-11-26 08:00:00,379.52,62.0,3
2023-11-26 07:00:00,2,2023-11-26 09:00:00,379.52,61.5,3
2023-11-26 07:00:00,3,2023-11-26 10:00:00,379.52,61.7,3
2023-11-26 07:00:00,4,2023-11-26 11:00:00,379.6,71.3,3
2023-11-26 07:00:00,5,2023-11-26 12:00:00,379.64,75.4,3
2023-11-26 07:00:00,6,2023-11-26 13:00:00,379.64,75.0,3
2023-11-27 07:00:00,0,2023-11-27 07:00:00,379.46,54.4,3
2023-11-27 07:00:00,1,2023-11-27 08:00:00,379.47,55.8,3
2023-11-27 07:00:00,2,2023-11-27 09:00:00,379.47,55.5,3
2023-11-27 07:00:00,3,2023-11-27 10:00:00,379.47,55.4,3
2023-11-27 07:00:00,4,2023-11-27 11:00:00,379.48,57.1,3
2023-11-27 07:00:00,5,2023-11-27 12:00:00,379.54,64.0,3
2023-11-27 07:00:00,6,2023-11-27 13:00:00,379.59,69.6,3
2023-11-28 07:00:00,0,2023-11-28 07:00:00,379.67,79.8,3
2023-11-28 07:00:00,1,2023-11-28 08:00:00,379.65,76.6,3
2023-11-28 07:00:00,2,2023-11-28 09:00:00,379.63,74.5,3
2023-11-28 07:00:00,3,2023-11-28 10:00:00,379.71,84.4,3
2023-11-28 07:00:00,4,2023-11-28 11:00:00,379.84,100.3,3
2023-11-28 07:00:00,5,2023-11-28 12:00:00,379.83,98.8,3
2023-11-28 07:00:00,6,2023-11-28 13:00:00,379.8,95.2,3
2023-11-29 07:00:00,0,2023-11-29 07:00:00,379.6,70.3,3
2023-11-29 07:00:00,1,2023-11-29 08:00:00,379.59,69.4,3
2023-11-29 07:00:00,2,2023-11-29 09:00:00,379.58,68.5,3
2023-11-29 07:00:00,3,2023-11-29 10:00:00,379.57,67.7,3
2023-11-29 07:00:00,4,2023-11-29 11:00:00,379.57,67.0,3
2023-11-29 07:00:00,5,2023-11-29 12:00:00,379.62,73.7,3
2023-11-29 07:00:00,6,2023-11-29 13:00:00,379.66,78.0,3
2023-11-30 07:00:00,0,2023-11-30 07:00:00,379.52,61.7,3
2023-11-30 07:00:00,1,2023-11-30 08:00:00,379.55,65.3,3
2023-11-30 07:00:00,2,2023-11-30 09:00:00,379.6,70.9,3
2023-11-30 07:00:00,3,2023-11-30 10:00:00,379.67,79.7,3
2023-11-30 07:00:00,4,2023-11-30 11:00:00,379.76,90.2,3
2023-11-30 07:00:00,5,2023-11-30 12:00:00,379.93,112.0,3
2023-11-30 07:00:00,6,2023-11-30 13:00:00,380.05,128.7,3
2023-12-01 07:00:00,0,2023-12-01 07:00:00,381.56,403.5,3
2023-12-01 07:00:00,1,2023-12-01 08:00:00,381.59,411.4,3
2023-12-01 07:00:00,2,2023-12-01 09:00:00,381.58,408.9,3
2023-12-01 07:00:00,3,2023-12-01 10:00:00,381.55,402.0,3
2023-12-01 07:00:00,4,2023-12-01 11:00:00,381.51,391.3,3
2023-12-01 07:00:00,5,2023-12-01 12:00:00,381.47,383.9,3
2023-12-01 07:00:00,6,2023-12-01 13:00:00,381.43,374.3,3
2023-12-02 07:00:00,0,2023-12-02 07:00:00,380.88,262.1,3
2023-12-02 07:00:00,1,2023-12-02 08:00:00,380.85,256.8,3
2023-12-02 07:00:00,2,2023-12-02 09:00:00,380.76,240.6,3
2023-12-02 07:00:00,3,2023-12-02 10:00:00,380.69,229.0,3
2023-12-02 07:00:00,4,2023-12-02 11:00:00,380.65,222.1,3
2023-12-02 07:00:00,5,2023-12-02 12:00:00,380.62,216.6,3
2023-12-02 07:00:00,6,2023-12-02 13:00:00,380.61,214.8,3
2023-12-03 07:00:00,0,2023-12-03 07:00:00,380.24,155.8,3
2023-12-03 07:00:00,1,2023-12-03 08:00:00,380.22,153.6,3
2023-12-03 07:00:00,2,2023-12-03 09:00:00,380.22,152.6,3
2023-12-03 07:00:00,3,2023-12-03 10:00:00,380.21,151.2,3
2023-12-03 07:00:00,4,2023-12-03 11:00:00,380.21,150.8,3
2023-12-03 07:00:00,5,2023-12-03 12:00:00,380.17,145.8,3
2023-12-03 07:00:00,6,2023-12-03 13:00:00,380.17,145.0,3
2023-12-04 07:00:00,0,2023-12-04 07:00:00,380.02,123.8,3
2023-12-04 07:00:00,1,2023-12-04 08:00:00,380.0,121.4,3
2023-12-04 07:00:00,2,2023-12-04 09:00:00,379.99,120.0,3
2023-12-04 07:00:00,3,2023-12-04 10:00:00,379.95,115.4,3
2023-12-04 07:00:00,4,2023-12-04 11:00:00,379.99,120.9,3
2023-12-04 07:00:00,5,2023-12-04 12:00:00,380.01,123.0,3
2023-12-04 07:00:00,6,2023-12-04 13:00:00,380.0,121.4,3
2023-12-05 07:00:00,0,2023-12-05 07:00:00,379.98,118.4,3
2023-12-05 07:00:00,1,2023-12-05 08:00:00,379.98,119.1,3
2023-12-05 07:00:00,2,2023-12-05 09:00:00,379.94,114.2,3
2023-12-05 07:00:00,3,2023-12-05 10:00:00,379.95,114.7,3
2023-12-05 07:00:00,4,2023-12-05 11:00:00,380.02,124.5,3
2023-12-05 07:00:00,5,2023-12-05 12:00:00,380.06,129.9,3
2023-12-05 07:00:00,6,2023-12-05 13:00:00,380.05,128.9,3
2023-12-06 07:00:00,0,2023-12-06 07:00:00,379.88,106.3,3
2023-12-06 07:00:00,1,2023-12-06 08:00:00,379.87,104.3,3
2023-12-06 07:00:00,2,2023-12-06 09:00:00,379.85,101.7,3
2023-12-06 07:00:00,3,2023-12-06 10:00:00,379.84,100.5,3
2023-12-06 07:00:00,4,2023-12-06 11:00:00,379.88,105.9,3
2023-12-06 07:00:00,5,2023-12-06 12:00:00,379.84,101.0,3
2023-12-06 07:00:00,6,2023-12-06 13:00:00,379.82,98.2,3
2023-12-07 07:00:00,0,2023-12-07 07:00:00,379.76,90.7,3
2023-12-07 07:00:00,1,2023-12-07 08:00:00,379.82,98.1,3
2023-12-07 07:00:00,2,2023-12-07 09:00:00,379.79,94.4,3
2023-12-07 07:00:00,3,2023-12-07 10:00:00,379.75,89.3,3
2023-12-07 07:00:00,4,2023-12-07 11:00:00,379.75,88.7,3
2023-12-07 07:00:00,5,2023-12-07 12:00:00,379.78,92.8,3
2023-12-07 07:00:00,6,2023-12-07 13:00:00,379.79,94.5,3
2023-12-08 07:00:00,0,2023-12-08 07:00:00,379.68,80.9,3
2023-12-08 07:00:00,1,2023-12-08 08:00:00,379.71,84.0,3
2023-12-08 07:00:00,2,2023-12-08 09:00:00,379.74,88.4,3
2023-12-08 07:00:00,3,2023-12-08 10:00:00,379.79,94.4,3
2023-12-08 07:00:00,4,2023-12-08 11:00:00,379.81,96.2,3
2023-12-08 07:00:00,5,2023-12-08 12:00:00,379.88,105.6,3
2023-12-08 07:00:00,6,2023-12-08 13:00:00,379.92,111.2,3
2023-12-09 07:00:00,0,2023-12-09 07:00:00,379.84,100.6,3
2023-12-09 07:00:00,1,2023-12-09 08:00:00,379.83,99.5,3
2023-12-09 07:00:00,2,2023-12-09 09:00:00,379.82,98.4,3
2023-12-09 07:00:00,3,2023-12-09 10:00:00,379.84,100.7,3
2023-12-09 07:00:00,4,2023-12-09 11:00:00,379.88,105.8,3
2023-12-09 07:00:00,5,2023-12-09 12:00:00,379.87,104.2,3
2023-12-09 07:00:00,6,2023-12-09 13:00:00,379.85,102.4,3
2023-12-10 07:00:00,0,2023-12-10 07:00:00,381.02,288.4,3
2023-12-10 07:00:00,1,2023-12-10 08:00:00,381.04,292.6,3
2023-12-10 07:00:00,2,2023-12-10 09:00:00,381.05,294.4,3
2023-12-10 07:00:00,3,2023-12-10 10:00:00,380.96,276.7,3
2023-12-10 07:00:00,4,2023-12-10 11:00:00,380.84,255.0,3
2023-12-10 07:00:00,5,2023-12-10 12:00:00,380.77,242.2,3
2023-12-10 07:00:00,6,2023-12-10 13:00:00,380.71,231.9,3
2023-12-11 07:00:00,0,2023-12-11 07:00:00,380.71,232.3,3
2023-12-11 07:00:00,1,2023-12-11 08:00:00,380.87,259.6,3
2023-12-11 07:00:00,2,2023-12-11 09:00:00,381.18,321.3,3
2023-12-11 07:00:00,3,2023-12-11 10:00:00,381.3,346.7,3
2023-12-11 07:00:00,4,2023-12-11 11:00:00,381.48,385.0,3
2023-12-11 07:00:00,5,2023-12-11 12:00:00,381.68,430.9,3
2023-12-11 07:00:00,6,2023-12-11 13:00:00,381.83,468.2,3
2023-12-12 07:00:00,0,2023-12-12 07:00:00,381.83,468.9,3
2023-12-12 07:00:00,1,2023-12-12 08:00:00,381.87,478.2,3
2023-12-12 07:00:00,2,2023-12-12 09:00:00,381.93,494.8,3
2023-12-12 07:00:00,3,2023-12-12 10:00:00,381.92,491.0,3
2023-12-12 07:00:00,4,2023-12-12 11:00:00,381.87,478.7,3
2023-12-12 07:00:00,5,2023-12-12 12:00:00,381.84,471.6,3
2023-12-12 07:00:00,6,2023-12-12 13:00:00,381.83,469.5,3
2023-12-13 07:00:00,0,2023-12-13 07:00:00,382.4,626.4,3
2023-12-13 07:00:00,1,2023-12-13 08:00:00,382.34,607.7,3
2023-12-13 07:00:00,2,2023-12-13 09:00:00,382.24,579.6,3
2023-12-13 07:00:00,3,2023-12-13 10:00:00,382.1,539.3,3
2023-12-13 07:00:00,4,2023-12-13 11:00:00,381.96,503.0,3
2023-12-13 07:00:00,5,2023-12-13 12:00:00,381.85,474.7,3
2023-12-13 07:00:00,6,2023-12-13 13:00:00,381.75,448.0,3
2023-12-14 07:00:00,0,2023-12-14 07:00:00,381.28,342.2,3
2023-12-14 07:00:00,1,2023-12-14 08:00:00,381.18,320.6,3
2023-12-14 07:00:00,2,2023-12-14 09:00:00,381.13,311.2,3
2023-12-14 07:00:00,3,2023-12-14 10:00:00,381.07,299.5,3
2023-12-14 07:00:00,4,2023-12-14 11:00:00,381.01,287.9,3
2023-12-14 07:00:00,5,2023-12-14 12:00:00,380.96,277.1,3
2023-12-14 07:00:00,6,2023-12-14 13:00:00,380.89,263.8,3
2023-12-15 07:00:00,0,2023-12-15 07:00:00,380.65,221.0,3
2023-12-15 07:00:00,1,2023-12-15 08:00:00,380.63,218.0,3
2023-12-15 07:00:00,2,2023-12-15 09:00:00,380.58,209.5,3
2023-12-15 07:00:00,3,2023-12-15 10:00:00,380.52,199.2,3
2023-12-15 07:00:00,4,2023-12-15 11:00:00,380.47,192.2,3
2023-12-15 07:00:00,5,2023-12-15 12:00:00,380.45,188.2,3
2023-12-15 07:00:00,6,2023-12-15 13:00:00,380.43,184.7,3
2023-12-16 07:00:00,0,2023-12-16 07:00:00,380.24,156.2,3
2023-12-16 07:00:00,1,2023-12-16 08:00:00,380.23,154.3,3
2023-12-16 07:00:00,2,2023-12-16 09:00:00,380.22,153.0,3
2023-12-16 07:00:00,3,2023-12-16 10:00:00,380.2,150.1,3
2023-12-16 07:00:00,4,2023-12-16 11:00:00,380.17,145.6,3
2023-12-16 07:00:00,5,2023-12-16 12:00:00,380.15,142.2,3
2023-12-16 07:00:00,6,2023-12-16 13:00:00,380.15,142.2,3
2023-12-17 07:00:00,0,2023-12-17 07:00:00,380.09,133.9,3
2023-12-17 07:00:00,1,2023-12-17 08:00:00,380.07,131.9,3
2023-12-17 07:00:00,2,2023-12-17 09:00:00,380.08,132.6,3
2023-12-17 07:00:00,3,2023-12-17 10:00:00,380.07,131.6,3
2023-12-17 07:00:00,4,2023-12-17 11:00:00,380.08,132.7,3
2023-12-17 07:00:00,5,2023-12-17 12:00:00,380.05,129.3,3
2023-12-17 07:00:00,6,2023-12-17 13:00:00,380.03,125.6,3
2023-12-18 07:00:00,0,2023-12-18 07:00:00,379.97,117.3,3
2023-12-18 07:00:00,1,2023-12-18 08:00:00,379.96,115.8,3
2023-12-18 07:00:00,2,2023-12-18 09:00:00,379.95,114.3,3
2023-12-18 07:00:00,3,2023-12-18 10:00:00,379.93,112.9,3
2023-12-18 07:00:00,4,2023-12-18 11:00:00,379.96,116.5,3
2023-12-18 07:00:00,5,2023-12-18 12:00:00,379.97,117.8,3
2023-12-18 07:00:00,6,2023-12-18 13:00:00,379.96,116.2,3
2023-12-19 07:00:00,0,2023-12-19 07:00:00,379.84,100.3,3
2023-12-19 07:00:00,1,2023-12-19 08:00:00,379.83,99.3,3
2023-12-19 07:00:00,2,2023-12-19 09:00:00,379.81,96.2,3
2023-12-19 07:00:00,3,2023-12-19 10:00:00,379.79,94.4,3
2023-12-19 07:00:00,4,2023-12-19 11:00:00,379.82,97.5,3
2023-12-19 07:00:00,5,2023-12-19 12:00:00,379.86,102.9,3
2023-12-19 07:00:00,6,2023-12-19 13:00:00,379.85,101.3,3
2023-12-20 07:00:00,0,2023-12-20 07:00:00,379.8,95.8,3
2023-12-20 07:00:00,1,2023-12-20 08:00:00,379.81,96.0,3
2023-12-20 07:00:00,2,2023-12-20 09:00:00,379.83,99.7,3
2023-12-20 07:00:00,3,2023-12-20 10:00:00,379.84,101.1,3
2023-12-20 07:00:00,4,2023-12-20 11:00:00,379.87,104.1,3
2023-12-20 07:00:00,5,2023-12-20 12:00:00,379.91,110.0,3
2023-12-20 07:00:00,6,2023-12-20 13:00:00,379.9,108.8,3
2023-12-21 07:00:00,0,2023-12-21 07:00:00,379.72,85.6,3
2023-12-21 07:00:00,1,2023-12-21 08:00:00,379.72,85.4,3
2023-12-21 07:00:00,2,2023-12-21 09:00:00,379.72,85.4,3
2023-12-21 07:00:00,3,2023-12-21 10:00:00,379.73,86.2,3
2023-12-21 07:00:00,4,2023-12-21 11:00:00,379.72,85.0,3
2023-12-21 07:00:00,5,2023-12-21 12:00:00,379.76,90.7,3
2023-12-21 07:00:00,6,2023-12-21 13:00:00,379.79,93.5,3
2023-12-22 07:00:00,0,2023-12-22 07:00:00,379.77,91.6,3
2023-12-22 07:00:00,1,2023-12-22 08:00:00,379.76,90.9,3
2023-12-22 07:00:00,2,2023-12-22 09:00:00,379.87,104.1,3
2023-12-22 07:00:00,3,2023-12-22 10:00:00,380.08,132.9,3
2023-12-22 07:00:00,4,2023-12-22 11:00:00,380.07,131.4,3
2023-12-22 07:00:00,5,2023-12-22 12:00:00,380.07,131.6,3
2023-12-22 07:00:00,6,2023-12-22 13:00:00,380.07,131.6,3
2023-12-23 07:00:00,0,2023-12-23 07:00:00,379.96,116.0,3
2023-12-23 07:00:00,1,2023-12-23 08:00:00,379.95,115.0,3
2023-12-23 07:00:00,2,2023-12-23 09:00:00,379.98,118.6,3
2023-12-23 07:00:00,3,2023-12-23 10:00:00,379.97,117.4,3
2023-12-23 07:00:00,4,2023-12-23 11:00:00,379.92,111.4,3
2023-12-23 07:00:00,5,2023-12-23 12:00:00,379.91,109.0,3
2023-12-23 07:00:00,6,2023-12-23 13:00:00,379.9,107.7,3
2023-12-24 07:00:00,0,2023-12-24 07:00:00,379.8,95.2,3
2023-12-24 07:00:00,1,2023-12-24 08:00:00,379.77,91.8,3
2023-12-24 07:00:00,2,2023-12-24 09:00:00,379.77,91.2,3
2023-12-24 07:00:00,3,2023-12-24 10:00:00,379.78,92.8,3
2023-12-24 07:00:00,4,2023-12-24 11:00:00,379.8,95.4,3
2023-12-24 07:00:00,5,2023-12-24 12:00:00,379.8,95.9,3
2023-12-24 07:00:00,6,2023-12-24 13:00:00,379.78,93.2,3
2023-12-25 07:00:00,0,2023-12-25 07:00:00,379.69,81.2,3
2023-12-25 07:00:00,1,2023-12-25 08:00:00,379.69,81.4,3
2023-12-25 07:00:00,2,2023-12-25 09:00:00,379.69,81.1,3
2023-12-25 07:00:00,3,2023-12-25 10:00:00,379.68,80.6,3
2023-12-25 07:00:00,4,2023-12-25 11:00:00,379.68,80.8,3
2023-12-25 07:00:00,5,2023-12-25 12:00:00,379.75,88.8,3
2023-12-25 07:00:00,6,2023-12-25 13:00:00,379.74,87.7,3
2023-12-26 07:00:00,0,2023-12-26 07:00:00,379.64,75.8,3
2023-12-26 07:00:00,1,2023-12-26 08:00:00,379.64,75.8,3
2023-12-26 07:00:00,2,2023-12-26 09:00:00,379.64,76.1,3
2023-12-26 07:00:00,3,2023-12-26 10:00:00,379.66,77.9,3
2023-12-26 07:00:00,4,2023-12-26 11:00:00,379.64,76.1,3
2023-12-26 07:00:00,5,2023-12-26 12:00:00,379.68,81.0,3
2023-12-26 07:00:00,6,2023-12-26 13:00:00,379.7,82.9,3
2023-12-27 07:00:00,0,2023-12-27 07:00:00,379.6,70.5,3
2023-12-27 07:00:00,1,2023-12-27 08:00:00,379.59,69.6,3
2023-12-27 07:00:00,2,2023-12-27 09:00:00,379.58,68.3,3
2023-12-27 07:00:00,3,2023-12-27 10:00:00,379.57,67.3,3
2023-12-27 07:00:00,4,2023-12-27 11:00:00,379.59,69.1,3
2023-12-27 07:00:00,5,2023-12-27 12:00:00,379.62,73.1,3
2023-12-27 07:00:00,6,2023-12-27 13:00:00,379.65,76.3,3
2023-12-28 07:00:00,0,2023-12-28 07:00:00,379.5,59.3,3
2023-12-28 07:00:00,1,2023-12-28 08:00:00,379.53,62.2,3
2023-12-28 07:00:00,2,2023-12-28 09:00:00,379.52,61.0,3
2023-12-28 07:00:00,3,2023-12-28 10:00:00,379.5,59.5,3
2023-12-28 07:00:00,4,2023-12-28 11:00:00,379.52,61.7,3
2023-12-28 07:00:00,5,2023-12-28 12:00:00,379.56,66.4,3
2023-12-28 07:00:00,6,2023-12-28 13:00:00,379.61,71.8,3
2023-12-29 07:00:00,0,2023-12-29 07:00:00,379.46,54.7,3
2023-12-29 07:00:00,1,2023-12-29 08:00:00,379.47,56.2,3
2023-12-29 07:00:00,2,2023-12-29 09:00:00,379.47,56.1,3
2023-12-29 07:00:00,3,2023-12-29 10:00:00,379.47,56.0,3
2023-12-29 07:00:00,4,2023-12-29 11:00:00,379.54,64.2,3
2023-12-29 07:00:00,5,2023-12-29 12:00:00,379.6,71.2,3
2023-12-29 07:00:00,6,2023-12-29 13:00:00,379.61,71.8,3
2023-12-30 07:00:00,0,2023-12-30 07:00:00,379.45,53.0,3
2023-12-30 07:00:00,1,2023-12-30 08:00:00,379.45,53.5,3
2023-12-30 07:00:00,2,2023-12-30 09:00:00,379.45,53.0,3
2023-12-30 07:00:00,3,2023-12-30 10:00:00,379.44,52.7,3
2023-12-30 07:00:00,4,2023-12-30 11:00:00,379.47,55.7,3
2023-12-30 07:00:00,5,2023-12-30 12:00:00,379.61,71.9,3
2023-12-30 07:00:00,6,2023-12-30 13:00:00,379.58,68.8,3
2023-12-31 07:00:00,0,2023-12-31 07:00:00,379.43,51.5,3
2023-12-31 07:00:00,1,2023-12-31 08:00:00,379.44,52.6,3
2023-12-31 07:00:00,2,2023-12-31 09:00:00,379.44,52.1,3
2023-12-31 07:00:00,3,2023-12-31 10:00:00,379.43,51.5,3
2023-12-31 07:00:00,4,2023-12-31 11:00:00,379.43,51.4,3
2023-12-31 07:00:00,5,2023-12-31 12:00:00,379.52,61.9,3
2023-12-31 07:00:00,6,2023-12-31 13:00:00,379.53,63.1,3
2024-01-01 07:00:00,0,2024-01-01 07:00:00,379.58,68.2,3
2024-01-01 07:00:00,1,2024-01-01 08:00:00,379.58,68.6,3
2024-01-01 07:00:00,2,2024-01-01 09:00:00,379.57,67.7,3
2024-01-01 07:00:00,3,2024-01-01 10:00:00,379.56,66.5,3
2024-01-01 07:00:00,4,2024-01-01 11:00:00,379.66,77.5,3
2024-01-01 07:00:00,5,2024-01-01 12:00:00,379.65,76.5,3
2024-01-01 07:00:00,6,2024-01-01 13:00:00,379.65,77.3,3
2024-01-02 07:00:00,0,2024-01-02 07:00:00,379.45,53.2,3
2024-01-02 07:00:00,1,2024-01-02 08:00:00,379.46,54.3,3
2024-01-02 07:00:00,2,2024-01-02 09:00:00,379.45,54.0,3
2024-01-02 07:00:00,3,2024-01-02 10:00:00,379.46,54.3,3
2024-01-02 07:00:00,4,2024-01-02 11:00:00,379.47,56.2,3
2024-01-02 07:00:00,5,2024-01-02 12:00:00,379.5,59.4,3
2024-01-02 07:00:00,6,2024-01-02 13:00:00,379.6,70.8,3
2024-01-03 07:00:00,0,2024-01-03 07:00:00,380.0,121.6,3
2024-01-03 07:00:00,1,2024-01-03 08:00:00,380.16,144.2,3
2024-01-03 07:00:00,2,2024-01-03 09:00:00,380.36,174.9,3
2024-01-03 07:00:00,3,2024-01-03 10:00:00,380.27,160.0,3
2024-01-03 07:00:00,4,2024-01-03 11:00:00,380.2,150.6,3
2024-01-03 07:00:00,5,2024-01-03 12:00:00,380.13,139.8,3
2024-01-03 07:00:00,6,2024-01-03 13:00:00,380.1,135.1,3
2024-01-04 07:00:00,0,2024-01-04 07:00:00,380.1,135.6,3
2024-01-04 07:00:00,1,2024-01-04 08:00:00,380.35,171.9,3
2024-01-04 07:00:00,2,2024-01-04 09:00:00,380.3,165.6,3
2024-01-04 07:00:00,3,2024-01-04 10:00:00,380.26,159.5,3
2024-01-04 07:00:00,4,2024-01-04 11:00:00,380.23,153.9,3
2024-01-04 07:00:00,5,2024-01-04 12:00:00,380.18,147.0,3
2024-01-04 07:00:00,6,2024-01-04 13:00:00,380.14,141.5,3
2024-01-05 07:00:00,0,2024-01-05 07:00:00,379.73,86.3,3
2024-01-05 07:00:00,1,2024-01-05 08:00:00,379.72,84.8,3
2024-01-05 07:00:00,2,2024-01-05 09:00:00,379.71,83.8,3
2024-01-05 07:00:00,3,2024-01-05 10:00:00,379.7,83.4,3
2024-01-05 07:00:00,4,2024-01-05 11:00:00,379.76,90.6,3
2024-01-05 07:00:00,5,2024-01-05 12:00:00,379.85,101.5,3
2024-01-05 07:00:00,6,2024-01-05 13:00:00,379.9,107.8,3
2024-01-06 07:00:00,0,2024-01-06 07:00:00,379.8,95.3,3
2024-01-06 07:00:00,1,2024-01-06 08:00:00,379.78,93.4,3
2024-01-06 07:00:00,2,2024-01-06 09:00:00,379.77,91.8,3
2024-01-06 07:00:00,3,2024-01-06 10:00:00,379.76,89.9,3
2024-01-06 07:00:00,4,2024-01-06 11:00:00,379.81,97.2,3
2024-01-06 07:00:00,5,2024-01-06 12:00:00,379.83,99.1,3
2024-01-06 07:00:00,6,2024-01-06 13:00:00,379.81,96.7,3
2024-01-07 07:00:00,0,2024-01-07 07:00:00,379.67,79.6,3
2024-01-07 07:00:00,1,2024-01-07 08:00:00,379.65,77.3,3
2024-01-07 07:00:00,2,2024-01-07 09:00:00,379.64,76.0,3
2024-01-07 07:00:00,3,2024-01-07 10:00:00,379.64,75.6,3
2024-01-07 07:00:00,4,2024-01-07 11:00:00,379.65,76.4,3
2024-01-07 07:00:00,5,2024-01-07 12:00:00,379.67,79.1,3
2024-01-07 07:00:00,6,2024-01-07 13:00:00,379.71,83.7,3
2024-01-08 07:00:00,0,2024-01-08 07:00:00,379.58,68.1,3
2024-01-08 07:00:00,1,2024-01-08 08:00:00,379.57,67.3,3
2024-01-08 07:00:00,2,2024-01-08 09:00:00,379.56,66.3,3
2024-01-08 07:00:00,3,2024-01-08 10:00:00,379.55,65.3,3
2024-01-08 07:00:00,4,2024-01-08 11:00:00,379.55,64.7,3
2024-01-08 07:00:00,5,2024-01-08 12:00:00,379.58,68.7,3
2024-01-08 07:00:00,6,2024-01-08 13:00:00,379.62,73.1,3
2024-01-09 07:00:00,0,2024-01-09 07:00:00,379.5,58.8,3
2024-01-09 07:00:00,1,2024-01-09 08:00:00,379.5,59.2,3
2024-01-09 07:00:00,2,2024-01-09 09:00:00,379.49,58.5,3
2024-01-09 07:00:00,3,2024-01-09 10:00:00,379.49,57.8,3
2024-01-09 07:00:00,4,2024-01-09 11:00:00,379.48,57.4,3
2024-01-09 07:00:00,5,2024-01-09 12:00:00,379.48,57.1,3
2024-01-09 07:00:00,6,2024-01-09 13:00:00,379.54,64.0,3
2024-01-10 07:00:00,0,2024-01-10 07:00:00,379.45,53.5,3
2024-01-10 07:00:00,1,2024-01-10 08:00:00,379.45,54.0,3
2024-01-10 07:00:00,2,2024-01-10 09:00:00,379.45,53.4,3
2024-01-10 07:00:00,3,2024-01-10 10:00:00,379.44,52.5,3
2024-01-10 07:00:00,4,2024-01-10 11:00:00,379.44,52.4,3
2024-01-10 07:00:00,5,2024-01-10 12:00:00,379.44,52.2,3
2024-01-10 07:00:00,6,2024-01-10 13:00:00,379.5,58.7,3
2024-01-11 07:00:00,0,2024-01-11 07:00:00,379.43,51.0,3
2024-01-11 07:00:00,1,2024-01-11 08:00:00,379.43,51.6,3
2024-01-11 07:00:00,2,2024-01-11 09:00:00,379.42,50.6,3
2024-01-11 07:00:00,3,2024-01-11 10:00:00,379.42,49.6,3
2024-01-11 07:00:00,4,2024-01-11 11:00:00,379.41,49.5,3
2024-01-11 07:00:00,5,2024-01-11 12:00:00,379.41,49.1,3
2024-01-11 07:00:00,6,2024-01-11 13:00:00,379.47,55.6,3
2024-01-12 07:00:00,0,2024-01-12 07:00:00,379.35,42.1,3
2024-01-12 07:00:00,1,2024-01-12 08:00:00,379.35,42.2,3
2024-01-12 07:00:00,2,2024-01-12 09:00:00,379.35,42.0,3
2024-01-12 07:00:00,3,2024-01-12 10:00:00,379.34,41.2,3
2024-01-12 07:00:00,4,2024-01-12 11:00:00,379.34,41.2,3
2024-01-12 07:00:00,5,2024-01-12 12:00:00,379.34,41.4,3
2024-01-12 07:00:00,6,2024-01-12 13:00:00,379.4,48.0,3
2024-01-13 07:00:00,0,2024-01-13 07:00:00,379.32,39.2,3
2024-01-13 07:00:00,1,2024-01-13 08:00:00,379.33,40.5,3
2024-01-13 07:00:00,2,2024-01-13 09:00:00,379.33,40.2,3
2024-01-13 07:00:00,3,2024-01-13 10:00:00,379.33,40.2,3
2024-01-13 07:00:00,4,2024-01-13 11:00:00,379.32,39.5,3
2024-01-13 07:00:00,5,2024-01-13 12:00:00,379.32,39.5,3
2024-01-13 07:00:00,6,2024-01-13 13:00:00,379.34,41.3,3
2024-01-14 07:00:00,0,2024-01-14 07:00:00,379.29,36.5,3
2024-01-14 07:00:00,1,2024-01-14 08:00:00,379.31,38.8,3
2024-01-14 07:00:00,2,2024-01-14 09:00:00,379.31,38.5,3
2024-01-14 07:00:00,3,2024-01-14 10:00:00,379.31,38.4,3
2024-01-14 07:00:00,4,2024-01-14 11:00:00,379.3,37.7,3
2024-01-14 07:00:00,5,2024-01-14 12:00:00,379.3,37.5,3
2024-01-14 07:00:00,6,2024-01-14 13:00:00,379.31,38.5,3
2024-01-15 07:00:00,0,2024-01-15 07:00:00,379.29,36.8,3
2024-01-15 07:00:00,1,2024-01-15 08:00:00,379.32,39.7,3
2024-01-15 07:00:00,2,2024-01-15 09:00:00,379.33,40.5,3
2024-01-15 07:00:00,3,2024-01-15 10:00:00,379.33,40.5,3
2024-01-15 07:00:00,4,2024-01-15 11:00:00,379.33,40.3,3
2024-01-15 07:00:00,5,2024-01-15 12:00:00,379.35,42.9,3
2024-01-15 07:00:00,6,2024-01-15 13:00:00,379.41,49.4,3
2024-01-16 07:00:00,0,2024-01-16 07:00:00,379.31,38.3,3
2024-01-16 07:00:00,1,2024-01-16 08:00:00,379.32,39.5,3
2024-01-16 07:00:00,2,2024-01-16 09:00:00,379.32,39.6,3
2024-01-16 07:00:00,3,2024-01-16 10:00:00,379.32,39.5,3
2024-01-16 07:00:00,4,2024-01-16 11:00:00,379.32,39.2,3
2024-01-16 07:00:00,5,2024-01-16 12:00:00,379.31,38.9,3
2024-01-16 07:00:00,6,2024-01-16 13:00:00,379.32,39.3,3
2024-01-17 07:00:00,0,2024-01-17 07:00:00,379.31,38.8,3
2024-01-17 07:00:00,1,2024-01-17 08:00:00,379.37,44.3,3
2024-01-17 07:00:00,2,2024-01-17 09:00:00,379.42,50.3,3
2024-01-17 07:00:00,3,2024-01-17 10:00:00,379.5,59.2,3
2024-01-17 07:00:00,4,2024-01-17 11:00:00,379.56,65.8,3
2024-01-17 07:00:00,5,2024-01-17 12:00:00,379.62,73.3,3
2024-01-17 07:00:00,6,2024-01-17 13:00:00,379.74,87.4,3
2024-01-18 07:00:00,0,2024-01-18 07:00:00,381.31,348.3,3
2024-01-18 07:00:00,1,2024-01-18 08:00:00,381.34,355.0,3
2024-01-18 07:00:00,2,2024-01-18 09:00:00,381.24,332.4,3
2024-01-18 07:00:00,3,2024-01-18 10:00:00,381.18,320.0,3
2024-01-18 07:00:00,4,2024-01-18 11:00:00,381.12,308.1,3
2024-01-18 07:00:00,5,2024-01-18 12:00:00,381.05,294.6,3
2024-01-18 07:00:00,6,2024-01-18 13:00:00,380.96,278.1,3
2024-01-19 07:00:00,0,2024-01-19 07:00:00,381.05,294.1,3
2024-01-19 07:00:00,1,2024-01-19 08:00:00,381.0,284.4,3
2024-01-19 07:00:00,2,2024-01-19 09:00:00,380.91,268.0,3
2024-01-19 07:00:00,3,2024-01-19 10:00:00,380.8,247.0,3
2024-01-19 07:00:00,4,2024-01-19 11:00:00,380.73,236.1,3
2024-01-19 07:00:00,5,2024-01-19 12:00:00,380.69,228.1,3
2024-01-19 07:00:00,6,2024-01-19 13:00:00,380.66,222.4,3
2024-01-20 07:00:00,0,2024-01-20 07:00:00,380.16,143.8,3
2024-01-20 07:00:00,1,2024-01-20 08:00:00,380.13,139.5,3
2024-01-20 07:00:00,2,2024-01-20 09:00:00,380.1,135.2,3
2024-01-20 07:00:00,3,2024-01-20 10:00:00,380.09,134.1,3
2024-01-20 07:00:00,4,2024-01-20 11:00:00,380.05,128.8,3
2024-01-20 07:00:00,5,2024-01-20 12:00:00,380.03,125.8,3
2024-01-20 07:00:00,6,2024-01-20 13:00:00,380.01,123.3,3
2024-01-21 07:00:00,0,2024-01-21 07:00:00,379.87,103.8,3
2024-01-21 07:00:00,1,2024-01-21 08:00:00,379.86,103.2,3
2024-01-21 07:00:00,2,2024-01-21 09:00:00,379.86,102.5,3
2024-01-21 07:00:00,3,2024-01-21 10:00:00,379.85,101.8,3
2024-01-21 07:00:00,4,2024-01-21 11:00:00,379.85,101.1,3
2024-01-21 07:00:00,5,2024-01-21 12:00:00,379.86,103.2,3
2024-01-21 07:00:00,6,2024-01-21 13:00:00,379.86,103.4,3
2024-01-22 07:00:00,0,2024-01-22 07:00:00,379.69,81.4,3
2024-01-22 07:00:00,1,2024-01-22 08:00:00,379.68,80.8,3
2024-01-22 07:00:00,2,2024-01-22 09:00:00,379.68,81.0,3
2024-01-22 07:00:00,3,2024-01-22 10:00:00,379.69,81.3,3
2024-01-22 07:00:00,4,2024-01-22 11:00:00,379.68,80.9,3
2024-01-22 07:00:00,5,2024-01-22 12:00:00,379.71,83.5,3
2024-01-22 07:00:00,6,2024-01-22 13:00:00,379.74,87.8,3
2024-01-23 07:00:00,0,2024-01-23 07:00:00,380.32,168.4,3
2024-01-23 07:00:00,1,2024-01-23 08:00:00,380.3,164.3,3
2024-01-23 07:00:00,2,2024-01-23 09:00:00,380.29,163.0,3
2024-01-23 07:00:00,3,2024-01-23 10:00:00,380.37,175.1,3
2024-01-23 07:00:00,4,2024-01-23 11:00:00,380.31,166.0,3
2024-01-23 07:00:00,5,2024-01-23 12:00:00,380.27,159.6,3
2024-01-23 07:00:00,6,2024-01-23 13:00:00,380.23,153.9,3
2024-01-24 07:00:00,0,2024-01-24 07:00:00,379.82,98.0,3
2024-01-24 07:00:00,1,2024-01-24 08:00:00,379.82,97.3,3
2024-01-24 07:00:00,2,2024-01-24 09:00:00,379.81,96.6,3
2024-01-24 07:00:00,3,2024-01-24 10:00:00,379.8,95.9,3
2024-01-24 07:00:00,4,2024-01-24 11:00:00,379.87,104.3,3
2024-01-24 07:00:00,5,2024-01-24 12:00:00,379.9,108.0,3
2024-01-24 07:00:00,6,2024-01-24 13:00:00,379.89,107.6,3
2024-01-25 07:00:00,0,2024-01-25 07:00:00,379.86,103.4,3
2024-01-25 07:00:00,1,2024-01-25 08:00:00,379.85,102.4,3
2024-01-25 07:00:00,2,2024-01-25 09:00:00,379.85,101.8,3
2024-01-25 07:00:00,3,2024-01-25 10:00:00,379.85,101.3,3
2024-01-25 07:00:00,4,2024-01-25 11:00:00,379.9,108.0,3
2024-01-25 07:00:00,5,2024-01-25 12:00:00,379.91,110.0,3
2024-01-25 07:00:00,6,2024-01-25 13:00:00,379.9,108.8,3
2024-01-26 07:00:00,0,2024-01-26 07:00:00,379.75,88.7,3
2024-01-26 07:00:00,1,2024-01-26 08:00:00,379.75,89.0,3
2024-01-26 07:00:00,2,2024-01-26 09:00:00,379.74,88.0,3
2024-01-26 07:00:00,3,2024-01-26 10:00:00,379.72,85.0,3
2024-01-26 07:00:00,4,2024-01-26 11:00:00,379.73,86.8,3
2024-01-26 07:00:00,5,2024-01-26 12:00:00,379.78,92.8,3
2024-01-26 07:00:00,6,2024-01-26 13:00:00,379.77,91.5,3
2024-01-27 07:00:00,0,2024-01-27 07:00:00,379.67,79.1,3
2024-01-27 07:00:00,1,2024-01-27 08:00:00,379.66,78.6,3
2024-01-27 07:00:00,2,2024-01-27 09:00:00,379.66,78.1,3
2024-01-27 07:00:00,3,2024-01-27 10:00:00,379.65,76.8,3
2024-01-27 07:00:00,4,2024-01-27 11:00:00,379.68,80.8,3
2024-01-27 07:00:00,5,2024-01-27 12:00:00,379.74,87.2,3
2024-01-27 07:00:00,6,2024-01-27 13:00:00,379.72,85.9,3
2024-01-28 07:00:00,0,2024-01-28 07:00:00,379.6,71.4,3
2024-01-28 07:00:00,1,2024-01-28 08:00:00,379.6,71.3,3
2024-01-28 07:00:00,2,2024-01-28 09:00:00,379.58,69.0,3
2024-01-28 07:00:00,3,2024-01-28 10:00:00,379.58,68.3,3
2024-01-28 07:00:00,4,2024-01-28 11:00:00,379.57,67.8,3
2024-01-28 07:00:00,5,2024-01-28 12:00:00,379.61,71.5,3
2024-01-28 07:00:00,6,2024-01-28 13:00:00,379.64,75.6,3
2024-01-29 07:00:00,0,2024-01-29 07:00:00,379.54,63.9,3
2024-01-29 07:00:00,1,2024-01-29 08:00:00,379.54,63.8,3
2024-01-29 07:00:00,2,2024-01-29 09:00:00,379.53,62.7,3
2024-01-29 07:00:00,3,2024-01-29 10:00:00,379.52,62.1,3
2024-01-29 07:00:00,4,2024-01-29 11:00:00,379.52,61.9,3
2024-01-29 07:00:00,5,2024-01-29 12:00:00,379.53,62.2,3
2024-01-29 07:00:00,6,2024-01-29 13:00:00,379.6,70.4,3
2024-01-30 07:00:00,0,2024-01-30 07:00:00,379.46,54.2,3
2024-01-30 07:00:00,1,2024-01-30 08:00:00,379.47,55.3,3
2024-01-30 07:00:00,2,2024-01-30 09:00:00,379.47,55.2,3
2024-01-30 07:00:00,3,2024-01-30 10:00:00,379.46,55.0,3
2024-01-30 07:00:00,4,2024-01-30 11:00:00,379.46,54.4,3
2024-01-30 07:00:00,5,2024-01-30 12:00:00,379.46,54.2,3
2024-01-30 07:00:00,6,2024-01-30 13:00:00,379.54,63.5,3
2024-01-31 07:00:00,0,2024-01-31 07:00:00,379.42,49.7,3
2024-01-31 07:00:00,1,2024-01-31 08:00:00,379.43,50.7,3
2024-01-31 07:00:00,2,2024-01-31 09:00:00,379.42,50.6,3
2024-01-31 07:00:00,3,2024-01-31 10:00:00,379.42,50.5,3
2024-01-31 07:00:00,4,2024-01-31 11:00:00,379.42,50.2,3
2024-01-31 07:00:00,5,2024-01-31 12:00:00,379.42,50.0,3
2024-01-31 07:00:00,6,2024-01-31 13:00:00,379.48,56.9,3
2024-02-01 07:00:00,0,2024-02-01 07:00:00,379.4,48.0,3
2024-02-01 07:00:00,1,2024-02-01 08:00:00,379.41,49.2,3
2024-02-01 07:00:00,2,2024-02-01 09:00:00,379.41,49.4,3
2024-02-01 07:00:00,3,2024-02-01 10:00:00,379.41,49.1,3
2024-02-01 07:00:00,4,2024-02-01 11:00:00,379.41,48.9,3
2024-02-01 07:00:00,5,2024-02-01 12:00:00,379.41,48.7,3
2024-02-01 07:00:00,6,2024-02-01 13:00:00,379.48,57.3,3
2024-02-02 07:00:00,0,2024-02-02 07:00:00,379.34,41.9,3
2024-02-02 07:00:00,1,2024-02-02 08:00:00,379.36,43.6,3
2024-02-02 07:00:00,2,2024-02-02 09:00:00,379.36,43.8,3
2024-02-02 07:00:00,3,2024-02-02 10:00:00,379.37,44.2,3
2024-02-02 07:00:00,4,2024-02-02 11:00:00,379.37,44.2,3
2024-02-02 07:00:00,5,2024-02-02 12:00:00,379.36,43.9,3
2024-02-02 07:00:00,6,2024-02-02 13:00:00,379.43,51.8,3
2024-02-03 07:00:00,0,2024-02-03 07:00:00,379.32,39.2,3
2024-02-03 07:00:00,1,2024-02-03 08:00:00,379.33,40.6,3
2024-02-03 07:00:00,2,2024-02-03 09:00:00,379.33,40.8,3
2024-02-03 07:00:00,3,2024-02-03 10:00:00,379.34,41.0,3
2024-02-03 07:00:00,4,2024-02-03 11:00:00,379.34,41.1,3
2024-02-03 07:00:00,5,2024-02-03 12:00:00,379.34,41.4,3
2024-02-03 07:00:00,6,2024-02-03 13:00:00,379.42,50.0,3
2024-02-04 07:00:00,0,2024-02-04 07:00:00,379.31,38.4,3
2024-02-04 07:00:00,1,2024-02-04 08:00:00,379.33,40.4,3
2024-02-04 07:00:00,2,2024-02-04 09:00:00,379.33,40.9,3
2024-02-04 07:00:00,3,2024-02-04 10:00:00,379.33,40.7,3
2024-02-04 07:00:00,4,2024-02-04 11:00:00,379.33,40.5,3
2024-02-04 07:00:00,5,2024-02-04 12:00:00,379.33,40.6,3
2024-02-04 07:00:00,6,2024-02-04 13:00:00,379.42,49.8,3
2024-02-05 07:00:00,0,2024-02-05 07:00:00,379.29,36.5,3
2024-02-05 07:00:00,1,2024-02-05 08:00:00,379.3,37.8,3
2024-02-05 07:00:00,2,2024-02-05 09:00:00,379.31,38.5,3
2024-02-05 07:00:00,3,2024-02-05 10:00:00,379.31,38.4,3
2024-02-05 07:00:00,4,2024-02-05 11:00:00,379.3,37.9,3
2024-02-05 07:00:00,5,2024-02-05 12:00:00,379.3,37.9,3
2024-02-05 07:00:00,6,2024-02-05 13:00:00,379.39,46.3,3
2024-02-06 07:00:00,0,2024-02-06 07:00:00,379.32,39.5,3
2024-02-06 07:00:00,1,2024-02-06 08:00:00,379.34,41.4,3
2024-02-06 07:00:00,2,2024-02-06 09:00:00,379.35,42.4,3
2024-02-06 07:00:00,3,2024-02-06 10:00:00,379.35,42.3,3
2024-02-06 07:00:00,4,2024-02-06 11:00:00,379.35,42.1,3
2024-02-06 07:00:00,5,2024-02-06 12:00:00,379.34,41.6,3
2024-02-06 07:00:00,6,2024-02-06 13:00:00,379.37,45.2,3
2024-02-07 07:00:00,0,2024-02-07 07:00:00,379.26,33.8,3
2024-02-07 07:00:00,1,2024-02-07 08:00:00,379.29,36.2,3
2024-02-07 07:00:00,2,2024-02-07 09:00:00,379.29,36.7,3
2024-02-07 07:00:00,3,2024-02-07 10:00:00,379.29,36.9,3
2024-02-07 07:00:00,4,2024-02-07 11:00:00,379.3,37.0,3
2024-02-07 07:00:00,5,2024-02-07 12:00:00,379.29,36.8,3
2024-02-07 07:00:00,6,2024-02-07 13:00:00,379.33,40.6,3
2024-02-08 07:00:00,0,2024-02-08 07:00:00,379.37,44.2,3
2024-02-08 07:00:00,1,2024-02-08 08:00:00,379.37,44.8,3
2024-02-08 07:00:00,2,2024-02-08 09:00:00,379.37,44.8,3
2024-02-08 07:00:00,3,2024-02-08 10:00:00,379.37,44.2,3
2024-02-08 07:00:00,4,2024-02-08 11:00:00,379.38,45.4,3
2024-02-08 07:00:00,5,2024-02-08 12:00:00,379.54,64.1,3
2024-02-08 07:00:00,6,2024-02-08 13:00:00,379.56,66.3,3
2024-02-09 07:00:00,0,2024-02-09 07:00:00,379.49,57.6,3
2024-02-09 07:00:00,1,2024-02-09 08:00:00,379.51,60.7,3
2024-02-09 07:00:00,2,2024-02-09 09:00:00,379.52,61.1,3
2024-02-09 07:00:00,3,2024-02-09 10:00:00,379.51,59.9,3
2024-02-09 07:00:00,4,2024-02-09 11:00:00,379.74,87.7,3
2024-02-09 07:00:00,5,2024-02-09 12:00:00,379.77,91.1,3
2024-02-09 07:00:00,6,2024-02-09 13:00:00,379.74,87.5,3
2024-02-10 07:00:00,0,2024-02-10 07:00:00,379.55,64.0,3
2024-02-10 07:00:00,1,2024-02-10 08:00:00,379.55,64.1,3
2024-02-10 07:00:00,2,2024-02-10 09:00:00,379.54,63.4,3
2024-02-10 07:00:00,3,2024-02-10 10:00:00,379.54,62.9,3
2024-02-10 07:00:00,4,2024-02-10 11:00:00,379.53,62.0,3
2024-02-10 07:00:00,5,2024-02-10 12:00:00,379.58,67.7,3
2024-02-10 07:00:00,6,2024-02-10 13:00:00,379.62,72.7,3
2024-02-11 07:00:00,0,2024-02-11 07:00:00,379.48,56.2,3
2024-02-11 07:00:00,1,2024-02-11 08:00:00,379.48,56.9,3
2024-02-11 07:00:00,2,2024-02-11 09:00:00,379.48,56.8,3
2024-02-11 07:00:00,3,2024-02-11 10:00:00,379.49,57.2,3
2024-02-11 07:00:00,4,2024-02-11 11:00:00,379.6,70.0,3
2024-02-11 07:00:00,5,2024-02-11 12:00:00,379.6,70.6,3
2024-02-11 07:00:00,6,2024-02-11 13:00:00,379.61,71.2,3
2024-02-12 07:00:00,0,2024-02-12 07:00:00,379.43,51.3,3
2024-02-12 07:00:00,1,2024-02-12 08:00:00,379.44,51.8,3
2024-02-12 07:00:00,2,2024-02-12 09:00:00,379.43,51.4,3
2024-02-12 07:00:00,3,2024-02-12 10:00:00,379.43,51.1,3
2024-02-12 07:00:00,4,2024-02-12 11:00:00,379.43,50.9,3
2024-02-12 07:00:00,5,2024-02-12 12:00:00,379.48,56.4,3
2024-02-12 07:00:00,6,2024-02-12 13:00:00,379.53,62.3,3
2024-02-13 07:00:00,0,2024-02-13 07:00:00,379.34,41.9,3
2024-02-13 07:00:00,1,2024-02-13 08:00:00,379.35,42.4,3
2024-02-13 07:00:00,2,2024-02-13 09:00:00,379.36,43.1,3
2024-02-13 07:00:00,3,2024-02-13 10:00:00,379.36,43.7,3
2024-02-13 07:00:00,4,2024-02-13 11:00:00,379.37,44.3,3
2024-02-13 07:00:00,5,2024-02-13 12:00:00,379.37,44.8,3
2024-02-13 07:00:00,6,2024-02-13 13:00:00,379.38,45.3,3
2024-02-14 07:00:00,0,2024-02-14 07:00:00,379.28,35.5,3
2024-02-14 07:00:00,1,2024-02-14 08:00:00,379.28,36.0,3
2024-02-14 07:00:00,2,2024-02-14 09:00:00,379.29,36.5,3
2024-02-14 07:00:00,3,2024-02-14 10:00:00,379.29,36.9,3
2024-02-14 07:00:00,4,2024-02-14 11:00:00,379.3,37.4,3
2024-02-14 07:00:00,5,2024-02-14 12:00:00,379.3,37.8,3
2024-02-14 07:00:00,6,2024-02-14 13:00:00,379.31,38.3,3
2024-02-15 07:00:00,0,2024-02-15 07:00:00,379.25,32.5,3
2024-02-15 07:00:00,1,2024-02-15 08:00:00,379.25,32.9,3
2024-02-15 07:00:00,2,2024-02-15 09:00:00,379.26,33.3,3
2024-02-15 07:00:00,3,2024-02-15 10:00:00,379.26,33.8,3
2024-02-15 07:00:00,4,2024-02-15 11:00:00,379.26,34.2,3
2024-02-15 07:00:00,5,2024-02-15 12:00:00,379.27,34.5,3
2024-02-15 07:00:00,6,2024-02-15 13:00:00,379.27,35.0,3
2024-02-16 07:00:00,0,2024-02-16 07:00:00,379.24,31.7,3
2024-02-16 07:00:00,1,2024-02-16 08:00:00,379.24,32.0,3
2024-02-16 07:00:00,2,2024-02-16 09:00:00,379.24,32.3,3
2024-02-16 07:00:00,3,2024-02-16 10:00:00,379.25,32.6,3
2024-02-16 07:00:00,4,2024-02-16 11:00:00,379.25,33.0,3
2024-02-16 07:00:00,5,2024-02-16 12:00:00,379.26,33.6,3
2024-02-16 07:00:00,6,2024-02-16 13:00:00,379.26,34.1,3
2024-02-17 07:00:00,0,2024-02-17 07:00:00,379.24,32.2,3
2024-02-17 07:00:00,1,2024-02-17 08:00:00,379.24,32.4,3
2024-02-17 07:00:00,2,2024-02-17 09:00:00,379.25,32.6,3
2024-02-17 07:00:00,3,2024-02-17 10:00:00,379.25,33.0,3
2024-02-17 07:00:00,4,2024-02-17 11:00:00,379.26,33.5,3
2024-02-17 07:00:00,5,2024-02-17 12:00:00,379.26,33.9,3
2024-02-17 07:00:00,6,2024-02-17 13:00:00,379.27,34.2,3
2024-02-18 07:00:00,0,2024-02-18 07:00:00,379.24,32.0,3
2024-02-18 07:00:00,1,2024-02-18 08:00:00,379.24,32.3,3
2024-02-18 07:00:00,2,2024-02-18 09:00:00,379.25,32.7,3
2024-02-18 07:00:00,3,2024-02-18 10:00:00,379.25,33.0,3
2024-02-18 07:00:00,4,2024-02-18 11:00:00,379.25,33.3,3
2024-02-18 07:00:00,5,2024-02-18 12:00:00,379.26,33.5,3
2024-02-18 07:00:00,6,2024-02-18 13:00:00,379.26,33.7,3
2024-02-19 07:00:00,0,2024-02-19 07:00:00,379.23,31.5,3
2024-02-19 07:00:00,1,2024-02-19 08:00:00,379.24,32.1,3
2024-02-19 07:00:00,2,2024-02-19 09:00:00,379.25,32.6,3
2024-02-19 07:00:00,3,2024-02-19 10:00:00,379.25,32.9,3
2024-02-19 07:00:00,4,2024-02-19 11:00:00,379.25,33.1,3
2024-02-19 07:00:00,5,2024-02-19 12:00:00,379.25,33.2,3
2024-02-19 07:00:00,6,2024-02-19 13:00:00,379.25,33.2,3
2024-02-20 07:00:00,0,2024-02-20 07:00:00,379.25,33.2,3
2024-02-20 07:00:00,1,2024-02-20 08:00:00,379.25,33.3,3
2024-02-20 07:00:00,2,2024-02-20 09:00:00,379.26,33.7,3
2024-02-20 07:00:00,3,2024-02-20 10:00:00,379.26,33.6,3
2024-02-20 07:00:00,4,2024-02-20 11:00:00,379.26,33.4,3
2024-02-20 07:00:00,5,2024-02-20 12:00:00,379.25,33.3,3
2024-02-20 07:00:00,6,2024-02-20 13:00:00,379.26,33.4,3
2024-02-21 07:00:00,0,2024-02-21 07:00:00,379.2,29.1,3
2024-02-21 07:00:00,1,2024-02-21 08:00:00,379.2,28.7,3
2024-02-21 07:00:00,2,2024-02-21 09:00:00,379.2,28.5,3
2024-02-21 07:00:00,3,2024-02-21 10:00:00,379.2,28.4,3
2024-02-21 07:00:00,4,2024-02-21 11:00:00,379.19,28.3,3
2024-02-21 07:00:00,5,2024-02-21 12:00:00,379.19,28.0,3
2024-02-21 07:00:00,6,2024-02-21 13:00:00,379.19,27.9,3
2024-02-22 07:00:00,0,2024-02-22 07:00:00,379.21,29.5,3
2024-02-22 07:00:00,1,2024-02-22 08:00:00,379.22,30.0,3
2024-02-22 07:00:00,2,2024-02-22 09:00:00,379.24,31.6,3
2024-02-22 07:00:00,3,2024-02-22 10:00:00,379.28,35.8,3
2024-02-22 07:00:00,4,2024-02-22 11:00:00,379.33,40.8,3
2024-02-22 07:00:00,5,2024-02-22 12:00:00,379.36,43.3,3
2024-02-22 07:00:00,6,2024-02-22 13:00:00,379.38,45.8,3
2024-02-23 07:00:00,0,2024-02-23 07:00:00,379.98,118.0,3
2024-02-23 07:00:00,1,2024-02-23 08:00:00,379.81,96.7,3
2024-02-23 07:00:00,2,2024-02-23 09:00:00,379.64,75.3,3
2024-02-23 07:00:00,3,2024-02-23 10:00:00,379.49,58.1,3
2024-02-23 07:00:00,4,2024-02-23 11:00:00,379.38,45.4,3
2024-02-23 07:00:00,5,2024-02-23 12:00:00,379.33,40.4,3
2024-02-23 07:00:00,6,2024-02-23 13:00:00,379.2,28.9,3
2024-02-24 07:00:00,0,2024-02-24 07:00:00,379.77,90.9,3
2024-02-24 07:00:00,1,2024-02-24 08:00:00,379.76,90.3,3
2024-02-24 07:00:00,2,2024-02-24 09:00:00,379.76,89.4,3
2024-02-24 07:00:00,3,2024-02-24 10:00:00,379.75,88.1,3
2024-02-24 07:00:00,4,2024-02-24 11:00:00,379.74,86.8,3
2024-02-24 07:00:00,5,2024-02-24 12:00:00,379.73,85.6,3
2024-02-24 07:00:00,6,2024-02-24 13:00:00,379.72,84.8,3
2024-02-25 07:00:00,0,2024-02-25 07:00:00,379.56,65.5,3
2024-02-25 07:00:00,1,2024-02-25 08:00:00,379.55,65.0,3
2024-02-25 07:00:00,2,2024-02-25 09:00:00,379.55,64.7,3
2024-02-25 07:00:00,3,2024-02-25 10:00:00,379.55,64.3,3
2024-02-25 07:00:00,4,2024-02-25 11:00:00,379.54,63.9,3
2024-02-25 07:00:00,5,2024-02-25 12:00:00,379.54,63.5,3
2024-02-25 07:00:00,6,2024-02-25 13:00:00,379.54,63.2,3
2024-02-26 07:00:00,0,2024-02-26 07:00:00,379.65,76.0,3
2024-02-26 07:00:00,1,2024-02-26 08:00:00,379.66,77.7,3
2024-02-26 07:00:00,2,2024-02-26 09:00:00,379.65,76.4,3
2024-02-26 07:00:00,3,2024-02-26 10:00:00,379.64,75.5,3
2024-02-26 07:00:00,4,2024-02-26 11:00:00,379.65,76.1,3
2024-02-26 07:00:00,5,2024-02-26 12:00:00,379.66,77.2,3
2024-02-26 07:00:00,6,2024-02-26 13:00:00,379.66,77.8,3
2024-02-27 07:00:00,0,2024-02-27 07:00:00,379.47,55.1,3
2024-02-27 07:00:00,1,2024-02-27 08:00:00,379.47,54.9,3
2024-02-27 07:00:00,2,2024-02-27 09:00:00,379.46,54.8,3
2024-02-27 07:00:00,3,2024-02-27 10:00:00,379.46,54.7,3
2024-02-27 07:00:00,4,2024-02-27 11:00:00,379.46,54.7,3
2024-02-27 07:00:00,5,2024-02-27 12:00:00,379.46,54.6,3
2024-02-27 07:00:00,6,2024-02-27 13:00:00,379.46,54.7,3
2024-02-28 07:00:00,0,2024-02-28 07:00:00,379.38,45.3,3
2024-02-28 07:00:00,1,2024-02-28 08:00:00,379.38,45.3,3
2024-02-28 07:00:00,2,2024-02-28 09:00:00,379.38,45.6,3
2024-02-28 07:00:00,3,2024-02-28 10:00:00,379.38,45.8,3
2024-02-28 07:00:00,4,2024-02-28 11:00:00,379.39,46.1,3
2024-02-28 07:00:00,5,2024-02-28 12:00:00,379.39,46.3,3
2024-02-28 07:00:00,6,2024-02-28 13:00:00,379.39,46.5,3
2024-02-29 07:00:00,0,2024-02-29 07:00:00,379.36,43.3,3
2024-02-29 07:00:00,1,2024-02-29 08:00:00,379.36,43.4,3
2024-02-29 07:00:00,2,2024-02-29 09:00:00,379.36,43.6,3
2024-02-29 07:00:00,3,2024-02-29 10:00:00,379.36,43.9,3
2024-02-29 07:00:00,4,2024-02-29 11:00:00,379.37,44.2,3
2024-02-29 07:00:00,5,2024-02-29 12:00:00,379.37,44.4,3
2024-02-29 07:00:00,6,2024-02-29 13:00:00,379.37,44.6,3
2024-03-01 07:00:00,0,2024-03-01 07:00:00,379.31,38.1,3
2024-03-01 07:00:00,1,2024-03-01 08:00:00,379.31,38.8,3
2024-03-01 07:00:00,2,2024-03-01 09:00:00,379.32,39.7,3
2024-03-01 07:00:00,3,2024-03-01 10:00:00,379.33,40.9,3
2024-03-01 07:00:00,4,2024-03-01 11:00:00,379.35,42.4,3
2024-03-01 07:00:00,5,2024-03-01 12:00:00,379.36,43.6,3
2024-03-01 07:00:00,6,2024-03-01 13:00:00,379.37,44.0,3
2024-03-02 07:00:00,0,2024-03-02 07:00:00,379.3,37.2,3
2024-03-02 07:00:00,1,2024-03-02 08:00:00,379.3,37.6,3
2024-03-02 07:00:00,2,2024-03-02 09:00:00,379.31,38.0,3
2024-03-02 07:00:00,3,2024-03-02 10:00:00,379.31,38.4,3
2024-03-02 07:00:00,4,2024-03-02 11:00:00,379.31,38.7,3
2024-03-02 07:00:00,5,2024-03-02 12:00:00,379.32,39.1,3
2024-03-02 07:00:00,6,2024-03-02 13:00:00,379.32,39.4,3
2024-03-03 07:00:00,0,2024-03-03 07:00:00,379.25,33.0,3
2024-03-03 07:00:00,1,2024-03-03 08:00:00,379.26,33.3,3
2024-03-03 07:00:00,2,2024-03-03 09:00:00,379.26,33.7,3
2024-03-03 07:00:00,3,2024-03-03 10:00:00,379.27,34.2,3
2024-03-03 07:00:00,4,2024-03-03 11:00:00,379.27,34.8,3
2024-03-03 07:00:00,5,2024-03-03 12:00:00,379.28,35.3,3
2024-03-03 07:00:00,6,2024-03-03 13:00:00,379.28,35.9,3
2024-03-04 07:00:00,0,2024-03-04 07:00:00,379.29,36.2,3
2024-03-04 07:00:00,1,2024-03-04 08:00:00,379.3,37.2,3
2024-03-04 07:00:00,2,2024-03-04 09:00:00,379.31,38.2,3
2024-03-04 07:00:00,3,2024-03-04 10:00:00,379.32,39.1,3
2024-03-04 07:00:00,4,2024-03-04 11:00:00,379.33,40.0,3
2024-03-04 07:00:00,5,2024-03-04 12:00:00,379.33,40.7,3
2024-03-04 07:00:00,6,2024-03-04 13:00:00,379.34,41.3,3
2024-03-05 07:00:00,0,2024-03-05 07:00:00,379.21,29.2,3
2024-03-05 07:00:00,1,2024-03-05 08:00:00,379.21,29.2,3
2024-03-05 07:00:00,2,2024-03-05 09:00:00,379.21,29.4,3
2024-03-05 07:00:00,3,2024-03-05 10:00:00,379.21,29.5,3
2024-03-05 07:00:00,4,2024-03-05 11:00:00,379.21,29.7,3
2024-03-05 07:00:00,5,2024-03-05 12:00:00,379.21,29.9,3
2024-03-05 07:00:00,6,2024-03-05 13:00:00,379.22,30.0,3
2024-03-06 07:00:00,0,2024-03-06 07:00:00,379.24,32.2,3
2024-03-06 07:00:00,1,2024-03-06 08:00:00,379.24,31.7,3
2024-03-06 07:00:00,2,2024-03-06 09:00:00,379.24,31.9,3
2024-03-06 07:00:00,3,2024-03-06 10:00:00,379.24,31.9,3
2024-03-06 07:00:00,4,2024-03-06 11:00:00,379.24,32.0,3
2024-03-06 07:00:00,5,2024-03-06 12:00:00,379.24,32.1,3
2024-03-06 07:00:00,6,2024-03-06 13:00:00,379.24,32.3,3
2024-03-07 07:00:00,0,2024-03-07 07:00:00,379.18,27.5,3
2024-03-07 07:00:00,1,2024-03-07 08:00:00,379.18,27.4,3
2024-03-07 07:00:00,2,2024-03-07 09:00:00,379.18,27.1,3
2024-03-07 07:00:00,3,2024-03-07 10:00:00,379.17,26.7,3
2024-03-07 07:00:00,4,2024-03-07 11:00:00,379.17,26.4,3
2024-03-07 07:00:00,5,2024-03-07 12:00:00,379.17,26.2,3
2024-03-07 07:00:00,6,2024-03-07 13:00:00,379.17,26.1,3
2024-03-08 07:00:00,0,2024-03-08 07:00:00,379.11,22.4,3
2024-03-08 07:00:00,1,2024-03-08 08:00:00,379.11,22.2,3
2024-03-08 07:00:00,2,2024-03-08 09:00:00,379.11,22.2,3
2024-03-08 07:00:00,3,2024-03-08 10:00:00,379.11,22.5,3
2024-03-08 07:00:00,4,2024-03-08 11:00:00,379.12,22.6,3
2024-03-08 07:00:00,5,2024-03-08 12:00:00,379.11,22.5,3
2024-03-08 07:00:00,6,2024-03-08 13:00:00,379.11,22.3,3
2024-03-09 07:00:00,0,2024-03-09 07:00:00,379.17,26.2,3
2024-03-09 07:00:00,1,2024-03-09 08:00:00,379.16,26.0,3
2024-03-09 07:00:00,2,2024-03-09 09:00:00,379.16,25.9,3
2024-03-09 07:00:00,3,2024-03-09 10:00:00,379.16,25.9,3
2024-03-09 07:00:00,4,2024-03-09 11:00:00,379.16,26.0,3
2024-03-09 07:00:00,5,2024-03-09 12:00:00,379.16,25.9,3
2024-03-09 07:00:00,6,2024-03-09 13:00:00,379.16,25.8,3
2024-03-10 07:00:00,0,2024-03-10 07:00:00,379.12,23.1,3
2024-03-10 07:00:00,1,2024-03-10 08:00:00,379.12,23.0,3
2024-03-10 07:00:00,2,2024-03-10 09:00:00,379.13,23.4,3
2024-03-10 07:00:00,3,2024-03-10 10:00:00,379.13,23.6,3
2024-03-10 07:00:00,4,2024-03-10 11:00:00,379.13,23.7,3
2024-03-10 07:00:00,5,2024-03-10 12:00:00,379.13,23.7,3
2024-03-10 07:00:00,6,2024-03-10 13:00:00,379.13,23.6,3
2024-03-11 07:00:00,0,2024-03-11 07:00:00,379.14,24.4,3
2024-03-11 07:00:00,1,2024-03-11 08:00:00,379.14,24.3,3
2024-03-11 07:00:00,2,2024-03-11 09:00:00,379.13,23.9,3
2024-03-11 07:00:00,3,2024-03-11 10:00:00,379.13,23.8,3
2024-03-11 07:00:00,4,2024-03-11 11:00:00,379.12,23.1,3
2024-03-11 07:00:00,5,2024-03-11 12:00:00,379.11,22.3,3
2024-03-11 07:00:00,6,2024-03-11 13:00:00,379.1,21.9,3
2024-03-12 07:00:00,0,2024-03-12 07:00:00,379.13,23.3,3
2024-03-12 07:00:00,1,2024-03-12 08:00:00,379.12,23.2,3
2024-03-12 07:00:00,2,2024-03-12 09:00:00,379.12,23.1,3
2024-03-12 07:00:00,3,2024-03-12 10:00:00,379.12,23.2,3
2024-03-12 07:00:00,4,2024-03-12 11:00:00,379.13,23.6,3
2024-03-12 07:00:00,5,2024-03-12 12:00:00,379.14,24.3,3
2024-03-12 07:00:00,6,2024-03-12 13:00:00,379.14,24.6,3
2024-03-13 07:00:00,0,2024-03-13 07:00:00,379.12,22.6,3
2024-03-13 07:00:00,1,2024-03-13 08:00:00,379.12,22.6,3
2024-03-13 07:00:00,2,2024-03-13 09:00:00,379.12,22.7,3
2024-03-13 07:00:00,3,2024-03-13 10:00:00,379.12,22.9,3
2024-03-13 07:00:00,4,2024-03-13 11:00:00,379.12,22.9,3
2024-03-13 07:00:00,5,2024-03-13 12:00:00,379.12,23.1,3
2024-03-13 07:00:00,6,2024-03-13 13:00:00,379.12,23.2,3
2024-03-14 07:00:00,0,2024-03-14 07:00:00,379.13,23.9,3
2024-03-14 07:00:00,1,2024-03-14 08:00:00,379.13,23.8,3
2024-03-14 07:00:00,2,2024-03-14 09:00:00,379.13,23.7,3
2024-03-14 07:00:00,3,2024-03-14 10:00:00,379.13,23.7,3
2024-03-14 07:00:00,4,2024-03-14 11:00:00,379.13,23.8,3
2024-03-14 07:00:00,5,2024-03-14 12:00:00,379.13,23.9,3
2024-03-14 07:00:00,6,2024-03-14 13:00:00,379.13,23.9,3
2024-03-15 07:00:00,0,2024-03-15 07:00:00,379.15,24.7,3
2024-03-15 07:00:00,1,2024-03-15 08:00:00,379.14,24.6,3
2024-03-15 07:00:00,2,2024-03-15 09:00:00,379.14,24.5,3
2024-03-15 07:00:00,3,2024-03-15 10:00:00,379.15,24.7,3
2024-03-15 07:00:00,4,2024-03-15 11:00:00,379.15,24.7,3
2024-03-15 07:00:00,5,2024-03-15 12:00:00,379.15,25.1,3
2024-03-15 07:00:00,6,2024-03-15 13:00:00,379.16,25.5,3
2024-03-16 07:00:00,0,2024-03-16 07:00:00,379.27,34.2,3
2024-03-16 07:00:00,1,2024-03-16 08:00:00,379.29,36.8,3
2024-03-16 07:00:00,2,2024-03-16 09:00:00,379.32,39.1,3
2024-03-16 07:00:00,3,2024-03-16 10:00:00,379.36,43.6,3
2024-03-16 07:00:00,4,2024-03-16 11:00:00,379.39,46.9,3
2024-03-16 07:00:00,5,2024-03-16 12:00:00,379.43,50.9,3
2024-03-16 07:00:00,6,2024-03-16 13:00:00,379.46,54.0,3
2024-03-17 07:00:00,0,2024-03-17 07:00:00,379.36,43.7,3
2024-03-17 07:00:00,1,2024-03-17 08:00:00,379.36,43.2,3
2024-03-17 07:00:00,2,2024-03-17 09:00:00,379.36,43.0,3
2024-03-17 07:00:00,3,2024-03-17 10:00:00,379.35,42.6,3
2024-03-17 07:00:00,4,2024-03-17 11:00:00,379.35,42.3,3
2024-03-17 07:00:00,5,2024-03-17 12:00:00,379.35,42.1,3
2024-03-17 07:00:00,6,2024-03-17 13:00:00,379.35,41.9,3
2024-03-18 07:00:00,0,2024-03-18 07:00:00,379.36,43.5,3
2024-03-18 07:00:00,1,2024-03-18 08:00:00,379.4,47.4,3
2024-03-18 07:00:00,2,2024-03-18 09:00:00,379.43,50.4,3
2024-03-18 07:00:00,3,2024-03-18 10:00:00,379.46,54.6,3
2024-03-18 07:00:00,4,2024-03-18 11:00:00,379.53,62.4,3
2024-03-18 07:00:00,5,2024-03-18 12:00:00,379.65,75.8,3
2024-03-18 07:00:00,6,2024-03-18 13:00:00,379.7,82.4,3
2024-03-19 07:00:00,0,2024-03-19 07:00:00,379.96,115.8,3
2024-03-19 07:00:00,1,2024-03-19 08:00:00,379.92,110.2,3
2024-03-19 07:00:00,2,2024-03-19 09:00:00,379.88,105.3,3
2024-03-19 07:00:00,3,2024-03-19 10:00:00,379.85,101.4,3
2024-03-19 07:00:00,4,2024-03-19 11:00:00,379.82,97.8,3
2024-03-19 07:00:00,5,2024-03-19 12:00:00,379.8,94.6,3
2024-03-19 07:00:00,6,2024-03-19 13:00:00,379.77,91.5,3
2024-03-20 07:00:00,0,2024-03-20 07:00:00,379.64,74.6,3
2024-03-20 07:00:00,1,2024-03-20 08:00:00,379.63,73.9,3
2024-03-20 07:00:00,2,2024-03-20 09:00:00,379.62,73.1,3
2024-03-20 07:00:00,3,2024-03-20 10:00:00,379.62,72.2,3
2024-03-20 07:00:00,4,2024-03-20 11:00:00,379.61,71.7,3
2024-03-20 07:00:00,5,2024-03-20 12:00:00,379.61,71.4,3
2024-03-20 07:00:00,6,2024-03-20 13:00:00,379.6,70.9,3
2024-03-21 07:00:00,0,2024-03-21 07:00:00,379.64,75.0,3
2024-03-21 07:00:00,1,2024-03-21 08:00:00,379.64,75.0,3
2024-03-21 07:00:00,2,2024-03-21 09:00:00,379.64,74.6,3
2024-03-21 07:00:00,3,2024-03-21 10:00:00,379.63,74.3,3
2024-03-21 07:00:00,4,2024-03-21 11:00:00,379.63,74.3,3
2024-03-21 07:00:00,5,2024-03-21 12:00:00,379.64,74.6,3
2024-03-21 07:00:00,6,2024-03-21 13:00:00,379.65,76.2,3
2024-03-22 07:00:00,0,2024-03-22 07:00:00,379.55,64.9,3
2024-03-22 07:00:00,1,2024-03-22 08:00:00,379.56,65.2,3
2024-03-22 07:00:00,2,2024-03-22 09:00:00,379.56,65.2,3
2024-03-22 07:00:00,3,2024-03-22 10:00:00,379.55,64.9,3
2024-03-22 07:00:00,4,2024-03-22 11:00:00,379.55,64.8,3
2024-03-22 07:00:00,5,2024-03-22 12:00:00,379.55,64.6,3
2024-03-22 07:00:00,6,2024-03-22 13:00:00,379.55,64.4,3
2024-03-23 07:00:00,0,2024-03-23 07:00:00,379.54,63.5,3
2024-03-23 07:00:00,1,2024-03-23 08:00:00,379.55,64.1,3
2024-03-23 07:00:00,2,2024-03-23 09:00:00,379.55,64.5,3
2024-03-23 07:00:00,3,2024-03-23 10:00:00,379.56,65.6,3
2024-03-23 07:00:00,4,2024-03-23 11:00:00,379.57,67.0,3
2024-03-23 07:00:00,5,2024-03-23 12:00:00,379.6,70.2,3
2024-03-23 07:00:00,6,2024-03-23 13:00:00,379.62,72.2,3
2024-03-24 07:00:00,0,2024-03-24 07:00:00,379.55,64.2,3
2024-03-24 07:00:00,1,2024-03-24 08:00:00,379.55,64.1,3
2024-03-24 07:00:00,2,2024-03-24 09:00:00,379.54,63.9,3
2024-03-24 07:00:00,3,2024-03-24 10:00:00,379.54,63.9,3
2024-03-24 07:00:00,4,2024-03-24 11:00:00,379.55,64.0,3
2024-03-24 07:00:00,5,2024-03-24 12:00:00,379.55,64.0,3
2024-03-24 07:00:00,6,2024-03-24 13:00:00,379.54,63.9,3
2024-03-25 07:00:00,0,2024-03-25 07:00:00,379.39,46.3,3
2024-03-25 07:00:00,1,2024-03-25 08:00:00,379.39,47.0,3
2024-03-25 07:00:00,2,2024-03-25 09:00:00,379.4,47.8,3
2024-03-25 07:00:00,3,2024-03-25 10:00:00,379.41,48.6,3
2024-03-25 07:00:00,4,2024-03-25 11:00:00,379.41,49.2,3
2024-03-25 07:00:00,5,2024-03-25 12:00:00,379.42,49.6,3
2024-03-25 07:00:00,6,2024-03-25 13:00:00,379.42,50.1,3
2024-03-26 07:00:00,0,2024-03-26 07:00:00,379.35,42.4,3
2024-03-26 07:00:00,1,2024-03-26 08:00:00,379.36,43.0,3
2024-03-26 07:00:00,2,2024-03-26 09:00:00,379.36,43.7,3
2024-03-26 07:00:00,3,2024-03-26 10:00:00,379.37,44.5,3
2024-03-26 07:00:00,4,2024-03-26 11:00:00,379.38,45.1,3
2024-03-26 07:00:00,5,2024-03-26 12:00:00,379.38,45.6,3
2024-03-26 07:00:00,6,2024-03-26 13:00:00,379.38,46.0,3
2024-03-27 07:00:00,0,2024-03-27 07:00:00,379.33,40.0,3
2024-03-27 07:00:00,1,2024-03-27 08:00:00,379.34,41.0,3
2024-03-27 07:00:00,2,2024-03-27 09:00:00,379.35,42.0,3
2024-03-27 07:00:00,3,2024-03-27 10:00:00,379.36,43.2,3
2024-03-27 07:00:00,4,2024-03-27 11:00:00,379.37,44.8,3
2024-03-27 07:00:00,5,2024-03-27 12:00:00,379.39,46.3,3
2024-03-27 07:00:00,6,2024-03-27 13:00:00,379.4,47.5,3
2024-03-28 07:00:00,0,2024-03-28 07:00:00,379.3,37.5,3
2024-03-28 07:00:00,1,2024-03-28 08:00:00,379.31,38.8,3
2024-03-28 07:00:00,2,2024-03-28 09:00:00,379.32,39.7,3
2024-03-28 07:00:00,3,2024-03-28 10:00:00,379.36,43.4,3
2024-03-28 07:00:00,4,2024-03-28 11:00:00,379.43,50.4,3
2024-03-28 07:00:00,5,2024-03-28 12:00:00,379.44,52.3,3
2024-03-28 07:00:00,6,2024-03-28 13:00:00,379.43,50.5,3
2024-03-29 07:00:00,0,2024-03-29 07:00:00,379.43,51.0,3
2024-03-29 07:00:00,1,2024-03-29 08:00:00,379.43,50.6,3
2024-03-29 07:00:00,2,2024-03-29 09:00:00,379.43,50.6,3
2024-03-29 07:00:00,3,2024-03-29 10:00:00,379.43,50.7,3
2024-03-29 07:00:00,4,2024-03-29 11:00:00,379.43,51.1,3
2024-03-29 07:00:00,5,2024-03-29 12:00:00,379.44,51.9,3
2024-03-29 07:00:00,6,2024-03-29 13:00:00,379.45,53.2,3
2024-03-30 07:00:00,0,2024-03-30 07:00:00,379.4,47.4,3
2024-03-30 07:00:00,1,2024-03-30 08:00:00,379.4,47.3,3
2024-03-30 07:00:00,2,2024-03-30 09:00:00,379.39,46.5,3
2024-03-30 07:00:00,3,2024-03-30 10:00:00,379.38,45.5,3
2024-03-30 07:00:00,4,2024-03-30 11:00:00,379.37,44.8,3
2024-03-30 07:00:00,5,2024-03-30 12:00:00,379.37,44.5,3
2024-03-30 07:00:00,6,2024-03-30 13:00:00,379.37,44.2,3
2024-03-31 07:00:00,0,2024-03-31 07:00:00,379.41,48.2,3
2024-03-31 07:00:00,1,2024-03-31 08:00:00,379.39,46.9,3
2024-03-31 07:00:00,2,2024-03-31 09:00:00,379.39,46.4,3
2024-03-31 07:00:00,3,2024-03-31 10:00:00,379.39,46.5,3
2024-03-31 07:00:00,4,2024-03-31 11:00:00,379.39,46.2,3
2024-03-31 07:00:00,5,2024-03-31 12:00:00,379.38,45.8,3
2024-03-31 07:00:00,6,2024-03-31 13:00:00,379.38,45.1,3
2024-04-01 07:00:00,0,2024-04-01 07:00:00,379.61,72.1,3
2024-04-01 07:00:00,1,2024-04-01 08:00:00,379.66,77.2,3
2024-04-01 07:00:00,2,2024-04-01 09:00:00,379.67,79.3,3
2024-04-01 07:00:00,3,2024-04-01 10:00:00,379.69,81.3,3
2024-04-01 07:00:00,4,2024-04-01 11:00:00,379.76,90.4,3
2024-04-01 07:00:00,5,2024-04-01 12:00:00,379.77,90.9,3
2024-04-01 07:00:00,6,2024-04-01 13:00:00,379.76,89.6,3
2024-04-02 07:00:00,0,2024-04-02 07:00:00,379.76,89.4,3
2024-04-02 07:00:00,1,2024-04-02 08:00:00,379.75,88.3,3
2024-04-02 07:00:00,2,2024-04-02 09:00:00,379.73,85.8,3
2024-04-02 07:00:00,3,2024-04-02 10:00:00,379.69,81.5,3
2024-04-02 07:00:00,4,2024-04-02 11:00:00,379.65,76.9,3
2024-04-02 07:00:00,5,2024-04-02 12:00:00,379.64,75.6,3
2024-04-02 07:00:00,6,2024-04-02 13:00:00,379.64,74.9,3
2024-04-03 07:00:00,0,2024-04-03 07:00:00,379.57,67.4,3
2024-04-03 07:00:00,1,2024-04-03 08:00:00,379.57,66.6,3
2024-04-03 07:00:00,2,2024-04-03 09:00:00,379.56,66.2,3
2024-04-03 07:00:00,3,2024-04-03 10:00:00,379.56,66.1,3
2024-04-03 07:00:00,4,2024-04-03 11:00:00,379.56,66.0,3
2024-04-03 07:00:00,5,2024-04-03 12:00:00,379.57,66.6,3
2024-04-03 07:00:00,6,2024-04-03 13:00:00,379.58,67.8,3
2024-04-04 07:00:00,0,2024-04-04 07:00:00,379.78,92.5,3
2024-04-04 07:00:00,1,2024-04-04 08:00:00,379.78,92.0,3
2024-04-04 07:00:00,2,2024-04-04 09:00:00,379.76,90.2,3
2024-04-04 07:00:00,3,2024-04-04 10:00:00,379.74,87.6,3
2024-04-04 07:00:00,4,2024-04-04 11:00:00,379.73,85.6,3
2024-04-04 07:00:00,5,2024-04-04 12:00:00,379.71,83.2,3
2024-04-04 07:00:00,6,2024-04-04 13:00:00,379.69,80.7,3
2024-04-05 07:00:00,0,2024-04-05 07:00:00,379.68,80.1,3
2024-04-05 07:00:00,1,2024-04-05 08:00:00,379.68,79.5,3
2024-04-05 07:00:00,2,2024-04-05 09:00:00,379.67,79.0,3
2024-04-05 07:00:00,3,2024-04-05 10:00:00,379.67,78.4,3
2024-04-05 07:00:00,4,2024-04-05 11:00:00,379.66,77.9,3
2024-04-05 07:00:00,5,2024-04-05 12:00:00,379.66,77.3,3
2024-04-05 07:00:00,6,2024-04-05 13:00:00,379.65,76.7,3
2024-04-06 07:00:00,0,2024-04-06 07:00:00,379.66,78.1,3
2024-04-06 07:00:00,1,2024-04-06 08:00:00,379.66,78.0,3
2024-04-06 07:00:00,2,2024-04-06 09:00:00,379.66,77.7,3
2024-04-06 07:00:00,3,2024-04-06 10:00:00,379.66,77.3,3
2024-04-06 07:00:00,4,2024-04-06 11:00:00,379.65,76.8,3
2024-04-06 07:00:00,5,2024-04-06 12:00:00,379.65,76.4,3
2024-04-06 07:00:00,6,2024-04-06 13:00:00,379.65,75.9,3
2024-04-07 07:00:00,0,2024-04-07 07:00:00,379.64,75.5,3
2024-04-07 07:00:00,1,2024-04-07 08:00:00,379.64,75.6,3
2024-04-07 07:00:00,2,2024-04-07 09:00:00,379.65,75.8,3
2024-04-07 07:00:00,3,2024-04-07 10:00:00,379.65,75.9,3
2024-04-07 07:00:00,4,2024-04-07 11:00:00,379.65,75.9,3
2024-04-07 07:00:00,5,2024-04-07 12:00:00,379.65,75.9,3
2024-04-07 07:00:00,6,2024-04-07 13:00:00,379.65,75.9,3
2024-04-08 07:00:00,0,2024-04-08 07:00:00,379.76,90.3,3
2024-04-08 07:00:00,1,2024-04-08 08:00:00,379.76,90.1,3
2024-04-08 07:00:00,2,2024-04-08 09:00:00,379.76,89.8,3
2024-04-08 07:00:00,3,2024-04-08 10:00:00,379.76,89.5,3
2024-04-08 07:00:00,4,2024-04-08 11:00:00,379.75,89.2,3
2024-04-08 07:00:00,5,2024-04-08 12:00:00,379.75,88.8,3
2024-04-08 07:00:00,6,2024-04-08 13:00:00,379.75,88.4,3
2024-04-09 07:00:00,0,2024-04-09 07:00:00,379.92,110.7,3
2024-04-09 07:00:00,1,2024-04-09 08:00:00,379.93,111.4,3
2024-04-09 07:00:00,2,2024-04-09 09:00:00,379.94,112.7,3
2024-04-09 07:00:00,3,2024-04-09 10:00:00,379.95,114.7,3
2024-04-09 07:00:00,4,2024-04-09 11:00:00,379.97,117.1,3
2024-04-09 07:00:00,5,2024-04-09 12:00:00,379.99,119.5,3
2024-04-09 07:00:00,6,2024-04-09 13:00:00,380.0,121.2,3
2024-04-10 07:00:00,0,2024-04-10 07:00:00,379.84,100.5,3
2024-04-10 07:00:00,1,2024-04-10 08:00:00,379.83,98.1,3
2024-04-10 07:00:00,2,2024-04-10 09:00:00,379.81,96.0,3
2024-04-10 07:00:00,3,2024-04-10 10:00:00,379.8,94.6,3
2024-04-10 07:00:00,4,2024-04-10 11:00:00,379.79,93.0,3
2024-04-10 07:00:00,5,2024-04-10 12:00:00,379.77,91.3,3
2024-04-10 07:00:00,6,2024-04-10 13:00:00,379.76,89.8,3
2024-04-11 07:00:00,0,2024-04-11 07:00:00,379.56,65.1,3
2024-04-11 07:00:00,1,2024-04-11 08:00:00,379.55,64.7,3
2024-04-11 07:00:00,2,2024-04-11 09:00:00,379.55,64.2,3
2024-04-11 07:00:00,3,2024-04-11 10:00:00,379.54,63.6,3
2024-04-11 07:00:00,4,2024-04-11 11:00:00,379.54,63.1,3
2024-04-11 07:00:00,5,2024-04-11 12:00:00,379.53,62.7,3
2024-04-11 07:00:00,6,2024-04-11 13:00:00,379.53,62.5,3
2024-04-12 07:00:00,0,2024-04-12 07:00:00,379.51,60.5,3
2024-04-12 07:00:00,1,2024-04-12 08:00:00,379.52,60.7,3
2024-04-12 07:00:00,2,2024-04-12 09:00:00,379.52,60.8,3
2024-04-12 07:00:00,3,2024-04-12 10:00:00,379.52,60.5,3
2024-04-12 07:00:00,4,2024-04-12 11:00:00,379.51,60.2,3
2024-04-12 07:00:00,5,2024-04-12 12:00:00,379.51,60.0,3
2024-04-12 07:00:00,6,2024-04-12 13:00:00,379.51,59.8,3
2024-04-13 07:00:00,0,2024-04-13 07:00:00,379.56,65.8,3
2024-04-13 07:00:00,1,2024-04-13 08:00:00,379.56,66.2,3
2024-04-13 07:00:00,2,2024-04-13 09:00:00,379.57,66.5,3
2024-04-13 07:00:00,3,2024-04-13 10:00:00,379.57,66.5,3
2024-04-13 07:00:00,4,2024-04-13 11:00:00,379.57,66.5,3
2024-04-13 07:00:00,5,2024-04-13 12:00:00,379.56,66.2,3
2024-04-13 07:00:00,6,2024-04-13 13:00:00,379.56,65.9,3
2024-04-14 07:00:00,0,2024-04-14 07:00:00,379.71,83.9,3
2024-04-14 07:00:00,1,2024-04-14 08:00:00,379.72,84.5,3
2024-04-14 07:00:00,2,2024-04-14 09:00:00,379.72,84.5,3
2024-04-14 07:00:00,3,2024-04-14 10:00:00,379.71,84.0,3
2024-04-14 07:00:00,4,2024-04-14 11:00:00,379.71,83.4,3
2024-04-14 07:00:00,5,2024-04-14 12:00:00,379.7,82.6,3
2024-04-14 07:00:00,6,2024-04-14 13:00:00,379.69,81.8,3
2024-04-15 07:00:00,0,2024-04-15 07:00:00,379.87,104.5,3
2024-04-15 07:00:00,1,2024-04-15 08:00:00,379.87,104.2,3
2024-04-15 07:00:00,2,2024-04-15 09:00:00,379.87,104.1,3
2024-04-15 07:00:00,3,2024-04-15 10:00:00,379.87,103.9,3
2024-04-15 07:00:00,4,2024-04-15 11:00:00,379.87,103.3,3
2024-04-15 07:00:00,5,2024-04-15 12:00:00,379.86,102.9,3
2024-04-15 07:00:00,6,2024-04-15 13:00:00,379.86,102.5,3
2024-04-16 07:00:00,0,2024-04-16 07:00:00,379.98,117.8,3
2024-04-16 07:00:00,1,2024-04-16 08:00:00,379.96,116.1,3
2024-04-16 07:00:00,2,2024-04-16 09:00:00,379.94,113.4,3
2024-04-16 07:00:00,3,2024-04-16 10:00:00,379.92,110.2,3
2024-04-16 07:00:00,4,2024-04-16 11:00:00,379.9,108.0,3
2024-04-16 07:00:00,5,2024-04-16 12:00:00,379.88,104.8,3
2024-04-16 07:00:00,6,2024-04-16 13:00:00,379.85,101.9,3
2024-04-17 07:00:00,0,2024-04-17 07:00:00,379.73,86.4,3
2024-04-17 07:00:00,1,2024-04-17 08:00:00,379.73,85.6,3
2024-04-17 07:00:00,2,2024-04-17 09:00:00,379.72,84.6,3
2024-04-17 07:00:00,3,2024-04-17 10:00:00,379.71,83.8,3
2024-04-17 07:00:00,4,2024-04-17 11:00:00,379.7,82.8,3
2024-04-17 07:00:00,5,2024-04-17 12:00:00,379.7,82.0,3
2024-04-17 07:00:00,6,2024-04-17 13:00:00,379.69,81.1,3
2024-04-18 07:00:00,0,2024-04-18 07:00:00,379.56,65.7,3
2024-04-18 07:00:00,1,2024-04-18 08:00:00,379.56,65.5,3
2024-04-18 07:00:00,2,2024-04-18 09:00:00,379.56,65.3,3
2024-04-18 07:00:00,3,2024-04-18 10:00:00,379.55,65.1,3
2024-04-18 07:00:00,4,2024-04-18 11:00:00,379.55,64.6,3
2024-04-18 07:00:00,5,2024-04-18 12:00:00,379.55,64.0,3
2024-04-18 07:00:00,6,2024-04-18 13:00:00,379.54,63.3,3
2024-04-19 07:00:00,0,2024-04-19 07:00:00,379.44,51.6,3
2024-04-19 07:00:00,1,2024-04-19 08:00:00,379.43,51.2,3
2024-04-19 07:00:00,2,2024-04-19 09:00:00,379.43,51.2,3
2024-04-19 07:00:00,3,2024-04-19 10:00:00,379.43,51.0,3
2024-04-19 07:00:00,4,2024-04-19 11:00:00,379.43,50.8,3
2024-04-19 07:00:00,5,2024-04-19 12:00:00,379.43,50.7,3
2024-04-19 07:00:00,6,2024-04-19 13:00:00,379.43,50.5,3
2024-04-20 07:00:00,0,2024-04-20 07:00:00,379.43,50.9,3
2024-04-20 07:00:00,1,2024-04-20 08:00:00,379.43,51.2,3
2024-04-20 07:00:00,2,2024-04-20 09:00:00,379.43,51.4,3
2024-04-20 07:00:00,3,2024-04-20 10:00:00,379.44,52.1,3
2024-04-20 07:00:00,4,2024-04-20 11:00:00,379.45,53.2,3
2024-04-20 07:00:00,5,2024-04-20 12:00:00,379.45,53.4,3
2024-04-20 07:00:00,6,2024-04-20 13:00:00,379.45,53.6,3
2024-04-21 07:00:00,0,2024-04-21 07:00:00,379.36,43.6,3
2024-04-21 07:00:00,1,2024-04-21 08:00:00,379.36,43.7,3
2024-04-21 07:00:00,2,2024-04-21 09:00:00,379.36,43.7,3
2024-04-21 07:00:00,3,2024-04-21 10:00:00,379.36,43.6,3
2024-04-21 07:00:00,4,2024-04-21 11:00:00,379.36,43.6,3
2024-04-21 07:00:00,5,2024-04-21 12:00:00,379.36,43.6,3
2024-04-21 07:00:00,6,2024-04-21 13:00:00,379.36,43.6,3
2024-04-22 07:00:00,0,2024-04-22 07:00:00,379.3,37.9,3
2024-04-22 07:00:00,1,2024-04-22 08:00:00,379.31,38.2,3
2024-04-22 07:00:00,2,2024-04-22 09:00:00,379.31,38.4,3
2024-04-22 07:00:00,3,2024-04-22 10:00:00,379.31,38.5,3
2024-04-22 07:00:00,4,2024-04-22 11:00:00,379.31,38.6,3
2024-04-22 07:00:00,5,2024-04-22 12:00:00,379.31,38.7,3
2024-04-22 07:00:00,6,2024-04-22 13:00:00,379.31,38.8,3
2024-04-23 07:00:00,0,2024-04-23 07:00:00,379.28,35.7,3
2024-04-23 07:00:00,1,2024-04-23 08:00:00,379.28,36.0,3
2024-04-23 07:00:00,2,2024-04-23 09:00:00,379.29,36.2,3
2024-04-23 07:00:00,3,2024-04-23 10:00:00,379.29,36.4,3
2024-04-23 07:00:00,4,2024-04-23 11:00:00,379.29,36.6,3
2024-04-23 07:00:00,5,2024-04-23 12:00:00,379.29,36.8,3
2024-04-23 07:00:00,6,2024-04-23 13:00:00,379.29,36.9,3
2024-04-24 07:00:00,0,2024-04-24 07:00:00,379.23,31.5,3
2024-04-24 07:00:00,1,2024-04-24 08:00:00,379.24,31.8,3
2024-04-24 07:00:00,2,2024-04-24 09:00:00,379.24,31.9,3
2024-04-24 07:00:00,3,2024-04-24 10:00:00,379.24,32.1,3
2024-04-24 07:00:00,4,2024-04-24 11:00:00,379.24,32.2,3
2024-04-24 07:00:00,5,2024-04-24 12:00:00,379.24,32.3,3
2024-04-24 07:00:00,6,2024-04-24 13:00:00,379.24,32.4,3
2024-04-25 07:00:00,0,2024-04-25 07:00:00,379.2,28.8,3
2024-04-25 07:00:00,1,2024-04-25 08:00:00,379.2,28.9,3
2024-04-25 07:00:00,2,2024-04-25 09:00:00,379.2,29.0,3
2024-04-25 07:00:00,3,2024-04-25 10:00:00,379.2,29.0,3
2024-04-25 07:00:00,4,2024-04-25 11:00:00,379.2,29.1,3
2024-04-25 07:00:00,5,2024-04-25 12:00:00,379.21,29.2,3
2024-04-25 07:00:00,6,2024-04-25 13:00:00,379.21,29.3,3
2024-04-26 07:00:00,0,2024-04-26 07:00:00,379.19,27.8,3
2024-04-26 07:00:00,1,2024-04-26 08:00:00,379.18,27.2,3
2024-04-26 07:00:00,2,2024-04-26 09:00:00,379.18,27.0,3
2024-04-26 07:00:00,3,2024-04-26 10:00:00,379.18,27.0,3
2024-04-26 07:00:00,4,2024-04-26 11:00:00,379.18,27.4,3
2024-04-26 07:00:00,5,2024-04-26 12:00:00,379.19,28.1,3
2024-04-26 07:00:00,6,2024-04-26 13:00:00,379.2,28.6,3
2024-04-27 07:00:00,0,2024-04-27 07:00:00,379.15,24.8,3
2024-04-27 07:00:00,1,2024-04-27 08:00:00,379.14,24.4,3
2024-04-27 07:00:00,2,2024-04-27 09:00:00,379.14,24.0,3
2024-04-27 07:00:00,3,2024-04-27 10:00:00,379.13,23.6,3
2024-04-27 07:00:00,4,2024-04-27 11:00:00,379.12,23.2,3
2024-04-27 07:00:00,5,2024-04-27 12:00:00,379.11,22.5,3
2024-04-27 07:00:00,6,2024-04-27 13:00:00,379.1,21.8,3
2024-04-28 07:00:00,0,2024-04-28 07:00:00,379.18,26.9,3
2024-04-28 07:00:00,1,2024-04-28 08:00:00,379.17,26.3,3
2024-04-28 07:00:00,2,2024-04-28 09:00:00,379.16,26.1,3
2024-04-28 07:00:00,3,2024-04-28 10:00:00,379.16,25.9,3
2024-04-28 07:00:00,4,2024-04-28 11:00:00,379.16,25.9,3
2024-04-28 07:00:00,5,2024-04-28 12:00:00,379.16,26.0,3
2024-04-28 07:00:00,6,2024-04-28 13:00:00,379.17,26.1,3
2024-04-29 07:00:00,0,2024-04-29 07:00:00,379.33,39.9,3
2024-04-29 07:00:00,1,2024-04-29 08:00:00,379.31,38.8,3
2024-04-29 07:00:00,2,2024-04-29 09:00:00,379.3,37.8,3
2024-04-29 07:00:00,3,2024-04-29 10:00:00,379.29,36.8,3
2024-04-29 07:00:00,4,2024-04-29 11:00:00,379.29,36.3,3
2024-04-29 07:00:00,5,2024-04-29 12:00:00,379.28,35.6,3
2024-04-29 07:00:00,6,2024-04-29 13:00:00,379.27,34.8,3
2024-04-30 07:00:00,0,2024-04-30 07:00:00,379.37,44.6,3
2024-04-30 07:00:00,1,2024-04-30 08:00:00,379.37,44.8,3
2024-04-30 07:00:00,2,2024-04-30 09:00:00,379.37,45.0,3
2024-04-30 07:00:00,3,2024-04-30 10:00:00,379.38,45.0,3
2024-04-30 07:00:00,4,2024-04-30 11:00:00,379.37,45.0,3
2024-04-30 07:00:00,5,2024-04-30 12:00:00,379.37,44.6,3
2024-04-30 07:00:00,6,2024-04-30 13:00:00,379.37,44.2,3
2024-05-01 07:00:00,0,2024-05-01 07:00:00,379.38,45.3,3
2024-05-01 07:00:00,1,2024-05-01 08:00:00,379.38,45.6,3
2024-05-01 07:00:00,2,2024-05-01 09:00:00,379.38,45.7,3
2024-05-01 07:00:00,3,2024-05-01 10:00:00,379.38,45.5,3
2024-05-01 07:00:00,4,2024-05-01 11:00:00,379.38,45.1,3
2024-05-01 07:00:00,5,2024-05-01 12:00:00,379.37,44.9,3
2024-05-01 07:00:00,6,2024-05-01 13:00:00,379.37,44.7,3
2024-05-02 07:00:00,0,2024-05-02 07:00:00,379.51,60.3,3
2024-05-02 07:00:00,1,2024-05-02 08:00:00,379.52,60.7,3
2024-05-02 07:00:00,2,2024-05-02 09:00:00,379.52,61.3,3
2024-05-02 07:00:00,3,2024-05-02 10:00:00,379.53,62.2,3
2024-05-02 07:00:00,4,2024-05-02 11:00:00,379.54,63.7,3
2024-05-02 07:00:00,5,2024-05-02 12:00:00,379.56,65.9,3
2024-05-02 07:00:00,6,2024-05-02 13:00:00,379.59,69.7,3
2024-05-03 07:00:00,0,2024-05-03 07:00:00,379.71,83.9,3
2024-05-03 07:00:00,1,2024-05-03 08:00:00,379.7,82.2,3
2024-05-03 07:00:00,2,2024-05-03 09:00:00,379.68,80.5,3
2024-05-03 07:00:00,3,2024-05-03 10:00:00,379.67,78.4,3
2024-05-03 07:00:00,4,2024-05-03 11:00:00,379.65,76.1,3
2024-05-03 07:00:00,5,2024-05-03 12:00:00,379.63,74.1,3
2024-05-03 07:00:00,6,2024-05-03 13:00:00,379.61,72.1,3
2024-05-04 07:00:00,0,2024-05-04 07:00:00,379.58,68.0,3
2024-05-04 07:00:00,1,2024-05-04 08:00:00,379.57,67.2,3
2024-05-04 07:00:00,2,2024-05-04 09:00:00,379.57,66.4,3
2024-05-04 07:00:00,3,2024-05-04 10:00:00,379.56,65.9,3
2024-05-04 07:00:00,4,2024-05-04 11:00:00,379.56,65.1,3
2024-05-04 07:00:00,5,2024-05-04 12:00:00,379.55,64.4,3
2024-05-04 07:00:00,6,2024-05-04 13:00:00,379.54,63.7,3
2024-05-05 07:00:00,0,2024-05-05 07:00:00,379.48,56.2,3
2024-05-05 07:00:00,1,2024-05-05 08:00:00,379.5,58.8,3
2024-05-05 07:00:00,2,2024-05-05 09:00:00,379.52,61.5,3
2024-05-05 07:00:00,3,2024-05-05 10:00:00,379.54,63.2,3
2024-05-05 07:00:00,4,2024-05-05 11:00:00,379.58,68.4,3
2024-05-05 07:00:00,5,2024-05-05 12:00:00,379.68,80.4,3
2024-05-05 07:00:00,6,2024-05-05 13:00:00,379.71,83.7,3
2024-05-06 07:00:00,0,2024-05-06 07:00:00,379.86,102.0,3
2024-05-06 07:00:00,1,2024-05-06 08:00:00,379.87,104.3,3
2024-05-06 07:00:00,2,2024-05-06 09:00:00,379.89,106.6,3
2024-05-06 07:00:00,3,2024-05-06 10:00:00,379.92,110.6,3
2024-05-06 07:00:00,4,2024-05-06 11:00:00,379.97,116.6,3
2024-05-06 07:00:00,5,2024-05-06 12:00:00,380.02,123.7,3
2024-05-06 07:00:00,6,2024-05-06 13:00:00,380.07,130.7,3
2024-05-07 07:00:00,0,2024-05-07 07:00:00,380.34,170.9,3
2024-05-07 07:00:00,1,2024-05-07 08:00:00,380.34,170.2,3
2024-05-07 07:00:00,2,2024-05-07 09:00:00,380.33,169.3,3
2024-05-07 07:00:00,3,2024-05-07 10:00:00,380.32,167.2,3
2024-05-07 07:00:00,4,2024-05-07 11:00:00,380.3,164.3,3
2024-05-07 07:00:00,5,2024-05-07 12:00:00,380.27,160.1,3
2024-05-07 07:00:00,6,2024-05-07 13:00:00,380.25,156.2,3
2024-05-08 07:00:00,0,2024-05-08 07:00:00,380.02,123.8,3
2024-05-08 07:00:00,1,2024-05-08 08:00:00,380.0,120.9,3
2024-05-08 07:00:00,2,2024-05-08 09:00:00,379.98,118.1,3
2024-05-08 07:00:00,3,2024-05-08 10:00:00,379.96,116.1,3
2024-05-08 07:00:00,4,2024-05-08 11:00:00,379.95,114.1,3
2024-05-08 07:00:00,5,2024-05-08 12:00:00,379.93,111.7,3
2024-05-08 07:00:00,6,2024-05-08 13:00:00,379.91,109.4,3
2024-05-09 07:00:00,0,2024-05-09 07:00:00,379.83,99.1,3
2024-05-09 07:00:00,1,2024-05-09 08:00:00,379.83,98.1,3
2024-05-09 07:00:00,2,2024-05-09 09:00:00,379.82,97.0,3
2024-05-09 07:00:00,3,2024-05-09 10:00:00,379.81,95.7,3
2024-05-09 07:00:00,4,2024-05-09 11:00:00,379.8,94.4,3
2024-05-09 07:00:00,5,2024-05-09 12:00:00,379.79,93.3,3
2024-05-09 07:00:00,6,2024-05-09 13:00:00,379.78,92.1,3
2024-05-10 07:00:00,0,2024-05-10 07:00:00,379.8,94.6,3
2024-05-10 07:00:00,1,2024-05-10 08:00:00,379.79,94.1,3
2024-05-10 07:00:00,2,2024-05-10 09:00:00,379.79,93.7,3
2024-05-10 07:00:00,3,2024-05-10 10:00:00,379.79,93.2,3
2024-05-10 07:00:00,4,2024-05-10 11:00:00,379.78,92.4,3
2024-05-10 07:00:00,5,2024-05-10 12:00:00,379.77,91.3,3
2024-05-10 07:00:00,6,2024-05-10 13:00:00,379.76,90.2,3
2024-05-11 07:00:00,0,2024-05-11 07:00:00,379.88,104.5,3
2024-05-11 07:00:00,1,2024-05-11 08:00:00,379.87,104.2,3
2024-05-11 07:00:00,2,2024-05-11 09:00:00,379.87,103.3,3
2024-05-11 07:00:00,3,2024-05-11 10:00:00,379.86,102.2,3
2024-05-11 07:00:00,4,2024-05-11 11:00:00,379.85,100.8,3
2024-05-11 07:00:00,5,2024-05-11 12:00:00,379.83,98.9,3
2024-05-11 07:00:00,6,2024-05-11 13:00:00,379.82,97.1,3
2024-05-12 07:00:00,0,2024-05-12 07:00:00,379.9,108.1,3
2024-05-12 07:00:00,1,2024-05-12 08:00:00,379.9,107.1,3
2024-05-12 07:00:00,2,2024-05-12 09:00:00,379.89,105.8,3
2024-05-12 07:00:00,3,2024-05-12 10:00:00,379.87,103.9,3
2024-05-12 07:00:00,4,2024-05-12 11:00:00,379.86,102.2,3
2024-05-12 07:00:00,5,2024-05-12 12:00:00,379.84,100.4,3
2024-05-12 07:00:00,6,2024-05-12 13:00:00,379.83,98.4,3
2024-05-13 07:00:00,0,2024-05-13 07:00:00,380.03,125.3,3
2024-05-13 07:00:00,1,2024-05-13 08:00:00,380.02,124.2,3
2024-05-13 07:00:00,2,2024-05-13 09:00:00,380.01,122.5,3
2024-05-13 07:00:00,3,2024-05-13 10:00:00,379.99,119.3,3
2024-05-13 07:00:00,4,2024-05-13 11:00:00,379.96,115.2,3
2024-05-13 07:00:00,5,2024-05-13 12:00:00,379.93,111.5,3
2024-05-13 07:00:00,6,2024-05-13 13:00:00,379.9,108.2,3
2024-05-14 07:00:00,0,2024-05-14 07:00:00,380.04,126.6,3
2024-05-14 07:00:00,1,2024-05-14 08:00:00,380.02,124.4,3
2024-05-14 07:00:00,2,2024-05-14 09:00:00,380.01,122.1,3
2024-05-14 07:00:00,3,2024-05-14 10:00:00,379.98,118.7,3
2024-05-14 07:00:00,4,2024-05-14 11:00:00,379.95,115.1,3
2024-05-14 07:00:00,5,2024-05-14 12:00:00,379.93,111.8,3
2024-05-14 07:00:00,6,2024-05-14 13:00:00,379.91,108.5,3
2024-05-15 07:00:00,0,2024-05-15 07:00:00,379.96,116.2,3
2024-05-15 07:00:00,1,2024-05-15 08:00:00,379.97,117.1,3
2024-05-15 07:00:00,2,2024-05-15 09:00:00,379.97,117.3,3
2024-05-15 07:00:00,3,2024-05-15 10:00:00,379.97,116.9,3
2024-05-15 07:00:00,4,2024-05-15 11:00:00,379.96,116.0,3
2024-05-15 07:00:00,5,2024-05-15 12:00:00,379.95,114.9,3
2024-05-15 07:00:00,6,2024-05-15 13:00:00,379.95,114.0,3
2024-05-16 07:00:00,0,2024-05-16 07:00:00,380.17,145.5,3
2024-05-16 07:00:00,1,2024-05-16 08:00:00,380.14,141.1,3
2024-05-16 07:00:00,2,2024-05-16 09:00:00,380.11,136.4,3
2024-05-16 07:00:00,3,2024-05-16 10:00:00,380.07,130.8,3
2024-05-16 07:00:00,4,2024-05-16 11:00:00,380.03,125.5,3
2024-05-16 07:00:00,5,2024-05-16 12:00:00,380.0,121.5,3
2024-05-16 07:00:00,6,2024-05-16 13:00:00,379.98,118.2,3
2024-05-17 07:00:00,0,2024-05-17 07:00:00,380.16,144.3,3
2024-05-17 07:00:00,1,2024-05-17 08:00:00,380.12,137.7,3
2024-05-17 07:00:00,2,2024-05-17 09:00:00,380.08,132.1,3
2024-05-17 07:00:00,3,2024-05-17 10:00:00,380.04,126.3,3
2024-05-17 07:00:00,4,2024-05-17 11:00:00,380.0,120.9,3
2024-05-17 07:00:00,5,2024-05-17 12:00:00,379.97,116.7,3
2024-05-17 07:00:00,6,2024-05-17 13:00:00,379.94,112.9,3
2024-05-18 07:00:00,0,2024-05-18 07:00:00,379.86,103.2,3
2024-05-18 07:00:00,1,2024-05-18 08:00:00,379.86,102.4,3
2024-05-18 07:00:00,2,2024-05-18 09:00:00,379.85,101.9,3
2024-05-18 07:00:00,3,2024-05-18 10:00:00,379.85,100.7,3
2024-05-18 07:00:00,4,2024-05-18 11:00:00,379.84,100.4,3
2024-05-18 07:00:00,5,2024-05-18 12:00:00,379.84,99.9,3
2024-05-18 07:00:00,6,2024-05-18 13:00:00,379.83,98.2,3
2024-05-19 07:00:00,0,2024-05-19 07:00:00,379.86,102.7,3
2024-05-19 07:00:00,1,2024-05-19 08:00:00,379.86,102.9,3
2024-05-19 07:00:00,2,2024-05-19 09:00:00,379.87,103.8,3
2024-05-19 07:00:00,3,2024-05-19 10:00:00,379.87,104.2,3
2024-05-19 07:00:00,4,2024-05-19 11:00:00,379.86,103.0,3
2024-05-19 07:00:00,5,2024-05-19 12:00:00,379.85,101.8,3
2024-05-19 07:00:00,6,2024-05-19 13:00:00,379.84,99.7,3
2024-05-20 07:00:00,0,2024-05-20 07:00:00,379.88,105.4,3
2024-05-20 07:00:00,1,2024-05-20 08:00:00,379.88,104.7,3
2024-05-20 07:00:00,2,2024-05-20 09:00:00,379.88,105.3,3
2024-05-20 07:00:00,3,2024-05-20 10:00:00,379.89,106.3,3
2024-05-20 07:00:00,4,2024-05-20 11:00:00,379.9,107.1,3
2024-05-20 07:00:00,5,2024-05-20 12:00:00,379.89,106.0,3
2024-05-20 07:00:00,6,2024-05-20 13:00:00,379.87,103.9,3
2024-05-21 07:00:00,0,2024-05-21 07:00:00,379.99,120.4,3
2024-05-21 07:00:00,1,2024-05-21 08:00:00,380.0,121.4,3
2024-05-21 07:00:00,2,2024-05-21 09:00:00,380.0,121.8,3
2024-05-21 07:00:00,3,2024-05-21 10:00:00,380.01,122.4,3
2024-05-21 07:00:00,4,2024-05-21 11:00:00,380.02,123.8,3
2024-05-21 07:00:00,5,2024-05-21 12:00:00,380.03,125.3,3
2024-05-21 07:00:00,6,2024-05-21 13:00:00,380.04,126.7,3
2024-05-22 07:00:00,0,2024-05-22 07:00:00,380.19,147.9,3
2024-05-22 07:00:00,1,2024-05-22 08:00:00,380.22,152.9,3
2024-05-22 07:00:00,2,2024-05-22 09:00:00,380.24,155.4,3
2024-05-22 07:00:00,3,2024-05-22 10:00:00,380.24,155.0,3
2024-05-22 07:00:00,4,2024-05-22 11:00:00,380.21,150.9,3
2024-05-22 07:00:00,5,2024-05-22 12:00:00,380.18,145.9,3
2024-05-22 07:00:00,6,2024-05-22 13:00:00,380.14,141.3,3
2024-05-23 07:00:00,0,2024-05-23 07:00:00,380.17,144.9,3
2024-05-23 07:00:00,1,2024-05-23 08:00:00,380.15,142.6,3
2024-05-23 07:00:00,2,2024-05-23 09:00:00,380.15,142.0,3
2024-05-23 07:00:00,3,2024-05-23 10:00:00,380.15,141.8,3
2024-05-23 07:00:00,4,2024-05-23 11:00:00,380.15,142.3,3
2024-05-23 07:00:00,5,2024-05-23 12:00:00,380.15,141.7,3
2024-05-23 07:00:00,6,2024-05-23 13:00:00,380.13,138.8,3
2024-05-24 07:00:00,0,2024-05-24 07:00:00,380.02,123.2,3
2024-05-24 07:00:00,1,2024-05-24 08:00:00,379.99,120.4,3
2024-05-24 07:00:00,2,2024-05-24 09:00:00,379.98,118.1,3
2024-05-24 07:00:00,3,2024-05-24 10:00:00,379.96,115.5,3
2024-05-24 07:00:00,4,2024-05-24 11:00:00,379.94,112.8,3
2024-05-24 07:00:00,5,2024-05-24 12:00:00,379.92,110.5,3
2024-05-24 07:00:00,6,2024-05-24 13:00:00,379.91,108.4,3
2024-05-25 07:00:00,0,2024-05-25 07:00:00,379.91,108.8,3
2024-05-25 07:00:00,1,2024-05-25 08:00:00,379.88,104.7,3
2024-05-25 07:00:00,2,2024-05-25 09:00:00,379.86,102.0,3
2024-05-25 07:00:00,3,2024-05-25 10:00:00,379.84,99.4,3
2024-05-25 07:00:00,4,2024-05-25 11:00:00,379.82,97.3,3
2024-05-25 07:00:00,5,2024-05-25 12:00:00,379.81,95.8,3
2024-05-25 07:00:00,6,2024-05-25 13:00:00,379.79,94.1,3
2024-05-26 07:00:00,0,2024-05-26 07:00:00,379.87,103.7,3
2024-05-26 07:00:00,1,2024-05-26 08:00:00,379.86,102.3,3
2024-05-26 07:00:00,2,2024-05-26 09:00:00,379.85,101.1,3
2024-05-26 07:00:00,3,2024-05-26 10:00:00,379.84,99.8,3
2024-05-26 07:00:00,4,2024-05-26 11:00:00,379.83,98.7,3
2024-05-26 07:00:00,5,2024-05-26 12:00:00,379.82,97.5,3
2024-05-26 07:00:00,6,2024-05-26 13:00:00,379.81,96.5,3
2024-05-27 07:00:00,0,2024-05-27 07:00:00,379.82,97.8,3
2024-05-27 07:00:00,1,2024-05-27 08:00:00,379.83,98.8,3
2024-05-27 07:00:00,2,2024-05-27 09:00:00,379.84,100.2,3
2024-05-27 07:00:00,3,2024-05-27 10:00:00,379.86,102.6,3
2024-05-27 07:00:00,4,2024-05-27 11:00:00,379.89,106.6,3
2024-05-27 07:00:00,5,2024-05-27 12:00:00,379.93,112.2,3
2024-05-27 07:00:00,6,2024-05-27 13:00:00,379.98,118.6,3
2024-05-28 07:00:00,0,2024-05-28 07:00:00,380.66,223.2,3
2024-05-28 07:00:00,1,2024-05-28 08:00:00,380.59,211.3,3
2024-05-28 07:00:00,2,2024-05-28 09:00:00,380.53,200.4,3
2024-05-28 07:00:00,3,2024-05-28 10:00:00,380.46,189.7,3
2024-05-28 07:00:00,4,2024-05-28 11:00:00,380.41,181.5,3
2024-05-28 07:00:00,5,2024-05-28 12:00:00,380.35,171.2,3
2024-05-28 07:00:00,6,2024-05-28 13:00:00,380.3,163.5,3
2024-05-29 07:00:00,0,2024-05-29 07:00:00,380.22,151.6,3
2024-05-29 07:00:00,1,2024-05-29 08:00:00,380.19,147.4,3
2024-05-29 07:00:00,2,2024-05-29 09:00:00,380.16,143.2,3
2024-05-29 07:00:00,3,2024-05-29 10:00:00,380.13,138.7,3
2024-05-29 07:00:00,4,2024-05-29 11:00:00,380.1,134.5,3
2024-05-29 07:00:00,5,2024-05-29 12:00:00,380.07,130.8,3
2024-05-29 07:00:00,6,2024-05-29 13:00:00,380.05,127.4,3
2024-05-30 07:00:00,0,2024-05-30 07:00:00,379.97,117.6,3
2024-05-30 07:00:00,1,2024-05-30 08:00:00,379.99,119.2,3
2024-05-30 07:00:00,2,2024-05-30 09:00:00,380.01,123.0,3
2024-05-30 07:00:00,3,2024-05-30 10:00:00,380.06,129.5,3
2024-05-30 07:00:00,4,2024-05-30 11:00:00,380.09,134.2,3
2024-05-30 07:00:00,5,2024-05-30 12:00:00,380.18,146.1,3
2024-05-30 07:00:00,6,2024-05-30 13:00:00,380.25,156.3,3
2024-05-31 07:00:00,0,2024-05-31 07:00:00,380.72,232.4,3
2024-05-31 07:00:00,1,2024-05-31 08:00:00,380.64,218.8,3
2024-05-31 07:00:00,2,2024-05-31 09:00:00,380.57,207.6,3
2024-05-31 07:00:00,3,2024-05-31 10:00:00,380.53,201.3,3
2024-05-31 07:00:00,4,2024-05-31 11:00:00,380.49,193.4,3
2024-05-31 07:00:00,5,2024-05-31 12:00:00,380.45,187.5,3
2024-05-31 07:00:00,6,2024-05-31 13:00:00,380.43,184.0,3
2024-06-01 07:00:00,0,2024-06-01 07:00:00,380.22,152.3,3
2024-06-01 07:00:00,1,2024-06-01 08:00:00,380.2,148.9,3
2024-06-01 07:00:00,2,2024-06-01 09:00:00,380.17,145.4,3
2024-06-01 07:00:00,3,2024-06-01 10:00:00,380.15,142.1,3
2024-06-01 07:00:00,4,2024-06-01 11:00:00,380.13,138.9,3
2024-06-01 07:00:00,5,2024-06-01 12:00:00,380.11,136.0,3
2024-06-01 07:00:00,6,2024-06-01 13:00:00,380.09,133.3,3
2024-06-02 07:00:00,0,2024-06-02 07:00:00,379.97,116.8,3
2024-06-02 07:00:00,1,2024-06-02 08:00:00,379.96,115.5,3
2024-06-02 07:00:00,2,2024-06-02 09:00:00,379.95,114.3,3
2024-06-02 07:00:00,3,2024-06-02 10:00:00,379.94,113.1,3
2024-06-02 07:00:00,4,2024-06-02 11:00:00,379.93,111.8,3
2024-06-02 07:00:00,5,2024-06-02 12:00:00,379.92,110.6,3
2024-06-02 07:00:00,6,2024-06-02 13:00:00,379.91,109.4,3
2024-06-03 07:00:00,0,2024-06-03 07:00:00,379.87,104.1,3
2024-06-03 07:00:00,1,2024-06-03 08:00:00,379.87,103.8,3
2024-06-03 07:00:00,2,2024-06-03 09:00:00,379.87,103.8,3
2024-06-03 07:00:00,3,2024-06-03 10:00:00,379.87,103.7,3
2024-06-03 07:00:00,4,2024-06-03 11:00:00,379.87,103.5,3
2024-06-03 07:00:00,5,2024-06-03 12:00:00,379.87,103.2,3
2024-06-03 07:00:00,6,2024-06-03 13:00:00,379.86,102.8,3
2024-06-04 07:00:00,0,2024-06-04 07:00:00,379.93,112.1,3
2024-06-04 07:00:00,1,2024-06-04 08:00:00,379.92,111.1,3
2024-06-04 07:00:00,2,2024-06-04 09:00:00,379.92,109.8,3
2024-06-04 07:00:00,3,2024-06-04 10:00:00,379.9,108.4,3
2024-06-04 07:00:00,4,2024-06-04 11:00:00,379.9,107.1,3
2024-06-04 07:00:00,5,2024-06-04 12:00:00,379.89,106.1,3
2024-06-04 07:00:00,6,2024-06-04 13:00:00,379.88,105.3,3
2024-06-05 07:00:00,0,2024-06-05 07:00:00,380.01,123.0,3
2024-06-05 07:00:00,1,2024-06-05 08:00:00,380.0,121.4,3
2024-06-05 07:00:00,2,2024-06-05 09:00:00,379.99,119.7,3
2024-06-05 07:00:00,3,2024-06-05 10:00:00,379.97,117.8,3
2024-06-05 07:00:00,4,2024-06-05 11:00:00,379.96,115.7,3
2024-06-05 07:00:00,5,2024-06-05 12:00:00,379.94,113.7,3
2024-06-05 07:00:00,6,2024-06-05 13:00:00,379.93,111.7,3
2024-06-06 07:00:00,0,2024-06-06 07:00:00,380.05,128.7,3
2024-06-06 07:00:00,1,2024-06-06 08:00:00,380.04,127.0,3
2024-06-06 07:00:00,2,2024-06-06 09:00:00,380.03,124.8,3
2024-06-06 07:00:00,3,2024-06-06 10:00:00,380.01,122.5,3
2024-06-06 07:00:00,4,2024-06-06 11:00:00,379.99,120.4,3
2024-06-06 07:00:00,5,2024-06-06 12:00:00,379.98,118.4,3
2024-06-06 07:00:00,6,2024-06-06 13:00:00,379.96,116.3,3
2024-06-07 07:00:00,0,2024-06-07 07:00:00,380.17,145.2,3
2024-06-07 07:00:00,1,2024-06-07 08:00:00,380.17,145.1,3
2024-06-07 07:00:00,2,2024-06-07 09:00:00,380.16,143.9,3
2024-06-07 07:00:00,3,2024-06-07 10:00:00,380.15,141.7,3
2024-06-07 07:00:00,4,2024-06-07 11:00:00,380.13,139.6,3
2024-06-07 07:00:00,5,2024-06-07 12:00:00,380.12,137.9,3
2024-06-07 07:00:00,6,2024-06-07 13:00:00,380.11,135.9,3
2024-06-08 07:00:00,0,2024-06-08 07:00:00,380.35,172.1,3
2024-06-08 07:00:00,1,2024-06-08 08:00:00,380.35,171.9,3
2024-06-08 07:00:00,2,2024-06-08 09:00:00,380.32,167.6,3
2024-06-08 07:00:00,3,2024-06-08 10:00:00,380.29,162.8,3
2024-06-08 07:00:00,4,2024-06-08 11:00:00,380.26,158.8,3
2024-06-08 07:00:00,5,2024-06-08 12:00:00,380.24,155.5,3
2024-06-08 07:00:00,6,2024-06-08 13:00:00,380.23,153.5,3
2024-06-09 07:00:00,0,2024-06-09 07:00:00,380.2,149.7,3
2024-06-09 07:00:00,1,2024-06-09 08:00:00,380.19,147.5,3
2024-06-09 07:00:00,2,2024-06-09 09:00:00,380.17,145.1,3
2024-06-09 07:00:00,3,2024-06-09 10:00:00,380.15,142.7,3
2024-06-09 07:00:00,4,2024-06-09 11:00:00,380.13,139.8,3
2024-06-09 07:00:00,5,2024-06-09 12:00:00,380.12,138.0,3
2024-06-09 07:00:00,6,2024-06-09 13:00:00,380.11,135.8,3
2024-06-10 07:00:00,0,2024-06-10 07:00:00,380.4,180.0,3
2024-06-10 07:00:00,1,2024-06-10 08:00:00,380.46,189.7,3
2024-06-10 07:00:00,2,2024-06-10 09:00:00,380.48,192.2,3
2024-06-10 07:00:00,3,2024-06-10 10:00:00,380.49,193.7,3
2024-06-10 07:00:00,4,2024-06-10 11:00:00,380.48,193.1,3
2024-06-10 07:00:00,5,2024-06-10 12:00:00,380.47,191.1,3
2024-06-10 07:00:00,6,2024-06-10 13:00:00,380.46,189.4,3
2024-06-11 07:00:00,0,2024-06-11 07:00:00,380.25,156.2,3
2024-06-11 07:00:00,1,2024-06-11 08:00:00,380.22,152.9,3
2024-06-11 07:00:00,2,2024-06-11 09:00:00,380.2,149.8,3
2024-06-11 07:00:00,3,2024-06-11 10:00:00,380.18,146.9,3
2024-06-11 07:00:00,4,2024-06-11 11:00:00,380.16,144.3,3
2024-06-11 07:00:00,5,2024-06-11 12:00:00,380.15,141.8,3
2024-06-11 07:00:00,6,2024-06-11 13:00:00,380.13,139.7,3
2024-06-12 07:00:00,0,2024-06-12 07:00:00,379.96,116.2,3
2024-06-12 07:00:00,1,2024-06-12 08:00:00,379.95,114.7,3
2024-06-12 07:00:00,2,2024-06-12 09:00:00,379.94,113.6,3
2024-06-12 07:00:00,3,2024-06-12 10:00:00,379.93,111.9,3
2024-06-12 07:00:00,4,2024-06-12 11:00:00,379.92,110.5,3
2024-06-12 07:00:00,5,2024-06-12 12:00:00,379.91,109.2,3
2024-06-12 07:00:00,6,2024-06-12 13:00:00,379.9,107.8,3
2024-06-13 08:00:00,0,2024-06-13 08:00:00,379.8,95.1,3
2024-06-13 08:00:00,1,2024-06-13 09:00:00,379.8,94.2,3
2024-06-13 08:00:00,2,2024-06-13 10:00:00,379.79,93.3,3
2024-06-13 08:00:00,3,2024-06-13 11:00:00,379.78,92.2,3
2024-06-13 08:00:00,4,2024-06-13 12:00:00,379.77,90.8,3
2024-06-13 08:00:00,5,2024-06-13 13:00:00,379.76,89.4,3
2024-06-13 08:00:00,6,2024-06-13 14:00:00,379.75,88.2,3
2024-06-14 07:00:00,0,2024-06-14 07:00:00,379.77,90.8,3
2024-06-14 07:00:00,1,2024-06-14 08:00:00,379.77,91.5,3
2024-06-14 07:00:00,2,2024-06-14 09:00:00,379.77,91.3,3
2024-06-14 07:00:00,3,2024-06-14 10:00:00,379.77,90.9,3
2024-06-14 07:00:00,4,2024-06-14 11:00:00,379.76,90.3,3
2024-06-14 07:00:00,5,2024-06-14 12:00:00,379.76,89.7,3
2024-06-14 07:00:00,6,2024-06-14 13:00:00,379.76,89.6,3
2024-06-15 07:00:00,0,2024-06-15 07:00:00,380.29,163.2,3
2024-06-15 07:00:00,1,2024-06-15 08:00:00,380.52,199.0,3
2024-06-15 07:00:00,2,2024-06-15 09:00:00,380.78,243.1,3
2024-06-15 07:00:00,3,2024-06-15 10:00:00,381.1,303.5,3
2024-06-15 07:00:00,4,2024-06-15 11:00:00,381.24,331.9,3
2024-06-15 07:00:00,5,2024-06-15 12:00:00,381.38,361.6,3
2024-06-15 07:00:00,6,2024-06-15 13:00:00,381.63,418.0,3
2024-06-16 07:00:00,0,2024-06-16 07:00:00,380.62,215.2,3
2024-06-16 07:00:00,1,2024-06-16 08:00:00,380.58,208.4,3
2024-06-16 07:00:00,2,2024-06-16 09:00:00,380.53,200.6,3
2024-06-16 07:00:00,3,2024-06-16 10:00:00,380.48,193.2,3
2024-06-16 07:00:00,4,2024-06-16 11:00:00,380.44,186.4,3
2024-06-16 07:00:00,5,2024-06-16 12:00:00,380.4,180.3,3
2024-06-16 07:00:00,6,2024-06-16 13:00:00,380.37,174.3,3
2024-06-17 07:00:00,0,2024-06-17 07:00:00,380.19,147.3,3
2024-06-17 07:00:00,1,2024-06-17 08:00:00,380.17,144.8,3
2024-06-17 07:00:00,2,2024-06-17 09:00:00,380.15,142.1,3
2024-06-17 07:00:00,3,2024-06-17 10:00:00,380.13,139.4,3
2024-06-17 07:00:00,4,2024-06-17 11:00:00,380.11,136.9,3
2024-06-17 07:00:00,5,2024-06-17 12:00:00,380.1,134.4,3
2024-06-17 07:00:00,6,2024-06-17 13:00:00,380.08,131.9,3
2024-06-18 07:00:00,0,2024-06-18 07:00:00,380.19,148.2,3
2024-06-18 07:00:00,1,2024-06-18 08:00:00,380.18,146.1,3
2024-06-18 07:00:00,2,2024-06-18 09:00:00,380.16,143.6,3
2024-06-18 07:00:00,3,2024-06-18 10:00:00,380.14,140.7,3
2024-06-18 07:00:00,4,2024-06-18 11:00:00,380.12,137.8,3
2024-06-18 07:00:00,5,2024-06-18 12:00:00,380.1,134.8,3
2024-06-18 07:00:00,6,2024-06-18 13:00:00,380.08,131.8,3
2024-06-19 07:00:00,0,2024-06-19 07:00:00,380.17,144.5,3
2024-06-19 07:00:00,1,2024-06-19 08:00:00,380.15,141.8,3
2024-06-19 07:00:00,2,2024-06-19 09:00:00,380.13,138.8,3
2024-06-19 07:00:00,3,2024-06-19 10:00:00,380.11,136.4,3
2024-06-19 07:00:00,4,2024-06-19 11:00:00,380.09,133.8,3
2024-06-19 07:00:00,5,2024-06-19 12:00:00,380.07,131.4,3
2024-06-19 07:00:00,6,2024-06-19 13:00:00,380.05,128.6,3
2024-06-20 07:00:00,0,2024-06-20 07:00:00,380.22,151.9,3
2024-06-20 07:00:00,1,2024-06-20 08:00:00,380.2,149.1,3
2024-06-20 07:00:00,2,2024-06-20 09:00:00,380.18,146.8,3
2024-06-20 07:00:00,3,2024-06-20 10:00:00,380.17,145.4,3
2024-06-20 07:00:00,4,2024-06-20 11:00:00,380.17,144.3,3
2024-06-20 07:00:00,5,2024-06-20 12:00:00,380.16,143.9,3
2024-06-20 07:00:00,6,2024-06-20 13:00:00,380.16,143.5,3
2024-06-21 07:00:00,0,2024-06-21 07:00:00,380.42,183.2,3
2024-06-21 07:00:00,1,2024-06-21 08:00:00,380.43,184.2,3
2024-06-21 07:00:00,2,2024-06-21 09:00:00,380.43,184.4,3
2024-06-21 07:00:00,3,2024-06-21 10:00:00,380.43,183.9,3
2024-06-21 07:00:00,4,2024-06-21 11:00:00,380.44,186.1,3
2024-06-21 07:00:00,5,2024-06-21 12:00:00,380.44,185.9,3
2024-06-21 07:00:00,6,2024-06-21 13:00:00,380.45,187.6,3
2024-06-22 07:00:00,0,2024-06-22 07:00:00,380.55,203.9,3
2024-06-22 07:00:00,1,2024-06-22 08:00:00,380.51,197.7,3
2024-06-22 07:00:00,2,2024-06-22 09:00:00,380.46,189.7,3
2024-06-22 07:00:00,3,2024-06-22 10:00:00,380.43,184.0,3
2024-06-22 07:00:00,4,2024-06-22 11:00:00,380.39,178.2,3
2024-06-22 07:00:00,5,2024-06-22 12:00:00,380.35,172.4,3
2024-06-22 07:00:00,6,2024-06-22 13:00:00,380.31,165.9,3
2024-06-23 07:00:00,0,2024-06-23 07:00:00,380.38,176.5,3
2024-06-23 07:00:00,1,2024-06-23 08:00:00,380.34,170.6,3
2024-06-23 07:00:00,2,2024-06-23 09:00:00,380.31,166.2,3
2024-06-23 07:00:00,3,2024-06-23 10:00:00,380.29,162.3,3
2024-06-23 07:00:00,4,2024-06-23 11:00:00,380.26,158.9,3
2024-06-23 07:00:00,5,2024-06-23 12:00:00,380.24,155.4,3
2024-06-23 07:00:00,6,2024-06-23 13:00:00,380.22,152.3,3
2024-06-24 07:00:00,0,2024-06-24 07:00:00,380.04,126.3,3
2024-06-24 07:00:00,1,2024-06-24 08:00:00,380.03,125.1,3
2024-06-24 07:00:00,2,2024-06-24 09:00:00,380.02,123.6,3
2024-06-24 07:00:00,3,2024-06-24 10:00:00,380.01,121.9,3
2024-06-24 07:00:00,4,2024-06-24 11:00:00,379.99,120.4,3
2024-06-24 07:00:00,5,2024-06-24 12:00:00,379.98,118.8,3
2024-06-24 07:00:00,6,2024-06-24 13:00:00,379.97,117.3,3
2024-06-25 07:00:00,0,2024-06-25 07:00:00,380.07,131.2,3
2024-06-25 07:00:00,1,2024-06-25 08:00:00,380.07,130.1,3
2024-06-25 07:00:00,2,2024-06-25 09:00:00,380.05,128.6,3
2024-06-25 07:00:00,3,2024-06-25 10:00:00,380.04,126.6,3
2024-06-25 07:00:00,4,2024-06-25 11:00:00,380.03,124.7,3
2024-06-25 07:00:00,5,2024-06-25 12:00:00,380.01,122.7,3
2024-06-25 07:00:00,6,2024-06-25 13:00:00,380.0,120.5,3
2024-06-26 07:00:00,0,2024-06-26 07:00:00,380.01,122.7,3
2024-06-26 07:00:00,1,2024-06-26 08:00:00,379.97,117.6,3
2024-06-26 07:00:00,2,2024-06-26 09:00:00,379.96,115.4,3
2024-06-26 07:00:00,3,2024-06-26 10:00:00,379.94,112.8,3
2024-06-26 07:00:00,4,2024-06-26 11:00:00,379.92,110.0,3
2024-06-26 07:00:00,5,2024-06-26 12:00:00,379.9,107.6,3
2024-06-26 07:00:00,6,2024-06-26 13:00:00,379.88,105.4,3
2024-06-27 07:00:00,0,2024-06-27 07:00:00,380.06,129.9,3
2024-06-27 07:00:00,1,2024-06-27 08:00:00,380.05,128.6,3
2024-06-27 07:00:00,2,2024-06-27 09:00:00,380.04,126.4,3
2024-06-27 07:00:00,3,2024-06-27 10:00:00,380.02,124.6,3
2024-06-27 07:00:00,4,2024-06-27 11:00:00,380.01,122.8,3
2024-06-27 07:00:00,5,2024-06-27 12:00:00,380.0,121.1,3
2024-06-27 07:00:00,6,2024-06-27 13:00:00,379.99,119.6,3
2024-06-28 07:00:00,0,2024-06-28 07:00:00,380.06,129.1,3
2024-06-28 07:00:00,1,2024-06-28 08:00:00,380.05,128.2,3
2024-06-28 07:00:00,2,2024-06-28 09:00:00,380.04,126.7,3
2024-06-28 07:00:00,3,2024-06-28 10:00:00,380.02,124.3,3
2024-06-28 07:00:00,4,2024-06-28 11:00:00,380.01,122.3,3
2024-06-28 07:00:00,5,2024-06-28 12:00:00,379.99,120.2,3
2024-06-28 07:00:00,6,2024-06-28 13:00:00,379.97,117.7,3
2024-06-29 07:00:00,0,2024-06-29 07:00:00,380.16,143.1,3
2024-06-29 07:00:00,1,2024-06-29 08:00:00,380.14,140.2,3
2024-06-29 07:00:00,2,2024-06-29 09:00:00,380.12,137.8,3
2024-06-29 07:00:00,3,2024-06-29 10:00:00,380.11,136.7,3
2024-06-29 07:00:00,4,2024-06-29 11:00:00,380.1,135.4,3
2024-06-29 07:00:00,5,2024-06-29 12:00:00,380.09,133.4,3
2024-06-29 07:00:00,6,2024-06-29 13:00:00,380.08,131.6,3
2024-06-30 07:00:00,0,2024-06-30 07:00:00,380.3,164.6,3
2024-06-30 07:00:00,1,2024-06-30 08:00:00,380.29,163.1,3
2024-06-30 07:00:00,2,2024-06-30 09:00:00,380.28,161.6,3
2024-06-30 07:00:00,3,2024-06-30 10:00:00,380.28,161.4,3
2024-06-30 07:00:00,4,2024-06-30 11:00:00,380.28,161.2,3
2024-06-30 07:00:00,5,2024-06-30 12:00:00,380.3,163.9,3
2024-06-30 07:00:00,6,2024-06-30 13:00:00,380.28,161.8,3
2024-07-01 07:00:00,0,2024-07-01 07:00:00,380.09,133.5,3
2024-07-01 07:00:00,1,2024-07-01 08:00:00,380.08,132.1,3
2024-07-01 07:00:00,2,2024-07-01 09:00:00,380.07,130.9,3
2024-07-01 07:00:00,3,2024-07-01 10:00:00,380.05,128.6,3
2024-07-01 07:00:00,4,2024-07-01 11:00:00,380.04,127.0,3
2024-07-01 07:00:00,5,2024-07-01 12:00:00,380.04,127.0,3
2024-07-01 07:00:00,6,2024-07-01 13:00:00,380.05,128.1,3
2024-07-02 07:00:00,0,2024-07-02 07:00:00,380.12,138.0,3
2024-07-02 07:00:00,1,2024-07-02 08:00:00,380.15,141.7,3
2024-07-02 07:00:00,2,2024-07-02 09:00:00,380.16,143.6,3
2024-07-02 07:00:00,3,2024-07-02 10:00:00,380.16,142.9,3
2024-07-02 07:00:00,4,2024-07-02 11:00:00,380.14,140.8,3
2024-07-02 07:00:00,5,2024-07-02 12:00:00,380.11,136.4,3
2024-07-02 07:00:00,6,2024-07-02 13:00:00,380.07,131.4,3
2024-07-03 07:00:00,0,2024-07-03 07:00:00,379.94,112.8,3
2024-07-03 07:00:00,1,2024-07-03 08:00:00,379.93,112.1,3
2024-07-03 07:00:00,2,2024-07-03 09:00:00,379.92,110.8,3
2024-07-03 07:00:00,3,2024-07-03 10:00:00,379.91,109.1,3
2024-07-03 07:00:00,4,2024-07-03 11:00:00,379.9,107.2,3
2024-07-03 07:00:00,5,2024-07-03 12:00:00,379.89,106.1,3
2024-07-03 07:00:00,6,2024-07-03 13:00:00,379.88,104.9,3
2024-07-04 07:00:00,0,2024-07-04 07:00:00,379.85,101.6,3
2024-07-04 07:00:00,1,2024-07-04 08:00:00,379.85,100.7,3
2024-07-04 07:00:00,2,2024-07-04 09:00:00,379.83,98.5,3
2024-07-04 07:00:00,3,2024-07-04 10:00:00,379.81,95.5,3
2024-07-04 07:00:00,4,2024-07-04 11:00:00,379.78,92.8,3
2024-07-04 07:00:00,5,2024-07-04 12:00:00,379.77,90.8,3
2024-07-04 07:00:00,6,2024-07-04 13:00:00,379.75,89.0,3
2024-07-05 07:00:00,0,2024-07-05 07:00:00,379.82,97.8,3
2024-07-05 07:00:00,1,2024-07-05 08:00:00,379.83,98.1,3
2024-07-05 07:00:00,2,2024-07-05 09:00:00,379.82,97.0,3
2024-07-05 07:00:00,3,2024-07-05 10:00:00,379.8,95.2,3
2024-07-05 07:00:00,4,2024-07-05 11:00:00,379.79,93.2,3
2024-07-05 07:00:00,5,2024-07-05 12:00:00,379.77,91.5,3
2024-07-05 07:00:00,6,2024-07-05 13:00:00,379.76,90.3,3
2024-07-06 07:00:00,0,2024-07-06 07:00:00,379.9,107.2,3
2024-07-06 07:00:00,1,2024-07-06 08:00:00,379.89,106.8,3
2024-07-06 07:00:00,2,2024-07-06 09:00:00,379.89,106.4,3
2024-07-06 07:00:00,3,2024-07-06 10:00:00,379.89,105.9,3
2024-07-06 07:00:00,4,2024-07-06 11:00:00,379.88,104.7,3
2024-07-06 07:00:00,5,2024-07-06 12:00:00,379.87,103.6,3
2024-07-06 07:00:00,6,2024-07-06 13:00:00,379.86,102.7,3
2024-07-07 07:00:00,0,2024-07-07 07:00:00,380.8,247.4,3
2024-07-07 07:00:00,1,2024-07-07 08:00:00,380.75,238.2,3
2024-07-07 07:00:00,2,2024-07-07 09:00:00,380.68,225.2,3
2024-07-07 07:00:00,3,2024-07-07 10:00:00,380.62,215.6,3
2024-07-07 07:00:00,4,2024-07-07 11:00:00,380.58,208.8,3
2024-07-07 07:00:00,5,2024-07-07 12:00:00,380.55,204.1,3
2024-07-07 07:00:00,6,2024-07-07 13:00:00,380.5,195.1,3
2024-07-08 07:00:00,0,2024-07-08 07:00:00,380.23,153.5,3
2024-07-08 07:00:00,1,2024-07-08 08:00:00,380.22,151.9,3
2024-07-08 07:00:00,2,2024-07-08 09:00:00,380.21,151.0,3
2024-07-08 07:00:00,3,2024-07-08 10:00:00,380.2,149.3,3
2024-07-08 07:00:00,4,2024-07-08 11:00:00,380.18,147.1,3
2024-07-08 07:00:00,5,2024-07-08 12:00:00,380.17,145.6,3
2024-07-08 07:00:00,6,2024-07-08 13:00:00,380.16,143.3,3
2024-07-09 07:00:00,0,2024-07-09 07:00:00,380.05,128.2,3
2024-07-09 07:00:00,1,2024-07-09 08:00:00,380.05,127.8,3
2024-07-09 07:00:00,2,2024-07-09 09:00:00,380.04,127.2,3
2024-07-09 07:00:00,3,2024-07-09 10:00:00,380.03,125.9,3
2024-07-09 07:00:00,4,2024-07-09 11:00:00,380.03,125.2,3
2024-07-09 07:00:00,5,2024-07-09 12:00:00,380.02,123.7,3
2024-07-09 07:00:00,6,2024-07-09 13:00:00,380.01,122.2,3
2024-07-10 07:00:00,0,2024-07-10 07:00:00,380.0,121.8,3
2024-07-10 07:00:00,1,2024-07-10 08:00:00,380.0,121.7,3
2024-07-10 07:00:00,2,2024-07-10 09:00:00,380.0,121.1,3
2024-07-10 07:00:00,3,2024-07-10 10:00:00,379.99,119.8,3
2024-07-10 07:00:00,4,2024-07-10 11:00:00,379.98,118.9,3
2024-07-10 07:00:00,5,2024-07-10 12:00:00,379.97,117.3,3
2024-07-10 07:00:00,6,2024-07-10 13:00:00,379.97,116.6,3
2024-07-11 07:00:00,0,2024-07-11 07:00:00,379.98,117.8,3
2024-07-11 07:00:00,1,2024-07-11 08:00:00,379.98,118.2,3
2024-07-11 07:00:00,2,2024-07-11 09:00:00,379.98,117.9,3
2024-07-11 07:00:00,3,2024-07-11 10:00:00,379.97,117.6,3
2024-07-11 07:00:00,4,2024-07-11 11:00:00,379.97,117.2,3
2024-07-11 07:00:00,5,2024-07-11 12:00:00,379.97,116.7,3
2024-07-11 07:00:00,6,2024-07-11 13:00:00,379.96,115.4,3
2024-07-12 07:00:00,0,2024-07-12 07:00:00,380.17,145.4,3
2024-07-12 07:00:00,1,2024-07-12 08:00:00,380.23,153.6,3
2024-07-12 07:00:00,2,2024-07-12 09:00:00,380.26,158.4,3
2024-07-12 07:00:00,3,2024-07-12 10:00:00,380.42,182.7,3
2024-07-12 07:00:00,4,2024-07-12 11:00:00,380.62,214.8,3
2024-07-12 07:00:00,5,2024-07-12 12:00:00,380.72,233.5,3
2024-07-12 07:00:00,6,2024-07-12 13:00:00,380.77,241.4,3
2024-07-13 07:00:00,0,2024-07-13 07:00:00,380.72,232.5,3
2024-07-13 07:00:00,1,2024-07-13 08:00:00,380.68,225.2,3
2024-07-13 07:00:00,2,2024-07-13 09:00:00,380.64,218.4,3
2024-07-13 07:00:00,3,2024-07-13 10:00:00,380.58,209.0,3
2024-07-13 07:00:00,4,2024-07-13 11:00:00,380.54,201.4,3
2024-07-13 07:00:00,5,2024-07-13 12:00:00,380.49,193.6,3
2024-07-13 07:00:00,6,2024-07-13 13:00:00,380.45,187.9,3
2024-07-14 07:00:00,0,2024-07-14 07:00:00,380.07,130.2,3
2024-07-14 07:00:00,1,2024-07-14 08:00:00,380.06,129.4,3
2024-07-14 07:00:00,2,2024-07-14 09:00:00,380.06,129.2,3
2024-07-14 07:00:00,3,2024-07-14 10:00:00,380.05,127.9,3
2024-07-14 07:00:00,4,2024-07-14 11:00:00,380.03,125.9,3
2024-07-14 07:00:00,5,2024-07-14 12:00:00,380.02,124.2,3
2024-07-14 07:00:00,6,2024-07-14 13:00:00,380.01,122.2,3
2024-07-15 07:00:00,0,2024-07-15 07:00:00,379.88,105.0,3
2024-07-15 07:00:00,1,2024-07-15 08:00:00,379.88,104.9,3
2024-07-15 07:00:00,2,2024-07-15 09:00:00,379.88,105.3,3
2024-07-15 07:00:00,3,2024-07-15 10:00:00,379.88,104.9,3
2024-07-15 07:00:00,4,2024-07-15 11:00:00,379.88,104.5,3
2024-07-15 07:00:00,5,2024-07-15 12:00:00,379.88,105.0,3
2024-07-15 07:00:00,6,2024-07-15 13:00:00,379.87,104.2,3
2024-07-16 07:00:00,0,2024-07-16 07:00:00,380.31,166.2,3
2024-07-16 07:00:00,1,2024-07-16 08:00:00,380.48,191.9,3
2024-07-16 07:00:00,2,2024-07-16 09:00:00,380.59,210.5,3
2024-07-16 07:00:00,3,2024-07-16 10:00:00,380.69,227.5,3
2024-07-16 07:00:00,4,2024-07-16 11:00:00,380.76,240.2,3
2024-07-16 07:00:00,5,2024-07-16 12:00:00,380.75,237.3,3
2024-07-16 07:00:00,6,2024-07-16 13:00:00,380.72,233.6,3
2024-07-17 07:00:00,0,2024-07-17 07:00:00,380.37,175.7,3
2024-07-17 07:00:00,1,2024-07-17 08:00:00,380.35,171.6,3
2024-07-17 07:00:00,2,2024-07-17 09:00:00,380.32,167.4,3
2024-07-17 07:00:00,3,2024-07-17 10:00:00,380.29,162.2,3
2024-07-17 07:00:00,4,2024-07-17 11:00:00,380.26,158.8,3
2024-07-17 07:00:00,5,2024-07-17 12:00:00,380.24,155.0,3
2024-07-17 07:00:00,6,2024-07-17 13:00:00,380.22,152.1,3
2024-07-18 07:00:00,0,2024-07-18 07:00:00,380.04,126.4,3
2024-07-18 07:00:00,1,2024-07-18 08:00:00,380.04,126.2,3
2024-07-18 07:00:00,2,2024-07-18 09:00:00,380.03,125.1,3
2024-07-18 07:00:00,3,2024-07-18 10:00:00,380.02,124.1,3
2024-07-18 07:00:00,4,2024-07-18 11:00:00,380.02,123.7,3
2024-07-18 07:00:00,5,2024-07-18 12:00:00,380.01,123.1,3
2024-07-18 07:00:00,6,2024-07-18 13:00:00,380.01,123.1,3
2024-07-19 07:00:00,0,2024-07-19 07:00:00,379.94,113.5,3
2024-07-19 07:00:00,1,2024-07-19 08:00:00,379.95,114.0,3
2024-07-19 07:00:00,2,2024-07-19 09:00:00,379.93,112.3,3
2024-07-19 07:00:00,3,2024-07-19 10:00:00,379.93,111.1,3
2024-07-19 07:00:00,4,2024-07-19 11:00:00,379.92,110.2,3
2024-07-19 07:00:00,5,2024-07-19 12:00:00,379.91,108.8,3
2024-07-19 07:00:00,6,2024-07-19 13:00:00,379.91,108.8,3
2024-07-20 07:00:00,0,2024-07-20 07:00:00,379.84,99.8,3
2024-07-20 07:00:00,1,2024-07-20 08:00:00,379.83,98.6,3
2024-07-20 07:00:00,2,2024-07-20 09:00:00,379.82,96.9,3
2024-07-20 07:00:00,3,2024-07-20 10:00:00,379.81,95.8,3
2024-07-20 07:00:00,4,2024-07-20 11:00:00,379.8,94.5,3
2024-07-20 07:00:00,5,2024-07-20 12:00:00,379.79,93.4,3
2024-07-20 07:00:00,6,2024-07-20 13:00:00,379.78,91.9,3
2024-07-21 07:00:00,0,2024-07-21 07:00:00,379.86,102.0,3
2024-07-21 07:00:00,1,2024-07-21 08:00:00,379.85,100.9,3
2024-07-21 07:00:00,2,2024-07-21 09:00:00,379.84,99.8,3
2024-07-21 07:00:00,3,2024-07-21 10:00:00,379.82,98.0,3
2024-07-21 07:00:00,4,2024-07-21 11:00:00,379.81,96.5,3
2024-07-21 07:00:00,5,2024-07-21 12:00:00,379.8,94.8,3
2024-07-21 07:00:00,6,2024-07-21 13:00:00,379.79,93.8,3
2024-07-22 07:00:00,0,2024-07-22 07:00:00,379.93,111.9,3
2024-07-22 07:00:00,1,2024-07-22 08:00:00,379.92,110.7,3
2024-07-22 07:00:00,2,2024-07-22 09:00:00,379.91,109.4,3
2024-07-22 07:00:00,3,2024-07-22 10:00:00,379.9,108.1,3
2024-07-22 07:00:00,4,2024-07-22 11:00:00,379.88,105.8,3
2024-07-22 07:00:00,5,2024-07-22 12:00:00,379.88,104.5,3
2024-07-22 07:00:00,6,2024-07-22 13:00:00,379.86,102.5,3
2024-07-23 07:00:00,0,2024-07-23 07:00:00,379.86,102.3,3
2024-07-23 07:00:00,1,2024-07-23 08:00:00,379.85,101.0,3
2024-07-23 07:00:00,2,2024-07-23 09:00:00,379.84,99.4,3
2024-07-23 07:00:00,3,2024-07-23 10:00:00,379.83,98.4,3
2024-07-23 07:00:00,4,2024-07-23 11:00:00,379.81,96.7,3
2024-07-23 07:00:00,5,2024-07-23 12:00:00,379.81,96.0,3
2024-07-23 07:00:00,6,2024-07-23 13:00:00,379.8,94.8,3
2024-07-24 07:00:00,0,2024-07-24 07:00:00,379.8,94.3,3
2024-07-24 07:00:00,1,2024-07-24 08:00:00,379.79,93.3,3
2024-07-24 07:00:00,2,2024-07-24 09:00:00,379.77,91.1,3
2024-07-24 07:00:00,3,2024-07-24 10:00:00,379.76,89.6,3
2024-07-24 07:00:00,4,2024-07-24 11:00:00,379.74,87.7,3
2024-07-24 07:00:00,5,2024-07-24 12:00:00,379.73,86.4,3
2024-07-24 07:00:00,6,2024-07-24 13:00:00,379.72,84.8,3
2024-07-25 07:00:00,0,2024-07-25 07:00:00,379.72,84.3,3
2024-07-25 07:00:00,1,2024-07-25 08:00:00,379.71,83.6,3
2024-07-25 07:00:00,2,2024-07-25 09:00:00,379.7,82.0,3
2024-07-25 07:00:00,3,2024-07-25 10:00:00,379.69,81.1,3
2024-07-25 07:00:00,4,2024-07-25 11:00:00,379.67,79.2,3
2024-07-25 07:00:00,5,2024-07-25 12:00:00,379.67,79.0,3
2024-07-25 07:00:00,6,2024-07-25 13:00:00,379.67,78.6,3
2024-07-26 07:00:00,0,2024-07-26 07:00:00,379.7,82.7,3
2024-07-26 07:00:00,1,2024-07-26 08:00:00,379.7,81.9,3
2024-07-26 07:00:00,2,2024-07-26 09:00:00,379.69,80.8,3
2024-07-26 07:00:00,3,2024-07-26 10:00:00,379.67,79.3,3
2024-07-26 07:00:00,4,2024-07-26 11:00:00,379.66,77.9,3
2024-07-26 07:00:00,5,2024-07-26 12:00:00,379.65,76.9,3
2024-07-26 07:00:00,6,2024-07-26 13:00:00,379.65,75.9,3
2024-07-27 07:00:00,0,2024-07-27 07:00:00,379.69,80.7,3
2024-07-27 07:00:00,1,2024-07-27 08:00:00,379.67,78.6,3
2024-07-27 07:00:00,2,2024-07-27 09:00:00,379.65,76.7,3
2024-07-27 07:00:00,3,2024-07-27 10:00:00,379.64,74.6,3
2024-07-27 07:00:00,4,2024-07-27 11:00:00,379.62,72.6,3
2024-07-27 07:00:00,5,2024-07-27 12:00:00,379.6,70.9,3
2024-07-27 07:00:00,6,2024-07-27 13:00:00,379.59,69.0,3
2024-07-28 07:00:00,0,2024-07-28 07:00:00,379.73,86.1,3
2024-07-28 07:00:00,1,2024-07-28 08:00:00,379.72,84.7,3
2024-07-28 07:00:00,2,2024-07-28 09:00:00,379.7,82.5,3
2024-07-28 07:00:00,3,2024-07-28 10:00:00,379.69,80.6,3
2024-07-28 07:00:00,4,2024-07-28 11:00:00,379.67,78.9,3
2024-07-28 07:00:00,5,2024-07-28 12:00:00,379.66,77.0,3
2024-07-28 07:00:00,6,2024-07-28 13:00:00,379.65,76.6,3
2024-07-29 07:00:00,0,2024-07-29 07:00:00,379.87,103.9,3
2024-07-29 07:00:00,1,2024-07-29 08:00:00,379.85,101.2,3
2024-07-29 07:00:00,2,2024-07-29 09:00:00,379.83,98.9,3
2024-07-29 07:00:00,3,2024-07-29 10:00:00,379.82,98.0,3
2024-07-29 07:00:00,4,2024-07-29 11:00:00,379.8,94.9,3
2024-07-29 07:00:00,5,2024-07-29 12:00:00,379.78,92.0,3
2024-07-29 07:00:00,6,2024-07-29 13:00:00,379.75,88.8,3
2024-07-30 07:00:00,0,2024-07-30 07:00:00,379.82,97.2,3
2024-07-30 07:00:00,1,2024-07-30 08:00:00,379.8,95.2,3
2024-07-30 07:00:00,2,2024-07-30 09:00:00,379.78,92.0,3
2024-07-30 07:00:00,3,2024-07-30 10:00:00,379.75,88.8,3
2024-07-30 07:00:00,4,2024-07-30 11:00:00,379.73,85.8,3
2024-07-30 07:00:00,5,2024-07-30 12:00:00,379.7,82.9,3
2024-07-30 07:00:00,6,2024-07-30 13:00:00,379.68,80.2,3
2024-07-31 07:00:00,0,2024-07-31 07:00:00,379.87,104.2,3
2024-07-31 07:00:00,1,2024-07-31 08:00:00,379.85,101.1,3
2024-07-31 07:00:00,2,2024-07-31 09:00:00,379.82,97.7,3
2024-07-31 07:00:00,3,2024-07-31 10:00:00,379.8,95.2,3
2024-07-31 07:00:00,4,2024-07-31 11:00:00,379.78,92.8,3
2024-07-31 07:00:00,5,2024-07-31 12:00:00,379.77,90.5,3
2024-07-31 07:00:00,6,2024-07-31 13:00:00,379.75,88.6,3
2024-08-01 07:00:00,0,2024-08-01 07:00:00,379.83,98.6,3
2024-08-01 07:00:00,1,2024-08-01 08:00:00,379.81,96.6,3
2024-08-01 07:00:00,2,2024-08-01 09:00:00,379.79,94.0,3
2024-08-01 07:00:00,3,2024-08-01 10:00:00,379.78,92.6,3
2024-08-01 07:00:00,4,2024-08-01 11:00:00,379.77,90.8,3
2024-08-01 07:00:00,5,2024-08-01 12:00:00,379.75,89.1,3
2024-08-01 07:00:00,6,2024-08-01 13:00:00,379.74,87.5,3
2024-08-02 07:00:00,0,2024-08-02 07:00:00,379.94,112.9,3
2024-08-02 07:00:00,1,2024-08-02 08:00:00,379.94,112.6,3
2024-08-02 07:00:00,2,2024-08-02 09:00:00,379.97,117.4,3
2024-08-02 07:00:00,3,2024-08-02 10:00:00,380.06,129.9,3
2024-08-02 07:00:00,4,2024-08-02 11:00:00,380.09,133.3,3
2024-08-02 07:00:00,5,2024-08-02 12:00:00,380.06,129.7,3
2024-08-02 07:00:00,6,2024-08-02 13:00:00,380.04,126.9,3
2024-08-03 07:00:00,0,2024-08-03 07:00:00,379.73,85.8,3
2024-08-03 07:00:00,1,2024-08-03 08:00:00,379.71,84.1,3
2024-08-03 07:00:00,2,2024-08-03 09:00:00,379.7,82.0,3
2024-08-03 07:00:00,3,2024-08-03 10:00:00,379.68,79.5,3
2024-08-03 07:00:00,4,2024-08-03 11:00:00,379.67,78.9,3
2024-08-03 07:00:00,5,2024-08-03 12:00:00,379.67,78.2,3
2024-08-03 07:00:00,6,2024-08-03 13:00:00,379.66,77.7,3
2024-08-04 07:00:00,0,2024-08-04 07:00:00,379.74,87.5,3
2024-08-04 07:00:00,1,2024-08-04 08:00:00,379.73,85.6,3
2024-08-04 07:00:00,2,2024-08-04 09:00:00,379.71,84.1,3
2024-08-04 07:00:00,3,2024-08-04 10:00:00,379.7,82.3,3
2024-08-04 07:00:00,4,2024-08-04 11:00:00,379.68,79.9,3
2024-08-04 07:00:00,5,2024-08-04 12:00:00,379.67,78.4,3
2024-08-04 07:00:00,6,2024-08-04 13:00:00,379.65,76.5,3
2024-08-05 07:00:00,0,2024-08-05 07:00:00,379.64,75.5,3
2024-08-05 07:00:00,1,2024-08-05 08:00:00,379.64,74.9,3
2024-08-05 07:00:00,2,2024-08-05 09:00:00,379.63,73.6,3
2024-08-05 07:00:00,3,2024-08-05 10:00:00,379.61,71.6,3
2024-08-05 07:00:00,4,2024-08-05 11:00:00,379.6,69.9,3
2024-08-05 07:00:00,5,2024-08-05 12:00:00,379.58,68.0,3
2024-08-05 07:00:00,6,2024-08-05 13:00:00,379.57,67.0,3
2024-08-06 07:00:00,0,2024-08-06 07:00:00,379.62,73.1,3
2024-08-06 07:00:00,1,2024-08-06 08:00:00,379.61,71.7,3
2024-08-06 07:00:00,2,2024-08-06 09:00:00,379.59,69.4,3
2024-08-06 07:00:00,3,2024-08-06 10:00:00,379.57,66.9,3
2024-08-06 07:00:00,4,2024-08-06 11:00:00,379.55,64.8,3
2024-08-06 07:00:00,5,2024-08-06 12:00:00,379.55,64.0,3
2024-08-06 07:00:00,6,2024-08-06 13:00:00,379.54,62.9,3
2024-08-07 07:00:00,0,2024-08-07 07:00:00,379.63,74.1,3
2024-08-07 07:00:00,1,2024-08-07 08:00:00,379.62,72.4,3
2024-08-07 07:00:00,2,2024-08-07 09:00:00,379.6,70.0,3
2024-08-07 07:00:00,3,2024-08-07 10:00:00,379.58,67.7,3
2024-08-07 07:00:00,4,2024-08-07 11:00:00,379.56,65.2,3
2024-08-07 07:00:00,5,2024-08-07 12:00:00,379.55,64.6,3
2024-08-07 07:00:00,6,2024-08-07 13:00:00,379.54,63.0,3
2024-08-08 07:00:00,0,2024-08-08 07:00:00,379.6,70.8,3
2024-08-08 07:00:00,1,2024-08-08 08:00:00,379.6,69.9,3
2024-08-08 07:00:00,2,2024-08-08 09:00:00,379.58,67.5,3
2024-08-08 07:00:00,3,2024-08-08 10:00:00,379.56,65.7,3
2024-08-08 07:00:00,4,2024-08-08 11:00:00,379.54,63.8,3
2024-08-08 07:00:00,5,2024-08-08 12:00:00,379.53,61.9,3
2024-08-08 07:00:00,6,2024-08-08 13:00:00,379.51,60.0,3
2024-08-09 07:00:00,0,2024-08-09 07:00:00,379.57,67.3,3
2024-08-09 07:00:00,1,2024-08-09 08:00:00,379.57,67.0,3
2024-08-09 07:00:00,2,2024-08-09 09:00:00,379.56,65.2,3
2024-08-09 07:00:00,3,2024-08-09 10:00:00,379.53,62.6,3
2024-08-09 07:00:00,4,2024-08-09 11:00:00,379.52,60.5,3
2024-08-09 07:00:00,5,2024-08-09 12:00:00,379.5,59.1,3
2024-08-09 07:00:00,6,2024-08-09 13:00:00,379.49,57.3,3
2024-08-10 07:00:00,0,2024-08-10 07:00:00,379.61,71.9,3
2024-08-10 07:00:00,1,2024-08-10 08:00:00,379.6,69.9,3
2024-08-10 07:00:00,2,2024-08-10 09:00:00,379.57,67.3,3
2024-08-10 07:00:00,3,2024-08-10 10:00:00,379.56,65.8,3
2024-08-10 07:00:00,4,2024-08-10 11:00:00,379.55,64.4,3
2024-08-10 07:00:00,5,2024-08-10 12:00:00,379.53,62.8,3
2024-08-10 07:00:00,6,2024-08-10 13:00:00,379.52,60.8,3
2024-08-11 07:00:00,0,2024-08-11 07:00:00,379.62,72.2,3
2024-08-11 07:00:00,1,2024-08-11 08:00:00,379.6,70.5,3
2024-08-11 07:00:00,2,2024-08-11 09:00:00,379.58,67.7,3
2024-08-11 07:00:00,3,2024-08-11 10:00:00,379.56,65.2,3
2024-08-11 07:00:00,4,2024-08-11 11:00:00,379.53,62.5,3
2024-08-11 07:00:00,5,2024-08-11 12:00:00,379.51,59.7,3
2024-08-11 07:00:00,6,2024-08-11 13:00:00,379.49,57.8,3
2024-08-12 07:00:00,0,2024-08-12 07:00:00,379.75,88.5,3
2024-08-12 07:00:00,1,2024-08-12 08:00:00,379.73,85.8,3
2024-08-12 07:00:00,2,2024-08-12 09:00:00,379.71,83.1,3
2024-08-12 07:00:00,3,2024-08-12 10:00:00,379.68,80.4,3
2024-08-12 07:00:00,4,2024-08-12 11:00:00,379.67,78.8,3
2024-08-12 07:00:00,5,2024-08-12 12:00:00,379.66,76.9,3
2024-08-12 07:00:00,6,2024-08-12 13:00:00,379.64,74.8,3
2024-08-13 07:00:00,0,2024-08-13 07:00:00,379.84,100.0,3
2024-08-13 07:00:00,1,2024-08-13 08:00:00,379.82,97.1,3
2024-08-13 07:00:00,2,2024-08-13 09:00:00,379.81,95.5,3
2024-08-13 07:00:00,3,2024-08-13 10:00:00,379.79,94.2,3
2024-08-13 07:00:00,4,2024-08-13 11:00:00,379.78,92.7,3
2024-08-13 07:00:00,5,2024-08-13 12:00:00,379.77,90.5,3
2024-08-13 07:00:00,6,2024-08-13 13:00:00,379.75,88.3,3
2024-08-14 07:00:00,0,2024-08-14 07:00:00,379.88,105.0,3
2024-08-14 07:00:00,1,2024-08-14 08:00:00,379.86,103.1,3
2024-08-14 07:00:00,2,2024-08-14 09:00:00,379.85,101.1,3
2024-08-14 07:00:00,3,2024-08-14 10:00:00,379.83,98.3,3
2024-08-14 07:00:00,4,2024-08-14 11:00:00,379.82,97.5,3
2024-08-14 07:00:00,5,2024-08-14 12:00:00,379.81,95.7,3
2024-08-14 07:00:00,6,2024-08-14 13:00:00,379.79,93.6,3
2024-08-15 07:00:00,0,2024-08-15 07:00:00,379.61,72.0,3
2024-08-15 07:00:00,1,2024-08-15 08:00:00,379.61,71.0,3
2024-08-15 07:00:00,2,2024-08-15 09:00:00,379.59,69.4,3
2024-08-15 07:00:00,3,2024-08-15 10:00:00,379.58,68.2,3
2024-08-15 07:00:00,4,2024-08-15 11:00:00,379.57,66.9,3
2024-08-15 07:00:00,5,2024-08-15 12:00:00,379.56,65.6,3
2024-08-15 07:00:00,6,2024-08-15 13:00:00,379.55,64.7,3
2024-08-16 07:00:00,0,2024-08-16 07:00:00,379.62,72.6,3
2024-08-16 07:00:00,1,2024-08-16 08:00:00,379.61,71.5,3
2024-08-16 07:00:00,2,2024-08-16 09:00:00,379.6,70.1,3
2024-08-16 07:00:00,3,2024-08-16 10:00:00,379.58,68.5,3
2024-08-16 07:00:00,4,2024-08-16 11:00:00,379.57,67.1,3
2024-08-16 07:00:00,5,2024-08-16 12:00:00,379.56,65.6,3
2024-08-16 07:00:00,6,2024-08-16 13:00:00,379.55,64.5,3
2024-08-17 07:00:00,0,2024-08-17 07:00:00,379.63,73.5,3
2024-08-17 07:00:00,1,2024-08-17 08:00:00,379.62,73.3,3
2024-08-17 07:00:00,2,2024-08-17 09:00:00,379.62,72.8,3
2024-08-17 07:00:00,3,2024-08-17 10:00:00,379.61,71.2,3
2024-08-17 07:00:00,4,2024-08-17 11:00:00,379.6,69.9,3
2024-08-17 07:00:00,5,2024-08-17 12:00:00,379.58,68.5,3
2024-08-17 07:00:00,6,2024-08-17 13:00:00,379.57,67.2,3
2024-08-18 07:00:00,0,2024-08-18 07:00:00,379.9,107.5,3
2024-08-18 07:00:00,1,2024-08-18 08:00:00,379.89,106.9,3
2024-08-18 07:00:00,2,2024-08-18 09:00:00,379.9,108.2,3
2024-08-18 07:00:00,3,2024-08-18 10:00:00,379.93,112.2,3
2024-08-18 07:00:00,4,2024-08-18 11:00:00,379.96,116.3,3
2024-08-18 07:00:00,5,2024-08-18 12:00:00,379.98,118.1,3
2024-08-18 07:00:00,6,2024-08-18 13:00:00,379.97,117.4,3
2024-08-19 07:00:00,0,2024-08-19 07:00:00,379.97,117.6,3
2024-08-19 07:00:00,1,2024-08-19 08:00:00,379.98,118.0,3
2024-08-19 07:00:00,2,2024-08-19 09:00:00,379.98,118.0,3
2024-08-19 07:00:00,3,2024-08-19 10:00:00,379.98,118.3,3
2024-08-19 07:00:00,4,2024-08-19 11:00:00,379.98,118.5,3
2024-08-19 07:00:00,5,2024-08-19 12:00:00,379.98,118.2,3
2024-08-19 07:00:00,6,2024-08-19 13:00:00,379.97,117.1,3
2024-08-20 07:00:00,0,2024-08-20 07:00:00,379.76,89.9,3
2024-08-20 07:00:00,1,2024-08-20 08:00:00,379.76,89.3,3
2024-08-20 07:00:00,2,2024-08-20 09:00:00,379.75,88.2,3
2024-08-20 07:00:00,3,2024-08-20 10:00:00,379.74,86.7,3
2024-08-20 07:00:00,4,2024-08-20 11:00:00,379.73,85.6,3
2024-08-20 07:00:00,5,2024-08-20 12:00:00,379.72,84.3,3
2024-08-20 07:00:00,6,2024-08-20 13:00:00,379.71,83.1,3
2024-08-21 07:00:00,0,2024-08-21 07:00:00,379.71,83.1,3
2024-08-21 07:00:00,1,2024-08-21 08:00:00,379.7,82.6,3
2024-08-21 07:00:00,2,2024-08-21 09:00:00,379.69,81.5,3
2024-08-21 07:00:00,3,2024-08-21 10:00:00,379.68,80.0,3
2024-08-21 07:00:00,4,2024-08-21 11:00:00,379.66,77.9,3
2024-08-21 07:00:00,5,2024-08-21 12:00:00,379.65,76.1,3
2024-08-21 07:00:00,6,2024-08-21 13:00:00,379.63,74.1,3
2024-08-22 07:00:00,0,2024-08-22 07:00:00,379.57,67.0,3
2024-08-22 07:00:00,1,2024-08-22 08:00:00,379.57,66.3,3
2024-08-22 07:00:00,2,2024-08-22 09:00:00,379.56,65.1,3
2024-08-22 07:00:00,3,2024-08-22 10:00:00,379.55,64.2,3
2024-08-22 07:00:00,4,2024-08-22 11:00:00,379.54,63.6,3
2024-08-22 07:00:00,5,2024-08-22 12:00:00,379.54,63.1,3
2024-08-22 07:00:00,6,2024-08-22 13:00:00,379.53,62.3,3
2024-08-23 07:00:00,0,2024-08-23 07:00:00,379.53,61.8,3
2024-08-23 07:00:00,1,2024-08-23 08:00:00,379.53,62.3,3
2024-08-23 07:00:00,2,2024-08-23 09:00:00,379.53,62.4,3
2024-08-23 07:00:00,3,2024-08-23 10:00:00,379.52,61.4,3
2024-08-23 07:00:00,4,2024-08-23 11:00:00,379.51,60.2,3
2024-08-23 07:00:00,5,2024-08-23 12:00:00,379.5,59.0,3
2024-08-23 07:00:00,6,2024-08-23 13:00:00,379.5,58.3,3
2024-08-24 07:00:00,0,2024-08-24 07:00:00,379.53,62.2,3
2024-08-24 07:00:00,1,2024-08-24 08:00:00,379.54,62.9,3
2024-08-24 07:00:00,2,2024-08-24 09:00:00,379.53,62.1,3
2024-08-24 07:00:00,3,2024-08-24 10:00:00,379.52,60.6,3
2024-08-24 07:00:00,4,2024-08-24 11:00:00,379.51,59.3,3
2024-08-24 07:00:00,5,2024-08-24 12:00:00,379.49,58.2,3
2024-08-24 07:00:00,6,2024-08-24 13:00:00,379.48,56.9,3
2024-08-25 07:00:00,0,2024-08-25 07:00:00,379.48,56.8,3
2024-08-25 07:00:00,1,2024-08-25 08:00:00,379.48,56.6,3
2024-08-25 07:00:00,2,2024-08-25 09:00:00,379.48,56.0,3
2024-08-25 07:00:00,3,2024-08-25 10:00:00,379.46,54.7,3
2024-08-25 07:00:00,4,2024-08-25 11:00:00,379.45,53.3,3
2024-08-25 07:00:00,5,2024-08-25 12:00:00,379.45,52.7,3
2024-08-25 07:00:00,6,2024-08-25 13:00:00,379.45,52.8,3
2024-08-26 07:00:00,0,2024-08-26 07:00:00,379.54,62.9,3
2024-08-26 07:00:00,1,2024-08-26 08:00:00,379.53,62.2,3
2024-08-26 07:00:00,2,2024-08-26 09:00:00,379.53,61.7,3
2024-08-26 07:00:00,3,2024-08-26 10:00:00,379.52,61.5,3
2024-08-26 07:00:00,4,2024-08-26 11:00:00,379.52,61.0,3
2024-08-26 07:00:00,5,2024-08-26 12:00:00,379.51,59.9,3
2024-08-26 07:00:00,6,2024-08-26 13:00:00,379.5,58.9,3
2024-08-27 07:00:00,0,2024-08-27 07:00:00,379.47,55.7,3
2024-08-27 07:00:00,1,2024-08-27 08:00:00,379.47,55.3,3
2024-08-27 07:00:00,2,2024-08-27 09:00:00,379.46,54.5,3
2024-08-27 07:00:00,3,2024-08-27 10:00:00,379.45,53.3,3
2024-08-27 07:00:00,4,2024-08-27 11:00:00,379.44,52.4,3
2024-08-27 07:00:00,5,2024-08-27 12:00:00,379.44,51.8,3
2024-08-27 07:00:00,6,2024-08-27 13:00:00,379.43,51.4,3
2024-08-28 07:00:00,0,2024-08-28 07:00:00,379.49,57.6,3
2024-08-28 07:00:00,1,2024-08-28 08:00:00,379.49,57.8,3
2024-08-28 07:00:00,2,2024-08-28 09:00:00,379.49,57.4,3
2024-08-28 07:00:00,3,2024-08-28 10:00:00,379.47,55.8,3
2024-08-28 07:00:00,4,2024-08-28 11:00:00,379.46,54.3,3
2024-08-28 07:00:00,5,2024-08-28 12:00:00,379.45,52.9,3
2024-08-28 07:00:00,6,2024-08-28 13:00:00,379.45,53.0,3
2024-08-29 07:00:00,0,2024-08-29 07:00:00,379.44,51.6,3
2024-08-29 07:00:00,1,2024-08-29 08:00:00,379.43,51.2,3
2024-08-29 07:00:00,2,2024-08-29 09:00:00,379.43,50.8,3
2024-08-29 07:00:00,3,2024-08-29 10:00:00,379.42,50.2,3
2024-08-29 07:00:00,4,2024-08-29 11:00:00,379.41,49.2,3
2024-08-29 07:00:00,5,2024-08-29 12:00:00,379.4,48.0,3
2024-08-29 07:00:00,6,2024-08-29 13:00:00,379.39,47.1,3
2024-08-30 07:00:00,0,2024-08-30 07:00:00,379.53,62.1,3
2024-08-30 07:00:00,1,2024-08-30 08:00:00,379.52,61.0,3
2024-08-30 07:00:00,2,2024-08-30 09:00:00,379.5,59.3,3
2024-08-30 07:00:00,3,2024-08-30 10:00:00,379.49,57.9,3
2024-08-30 07:00:00,4,2024-08-30 11:00:00,379.48,56.4,3
2024-08-30 07:00:00,5,2024-08-30 12:00:00,379.46,54.8,3
2024-08-30 07:00:00,6,2024-08-30 13:00:00,379.47,55.1,3
2024-08-31 07:00:00,0,2024-08-31 07:00:00,379.44,51.9,3
2024-08-31 07:00:00,1,2024-08-31 08:00:00,379.43,50.6,3
2024-08-31 07:00:00,2,2024-08-31 09:00:00,379.42,49.5,3
2024-08-31 07:00:00,3,2024-08-31 10:00:00,379.4,48.0,3
2024-08-31 07:00:00,4,2024-08-31 11:00:00,379.39,46.8,3
2024-08-31 07:00:00,5,2024-08-31 12:00:00,379.38,45.8,3
2024-08-31 07:00:00,6,2024-08-31 13:00:00,379.38,45.6,3
2024-09-01 07:00:00,0,2024-09-01 07:00:00,379.43,50.4,3
2024-09-01 07:00:00,1,2024-09-01 08:00:00,379.43,50.5,3
2024-09-01 07:00:00,2,2024-09-01 09:00:00,379.42,49.6,3
2024-09-01 07:00:00,3,2024-09-01 10:00:00,379.41,48.2,3
2024-09-01 07:00:00,4,2024-09-01 11:00:00,379.39,46.7,3
2024-09-01 07:00:00,5,2024-09-01 12:00:00,379.38,45.5,3
2024-09-01 07:00:00,6,2024-09-01 13:00:00,379.37,44.6,3
2024-09-02 07:00:00,0,2024-09-02 07:00:00,379.45,52.6,3
2024-09-02 07:00:00,1,2024-09-02 08:00:00,379.44,52.4,3
2024-09-02 07:00:00,2,2024-09-02 09:00:00,379.44,51.6,3
2024-09-02 07:00:00,3,2024-09-02 10:00:00,379.42,50.1,3
2024-09-02 07:00:00,4,2024-09-02 11:00:00,379.41,48.5,3
2024-09-02 07:00:00,5,2024-09-02 12:00:00,379.39,47.1,3
2024-09-02 07:00:00,6,2024-09-02 13:00:00,379.38,46.0,3
2024-09-03 07:00:00,0,2024-09-03 07:00:00,379.33,40.7,3
2024-09-03 07:00:00,1,2024-09-03 08:00:00,379.34,40.9,3
2024-09-03 07:00:00,2,2024-09-03 09:00:00,379.33,40.8,3
2024-09-03 07:00:00,3,2024-09-03 10:00:00,379.33,40.6,3
2024-09-03 07:00:00,4,2024-09-03 11:00:00,379.33,40.2,3
2024-09-03 07:00:00,5,2024-09-03 12:00:00,379.32,39.8,3
2024-09-03 07:00:00,6,2024-09-03 13:00:00,379.32,39.2,3
2024-09-04 07:00:00,0,2024-09-04 07:00:00,379.41,49.0,3
2024-09-04 07:00:00,1,2024-09-04 08:00:00,379.42,49.8,3
2024-09-04 07:00:00,2,2024-09-04 09:00:00,379.42,50.2,3
2024-09-04 07:00:00,3,2024-09-04 10:00:00,379.42,50.3,3
2024-09-04 07:00:00,4,2024-09-04 11:00:00,379.43,50.8,3
2024-09-04 07:00:00,5,2024-09-04 12:00:00,379.43,50.6,3
2024-09-04 07:00:00,6,2024-09-04 13:00:00,379.42,50.0,3
2024-09-05 07:00:00,0,2024-09-05 07:00:00,379.47,55.9,3
2024-09-05 07:00:00,1,2024-09-05 08:00:00,379.48,56.3,3
2024-09-05 07:00:00,2,2024-09-05 09:00:00,379.48,56.8,3
2024-09-05 07:00:00,3,2024-09-05 10:00:00,379.48,56.6,3
2024-09-05 07:00:00,4,2024-09-05 11:00:00,379.48,56.2,3
2024-09-05 07:00:00,5,2024-09-05 12:00:00,379.47,55.5,3
2024-09-05 07:00:00,6,2024-09-05 13:00:00,379.46,54.8,3
2024-09-06 07:00:00,0,2024-09-06 07:00:00,379.92,110.9,3
2024-09-06 07:00:00,1,2024-09-06 08:00:00,379.91,109.4,3
2024-09-06 07:00:00,2,2024-09-06 09:00:00,379.9,107.1,3
2024-09-06 07:00:00,3,2024-09-06 10:00:00,379.88,104.6,3
2024-09-06 07:00:00,4,2024-09-06 11:00:00,379.85,101.7,3
2024-09-06 07:00:00,5,2024-09-06 12:00:00,379.83,98.9,3
2024-09-06 07:00:00,6,2024-09-06 13:00:00,379.81,96.2,3
2024-09-07 07:00:00,0,2024-09-07 07:00:00,379.55,64.5,3
2024-09-07 07:00:00,1,2024-09-07 08:00:00,379.55,64.7,3
2024-09-07 07:00:00,2,2024-09-07 09:00:00,379.54,63.6,3
2024-09-07 07:00:00,3,2024-09-07 10:00:00,379.53,62.2,3
2024-09-07 07:00:00,4,2024-09-07 11:00:00,379.52,61.0,3
2024-09-07 07:00:00,5,2024-09-07 12:00:00,379.51,59.9,3
2024-09-07 07:00:00,6,2024-09-07 13:00:00,379.5,58.8,3
2024-09-08 07:00:00,0,2024-09-08 07:00:00,379.65,76.4,3
2024-09-08 07:00:00,1,2024-09-08 08:00:00,379.62,72.8,3
2024-09-08 07:00:00,2,2024-09-08 09:00:00,379.59,69.1,3
2024-09-08 07:00:00,3,2024-09-08 10:00:00,379.57,66.6,3
2024-09-08 07:00:00,4,2024-09-08 11:00:00,379.56,65.2,3
2024-09-08 07:00:00,5,2024-09-08 12:00:00,379.55,64.4,3
2024-09-08 07:00:00,6,2024-09-08 13:00:00,379.54,63.4,3
2024-09-09 07:00:00,0,2024-09-09 07:00:00,379.63,74.1,3
2024-09-09 07:00:00,1,2024-09-09 08:00:00,379.62,72.8,3
2024-09-09 07:00:00,2,2024-09-09 09:00:00,379.61,71.9,3
2024-09-09 07:00:00,3,2024-09-09 10:00:00,379.66,77.0,3
2024-09-09 07:00:00,4,2024-09-09 11:00:00,379.74,87.6,3
2024-09-09 07:00:00,5,2024-09-09 12:00:00,379.75,88.6,3
2024-09-09 07:00:00,6,2024-09-09 13:00:00,379.75,88.9,3
2024-09-10 07:00:00,0,2024-09-10 07:00:00,380.34,170.1,3
2024-09-10 07:00:00,1,2024-09-10 08:00:00,380.32,166.6,3
2024-09-10 07:00:00,2,2024-09-10 09:00:00,380.29,162.7,3
2024-09-10 07:00:00,3,2024-09-10 10:00:00,380.26,158.7,3
2024-09-10 07:00:00,4,2024-09-10 11:00:00,380.24,154.8,3
2024-09-10 07:00:00,5,2024-09-10 12:00:00,380.21,150.8,3
2024-09-10 07:00:00,6,2024-09-10 13:00:00,380.18,147.1,3
2024-09-11 07:00:00,0,2024-09-11 07:00:00,379.71,84.2,3
2024-09-11 07:00:00,1,2024-09-11 08:00:00,379.71,83.2,3
2024-09-11 07:00:00,2,2024-09-11 09:00:00,379.7,82.2,3
2024-09-11 07:00:00,3,2024-09-11 10:00:00,379.69,80.8,3
2024-09-11 07:00:00,4,2024-09-11 11:00:00,379.67,79.3,3
2024-09-11 07:00:00,5,2024-09-11 12:00:00,379.66,78.1,3
2024-09-11 07:00:00,6,2024-09-11 13:00:00,379.65,76.6,3
2024-09-12 07:00:00,0,2024-09-12 07:00:00,380.02,123.3,3
2024-09-12 07:00:00,1,2024-09-12 08:00:00,380.04,127.3,3
2024-09-12 07:00:00,2,2024-09-12 09:00:00,380.09,133.6,3
2024-09-12 07:00:00,3,2024-09-12 10:00:00,380.13,139.0,3
2024-09-12 07:00:00,4,2024-09-12 11:00:00,380.18,147.1,3
2024-09-12 07:00:00,5,2024-09-12 12:00:00,380.19,148.1,3
2024-09-12 07:00:00,6,2024-09-12 13:00:00,380.18,145.8,3
2024-09-13 07:00:00,0,2024-09-13 07:00:00,379.79,93.5,3
2024-09-13 07:00:00,1,2024-09-13 08:00:00,379.78,91.8,3
2024-09-13 07:00:00,2,2024-09-13 09:00:00,379.76,90.0,3
2024-09-13 07:00:00,3,2024-09-13 10:00:00,379.75,88.6,3
2024-09-13 07:00:00,4,2024-09-13 11:00:00,379.74,87.2,3
2024-09-13 07:00:00,5,2024-09-13 12:00:00,379.73,85.8,3
2024-09-13 07:00:00,6,2024-09-13 13:00:00,379.72,84.7,3
2024-09-14 07:00:00,0,2024-09-14 07:00:00,379.57,66.8,3
2024-09-14 07:00:00,1,2024-09-14 08:00:00,379.57,66.4,3
2024-09-14 07:00:00,2,2024-09-14 09:00:00,379.56,65.8,3
2024-09-14 07:00:00,3,2024-09-14 10:00:00,379.56,65.3,3
2024-09-14 07:00:00,4,2024-09-14 11:00:00,379.55,64.9,3
2024-09-14 07:00:00,5,2024-09-14 12:00:00,379.55,64.5,3
2024-09-14 07:00:00,6,2024-09-14 13:00:00,379.55,64.0,3
2024-09-15 07:00:00,0,2024-09-15 07:00:00,379.45,52.6,3
2024-09-15 07:00:00,1,2024-09-15 08:00:00,379.43,51.4,3
2024-09-15 07:00:00,2,2024-09-15 09:00:00,379.44,51.5,3
2024-09-15 07:00:00,3,2024-09-15 10:00:00,379.44,51.8,3
2024-09-15 07:00:00,4,2024-09-15 11:00:00,379.44,52.2,3
2024-09-15 07:00:00,5,2024-09-15 12:00:00,379.44,52.2,3
2024-09-15 07:00:00,6,2024-09-15 13:00:00,379.44,52.2,3
2024-09-16 07:00:00,0,2024-09-16 07:00:00,379.4,47.5,3
2024-09-16 07:00:00,1,2024-09-16 08:00:00,379.4,47.8,3
2024-09-16 07:00:00,2,2024-09-16 09:00:00,379.4,48.2,3
2024-09-16 07:00:00,3,2024-09-16 10:00:00,379.41,48.5,3
2024-09-16 07:00:00,4,2024-09-16 11:00:00,379.41,48.8,3
2024-09-16 07:00:00,5,2024-09-16 12:00:00,379.41,49.0,3
2024-09-16 07:00:00,6,2024-09-16 13:00:00,379.41,49.1,3
2024-09-17 07:00:00,0,2024-09-17 07:00:00,379.28,36.0,3
2024-09-17 07:00:00,1,2024-09-17 08:00:00,379.29,36.6,3
2024-09-17 07:00:00,2,2024-09-17 09:00:00,379.3,37.0,3
2024-09-17 07:00:00,3,2024-09-17 10:00:00,379.3,37.3,3
2024-09-17 07:00:00,4,2024-09-17 11:00:00,379.3,37.6,3
2024-09-17 07:00:00,5,2024-09-17 12:00:00,379.3,37.9,3
2024-09-17 07:00:00,6,2024-09-17 13:00:00,379.31,38.0,3
2024-09-18 07:00:00,0,2024-09-18 07:00:00,379.23,31.3,3
2024-09-18 07:00:00,1,2024-09-18 08:00:00,379.24,32.3,3
2024-09-18 07:00:00,2,2024-09-18 09:00:00,379.25,33.0,3
2024-09-18 07:00:00,3,2024-09-18 10:00:00,379.27,34.2,3
2024-09-18 07:00:00,4,2024-09-18 11:00:00,379.28,35.2,3
2024-09-18 07:00:00,5,2024-09-18 12:00:00,379.28,35.7,3
2024-09-18 07:00:00,6,2024-09-18 13:00:00,379.29,36.1,3
2024-09-19 07:00:00,0,2024-09-19 07:00:00,379.2,29.1,3
2024-09-19 07:00:00,1,2024-09-19 08:00:00,379.22,30.1,3
2024-09-19 07:00:00,2,2024-09-19 09:00:00,379.23,31.0,3
2024-09-19 07:00:00,3,2024-09-19 10:00:00,379.24,31.6,3
2024-09-19 07:00:00,4,2024-09-19 11:00:00,379.24,32.0,3
2024-09-19 07:00:00,5,2024-09-19 12:00:00,379.24,32.4,3
2024-09-19 07:00:00,6,2024-09-19 13:00:00,379.25,32.8,3
2024-09-20 07:00:00,0,2024-09-20 07:00:00,379.17,26.2,3
2024-09-20 07:00:00,1,2024-09-20 08:00:00,379.18,27.3,3
2024-09-20 07:00:00,2,2024-09-20 09:00:00,379.2,28.4,3
2024-09-20 07:00:00,3,2024-09-20 10:00:00,379.21,29.5,3
2024-09-20 07:00:00,4,2024-09-20 11:00:00,379.22,30.3,3
2024-09-20 07:00:00,5,2024-09-20 12:00:00,379.23,31.1,3
2024-09-20 07:00:00,6,2024-09-20 13:00:00,379.24,31.8,3
2024-09-21 07:00:00,0,2024-09-21 07:00:00,379.15,24.9,3
2024-09-21 07:00:00,1,2024-09-21 08:00:00,379.16,25.8,3
2024-09-21 07:00:00,2,2024-09-21 09:00:00,379.17,26.6,3
2024-09-21 07:00:00,3,2024-09-21 10:00:00,379.18,27.6,3
2024-09-21 07:00:00,4,2024-09-21 11:00:00,379.19,28.2,3
2024-09-21 07:00:00,5,2024-09-21 12:00:00,379.2,28.6,3
2024-09-21 07:00:00,6,2024-09-21 13:00:00,379.2,28.7,3
2024-09-22 07:00:00,0,2024-09-22 07:00:00,379.13,23.6,3
2024-09-22 07:00:00,1,2024-09-22 08:00:00,379.14,24.2,3
2024-09-22 07:00:00,2,2024-09-22 09:00:00,379.15,24.8,3
2024-09-22 07:00:00,3,2024-09-22 10:00:00,379.15,25.3,3
2024-09-22 07:00:00,4,2024-09-22 11:00:00,379.16,25.6,3
2024-09-22 07:00:00,5,2024-09-22 12:00:00,379.16,25.7,3
2024-09-22 07:00:00,6,2024-09-22 13:00:00,379.17,26.1,3
2024-09-23 07:00:00,0,2024-09-23 07:00:00,379.17,26.7,3
2024-09-23 07:00:00,1,2024-09-23 08:00:00,379.19,27.7,3
2024-09-23 07:00:00,2,2024-09-23 09:00:00,379.19,28.3,3
2024-09-23 07:00:00,3,2024-09-23 10:00:00,379.2,28.7,3
2024-09-23 07:00:00,4,2024-09-23 11:00:00,379.2,28.7,3
2024-09-23 07:00:00,5,2024-09-23 12:00:00,379.2,28.8,3
2024-09-23 07:00:00,6,2024-09-23 13:00:00,379.2,29.0,3
2024-09-24 07:00:00,0,2024-09-24 07:00:00,379.4,47.4,3
2024-09-24 07:00:00,1,2024-09-24 08:00:00,379.39,47.0,3
2024-09-24 07:00:00,2,2024-09-24 09:00:00,379.4,47.3,3
2024-09-24 07:00:00,3,2024-09-24 10:00:00,379.4,47.5,3
2024-09-24 07:00:00,4,2024-09-24 11:00:00,379.4,47.6,3
2024-09-24 07:00:00,5,2024-09-24 12:00:00,379.4,47.6,3
2024-09-24 07:00:00,6,2024-09-24 13:00:00,379.4,48.0,3
2024-09-25 07:00:00,0,2024-09-25 07:00:00,379.27,34.8,3
2024-09-25 07:00:00,1,2024-09-25 08:00:00,379.28,35.8,3
2024-09-25 07:00:00,2,2024-09-25 09:00:00,379.28,35.9,3
2024-09-25 07:00:00,3,2024-09-25 10:00:00,379.28,35.6,3
2024-09-25 07:00:00,4,2024-09-25 11:00:00,379.28,35.5,3
2024-09-25 07:00:00,5,2024-09-25 12:00:00,379.28,35.3,3
2024-09-25 07:00:00,6,2024-09-25 13:00:00,379.28,35.3,3
2024-09-26 07:00:00,0,2024-09-26 07:00:00,379.23,30.9,3
2024-09-26 07:00:00,1,2024-09-26 08:00:00,379.24,31.7,3
2024-09-26 07:00:00,2,2024-09-26 09:00:00,379.25,32.9,3
2024-09-26 07:00:00,3,2024-09-26 10:00:00,379.27,34.7,3
2024-09-26 07:00:00,4,2024-09-26 11:00:00,379.3,37.2,3
2024-09-26 07:00:00,5,2024-09-26 12:00:00,379.36,43.8,3
2024-09-26 07:00:00,6,2024-09-26 13:00:00,379.63,74.5,3
2024-09-27 07:00:00,0,2024-09-27 07:00:00,381.47,381.6,3
2024-09-27 07:00:00,1,2024-09-27 08:00:00,381.38,362.3,3
2024-09-27 07:00:00,2,2024-09-27 09:00:00,381.28,341.6,3
2024-09-27 07:00:00,3,2024-09-27 10:00:00,381.19,322.6,3
2024-09-27 07:00:00,4,2024-09-27 11:00:00,381.13,310.3,3
2024-09-27 07:00:00,5,2024-09-27 12:00:00,381.07,297.0,3
2024-09-27 07:00:00,6,2024-09-27 13:00:00,381.01,285.4,3
2024-09-28 07:00:00,0,2024-09-28 07:00:00,380.51,197.2,3
2024-09-28 07:00:00,1,2024-09-28 08:00:00,380.5,194.9,3
2024-09-28 07:00:00,2,2024-09-28 09:00:00,380.47,191.3,3
2024-09-28 07:00:00,3,2024-09-28 10:00:00,380.46,188.7,3
2024-09-28 07:00:00,4,2024-09-28 11:00:00,380.45,187.1,3
2024-09-28 07:00:00,5,2024-09-28 12:00:00,380.44,185.6,3
2024-09-28 07:00:00,6,2024-09-28 13:00:00,380.43,184.3,3
2024-09-29 07:00:00,0,2024-09-29 07:00:00,380.25,156.2,3
2024-09-29 07:00:00,1,2024-09-29 08:00:00,380.23,154.1,3
2024-09-29 07:00:00,2,2024-09-29 09:00:00,380.22,152.1,3
2024-09-29 07:00:00,3,2024-09-29 10:00:00,380.21,150.1,3
2024-09-29 07:00:00,4,2024-09-29 11:00:00,380.19,148.4,3
2024-09-29 07:00:00,5,2024-09-29 12:00:00,380.18,146.8,3
2024-09-29 07:00:00,6,2024-09-29 13:00:00,380.17,145.0,3
2024-09-30 07:00:00,0,2024-09-30 07:00:00,379.86,102.7,3
2024-09-30 07:00:00,1,2024-09-30 08:00:00,379.86,102.2,3
2024-09-30 07:00:00,2,2024-09-30 09:00:00,379.85,101.7,3
2024-09-30 07:00:00,3,2024-09-30 10:00:00,379.85,101.4,3
2024-09-30 07:00:00,4,2024-09-30 11:00:00,379.85,101.3,3
2024-09-30 07:00:00,5,2024-09-30 12:00:00,379.85,101.1,3
2024-09-30 07:00:00,6,2024-09-30 13:00:00,379.85,100.8,3
2024-10-01 07:00:00,0,2024-10-01 07:00:00,379.66,78.1,3
2024-10-01 07:00:00,1,2024-10-01 08:00:00,379.66,78.1,3
2024-10-01 07:00:00,2,2024-10-01 09:00:00,379.67,78.2,3
2024-10-01 07:00:00,3,2024-10-01 10:00:00,379.67,78.7,3
2024-10-01 07:00:00,4,2024-10-01 11:00:00,379.67,79.0,3
2024-10-01 07:00:00,5,2024-10-01 12:00:00,379.68,79.3,3
2024-10-01 07:00:00,6,2024-10-01 13:00:00,379.68,79.5,3
2024-10-02 07:00:00,0,2024-10-02 07:00:00,380.81,248.0,3
2024-10-02 07:00:00,1,2024-10-02 08:00:00,380.95,273.9,3
2024-10-02 07:00:00,2,2024-10-02 09:00:00,381.12,308.7,3
2024-10-02 07:00:00,3,2024-10-02 10:00:00,381.28,341.8,3
2024-10-02 07:00:00,4,2024-10-02 11:00:00,381.39,364.8,3
2024-10-02 07:00:00,5,2024-10-02 12:00:00,381.43,372.2,3
2024-10-02 07:00:00,6,2024-10-02 13:00:00,381.39,365.5,3
2024-10-03 07:00:00,0,2024-10-03 07:00:00,380.44,185.5,3
2024-10-03 07:00:00,1,2024-10-03 08:00:00,380.42,183.2,3
2024-10-03 07:00:00,2,2024-10-03 09:00:00,380.41,180.6,3
2024-10-03 07:00:00,3,2024-10-03 10:00:00,380.39,178.2,3
2024-10-03 07:00:00,4,2024-10-03 11:00:00,380.38,176.0,3
2024-10-03 07:00:00,5,2024-10-03 12:00:00,380.36,173.9,3
2024-10-03 07:00:00,6,2024-10-03 13:00:00,380.35,171.9,3
2024-10-04 07:00:00,0,2024-10-04 07:00:00,379.93,111.5,3
2024-10-04 07:00:00,1,2024-10-04 08:00:00,379.93,111.9,3
2024-10-04 07:00:00,2,2024-10-04 09:00:00,379.93,112.0,3
2024-10-04 07:00:00,3,2024-10-04 10:00:00,379.93,112.2,3
2024-10-04 07:00:00,4,2024-10-04 11:00:00,379.94,112.4,3
2024-10-04 07:00:00,5,2024-10-04 12:00:00,379.94,112.6,3
2024-10-04 07:00:00,6,2024-10-04 13:00:00,379.94,112.8,3
2024-10-05 07:00:00,0,2024-10-05 07:00:00,379.71,84.2,3
2024-10-05 07:00:00,1,2024-10-05 08:00:00,379.72,85.0,3
2024-10-05 07:00:00,2,2024-10-05 09:00:00,379.73,85.7,3
2024-10-05 07:00:00,3,2024-10-05 10:00:00,379.73,86.1,3
2024-10-05 07:00:00,4,2024-10-05 11:00:00,379.73,86.6,3
2024-10-05 07:00:00,5,2024-10-05 12:00:00,379.74,87.5,3
2024-10-05 07:00:00,6,2024-10-05 13:00:00,379.75,88.1,3
2024-10-06 07:00:00,0,2024-10-06 07:00:00,379.58,68.1,3
2024-10-06 07:00:00,1,2024-10-06 08:00:00,379.59,68.7,3
2024-10-06 07:00:00,2,2024-10-06 09:00:00,379.59,69.2,3
2024-10-06 07:00:00,3,2024-10-06 10:00:00,379.6,69.8,3
2024-10-06 07:00:00,4,2024-10-06 11:00:00,379.6,70.3,3
2024-10-06 07:00:00,5,2024-10-06 12:00:00,379.61,71.0,3
2024-10-06 07:00:00,6,2024-10-06 13:00:00,379.61,71.6,3
2024-10-07 07:00:00,0,2024-10-07 07:00:00,379.48,56.6,3
2024-10-07 07:00:00,1,2024-10-07 08:00:00,379.49,57.6,3
2024-10-07 07:00:00,2,2024-10-07 09:00:00,379.5,58.6,3
2024-10-07 07:00:00,3,2024-10-07 10:00:00,379.5,59.3,3
2024-10-07 07:00:00,4,2024-10-07 11:00:00,379.51,60.0,3
2024-10-07 07:00:00,5,2024-10-07 12:00:00,379.52,60.6,3
2024-10-07 07:00:00,6,2024-10-07 13:00:00,379.52,61.3,3
2024-10-08 07:00:00,0,2024-10-08 07:00:00,379.65,76.8,3
2024-10-08 07:00:00,1,2024-10-08 08:00:00,379.66,77.5,3
2024-10-08 07:00:00,2,2024-10-08 09:00:00,379.67,78.7,3
2024-10-08 07:00:00,3,2024-10-08 10:00:00,379.68,80.0,3
2024-10-08 07:00:00,4,2024-10-08 11:00:00,379.69,81.6,3
2024-10-08 07:00:00,5,2024-10-08 12:00:00,379.71,83.8,3
2024-10-08 07:00:00,6,2024-10-08 13:00:00,379.73,86.4,3
2024-10-09 07:00:00,0,2024-10-09 07:00:00,380.39,177.9,3
2024-10-09 07:00:00,1,2024-10-09 08:00:00,380.37,175.6,3
2024-10-09 07:00:00,2,2024-10-09 09:00:00,380.36,173.3,3
2024-10-09 07:00:00,3,2024-10-09 10:00:00,380.34,171.0,3
2024-10-09 07:00:00,4,2024-10-09 11:00:00,380.33,168.6,3
2024-10-09 07:00:00,5,2024-10-09 12:00:00,380.31,166.2,3
2024-10-09 07:00:00,6,2024-10-09 13:00:00,380.3,163.9,3
2024-10-10 07:00:00,0,2024-10-10 07:00:00,380.48,191.7,3
2024-10-10 07:00:00,1,2024-10-10 08:00:00,380.68,225.3,3
2024-10-10 07:00:00,2,2024-10-10 09:00:00,380.82,251.5,3
2024-10-10 07:00:00,3,2024-10-10 10:00:00,380.95,275.5,3
2024-10-10 07:00:00,4,2024-10-10 11:00:00,381.08,300.6,3
2024-10-10 07:00:00,5,2024-10-10 12:00:00,381.13,309.8,3
2024-10-10 07:00:00,6,2024-10-10 13:00:00,381.11,305.6,3
2024-10-11 07:00:00,0,2024-10-11 07:00:00,380.6,211.9,3
2024-10-11 07:00:00,1,2024-10-11 08:00:00,380.58,209.4,3
2024-10-11 07:00:00,2,2024-10-11 09:00:00,380.57,206.8,3
2024-10-11 07:00:00,3,2024-10-11 10:00:00,380.55,204.2,3
2024-10-11 07:00:00,4,2024-10-11 11:00:00,380.54,201.6,3
2024-10-11 07:00:00,5,2024-10-11 12:00:00,380.52,198.7,3
2024-10-11 07:00:00,6,2024-10-11 13:00:00,380.5,196.1,3
2024-10-12 07:00:00,0,2024-10-12 07:00:00,380.08,131.9,3
2024-10-12 07:00:00,1,2024-10-12 08:00:00,380.07,131.4,3
2024-10-12 07:00:00,2,2024-10-12 09:00:00,380.07,130.9,3
2024-10-12 07:00:00,3,2024-10-12 10:00:00,380.07,130.7,3
2024-10-12 07:00:00,4,2024-10-12 11:00:00,380.07,130.4,3
2024-10-12 07:00:00,5,2024-10-12 12:00:00,380.07,130.2,3
2024-10-12 07:00:00,6,2024-10-12 13:00:00,380.07,130.1,3
2024-10-13 07:00:00,0,2024-10-13 07:00:00,379.96,115.3,3
2024-10-13 07:00:00,1,2024-10-13 08:00:00,379.99,119.3,3
2024-10-13 07:00:00,2,2024-10-13 09:00:00,380.02,123.4,3
2024-10-13 07:00:00,3,2024-10-13 10:00:00,380.05,127.9,3
2024-10-13 07:00:00,4,2024-10-13 11:00:00,380.08,132.0,3
2024-10-13 07:00:00,5,2024-10-13 12:00:00,380.11,135.8,3
2024-10-13 07:00:00,6,2024-10-13 13:00:00,380.13,138.9,3
2024-10-14 07:00:00,0,2024-10-14 07:00:00,380.26,159.0,3
2024-10-14 07:00:00,1,2024-10-14 08:00:00,380.25,156.3,3
2024-10-14 07:00:00,2,2024-10-14 09:00:00,380.23,154.1,3
2024-10-14 07:00:00,3,2024-10-14 10:00:00,380.22,152.2,3
2024-10-14 07:00:00,4,2024-10-14 11:00:00,380.21,150.5,3
2024-10-14 07:00:00,5,2024-10-14 12:00:00,380.2,149.0,3
2024-10-14 07:00:00,6,2024-10-14 13:00:00,380.19,147.9,3
2024-10-15 07:00:00,0,2024-10-15 07:00:00,380.04,126.2,3
2024-10-15 07:00:00,1,2024-10-15 08:00:00,380.03,124.9,3
2024-10-15 07:00:00,2,2024-10-15 09:00:00,380.02,124.1,3
2024-10-15 07:00:00,3,2024-10-15 10:00:00,380.02,123.6,3
2024-10-15 07:00:00,4,2024-10-15 11:00:00,380.02,123.4,3
2024-10-15 07:00:00,5,2024-10-15 12:00:00,380.02,123.3,3
2024-10-15 07:00:00,6,2024-10-15 13:00:00,380.02,123.5,3
2024-10-16 07:00:00,0,2024-10-16 07:00:00,379.87,103.5,3
2024-10-16 07:00:00,1,2024-10-16 08:00:00,379.87,103.9,3
2024-10-16 07:00:00,2,2024-10-16 09:00:00,379.88,104.9,3
2024-10-16 07:00:00,3,2024-10-16 10:00:00,379.89,105.8,3
2024-10-16 07:00:00,4,2024-10-16 11:00:00,379.89,107.0,3
2024-10-16 07:00:00,5,2024-10-16 12:00:00,379.9,108.2,3
2024-10-16 07:00:00,6,2024-10-16 13:00:00,379.91,109.5,3
2024-10-17 07:00:00,0,2024-10-17 07:00:00,379.77,90.6,3
2024-10-17 07:00:00,1,2024-10-17 08:00:00,379.77,91.2,3
2024-10-17 07:00:00,2,2024-10-17 09:00:00,379.78,92.1,3
2024-10-17 07:00:00,3,2024-10-17 10:00:00,379.79,93.1,3
2024-10-17 07:00:00,4,2024-10-17 11:00:00,379.8,94.3,3
2024-10-17 07:00:00,5,2024-10-17 12:00:00,379.8,95.5,3
2024-10-17 07:00:00,6,2024-10-17 13:00:00,379.81,96.7,3
2024-10-18 07:00:00,0,2024-10-18 07:00:00,379.72,84.7,3
2024-10-18 07:00:00,1,2024-10-18 08:00:00,379.73,86.6,3
2024-10-18 07:00:00,2,2024-10-18 09:00:00,379.75,88.1,3
2024-10-18 07:00:00,3,2024-10-18 10:00:00,379.76,89.9,3
2024-10-18 07:00:00,4,2024-10-18 11:00:00,379.78,92.9,3
2024-10-18 07:00:00,5,2024-10-18 12:00:00,379.81,96.5,3
2024-10-18 07:00:00,6,2024-10-18 13:00:00,379.84,100.4,3
2024-10-19 07:00:00,0,2024-10-19 07:00:00,379.94,113.7,3
2024-10-19 07:00:00,1,2024-10-19 08:00:00,379.94,113.2,3
2024-10-19 07:00:00,2,2024-10-19 09:00:00,379.94,112.6,3
2024-10-19 07:00:00,3,2024-10-19 10:00:00,379.93,112.2,3
2024-10-19 07:00:00,4,2024-10-19 11:00:00,379.93,111.9,3
2024-10-19 07:00:00,5,2024-10-19 12:00:00,379.93,111.6,3
2024-10-19 07:00:00,6,2024-10-19 13:00:00,379.93,111.8,3
2024-10-20 07:00:00,0,2024-10-20 07:00:00,379.69,80.8,3
2024-10-20 07:00:00,1,2024-10-20 08:00:00,379.69,81.1,3
2024-10-20 07:00:00,2,2024-10-20 09:00:00,379.69,81.6,3
2024-10-20 07:00:00,3,2024-10-20 10:00:00,379.7,82.2,3
2024-10-20 07:00:00,4,2024-10-20 11:00:00,379.7,82.6,3
2024-10-20 07:00:00,5,2024-10-20 12:00:00,379.71,83.2,3
2024-10-20 07:00:00,6,2024-10-20 13:00:00,379.71,83.6,3
2024-10-21 07:00:00,0,2024-10-21 07:00:00,379.61,71.6,3
2024-10-21 07:00:00,1,2024-10-21 08:00:00,379.61,71.6,3
2024-10-21 07:00:00,2,2024-10-21 09:00:00,379.61,71.4,3
2024-10-21 07:00:00,3,2024-10-21 10:00:00,379.61,71.4,3
2024-10-21 07:00:00,4,2024-10-21 11:00:00,379.61,71.4,3
2024-10-21 07:00:00,5,2024-10-21 12:00:00,379.61,71.4,3
2024-10-21 07:00:00,6,2024-10-21 13:00:00,379.61,71.1,3
2024-10-22 07:00:00,0,2024-10-22 07:00:00,379.5,58.3,3
2024-10-22 07:00:00,1,2024-10-22 08:00:00,379.49,58.0,3
2024-10-22 07:00:00,2,2024-10-22 09:00:00,379.49,57.8,3
2024-10-22 07:00:00,3,2024-10-22 10:00:00,379.49,57.7,3
2024-10-22 07:00:00,4,2024-10-22 11:00:00,379.49,57.3,3
2024-10-22 07:00:00,5,2024-10-22 12:00:00,379.49,57.3,3
2024-10-22 07:00:00,6,2024-10-22 13:00:00,379.48,57.0,3
2024-10-23 07:00:00,0,2024-10-23 07:00:00,379.48,56.8,3
2024-10-23 07:00:00,1,2024-10-23 08:00:00,379.48,56.7,3
2024-10-23 07:00:00,2,2024-10-23 09:00:00,379.48,56.4,3
2024-10-23 07:00:00,3,2024-10-23 10:00:00,379.48,56.2,3
2024-10-23 07:00:00,4,2024-10-23 11:00:00,379.47,55.9,3
2024-10-23 07:00:00,5,2024-10-23 12:00:00,379.47,55.6,3
2024-10-23 07:00:00,6,2024-10-23 13:00:00,379.47,55.2,3
2024-10-24 07:00:00,0,2024-10-24 07:00:00,379.44,52.5,3
2024-10-24 07:00:00,1,2024-10-24 08:00:00,379.44,52.5,3
2024-10-24 07:00:00,2,2024-10-24 09:00:00,379.44,52.0,3
2024-10-24 07:00:00,3,2024-10-24 10:00:00,379.43,51.3,3
2024-10-24 07:00:00,4,2024-10-24 11:00:00,379.43,51.0,3
2024-10-24 07:00:00,5,2024-10-24 12:00:00,379.43,50.8,3
2024-10-24 07:00:00,6,2024-10-24 13:00:00,379.43,50.8,3
2024-10-25 07:00:00,0,2024-10-25 07:00:00,379.35,42.2,3
2024-10-25 07:00:00,1,2024-10-25 08:00:00,379.35,42.2,3
2024-10-25 07:00:00,2,2024-10-25 09:00:00,379.34,41.8,3
2024-10-25 07:00:00,3,2024-10-25 10:00:00,379.34,41.2,3
2024-10-25 07:00:00,4,2024-10-25 11:00:00,379.34,41.0,3
2024-10-25 07:00:00,5,2024-10-25 12:00:00,379.33,40.8,3
2024-10-25 07:00:00,6,2024-10-25 13:00:00,379.33,40.8,3
2024-10-26 07:00:00,0,2024-10-26 07:00:00,379.32,39.5,3
2024-10-26 07:00:00,1,2024-10-26 08:00:00,379.32,39.6,3
2024-10-26 07:00:00,2,2024-10-26 09:00:00,379.32,39.4,3
2024-10-26 07:00:00,3,2024-10-26 10:00:00,379.32,39.1,3
2024-10-26 07:00:00,4,2024-10-26 11:00:00,379.31,38.9,3
2024-10-26 07:00:00,5,2024-10-26 12:00:00,379.31,38.8,3
2024-10-26 07:00:00,6,2024-10-26 13:00:00,379.31,38.7,3
2024-10-27 07:00:00,0,2024-10-27 07:00:00,379.3,37.8,3
2024-10-27 07:00:00,1,2024-10-27 08:00:00,379.3,37.5,3
2024-10-27 07:00:00,2,2024-10-27 09:00:00,379.3,37.3,3
2024-10-27 07:00:00,3,2024-10-27 10:00:00,379.3,37.3,3
2024-10-27 07:00:00,4,2024-10-27 11:00:00,379.3,37.2,3
2024-10-27 07:00:00,5,2024-10-27 12:00:00,379.3,37.3,3
2024-10-27 07:00:00,6,2024-10-27 13:00:00,379.3,37.2,3
2024-10-28 07:00:00,0,2024-10-28 07:00:00,379.25,32.5,3
2024-10-28 07:00:00,1,2024-10-28 08:00:00,379.25,32.6,3
2024-10-28 07:00:00,2,2024-10-28 09:00:00,379.25,33.1,3
2024-10-28 07:00:00,3,2024-10-28 10:00:00,379.25,33.3,3
2024-10-28 07:00:00,4,2024-10-28 11:00:00,379.25,33.1,3
2024-10-28 07:00:00,5,2024-10-28 12:00:00,379.25,32.9,3
2024-10-28 07:00:00,6,2024-10-28 13:00:00,379.25,32.7,3
2024-10-29 07:00:00,0,2024-10-29 07:00:00,379.22,30.2,3
2024-10-29 07:00:00,1,2024-10-29 08:00:00,379.22,30.2,3
2024-10-29 07:00:00,2,2024-10-29 09:00:00,379.22,30.3,3
2024-10-29 07:00:00,3,2024-10-29 10:00:00,379.22,30.4,3
2024-10-29 07:00:00,4,2024-10-29 11:00:00,379.22,30.2,3
2024-10-29 07:00:00,5,2024-10-29 12:00:00,379.22,30.3,3
2024-10-29 07:00:00,6,2024-10-29 13:00:00,379.22,30.3,3
2024-10-30 07:00:00,0,2024-10-30 07:00:00,379.2,28.5,3
2024-10-30 07:00:00,1,2024-10-30 08:00:00,379.2,28.7,3
2024-10-30 07:00:00,2,2024-10-30 09:00:00,379.2,29.1,3
2024-10-30 07:00:00,3,2024-10-30 10:00:00,379.21,29.5,3
2024-10-30 07:00:00,4,2024-10-30 11:00:00,379.21,29.6,3
2024-10-30 07:00:00,5,2024-10-30 12:00:00,379.21,29.6,3
2024-10-30 07:00:00,6,2024-10-30 13:00:00,379.21,29.5,3
2024-10-31 07:00:00,0,2024-10-31 07:00:00,379.17,26.4,3
2024-10-31 07:00:00,1,2024-10-31 08:00:00,379.17,26.6,3
2024-10-31 07:00:00,2,2024-10-31 09:00:00,379.18,27.0,3
2024-10-31 07:00:00,3,2024-10-31 10:00:00,379.18,27.2,3
2024-10-31 07:00:00,4,2024-10-31 11:00:00,379.18,27.2,3
2024-10-31 07:00:00,5,2024-10-31 12:00:00,379.18,27.0,3
2024-10-31 07:00:00,6,2024-10-31 13:00:00,379.18,26.9,3
2024-11-01 07:00:00,0,2024-11-01 07:00:00,379.15,24.9,3
2024-11-01 07:00:00,1,2024-11-01 08:00:00,379.15,25.2,3
2024-11-01 07:00:00,2,2024-11-01 09:00:00,379.16,25.4,3
2024-11-01 07:00:00,3,2024-11-01 10:00:00,379.16,25.7,3
2024-11-01 07:00:00,4,2024-11-01 11:00:00,379.16,25.7,3
2024-11-01 07:00:00,5,2024-11-01 12:00:00,379.16,25.6,3
2024-11-01 07:00:00,6,2024-11-01 13:00:00,379.16,25.7,3
2024-11-02 07:00:00,0,2024-11-02 07:00:00,379.18,26.9,3
2024-11-02 07:00:00,1,2024-11-02 08:00:00,379.18,27.1,3
2024-11-02 07:00:00,2,2024-11-02 09:00:00,379.18,27.4,3
2024-11-02 07:00:00,3,2024-11-02 10:00:00,379.19,27.9,3
2024-11-02 07:00:00,4,2024-11-02 11:00:00,379.19,28.0,3
2024-11-02 07:00:00,5,2024-11-02 12:00:00,379.19,27.9,3
2024-11-02 07:00:00,6,2024-11-02 13:00:00,379.19,27.7,3
2024-11-03 07:00:00,0,2024-11-03 07:00:00,379.17,26.6,3
2024-11-03 07:00:00,1,2024-11-03 08:00:00,379.17,26.7,3
2024-11-03 07:00:00,2,2024-11-03 09:00:00,379.17,26.8,3
2024-11-03 07:00:00,3,2024-11-03 10:00:00,379.18,27.2,3
2024-11-03 07:00:00,4,2024-11-03 11:00:00,379.18,27.5,3
2024-11-03 07:00:00,5,2024-11-03 12:00:00,379.19,27.9,3
2024-11-03 07:00:00,6,2024-11-03 13:00:00,379.19,28.2,3
2024-11-04 07:00:00,0,2024-11-04 07:00:00,379.15,25.1,3
2024-11-04 07:00:00,1,2024-11-04 08:00:00,379.15,24.9,3
2024-11-04 07:00:00,2,2024-11-04 09:00:00,379.15,25.1,3
2024-11-04 07:00:00,3,2024-11-04 10:00:00,379.15,25.2,3
2024-11-04 07:00:00,4,2024-11-04 11:00:00,379.15,25.3,3
2024-11-04 07:00:00,5,2024-11-04 12:00:00,379.15,25.1,3
2024-11-04 07:00:00,6,2024-11-04 13:00:00,379.15,25.1,3
2024-11-05 07:00:00,0,2024-11-05 07:00:00,379.13,23.9,3
2024-11-05 07:00:00,1,2024-11-05 08:00:00,379.13,23.7,3
2024-11-05 07:00:00,2,2024-11-05 09:00:00,379.13,23.6,3
2024-11-05 07:00:00,3,2024-11-05 10:00:00,379.13,23.9,3
2024-11-05 07:00:00,4,2024-11-05 11:00:00,379.14,24.1,3
2024-11-05 07:00:00,5,2024-11-05 12:00:00,379.14,24.4,3
2024-11-05 07:00:00,6,2024-11-05 13:00:00,379.14,24.6,3
2024-11-06 07:00:00,0,2024-11-06 07:00:00,379.22,30.0,3
2024-11-06 07:00:00,1,2024-11-06 08:00:00,379.21,29.3,3
2024-11-06 07:00:00,2,2024-11-06 09:00:00,379.2,28.9,3
2024-11-06 07:00:00,3,2024-11-06 10:00:00,379.2,28.7,3
2024-11-06 07:00:00,4,2024-11-06 11:00:00,379.2,28.8,3
2024-11-06 07:00:00,5,2024-11-06 12:00:00,379.2,28.8,3
2024-11-06 07:00:00,6,2024-11-06 13:00:00,379.2,28.8,3
2024-11-07 07:00:00,0,2024-11-07 07:00:00,379.26,33.3,3
2024-11-07 07:00:00,1,2024-11-07 08:00:00,379.24,31.9,3
2024-11-07 07:00:00,2,2024-11-07 09:00:00,379.23,30.8,3
2024-11-07 07:00:00,3,2024-11-07 10:00:00,379.22,30.2,3
2024-11-07 07:00:00,4,2024-11-07 11:00:00,379.22,30.2,3
2024-11-07 07:00:00,5,2024-11-07 12:00:00,379.22,30.5,3
2024-11-07 07:00:00,6,2024-11-07 13:00:00,379.22,30.7,3
2024-11-08 07:00:00,0,2024-11-08 07:00:00,379.03,17.2,3
2024-11-08 07:00:00,1,2024-11-08 08:00:00,379.03,17.2,3
2024-11-08 07:00:00,2,2024-11-08 09:00:00,379.04,17.5,3
2024-11-08 07:00:00,3,2024-11-08 10:00:00,379.04,17.5,3
2024-11-08 07:00:00,4,2024-11-08 11:00:00,379.04,17.6,3
2024-11-08 07:00:00,5,2024-11-08 12:00:00,379.04,17.6,3
2024-11-08 07:00:00,6,2024-11-08 13:00:00,379.04,17.7,3
2024-11-09 07:00:00,0,2024-11-09 07:00:00,379.06,18.8,3
2024-11-09 07:00:00,1,2024-11-09 08:00:00,379.05,18.5,3
2024-11-09 07:00:00,2,2024-11-09 09:00:00,379.05,18.6,3
2024-11-09 07:00:00,3,2024-11-09 10:00:00,379.06,19.1,3
2024-11-09 07:00:00,4,2024-11-09 11:00:00,379.07,19.3,3
2024-11-09 07:00:00,5,2024-11-09 12:00:00,379.07,19.4,3
2024-11-09 07:00:00,6,2024-11-09 13:00:00,379.07,19.5,3
2024-11-10 07:00:00,0,2024-11-10 07:00:00,379.02,16.7,3
2024-11-10 07:00:00,1,2024-11-10 08:00:00,379.02,16.3,3
2024-11-10 07:00:00,2,2024-11-10 09:00:00,379.02,16.5,3
2024-11-10 07:00:00,3,2024-11-10 10:00:00,379.03,17.1,3
2024-11-10 07:00:00,4,2024-11-10 11:00:00,379.04,17.7,3
2024-11-10 07:00:00,5,2024-11-10 12:00:00,379.04,17.7,3
2024-11-10 07:00:00,6,2024-11-10 13:00:00,379.04,17.9,3
2024-11-11 07:00:00,0,2024-11-11 07:00:00,379.14,24.3,3
2024-11-11 07:00:00,1,2024-11-11 08:00:00,379.12,23.2,3
2024-11-11 07:00:00,2,2024-11-11 09:00:00,379.11,22.3,3
2024-11-11 07:00:00,3,2024-11-11 10:00:00,379.1,21.8,3
2024-11-11 07:00:00,4,2024-11-11 11:00:00,379.11,22.0,3
2024-11-11 07:00:00,5,2024-11-11 12:00:00,379.11,22.2,3
2024-11-11 07:00:00,6,2024-11-11 13:00:00,379.12,22.6,3
2024-11-12 07:00:00,0,2024-11-12 07:00:00,379.13,23.4,3
2024-11-12 07:00:00,1,2024-11-12 08:00:00,379.11,22.2,3
2024-11-12 07:00:00,2,2024-11-12 09:00:00,379.09,21.2,3
2024-11-12 07:00:00,3,2024-11-12 10:00:00,379.09,20.7,3
2024-11-12 07:00:00,4,2024-11-12 11:00:00,379.09,20.8,3
2024-11-12 07:00:00,5,2024-11-12 12:00:00,379.1,21.3,3
2024-11-12 07:00:00,6,2024-11-12 13:00:00,379.1,21.5,3
2024-11-13 07:00:00,0,2024-11-13 07:00:00,379.05,18.1,3
2024-11-13 07:00:00,1,2024-11-13 08:00:00,379.04,18.0,3
2024-11-13 07:00:00,2,2024-11-13 09:00:00,379.05,18.2,3
2024-11-13 07:00:00,3,2024-11-13 10:00:00,379.05,18.6,3
2024-11-13 07:00:00,4,2024-11-13 11:00:00,379.06,18.8,3
2024-11-13 07:00:00,5,2024-11-13 12:00:00,379.06,18.9,3
2024-11-13 07:00:00,6,2024-11-13 13:00:00,379.06,18.9,3
2024-11-14 07:00:00,0,2024-11-14 07:00:00,378.99,14.9,3
2024-11-14 07:00:00,1,2024-11-14 08:00:00,379.0,15.2,3
2024-11-14 07:00:00,2,2024-11-14 09:00:00,379.0,15.4,3
2024-11-14 07:00:00,3,2024-11-14 10:00:00,379.0,15.7,3
2024-11-14 07:00:00,4,2024-11-14 11:00:00,379.01,15.9,3
2024-11-14 07:00:00,5,2024-11-14 12:00:00,379.01,16.1,3
2024-11-14 07:00:00,6,2024-11-14 13:00:00,379.01,16.0,3
2024-11-15 07:00:00,0,2024-11-15 07:00:00,378.99,14.6,3
2024-11-15 07:00:00,1,2024-11-15 08:00:00,378.99,14.8,3
2024-11-15 07:00:00,2,2024-11-15 09:00:00,379.0,15.2,3
2024-11-15 07:00:00,3,2024-11-15 10:00:00,379.0,15.5,3
2024-11-15 07:00:00,4,2024-11-15 11:00:00,379.01,15.8,3
2024-11-15 07:00:00,5,2024-11-15 12:00:00,379.01,15.8,3
2024-11-15 07:00:00,6,2024-11-15 13:00:00,379.01,16.0,3
2024-11-16 07:00:00,0,2024-11-16 07:00:00,378.98,14.6,3
2024-11-16 07:00:00,1,2024-11-16 08:00:00,378.98,14.5,3
2024-11-16 07:00:00,2,2024-11-16 09:00:00,378.99,14.7,3
2024-11-16 07:00:00,3,2024-11-16 10:00:00,378.99,14.9,3
2024-11-16 07:00:00,4,2024-11-16 11:00:00,379.0,15.3,3
2024-11-16 07:00:00,5,2024-11-16 12:00:00,379.0,15.4,3
2024-11-16 07:00:00,6,2024-11-16 13:00:00,379.0,15.4,3
2024-11-17 07:00:00,0,2024-11-17 07:00:00,378.98,14.6,3
2024-11-17 07:00:00,1,2024-11-17 08:00:00,378.98,14.4,3
2024-11-17 07:00:00,2,2024-11-17 09:00:00,378.98,14.6,3
2024-11-17 07:00:00,3,2024-11-17 10:00:00,378.99,14.9,3
2024-11-17 07:00:00,4,2024-11-17 11:00:00,378.99,15.1,3
2024-11-17 07:00:00,5,2024-11-17 12:00:00,378.99,15.0,3
2024-11-17 07:00:00,6,2024-11-17 13:00:00,379.0,15.2,3
2024-11-18 07:00:00,0,2024-11-18 07:00:00,378.99,15.1,3
2024-11-18 07:00:00,1,2024-11-18 08:00:00,378.99,14.9,3
2024-11-18 07:00:00,2,2024-11-18 09:00:00,378.99,15.0,3
2024-11-18 07:00:00,3,2024-11-18 10:00:00,378.99,15.1,3
2024-11-18 07:00:00,4,2024-11-18 11:00:00,379.0,15.2,3
2024-11-18 07:00:00,5,2024-11-18 12:00:00,379.0,15.3,3
2024-11-18 07:00:00,6,2024-11-18 13:00:00,379.0,15.3,3
2024-11-19 07:00:00,0,2024-11-19 07:00:00,378.99,14.7,3
2024-11-19 07:00:00,1,2024-11-19 08:00:00,378.99,14.7,3
2024-11-19 07:00:00,2,2024-11-19 09:00:00,378.99,14.8,3
2024-11-19 07:00:00,3,2024-11-19 10:00:00,378.99,14.8,3
2024-11-19 07:00:00,4,2024-11-19 11:00:00,378.99,15.1,3
2024-11-19 07:00:00,5,2024-11-19 12:00:00,379.0,15.3,3
2024-11-19 07:00:00,6,2024-11-19 13:00:00,379.0,15.5,3
2024-11-20 07:00:00,0,2024-11-20 07:00:00,379.43,51.2,3
2024-11-20 07:00:00,1,2024-11-20 08:00:00,379.48,56.1,3
2024-11-20 07:00:00,2,2024-11-20 09:00:00,379.63,74.1,3
2024-11-20 07:00:00,3,2024-11-20 10:00:00,379.78,91.9,3
2024-11-20 07:00:00,4,2024-11-20 11:00:00,379.87,103.9,3
2024-11-20 07:00:00,5,2024-11-20 12:00:00,379.87,103.3,3
2024-11-20 07:00:00,6,2024-11-20 13:00:00,379.83,98.9,3
2024-11-21 07:00:00,0,2024-11-21 07:00:00,379.38,45.5,3
2024-11-21 07:00:00,1,2024-11-21 08:00:00,379.38,45.1,3
2024-11-21 07:00:00,2,2024-11-21 09:00:00,379.37,44.4,3
2024-11-21 07:00:00,3,2024-11-21 10:00:00,379.36,43.5,3
2024-11-21 07:00:00,4,2024-11-21 11:00:00,379.36,43.0,3
2024-11-21 07:00:00,5,2024-11-21 12:00:00,379.35,42.5,3
2024-11-21 07:00:00,6,2024-11-21 13:00:00,379.35,42.0,3
2024-11-22 07:00:00,0,2024-11-22 07:00:00,380.01,123.1,3
2024-11-22 07:00:00,1,2024-11-22 08:00:00,379.96,115.7,3
2024-11-22 07:00:00,2,2024-11-22 09:00:00,379.94,112.5,3
2024-11-22 07:00:00,3,2024-11-22 10:00:00,379.95,113.9,3
2024-11-22 07:00:00,4,2024-11-22 11:00:00,379.92,110.3,3
2024-11-22 07:00:00,5,2024-11-22 12:00:00,379.89,107.1,3
2024-11-22 07:00:00,6,2024-11-22 13:00:00,379.86,101.9,3
2024-11-23 07:00:00,0,2024-11-23 07:00:00,379.5,58.5,3
2024-11-23 07:00:00,1,2024-11-23 08:00:00,379.5,58.5,3
2024-11-23 07:00:00,2,2024-11-23 09:00:00,379.49,57.9,3
2024-11-23 07:00:00,3,2024-11-23 10:00:00,379.49,57.4,3
2024-11-23 07:00:00,4,2024-11-23 11:00:00,379.48,56.9,3
2024-11-23 07:00:00,5,2024-11-23 12:00:00,379.48,56.4,3
2024-11-23 07:00:00,6,2024-11-23 13:00:00,379.48,56.1,3
2024-11-24 07:00:00,0,2024-11-24 07:00:00,379.35,42.9,3
2024-11-24 07:00:00,1,2024-11-24 08:00:00,379.36,43.5,3
2024-11-24 07:00:00,2,2024-11-24 09:00:00,379.36,43.9,3
2024-11-24 07:00:00,3,2024-11-24 10:00:00,379.37,44.1,3
2024-11-24 07:00:00,4,2024-11-24 11:00:00,379.37,44.5,3
2024-11-24 07:00:00,5,2024-11-24 12:00:00,379.38,45.2,3
2024-11-24 07:00:00,6,2024-11-24 13:00:00,379.38,46.0,3
2024-11-25 07:00:00,0,2024-11-25 07:00:00,379.33,40.1,3
2024-11-25 07:00:00,1,2024-11-25 08:00:00,379.34,41.0,3
2024-11-25 07:00:00,2,2024-11-25 09:00:00,379.34,41.5,3
2024-11-25 07:00:00,3,2024-11-25 10:00:00,379.35,42.1,3
2024-11-25 07:00:00,4,2024-11-25 11:00:00,379.35,42.7,3
2024-11-25 07:00:00,5,2024-11-25 12:00:00,379.36,43.3,3
2024-11-25 07:00:00,6,2024-11-25 13:00:00,379.36,43.8,3
2024-11-26 07:00:00,0,2024-11-26 07:00:00,379.53,62.6,3
2024-11-26 07:00:00,1,2024-11-26 08:00:00,379.62,72.9,3
2024-11-26 07:00:00,2,2024-11-26 09:00:00,379.76,89.3,3
2024-11-26 07:00:00,3,2024-11-26 10:00:00,379.81,96.2,3
2024-11-26 07:00:00,4,2024-11-26 11:00:00,379.81,96.1,3
2024-11-26 07:00:00,5,2024-11-26 12:00:00,379.78,92.8,3
2024-11-26 07:00:00,6,2024-11-26 13:00:00,379.75,88.9,3
2024-11-27 07:00:00,0,2024-11-27 07:00:00,379.67,78.7,3
2024-11-27 07:00:00,1,2024-11-27 08:00:00,379.66,78.1,3
2024-11-27 07:00:00,2,2024-11-27 09:00:00,379.66,77.4,3
2024-11-27 07:00:00,3,2024-11-27 10:00:00,379.65,76.7,3
2024-11-27 07:00:00,4,2024-11-27 11:00:00,379.65,76.0,3
2024-11-27 07:00:00,5,2024-11-27 12:00:00,379.64,75.6,3
2024-11-27 07:00:00,6,2024-11-27 13:00:00,379.64,75.2,3
2024-11-28 07:00:00,0,2024-11-28 07:00:00,379.46,53.9,3
2024-11-28 07:00:00,1,2024-11-28 08:00:00,379.46,54.3,3
2024-11-28 07:00:00,2,2024-11-28 09:00:00,379.46,54.7,3
2024-11-28 07:00:00,3,2024-11-28 10:00:00,379.47,55.0,3
2024-11-28 07:00:00,4,2024-11-28 11:00:00,379.47,55.3,3
2024-11-28 07:00:00,5,2024-11-28 12:00:00,379.47,55.7,3
2024-11-28 07:00:00,6,2024-11-28 13:00:00,379.48,56.2,3
2024-11-29 07:00:00,0,2024-11-29 07:00:00,379.62,72.7,3
2024-11-29 07:00:00,1,2024-11-29 08:00:00,379.62,72.5,3
2024-11-29 07:00:00,2,2024-11-29 09:00:00,379.62,72.6,3
2024-11-29 07:00:00,3,2024-11-29 10:00:00,379.62,72.5,3
2024-11-29 07:00:00,4,2024-11-29 11:00:00,379.62,72.4,3
2024-11-29 07:00:00,5,2024-11-29 12:00:00,379.61,71.9,3
2024-11-29 07:00:00,6,2024-11-29 13:00:00,379.61,71.6,3
2024-11-30 07:00:00,0,2024-11-30 07:00:00,379.41,49.0,3
2024-11-30 07:00:00,1,2024-11-30 08:00:00,379.42,49.3,3
2024-11-30 07:00:00,2,2024-11-30 09:00:00,379.42,49.7,3
2024-11-30 07:00:00,3,2024-11-30 10:00:00,379.42,50.0,3
2024-11-30 07:00:00,4,2024-11-30 11:00:00,379.43,50.4,3
2024-11-30 07:00:00,5,2024-11-30 12:00:00,379.43,50.8,3
2024-11-30 07:00:00,6,2024-11-30 13:00:00,379.43,50.9,3
2024-12-01 07:00:00,0,2024-12-01 07:00:00,379.32,39.3,3
2024-12-01 07:00:00,1,2024-12-01 08:00:00,379.32,39.9,3
2024-12-01 07:00:00,2,2024-12-01 09:00:00,379.33,40.3,3
2024-12-01 07:00:00,3,2024-12-01 10:00:00,379.33,40.6,3
2024-12-01 07:00:00,4,2024-12-01 11:00:00,379.34,40.9,3
2024-12-01 07:00:00,5,2024-12-01 12:00:00,379.34,41.2,3
2024-12-01 07:00:00,6,2024-12-01 13:00:00,379.34,41.6,3
2024-12-02 07:00:00,0,2024-12-02 07:00:00,379.25,32.7,3
2024-12-02 07:00:00,1,2024-12-02 08:00:00,379.25,33.2,3
2024-12-02 07:00:00,2,2024-12-02 09:00:00,379.26,33.8,3
2024-12-02 07:00:00,3,2024-12-02 10:00:00,379.26,34.2,3
2024-12-02 07:00:00,4,2024-12-02 11:00:00,379.27,34.6,3
2024-12-02 07:00:00,5,2024-12-02 12:00:00,379.27,34.9,3
2024-12-02 07:00:00,6,2024-12-02 13:00:00,379.28,35.2,3
2024-12-03 07:00:00,0,2024-12-03 07:00:00,379.37,44.3,3
2024-12-03 07:00:00,1,2024-12-03 08:00:00,379.37,44.2,3
2024-12-03 07:00:00,2,2024-12-03 09:00:00,379.38,45.4,3
2024-12-03 07:00:00,3,2024-12-03 10:00:00,379.38,45.0,3
2024-12-03 07:00:00,4,2024-12-03 11:00:00,379.36,43.8,3
2024-12-03 07:00:00,5,2024-12-03 12:00:00,379.36,43.0,3
2024-12-03 07:00:00,6,2024-12-03 13:00:00,379.35,42.1,3
2024-12-04 07:00:00,0,2024-12-04 07:00:00,379.38,45.3,3
2024-12-04 07:00:00,1,2024-12-04 08:00:00,379.37,44.8,3
2024-12-04 07:00:00,2,2024-12-04 09:00:00,379.37,44.4,3
2024-12-04 07:00:00,3,2024-12-04 10:00:00,379.36,43.8,3
2024-12-04 07:00:00,4,2024-12-04 11:00:00,379.36,43.3,3
2024-12-04 07:00:00,5,2024-12-04 12:00:00,379.35,42.8,3
2024-12-04 07:00:00,6,2024-12-04 13:00:00,379.35,42.2,3
2024-12-05 07:00:00,0,2024-12-05 07:00:00,379.28,35.2,3
2024-12-05 07:00:00,1,2024-12-05 08:00:00,379.27,34.7,3
2024-12-05 07:00:00,2,2024-12-05 09:00:00,379.27,34.3,3
2024-12-05 07:00:00,3,2024-12-05 10:00:00,379.26,33.9,3
2024-12-05 07:00:00,4,2024-12-05 11:00:00,379.26,33.5,3
2024-12-05 07:00:00,5,2024-12-05 12:00:00,379.25,33.0,3
2024-12-05 07:00:00,6,2024-12-05 13:00:00,379.25,32.5,3
2024-12-06 07:00:00,0,2024-12-06 07:00:00,379.32,39.4,3
2024-12-06 07:00:00,1,2024-12-06 08:00:00,379.32,39.1,3
2024-12-06 07:00:00,2,2024-12-06 09:00:00,379.33,40.2,3
2024-12-06 07:00:00,3,2024-12-06 10:00:00,379.35,42.0,3
2024-12-06 07:00:00,4,2024-12-06 11:00:00,379.35,42.6,3
2024-12-06 07:00:00,5,2024-12-06 12:00:00,379.35,42.6,3
2024-12-06 07:00:00,6,2024-12-06 13:00:00,379.35,42.5,3
2024-12-07 07:00:00,0,2024-12-07 07:00:00,379.79,93.4,3
2024-12-07 07:00:00,1,2024-12-07 08:00:00,379.76,90.2,3
2024-12-07 07:00:00,2,2024-12-07 09:00:00,379.75,88.0,3
2024-12-07 07:00:00,3,2024-12-07 10:00:00,379.73,86.3,3
2024-12-07 07:00:00,4,2024-12-07 11:00:00,379.72,84.6,3
2024-12-07 07:00:00,5,2024-12-07 12:00:00,379.7,83.0,3
2024-12-07 07:00:00,6,2024-12-07 13:00:00,379.69,81.4,3
2024-12-08 07:00:00,0,2024-12-08 07:00:00,379.98,118.1,3
2024-12-08 07:00:00,1,2024-12-08 08:00:00,379.96,115.1,3
2024-12-08 07:00:00,2,2024-12-08 09:00:00,379.93,112.2,3
2024-12-08 07:00:00,3,2024-12-08 10:00:00,379.91,109.7,3
2024-12-08 07:00:00,4,2024-12-08 11:00:00,379.9,107.5,3
2024-12-08 07:00:00,5,2024-12-08 12:00:00,379.88,105.7,3
2024-12-08 07:00:00,6,2024-12-08 13:00:00,379.87,103.6,3
2024-12-09 07:00:00,0,2024-12-09 07:00:00,379.66,78.0,3
2024-12-09 07:00:00,1,2024-12-09 08:00:00,379.66,77.1,3
2024-12-09 07:00:00,2,2024-12-09 09:00:00,379.65,75.9,3
2024-12-09 07:00:00,3,2024-12-09 10:00:00,379.64,74.8,3
2024-12-09 07:00:00,4,2024-12-09 11:00:00,379.63,73.7,3
2024-12-09 07:00:00,5,2024-12-09 12:00:00,379.62,72.5,3
2024-12-09 07:00:00,6,2024-12-09 13:00:00,379.61,71.3,3
2024-12-10 07:00:00,0,2024-12-10 07:00:00,379.51,59.9,3
2024-12-10 07:00:00,1,2024-12-10 08:00:00,379.51,59.9,3
2024-12-10 07:00:00,2,2024-12-10 09:00:00,379.5,59.2,3
2024-12-10 07:00:00,3,2024-12-10 10:00:00,379.49,58.2,3
2024-12-10 07:00:00,4,2024-12-10 11:00:00,379.49,57.5,3
2024-12-10 07:00:00,5,2024-12-10 12:00:00,379.48,57.0,3
2024-12-10 07:00:00,6,2024-12-10 13:00:00,379.48,56.6,3
2024-12-11 07:00:00,0,2024-12-11 07:00:00,379.39,46.0,3
2024-12-11 07:00:00,1,2024-12-11 08:00:00,379.38,45.4,3
2024-12-11 07:00:00,2,2024-12-11 09:00:00,379.37,44.9,3
2024-12-11 07:00:00,3,2024-12-11 10:00:00,379.37,44.9,3
2024-12-11 07:00:00,4,2024-12-11 11:00:00,379.38,45.3,3
2024-12-11 07:00:00,5,2024-12-11 12:00:00,379.38,45.5,3
2024-12-11 07:00:00,6,2024-12-11 13:00:00,379.38,45.9,3
2024-12-12 07:00:00,0,2024-12-12 07:00:00,379.3,37.7,3
2024-12-12 07:00:00,1,2024-12-12 08:00:00,379.3,37.5,3
2024-12-12 07:00:00,2,2024-12-12 09:00:00,379.3,37.6,3
2024-12-12 07:00:00,3,2024-12-12 10:00:00,379.3,37.8,3
2024-12-12 07:00:00,4,2024-12-12 11:00:00,379.31,38.2,3
2024-12-12 07:00:00,5,2024-12-12 12:00:00,379.31,38.6,3
2024-12-12 07:00:00,6,2024-12-12 13:00:00,379.32,39.1,3
2024-12-13 07:00:00,0,2024-12-13 07:00:00,379.28,35.4,3
2024-12-13 07:00:00,1,2024-12-13 08:00:00,379.27,35.0,3
2024-12-13 07:00:00,2,2024-12-13 09:00:00,379.27,35.0,3
2024-12-13 07:00:00,3,2024-12-13 10:00:00,379.28,35.4,3
2024-12-13 07:00:00,4,2024-12-13 11:00:00,379.28,35.7,3
2024-12-13 07:00:00,5,2024-12-13 12:00:00,379.28,35.9,3
2024-12-13 07:00:00,6,2024-12-13 13:00:00,379.29,36.1,3
2024-12-14 07:00:00,0,2024-12-14 07:00:00,379.26,33.8,3
2024-12-14 07:00:00,1,2024-12-14 08:00:00,379.26,33.4,3
2024-12-14 07:00:00,2,2024-12-14 09:00:00,379.25,33.3,3
2024-12-14 07:00:00,3,2024-12-14 10:00:00,379.26,33.6,3
2024-12-14 07:00:00,4,2024-12-14 11:00:00,379.26,34.2,3
2024-12-14 07:00:00,5,2024-12-14 12:00:00,379.27,34.5,3
2024-12-14 07:00:00,6,2024-12-14 13:00:00,379.27,34.9,3
2024-12-15 07:00:00,0,2024-12-15 07:00:00,379.29,36.3,3
2024-12-15 07:00:00,1,2024-12-15 08:00:00,379.28,36.0,3
2024-12-15 07:00:00,2,2024-12-15 09:00:00,379.28,36.0,3
2024-12-15 07:00:00,3,2024-12-15 10:00:00,379.29,36.1,3
2024-12-15 07:00:00,4,2024-12-15 11:00:00,379.29,36.3,3
2024-12-15 07:00:00,5,2024-12-15 12:00:00,379.29,36.7,3
2024-12-15 07:00:00,6,2024-12-15 13:00:00,379.29,36.9,3
2024-12-16 07:00:00,0,2024-12-16 07:00:00,379.24,31.8,3
2024-12-16 07:00:00,1,2024-12-16 08:00:00,379.23,31.4,3
2024-12-16 07:00:00,2,2024-12-16 09:00:00,379.23,31.5,3
2024-12-16 07:00:00,3,2024-12-16 10:00:00,379.24,31.8,3
2024-12-16 07:00:00,4,2024-12-16 11:00:00,379.24,32.0,3
2024-12-16 07:00:00,5,2024-12-16 12:00:00,379.24,32.3,3
2024-12-16 07:00:00,6,2024-12-16 13:00:00,379.25,32.5,3
2024-12-17 07:00:00,0,2024-12-17 07:00:00,379.21,29.3,3
2024-12-17 07:00:00,1,2024-12-17 08:00:00,379.2,29.1,3
2024-12-17 07:00:00,2,2024-12-17 09:00:00,379.2,29.0,3
2024-12-17 07:00:00,3,2024-12-17 10:00:00,379.21,29.2,3
2024-12-17 07:00:00,4,2024-12-17 11:00:00,379.21,29.8,3
2024-12-17 07:00:00,5,2024-12-17 12:00:00,379.22,30.1,3
2024-12-17 07:00:00,6,2024-12-17 13:00:00,379.22,30.3,3
2024-12-18 07:00:00,0,2024-12-18 07:00:00,379.24,31.9,3
2024-12-18 07:00:00,1,2024-12-18 08:00:00,379.23,31.6,3
2024-12-18 07:00:00,2,2024-12-18 09:00:00,379.24,31.7,3
2024-12-18 07:00:00,3,2024-12-18 10:00:00,379.24,31.9,3
2024-12-18 07:00:00,4,2024-12-18 11:00:00,379.24,32.2,3
2024-12-18 07:00:00,5,2024-12-18 12:00:00,379.24,32.4,3
2024-12-18 07:00:00,6,2024-12-18 13:00:00,379.25,32.8,3
2024-12-19 07:00:00,0,2024-12-19 07:00:00,379.23,32.6,3
2024-12-19 07:00:00,1,2024-12-19 08:00:00,379.23,32.9,3
2024-12-19 07:00:00,2,2024-12-19 09:00:00,379.24,33.5,3
2024-12-19 07:00:00,3,2024-12-19 10:00:00,379.25,34.3,3
2024-12-19 07:00:00,4,2024-12-19 11:00:00,379.26,35.2,3
2024-12-19 07:00:00,5,2024-12-19 12:00:00,379.27,36.1,3
2024-12-19 07:00:00,6,2024-12-19 13:00:00,379.28,37.5,3
2024-12-20 07:00:00,0,2024-12-20 07:00:00,380.3,163.4,3
2024-12-20 07:00:00,1,2024-12-20 08:00:00,380.27,159.3,3
2024-12-20 07:00:00,2,2024-12-20 09:00:00,380.25,156.1,3
2024-12-20 07:00:00,3,2024-12-20 10:00:00,380.22,152.5,3
2024-12-20 07:00:00,4,2024-12-20 11:00:00,380.2,149.0,3
2024-12-20 07:00:00,5,2024-12-20 12:00:00,380.18,145.6,3
2024-12-20 07:00:00,6,2024-12-20 13:00:00,380.15,142.2,3
2024-12-21 07:00:00,0,2024-12-21 07:00:00,379.65,76.6,3
2024-12-21 07:00:00,1,2024-12-21 08:00:00,379.64,76.0,3
2024-12-21 07:00:00,2,2024-12-21 09:00:00,379.64,75.4,3
2024-12-21 07:00:00,3,2024-12-21 10:00:00,379.64,75.1,3
2024-12-21 07:00:00,4,2024-12-21 11:00:00,379.63,74.8,3
2024-12-21 07:00:00,5,2024-12-21 12:00:00,379.63,74.7,3
2024-12-21 07:00:00,6,2024-12-21 13:00:00,379.63,74.3,3
2024-12-22 07:00:00,0,2024-12-22 07:00:00,379.52,62.0,3
2024-12-22 07:00:00,1,2024-12-22 08:00:00,379.52,62.4,3
2024-12-22 07:00:00,2,2024-12-22 09:00:00,379.54,63.7,3
2024-12-22 07:00:00,3,2024-12-22 10:00:00,379.55,65.5,3
2024-12-22 07:00:00,4,2024-12-22 11:00:00,379.57,67.3,3
2024-12-22 07:00:00,5,2024-12-22 12:00:00,379.59,69.7,3
2024-12-22 07:00:00,6,2024-12-22 13:00:00,379.62,73.5,3
2024-12-23 07:00:00,0,2024-12-23 07:00:00,379.94,112.8,3
2024-12-23 07:00:00,1,2024-12-23 08:00:00,379.92,110.3,3
2024-12-23 07:00:00,2,2024-12-23 09:00:00,379.9,107.9,3
2024-12-23 07:00:00,3,2024-12-23 10:00:00,379.88,105.5,3
2024-12-23 07:00:00,4,2024-12-23 11:00:00,379.87,103.9,3
2024-12-23 07:00:00,5,2024-12-23 12:00:00,379.86,102.9,3
2024-12-23 07:00:00,6,2024-12-23 13:00:00,379.86,102.8,3
2024-12-24 07:00:00,0,2024-12-24 07:00:00,379.67,79.6,3
2024-12-24 07:00:00,1,2024-12-24 08:00:00,379.66,78.5,3
2024-12-24 07:00:00,2,2024-12-24 09:00:00,379.65,77.4,3
2024-12-24 07:00:00,3,2024-12-24 10:00:00,379.65,76.7,3
2024-12-24 07:00:00,4,2024-12-24 11:00:00,379.64,76.0,3
2024-12-24 07:00:00,5,2024-12-24 12:00:00,379.64,75.7,3
2024-12-24 07:00:00,6,2024-12-24 13:00:00,379.64,75.4,3
2024-12-25 07:00:00,0,2024-12-25 07:00:00,379.55,65.6,3
2024-12-25 07:00:00,1,2024-12-25 08:00:00,379.55,65.5,3
2024-12-25 07:00:00,2,2024-12-25 09:00:00,379.55,65.4,3
2024-12-25 07:00:00,3,2024-12-25 10:00:00,379.55,65.6,3
2024-12-25 07:00:00,4,2024-12-25 11:00:00,379.55,65.7,3
2024-12-25 07:00:00,5,2024-12-25 12:00:00,379.55,65.7,3
2024-12-25 07:00:00,6,2024-12-25 13:00:00,379.55,65.8,3
2024-12-26 07:00:00,0,2024-12-26 07:00:00,379.41,49.9,3
2024-12-26 07:00:00,1,2024-12-26 08:00:00,379.41,49.7,3
2024-12-26 07:00:00,2,2024-12-26 09:00:00,379.41,50.0,3
2024-12-26 07:00:00,3,2024-12-26 10:00:00,379.42,50.7,3
2024-12-26 07:00:00,4,2024-12-26 11:00:00,379.42,51.4,3
2024-12-26 07:00:00,5,2024-12-26 12:00:00,379.43,52.2,3
2024-12-26 07:00:00,6,2024-12-26 13:00:00,379.44,52.9,3
2024-12-27 07:00:00,0,2024-12-27 07:00:00,379.36,44.9,3
2024-12-27 07:00:00,1,2024-12-27 08:00:00,379.36,45.0,3
2024-12-27 07:00:00,2,2024-12-27 09:00:00,379.36,45.3,3
2024-12-27 07:00:00,3,2024-12-27 10:00:00,379.37,45.8,3
2024-12-27 07:00:00,4,2024-12-27 11:00:00,379.38,46.7,3
2024-12-27 07:00:00,5,2024-12-27 12:00:00,379.39,47.5,3
2024-12-27 07:00:00,6,2024-12-27 13:00:00,379.39,48.3,3
2024-12-28 07:00:00,0,2024-12-28 07:00:00,379.34,43.2,3
2024-12-28 07:00:00,1,2024-12-28 08:00:00,379.35,43.4,3
2024-12-28 07:00:00,2,2024-12-28 09:00:00,379.35,43.8,3
2024-12-28 07:00:00,3,2024-12-28 10:00:00,379.36,44.3,3
2024-12-28 07:00:00,4,2024-12-28 11:00:00,379.36,44.9,3
2024-12-28 07:00:00,5,2024-12-28 12:00:00,379.37,45.7,3
2024-12-28 07:00:00,6,2024-12-28 13:00:00,379.38,46.4,3
2024-12-29 07:00:00,0,2024-12-29 07:00:00,379.31,39.7,3
2024-12-29 07:00:00,1,2024-12-29 08:00:00,379.31,39.9,3
2024-12-29 07:00:00,2,2024-12-29 09:00:00,379.32,40.6,3
2024-12-29 07:00:00,3,2024-12-29 10:00:00,379.33,41.5,3
2024-12-29 07:00:00,4,2024-12-29 11:00:00,379.33,42.2,3
2024-12-29 07:00:00,5,2024-12-29 12:00:00,379.34,42.8,3
2024-12-29 07:00:00,6,2024-12-29 13:00:00,379.35,43.4,3
2024-12-30 07:00:00,0,2024-12-30 07:00:00,379.28,37.2,3
2024-12-30 07:00:00,1,2024-12-30 08:00:00,379.28,37.3,3
2024-12-30 07:00:00,2,2024-12-30 09:00:00,379.29,37.8,3
2024-12-30 07:00:00,3,2024-12-30 10:00:00,379.3,38.5,3
2024-12-30 07:00:00,4,2024-12-30 11:00:00,379.3,38.9,3
2024-12-30 07:00:00,5,2024-12-30 12:00:00,379.3,39.1,3
2024-12-30 07:00:00,6,2024-12-30 13:00:00,379.3,39.2,3
2024-12-31 07:00:00,0,2024-12-31 07:00:00,379.26,35.0,3
2024-12-31 07:00:00,1,2024-12-31 08:00:00,379.26,35.3,3
2024-12-31 07:00:00,2,2024-12-31 09:00:00,379.27,35.8,3
2024-12-31 07:00:00,3,2024-12-31 10:00:00,379.27,36.3,3
2024-12-31 07:00:00,4,2024-12-31 11:00:00,379.27,36.6,3
2024-12-31 07:00:00,5,2024-12-31 12:00:00,379.28,37.0,3
2024-12-31 07:00:00,6,2024-12-31 13:00:00,379.28,37.3,3
2025-01-01 07:00:00,0,2025-01-01 07:00:00,379.26,35.2,3
2025-01-01 07:00:00,1,2025-01-01 08:00:00,379.26,35.3,3
2025-01-01 07:00:00,2,2025-01-01 09:00:00,379.27,35.8,3
2025-01-01 07:00:00,3,2025-01-01 10:00:00,379.27,36.2,3
2025-01-01 07:00:00,4,2025-01-01 11:00:00,379.28,36.8,3
2025-01-01 07:00:00,5,2025-01-01 12:00:00,379.28,37.2,3
2025-01-01 07:00:00,6,2025-01-01 13:00:00,379.28,37.3,3
2025-01-02 07:00:00,0,2025-01-02 07:00:00,379.25,34.1,3
2025-01-02 07:00:00,1,2025-01-02 08:00:00,379.25,34.3,3
2025-01-02 07:00:00,2,2025-01-02 09:00:00,379.25,34.6,3
2025-01-02 07:00:00,3,2025-01-02 10:00:00,379.26,34.8,3
2025-01-02 07:00:00,4,2025-01-02 11:00:00,379.26,35.1,3
2025-01-02 07:00:00,5,2025-01-02 12:00:00,379.26,35.2,3
2025-01-02 07:00:00,6,2025-01-02 13:00:00,379.26,35.5,3
2025-01-03 07:00:00,0,2025-01-03 07:00:00,379.65,76.7,3
2025-01-03 07:00:00,1,2025-01-03 08:00:00,379.63,74.1,3
2025-01-03 07:00:00,2,2025-01-03 09:00:00,379.6,71.4,3
2025-01-03 07:00:00,3,2025-01-03 10:00:00,379.58,69.2,3
2025-01-03 07:00:00,4,2025-01-03 11:00:00,379.57,67.8,3
2025-01-03 07:00:00,5,2025-01-03 12:00:00,379.56,66.2,3
2025-01-03 07:00:00,6,2025-01-03 13:00:00,379.54,64.6,3
2025-01-04 07:00:00,0,2025-01-04 07:00:00,379.4,48.5,3
2025-01-04 07:00:00,1,2025-01-04 08:00:00,379.4,49.1,3
2025-01-04 07:00:00,2,2025-01-04 09:00:00,379.41,49.7,3
2025-01-04 07:00:00,3,2025-01-04 10:00:00,379.41,49.7,3
2025-01-04 07:00:00,4,2025-01-04 11:00:00,379.4,49.3,3
2025-01-04 07:00:00,5,2025-01-04 12:00:00,379.4,48.9,3
2025-01-04 07:00:00,6,2025-01-04 13:00:00,379.4,48.6,3
2025-01-05 07:00:00,0,2025-01-05 07:00:00,379.7,83.3,3
2025-01-05 07:00:00,1,2025-01-05 08:00:00,379.72,84.8,3
2025-01-05 07:00:00,2,2025-01-05 09:00:00,379.73,86.4,3
2025-01-05 07:00:00,3,2025-01-05 10:00:00,379.77,91.7,3
2025-01-05 07:00:00,4,2025-01-05 11:00:00,379.82,97.5,3
2025-01-05 07:00:00,5,2025-01-05 12:00:00,379.86,102.8,3
2025-01-05 07:00:00,6,2025-01-05 13:00:00,379.87,104.4,3
2025-01-06 07:00:00,0,2025-01-06 07:00:00,380.14,140.5,3
2025-01-06 07:00:00,1,2025-01-06 08:00:00,380.13,139.6,3
2025-01-06 07:00:00,2,2025-01-06 09:00:00,380.13,138.3,3
2025-01-06 07:00:00,3,2025-01-06 10:00:00,380.11,136.5,3
2025-01-06 07:00:00,4,2025-01-06 11:00:00,380.1,134.9,3
2025-01-06 07:00:00,5,2025-01-06 12:00:00,380.09,133.8,3
2025-01-06 07:00:00,6,2025-01-06 13:00:00,380.09,133.0,3
2025-01-07 07:00:00,0,2025-01-07 07:00:00,380.54,201.8,3
2025-01-07 07:00:00,1,2025-01-07 08:00:00,380.51,195.7,3
2025-01-07 07:00:00,2,2025-01-07 09:00:00,380.47,190.0,3
2025-01-07 07:00:00,3,2025-01-07 10:00:00,380.44,184.5,3
2025-01-07 07:00:00,4,2025-01-07 11:00:00,380.41,180.1,3
2025-01-07 07:00:00,5,2025-01-07 12:00:00,380.38,176.1,3
2025-01-07 07:00:00,6,2025-01-07 13:00:00,380.36,172.8,3
2025-01-08 07:00:00,0,2025-01-08 07:00:00,379.91,109.1,3
2025-01-08 07:00:00,1,2025-01-08 08:00:00,379.91,109.3,3
2025-01-08 07:00:00,2,2025-01-08 09:00:00,379.93,111.4,3
2025-01-08 07:00:00,3,2025-01-08 10:00:00,379.95,114.9,3
2025-01-08 07:00:00,4,2025-01-08 11:00:00,379.98,118.7,3
2025-01-08 07:00:00,5,2025-01-08 12:00:00,380.01,122.9,3
2025-01-08 07:00:00,6,2025-01-08 13:00:00,380.1,135.4,3
2025-01-09 07:00:00,0,2025-01-09 07:00:00,380.35,171.3,3
2025-01-09 07:00:00,1,2025-01-09 08:00:00,380.37,174.7,3
2025-01-09 07:00:00,2,2025-01-09 09:00:00,380.36,172.9,3
2025-01-09 07:00:00,3,2025-01-09 10:00:00,380.34,169.5,3
2025-01-09 07:00:00,4,2025-01-09 11:00:00,380.32,166.2,3
2025-01-09 07:00:00,5,2025-01-09 12:00:00,380.32,166.3,3
2025-01-09 07:00:00,6,2025-01-09 13:00:00,380.32,166.8,3
2025-01-10 07:00:00,0,2025-01-10 07:00:00,380.6,211.5,3
2025-01-10 07:00:00,1,2025-01-10 08:00:00,380.57,206.2,3
2025-01-10 07:00:00,2,2025-01-10 09:00:00,380.54,202.0,3
2025-01-10 07:00:00,3,2025-01-10 10:00:00,380.52,198.7,3
2025-01-10 07:00:00,4,2025-01-10 11:00:00,380.5,194.4,3
2025-01-10 07:00:00,5,2025-01-10 12:00:00,380.47,190.2,3
2025-01-10 07:00:00,6,2025-01-10 13:00:00,380.45,186.4,3
2025-01-11 07:00:00,0,2025-01-11 07:00:00,380.18,145.9,3
2025-01-11 07:00:00,1,2025-01-11 08:00:00,380.17,144.5,3
2025-01-11 07:00:00,2,2025-01-11 09:00:00,380.16,142.9,3
2025-01-11 07:00:00,3,2025-01-11 10:00:00,380.15,141.4,3
2025-01-11 07:00:00,4,2025-01-11 11:00:00,380.14,140.0,3
2025-01-11 07:00:00,5,2025-01-11 12:00:00,380.13,138.7,3
2025-01-11 07:00:00,6,2025-01-11 13:00:00,380.12,137.4,3
2025-01-12 07:00:00,0,2025-01-12 07:00:00,379.96,115.8,3
2025-01-12 07:00:00,1,2025-01-12 08:00:00,379.95,114.8,3
2025-01-12 07:00:00,2,2025-01-12 09:00:00,379.95,114.1,3
2025-01-12 07:00:00,3,2025-01-12 10:00:00,379.94,113.3,3
2025-01-12 07:00:00,4,2025-01-12 11:00:00,379.94,112.6,3
2025-01-12 07:00:00,5,2025-01-12 12:00:00,379.93,111.9,3
2025-01-12 07:00:00,6,2025-01-12 13:00:00,379.93,111.3,3
2025-01-13 07:00:00,0,2025-01-13 07:00:00,379.74,87.5,3
2025-01-13 07:00:00,1,2025-01-13 08:00:00,379.74,87.5,3
2025-01-13 07:00:00,2,2025-01-13 09:00:00,379.74,87.1,3
2025-01-13 07:00:00,3,2025-01-13 10:00:00,379.73,87.1,3
2025-01-13 07:00:00,4,2025-01-13 11:00:00,379.73,87.0,3
2025-01-13 07:00:00,5,2025-01-13 12:00:00,379.73,86.9,3
2025-01-13 07:00:00,6,2025-01-13 13:00:00,379.73,86.8,3
2025-01-14 07:00:00,0,2025-01-14 07:00:00,379.61,72.4,3
2025-01-14 07:00:00,1,2025-01-14 08:00:00,379.61,72.4,3
2025-01-14 07:00:00,2,2025-01-14 09:00:00,379.61,72.2,3
2025-01-14 07:00:00,3,2025-01-14 10:00:00,379.61,72.4,3
2025-01-14 07:00:00,4,2025-01-14 11:00:00,379.61,72.2,3
2025-01-14 07:00:00,5,2025-01-14 12:00:00,379.61,72.2,3
2025-01-14 07:00:00,6,2025-01-14 13:00:00,379.61,72.4,3
2025-01-15 07:00:00,0,2025-01-15 07:00:00,379.5,59.8,3
2025-01-15 07:00:00,1,2025-01-15 08:00:00,379.5,59.9,3
2025-01-15 07:00:00,2,2025-01-15 09:00:00,379.5,60.0,3
2025-01-15 07:00:00,3,2025-01-15 10:00:00,379.5,60.2,3
2025-01-15 07:00:00,4,2025-01-15 11:00:00,379.51,60.4,3
2025-01-15 07:00:00,5,2025-01-15 12:00:00,379.51,60.6,3
2025-01-15 07:00:00,6,2025-01-15 13:00:00,379.51,60.6,3
2025-01-16 07:00:00,0,2025-01-16 07:00:00,379.43,52.4,3
2025-01-16 07:00:00,1,2025-01-16 08:00:00,379.44,52.8,3
2025-01-16 07:00:00,2,2025-01-16 09:00:00,379.44,53.3,3
2025-01-16 07:00:00,3,2025-01-16 10:00:00,379.44,53.5,3
2025-01-16 07:00:00,4,2025-01-16 11:00:00,379.45,53.7,3
2025-01-16 07:00:00,5,2025-01-16 12:00:00,379.45,53.8,3
2025-01-16 07:00:00,6,2025-01-16 13:00:00,379.45,53.7,3
2025-01-17 07:00:00,0,2025-01-17 07:00:00,379.38,46.9,3
2025-01-17 07:00:00,1,2025-01-17 08:00:00,379.38,47.2,3
2025-01-17 07:00:00,2,2025-01-17 09:00:00,379.38,47.3,3
2025-01-17 07:00:00,3,2025-01-17 10:00:00,379.38,47.3,3
2025-01-17 07:00:00,4,2025-01-17 11:00:00,379.38,47.2,3
2025-01-17 07:00:00,5,2025-01-17 12:00:00,379.38,47.0,3
2025-01-17 07:00:00,6,2025-01-17 13:00:00,379.38,46.9,3
2025-01-18 07:00:00,0,2025-01-18 07:00:00,379.36,44.6,3
2025-01-18 07:00:00,1,2025-01-18 08:00:00,379.36,44.7,3
2025-01-18 07:00:00,2,2025-01-18 09:00:00,379.36,44.9,3
2025-01-18 07:00:00,3,2025-01-18 10:00:00,379.36,44.8,3
2025-01-18 07:00:00,4,2025-01-18 11:00:00,379.36,44.7,3
2025-01-18 07:00:00,5,2025-01-18 12:00:00,379.36,44.7,3
2025-01-18 07:00:00,6,2025-01-18 13:00:00,379.36,44.5,3
2025-01-19 07:00:00,0,2025-01-19 07:00:00,379.29,38.3,3
2025-01-19 07:00:00,1,2025-01-19 08:00:00,379.3,38.8,3
2025-01-19 07:00:00,2,2025-01-19 09:00:00,379.3,39.2,3
2025-01-19 07:00:00,3,2025-01-19 10:00:00,379.3,39.3,3
2025-01-19 07:00:00,4,2025-01-19 11:00:00,379.3,39.3,3
2025-01-19 07:00:00,5,2025-01-19 12:00:00,379.3,39.1,3
2025-01-19 07:00:00,6,2025-01-19 13:00:00,379.3,38.8,3
2025-01-20 07:00:00,0,2025-01-20 07:00:00,379.26,34.9,3
2025-01-20 07:00:00,1,2025-01-20 08:00:00,379.26,35.3,3
2025-01-20 07:00:00,2,2025-01-20 09:00:00,379.27,35.7,3
2025-01-20 07:00:00,3,2025-01-20 10:00:00,379.27,35.9,3
2025-01-20 07:00:00,4,2025-01-20 11:00:00,379.27,35.9,3
2025-01-20 07:00:00,5,2025-01-20 12:00:00,379.26,35.7,3
2025-01-20 07:00:00,6,2025-01-20 13:00:00,379.26,35.3,3
2025-01-21 07:00:00,0,2025-01-21 07:00:00,379.25,34.3,3
2025-01-21 07:00:00,1,2025-01-21 08:00:00,379.25,34.7,3
2025-01-21 07:00:00,2,2025-01-21 09:00:00,379.26,35.0,3
2025-01-21 07:00:00,3,2025-01-21 10:00:00,379.26,35.1,3
2025-01-21 07:00:00,4,2025-01-21 11:00:00,379.26,35.0,3
2025-01-21 07:00:00,5,2025-01-21 12:00:00,379.25,34.8,3
2025-01-21 07:00:00,6,2025-01-21 13:00:00,379.25,34.7,3
2025-01-22 07:00:00,0,2025-01-22 07:00:00,379.26,35.4,3
2025-01-22 07:00:00,1,2025-01-22 08:00:00,379.25,34.5,3
2025-01-22 07:00:00,2,2025-01-22 09:00:00,379.25,34.7,3
2025-01-22 07:00:00,3,2025-01-22 10:00:00,379.26,35.1,3
2025-01-22 07:00:00,4,2025-01-22 11:00:00,379.26,35.5,3
2025-01-22 07:00:00,5,2025-01-22 12:00:00,379.26,35.6,3
2025-01-22 07:00:00,6,2025-01-22 13:00:00,379.26,35.5,3
2025-01-23 07:00:00,0,2025-01-23 07:00:00,379.2,30.3,3
2025-01-23 07:00:00,1,2025-01-23 08:00:00,379.2,30.2,3
2025-01-23 07:00:00,2,2025-01-23 09:00:00,379.22,31.3,3
2025-01-23 07:00:00,3,2025-01-23 10:00:00,379.25,34.5,3
2025-01-23 07:00:00,4,2025-01-23 11:00:00,379.3,38.8,3
2025-01-23 07:00:00,5,2025-01-23 12:00:00,379.34,42.5,3
2025-01-23 07:00:00,6,2025-01-23 13:00:00,379.36,44.4,3
2025-01-24 07:00:00,0,2025-01-24 07:00:00,379.53,63.2,3
2025-01-24 07:00:00,1,2025-01-24 08:00:00,379.54,63.9,3
2025-01-24 07:00:00,2,2025-01-24 09:00:00,379.54,64.3,3
2025-01-24 07:00:00,3,2025-01-24 10:00:00,379.54,64.0,3
2025-01-24 07:00:00,4,2025-01-24 11:00:00,379.53,63.2,3
2025-01-24 07:00:00,5,2025-01-24 12:00:00,379.53,62.6,3
2025-01-24 07:00:00,6,2025-01-24 13:00:00,379.52,62.1,3
2025-01-25 07:00:00,0,2025-01-25 07:00:00,379.35,44.1,3
2025-01-25 07:00:00,1,2025-01-25 08:00:00,379.36,44.9,3
2025-01-25 07:00:00,2,2025-01-25 09:00:00,379.37,45.8,3
2025-01-25 07:00:00,3,2025-01-25 10:00:00,379.37,46.3,3
2025-01-25 07:00:00,4,2025-01-25 11:00:00,379.38,46.5,3
2025-01-25 07:00:00,5,2025-01-25 12:00:00,379.38,46.4,3
2025-01-25 07:00:00,6,2025-01-25 13:00:00,379.38,46.4,3
2025-01-26 07:00:00,0,2025-01-26 07:00:00,379.46,54.8,3
2025-01-26 07:00:00,1,2025-01-26 08:00:00,379.45,54.6,3
2025-01-26 07:00:00,2,2025-01-26 09:00:00,379.46,54.9,3
2025-01-26 07:00:00,3,2025-01-26 10:00:00,379.47,56.0,3
2025-01-26 07:00:00,4,2025-01-26 11:00:00,379.47,56.2,3
2025-01-26 07:00:00,5,2025-01-26 12:00:00,379.47,56.0,3
2025-01-26 07:00:00,6,2025-01-26 13:00:00,379.46,55.5,3
2025-01-27 07:00:00,0,2025-01-27 07:00:00,379.51,60.3,3
2025-01-27 07:00:00,1,2025-01-27 08:00:00,379.53,63.6,3
2025-01-27 07:00:00,2,2025-01-27 09:00:00,379.56,66.9,3
2025-01-27 07:00:00,3,2025-01-27 10:00:00,379.59,69.4,3
2025-01-27 07:00:00,4,2025-01-27 11:00:00,379.61,71.9,3
2025-01-27 07:00:00,5,2025-01-27 12:00:00,379.63,74.3,3
2025-01-27 07:00:00,6,2025-01-27 13:00:00,379.68,80.1,3
2025-01-28 07:00:00,0,2025-01-28 07:00:00,381.86,474.7,3
2025-01-28 07:00:00,1,2025-01-28 08:00:00,381.81,461.4,3
2025-01-28 07:00:00,2,2025-01-28 09:00:00,381.7,434.6,3
2025-01-28 07:00:00,3,2025-01-28 10:00:00,381.57,403.7,3
2025-01-28 07:00:00,4,2025-01-28 11:00:00,381.45,376.3,3
2025-01-28 07:00:00,5,2025-01-28 12:00:00,381.34,351.6,3
2025-01-28 07:00:00,6,2025-01-28 13:00:00,381.26,335.2,3
2025-01-29 07:00:00,0,2025-01-29 07:00:00,380.44,184.7,3
2025-01-29 07:00:00,1,2025-01-29 08:00:00,380.42,182.1,3
2025-01-29 07:00:00,2,2025-01-29 09:00:00,380.4,179.7,3
2025-01-29 07:00:00,3,2025-01-29 10:00:00,380.39,177.8,3
2025-01-29 07:00:00,4,2025-01-29 11:00:00,380.38,175.2,3
2025-01-29 07:00:00,5,2025-01-29 12:00:00,380.36,173.1,3
2025-01-29 07:00:00,6,2025-01-29 13:00:00,380.35,171.3,3
2025-01-30 07:00:00,0,2025-01-30 07:00:00,380.0,120.6,3
2025-01-30 07:00:00,1,2025-01-30 08:00:00,379.99,119.4,3
2025-01-30 07:00:00,2,2025-01-30 09:00:00,379.98,118.4,3
2025-01-30 07:00:00,3,2025-01-30 10:00:00,379.97,117.4,3
2025-01-30 07:00:00,4,2025-01-30 11:00:00,379.97,116.5,3
2025-01-30 07:00:00,5,2025-01-30 12:00:00,379.96,115.7,3
2025-01-30 07:00:00,6,2025-01-30 13:00:00,379.95,114.8,3
2025-01-31 07:00:00,0,2025-01-31 07:00:00,379.8,95.4,3
2025-01-31 07:00:00,1,2025-01-31 08:00:00,379.8,95.3,3
2025-01-31 07:00:00,2,2025-01-31 09:00:00,379.8,95.1,3
2025-01-31 07:00:00,3,2025-01-31 10:00:00,379.8,94.8,3
2025-01-31 07:00:00,4,2025-01-31 11:00:00,379.8,94.5,3
2025-01-31 07:00:00,5,2025-01-31 12:00:00,379.79,94.1,3
2025-01-31 07:00:00,6,2025-01-31 13:00:00,379.79,93.8,3
2025-02-01 07:00:00,0,2025-02-01 07:00:00,379.64,76.1,3
2025-02-01 07:00:00,1,2025-02-01 08:00:00,379.64,76.0,3
2025-02-01 07:00:00,2,2025-02-01 09:00:00,379.64,76.1,3
2025-02-01 07:00:00,3,2025-02-01 10:00:00,379.65,76.4,3
2025-02-01 07:00:00,4,2025-02-01 11:00:00,379.65,76.3,3
2025-02-01 07:00:00,5,2025-02-01 12:00:00,379.65,76.8,3
2025-02-01 07:00:00,6,2025-02-01 13:00:00,379.65,76.8,3
2025-02-02 07:00:00,0,2025-02-02 07:00:00,379.49,58.3,3
2025-02-02 07:00:00,1,2025-02-02 08:00:00,379.48,57.9,3
2025-02-02 07:00:00,2,2025-02-02 09:00:00,379.49,58.1,3
2025-02-02 07:00:00,3,2025-02-02 10:00:00,379.49,58.4,3
2025-02-02 07:00:00,4,2025-02-02 11:00:00,379.49,58.8,3
2025-02-02 07:00:00,5,2025-02-02 12:00:00,379.5,59.5,3
2025-02-02 07:00:00,6,2025-02-02 13:00:00,379.5,60.0,3
2025-02-03 07:00:00,0,2025-02-03 07:00:00,379.43,51.8,3
2025-02-03 07:00:00,1,2025-02-03 08:00:00,379.42,51.5,3
2025-02-03 07:00:00,2,2025-02-03 09:00:00,379.43,51.8,3
2025-02-03 07:00:00,3,2025-02-03 10:00:00,379.43,52.4,3
2025-02-03 07:00:00,4,2025-02-03 11:00:00,379.44,52.8,3
2025-02-03 07:00:00,5,2025-02-03 12:00:00,379.44,53.4,3
2025-02-03 07:00:00,6,2025-02-03 13:00:00,379.45,54.0,3
2025-02-04 07:00:00,0,2025-02-04 07:00:00,379.36,44.8,3
2025-02-04 07:00:00,1,2025-02-04 08:00:00,379.36,44.4,3
2025-02-04 07:00:00,2,2025-02-04 09:00:00,379.36,44.8,3
2025-02-04 07:00:00,3,2025-02-04 10:00:00,379.37,45.5,3
2025-02-04 07:00:00,4,2025-02-04 11:00:00,379.37,45.9,3
2025-02-04 07:00:00,5,2025-02-04 12:00:00,379.38,46.6,3
2025-02-04 07:00:00,6,2025-02-04 13:00:00,379.38,47.2,3
2025-02-05 07:00:00,0,2025-02-05 07:00:00,379.35,43.3,3
2025-02-05 07:00:00,1,2025-02-05 08:00:00,379.34,43.2,3
2025-02-05 07:00:00,2,2025-02-05 09:00:00,379.34,43.2,3
2025-02-05 07:00:00,3,2025-02-05 10:00:00,379.35,43.5,3
2025-02-05 07:00:00,4,2025-02-05 11:00:00,379.35,43.9,3
2025-02-05 07:00:00,5,2025-02-05 12:00:00,379.36,44.4,3
2025-02-05 07:00:00,6,2025-02-05 13:00:00,379.36,44.9,3
2025-02-06 07:00:00,0,2025-02-06 07:00:00,379.29,37.6,3
2025-02-06 07:00:00,1,2025-02-06 08:00:00,379.28,37.2,3
2025-02-06 07:00:00,2,2025-02-06 09:00:00,379.28,37.5,3
2025-02-06 07:00:00,3,2025-02-06 10:00:00,379.29,38.0,3
2025-02-06 07:00:00,4,2025-02-06 11:00:00,379.29,38.2,3
2025-02-06 07:00:00,5,2025-02-06 12:00:00,379.3,38.8,3
2025-02-06 07:00:00,6,2025-02-06 13:00:00,379.31,39.5,3
2025-02-07 07:00:00,0,2025-02-07 07:00:00,379.28,37.4,3
2025-02-07 07:00:00,1,2025-02-07 08:00:00,379.28,36.9,3
2025-02-07 07:00:00,2,2025-02-07 09:00:00,379.28,36.8,3
2025-02-07 07:00:00,3,2025-02-07 10:00:00,379.28,37.0,3
2025-02-07 07:00:00,4,2025-02-07 11:00:00,379.28,37.2,3
2025-02-07 07:00:00,5,2025-02-07 12:00:00,379.28,37.5,3
2025-02-07 07:00:00,6,2025-02-07 13:00:00,379.29,37.7,3
2025-02-08 07:00:00,0,2025-02-08 07:00:00,379.27,36.0,3
2025-02-08 07:00:00,1,2025-02-08 08:00:00,379.27,36.3,3
2025-02-08 07:00:00,2,2025-02-08 09:00:00,379.28,36.6,3
2025-02-08 07:00:00,3,2025-02-08 10:00:00,379.28,36.7,3
2025-02-08 07:00:00,4,2025-02-08 11:00:00,379.28,36.6,3
2025-02-08 07:00:00,5,2025-02-08 12:00:00,379.27,36.6,3
2025-02-08 07:00:00,6,2025-02-08 13:00:00,379.27,36.4,3
2025-02-09 07:00:00,0,2025-02-09 07:00:00,379.24,33.4,3
2025-02-09 07:00:00,1,2025-02-09 08:00:00,379.24,33.6,3
2025-02-09 07:00:00,2,2025-02-09 09:00:00,379.25,34.0,3
2025-02-09 07:00:00,3,2025-02-09 10:00:00,379.25,34.2,3
2025-02-09 07:00:00,4,2025-02-09 11:00:00,379.25,34.0,3
2025-02-09 07:00:00,5,2025-02-09 12:00:00,379.24,33.8,3
2025-02-09 07:00:00,6,2025-02-09 13:00:00,379.24,33.6,3
2025-02-10 07:00:00,0,2025-02-10 07:00:00,379.19,29.4,3
2025-02-10 07:00:00,1,2025-02-10 08:00:00,379.2,29.8,3
2025-02-10 07:00:00,2,2025-02-10 09:00:00,379.21,30.8,3
2025-02-10 07:00:00,3,2025-02-10 10:00:00,379.22,31.3,3
2025-02-10 07:00:00,4,2025-02-10 11:00:00,379.22,31.4,3
2025-02-10 07:00:00,5,2025-02-10 12:00:00,379.21,31.1,3
2025-02-10 07:00:00,6,2025-02-10 13:00:00,379.21,30.8,3
2025-02-11 07:00:00,0,2025-02-11 07:00:00,379.2,30.2,3
2025-02-11 07:00:00,1,2025-02-11 08:00:00,379.21,31.1,3
2025-02-11 07:00:00,2,2025-02-11 09:00:00,379.23,32.7,3
2025-02-11 07:00:00,3,2025-02-11 10:00:00,379.25,33.9,3
2025-02-11 07:00:00,4,2025-02-11 11:00:00,379.25,34.4,3
2025-02-11 07:00:00,5,2025-02-11 12:00:00,379.25,34.3,3
2025-02-11 07:00:00,6,2025-02-11 13:00:00,379.25,33.9,3
2025-02-12 07:00:00,0,2025-02-12 07:00:00,379.38,46.3,3
2025-02-12 07:00:00,1,2025-02-12 08:00:00,379.37,45.3,3
2025-02-12 07:00:00,2,2025-02-12 09:00:00,379.36,44.7,3
2025-02-12 07:00:00,3,2025-02-12 10:00:00,379.36,44.7,3
2025-02-12 07:00:00,4,2025-02-12 11:00:00,379.36,44.9,3
2025-02-12 07:00:00,5,2025-02-12 12:00:00,379.36,45.1,3
2025-02-12 07:00:00,6,2025-02-12 13:00:00,379.36,45.1,3
2025-02-13 07:00:00,0,2025-02-13 07:00:00,379.31,39.9,3
2025-02-13 07:00:00,1,2025-02-13 08:00:00,379.32,41.0,3
2025-02-13 07:00:00,2,2025-02-13 09:00:00,379.33,42.0,3
2025-02-13 07:00:00,3,2025-02-13 10:00:00,379.34,42.6,3
2025-02-13 07:00:00,4,2025-02-13 11:00:00,379.34,42.7,3
2025-02-13 07:00:00,5,2025-02-13 12:00:00,379.34,42.6,3
2025-02-13 07:00:00,6,2025-02-13 13:00:00,379.34,42.4,3
2025-02-14 07:00:00,0,2025-02-14 07:00:00,379.75,88.3,3
2025-02-14 07:00:00,1,2025-02-14 08:00:00,379.75,88.8,3
2025-02-14 07:00:00,2,2025-02-14 09:00:00,379.76,89.8,3
2025-02-14 07:00:00,3,2025-02-14 10:00:00,379.76,90.3,3
2025-02-14 07:00:00,4,2025-02-14 11:00:00,379.76,89.8,3
2025-02-14 07:00:00,5,2025-02-14 12:00:00,379.75,88.7,3
2025-02-14 07:00:00,6,2025-02-14 13:00:00,379.74,87.6,3
2025-02-15 07:00:00,0,2025-02-15 07:00:00,379.45,54.0,3
2025-02-15 07:00:00,1,2025-02-15 08:00:00,379.46,55.0,3
2025-02-15 07:00:00,2,2025-02-15 09:00:00,379.47,56.1,3
2025-02-15 07:00:00,3,2025-02-15 10:00:00,379.47,56.6,3
2025-02-15 07:00:00,4,2025-02-15 11:00:00,379.47,56.4,3
2025-02-15 07:00:00,5,2025-02-15 12:00:00,379.47,55.9,3
2025-02-15 07:00:00,6,2025-02-15 13:00:00,379.46,55.4,3
2025-02-16 07:00:00,0,2025-02-16 07:00:00,379.36,44.3,3
2025-02-16 07:00:00,1,2025-02-16 08:00:00,379.36,45.3,3
2025-02-16 07:00:00,2,2025-02-16 09:00:00,379.38,46.3,3
2025-02-16 07:00:00,3,2025-02-16 10:00:00,379.38,46.9,3
2025-02-16 07:00:00,4,2025-02-16 11:00:00,379.38,47.1,3
2025-02-16 07:00:00,5,2025-02-16 12:00:00,379.38,46.9,3
2025-02-16 07:00:00,6,2025-02-16 13:00:00,379.38,46.5,3
2025-02-17 07:00:00,0,2025-02-17 07:00:00,379.28,36.7,3
2025-02-17 07:00:00,1,2025-02-17 08:00:00,379.28,37.5,3
2025-02-17 07:00:00,2,2025-02-17 09:00:00,379.3,38.5,3
2025-02-17 07:00:00,3,2025-02-17 10:00:00,379.3,39.2,3
2025-02-17 07:00:00,4,2025-02-17 11:00:00,379.3,39.3,3
2025-02-17 07:00:00,5,2025-02-17 12:00:00,379.3,39.3,3
2025-02-17 07:00:00,6,2025-02-17 13:00:00,379.3,39.0,3
2025-02-18 07:00:00,0,2025-02-18 07:00:00,379.25,34.6,3
2025-02-18 07:00:00,1,2025-02-18 08:00:00,379.25,34.3,3
2025-02-18 07:00:00,2,2025-02-18 09:00:00,379.25,34.3,3
2025-02-18 07:00:00,3,2025-02-18 10:00:00,379.25,34.6,3
2025-02-18 07:00:00,4,2025-02-18 11:00:00,379.26,35.0,3
2025-02-18 07:00:00,5,2025-02-18 12:00:00,379.26,35.2,3
2025-02-18 07:00:00,6,2025-02-18 13:00:00,379.26,35.3,3
2025-02-19 07:00:00,0,2025-02-19 07:00:00,379.23,32.5,3
2025-02-19 07:00:00,1,2025-02-19 08:00:00,379.23,32.5,3
2025-02-19 07:00:00,2,2025-02-19 09:00:00,379.24,33.1,3
2025-02-19 07:00:00,3,2025-02-19 10:00:00,379.24,33.7,3
2025-02-19 07:00:00,4,2025-02-19 11:00:00,379.25,34.1,3
2025-02-19 07:00:00,5,2025-02-19 12:00:00,379.25,34.3,3
2025-02-19 07:00:00,6,2025-02-19 13:00:00,379.25,34.1,3
2025-02-20 07:00:00,0,2025-02-20 07:00:00,379.17,27.7,3
2025-02-20 07:00:00,1,2025-02-20 08:00:00,379.19,28.9,3
2025-02-20 07:00:00,2,2025-02-20 09:00:00,379.2,29.9,3
2025-02-20 07:00:00,3,2025-02-20 10:00:00,379.21,30.7,3
2025-02-20 07:00:00,4,2025-02-20 11:00:00,379.21,30.8,3
2025-02-20 07:00:00,5,2025-02-20 12:00:00,379.21,30.8,3
2025-02-20 07:00:00,6,2025-02-20 13:00:00,379.21,30.7,3
2025-02-21 07:00:00,0,2025-02-21 07:00:00,379.17,27.2,3
2025-02-21 07:00:00,1,2025-02-21 08:00:00,379.18,28.4,3
2025-02-21 07:00:00,2,2025-02-21 09:00:00,379.19,29.4,3
2025-02-21 07:00:00,3,2025-02-21 10:00:00,379.2,29.9,3
2025-02-21 07:00:00,4,2025-02-21 11:00:00,379.2,30.1,3
2025-02-21 07:00:00,5,2025-02-21 12:00:00,379.2,30.2,3
2025-02-21 07:00:00,6,2025-02-21 13:00:00,379.2,30.3,3
2025-02-22 07:00:00,0,2025-02-22 07:00:00,379.16,27.1,3
2025-02-22 07:00:00,1,2025-02-22 08:00:00,379.18,28.5,3
2025-02-22 07:00:00,2,2025-02-22 09:00:00,379.19,29.6,3
2025-02-22 07:00:00,3,2025-02-22 10:00:00,379.2,30.1,3
2025-02-22 07:00:00,4,2025-02-22 11:00:00,379.2,30.3,3
2025-02-22 07:00:00,5,2025-02-22 12:00:00,379.2,30.3,3
2025-02-22 07:00:00,6,2025-02-22 13:00:00,379.2,30.2,3
2025-02-23 07:00:00,0,2025-02-23 07:00:00,379.19,29.0,3
2025-02-23 07:00:00,1,2025-02-23 08:00:00,379.2,30.1,3
2025-02-23 07:00:00,2,2025-02-23 09:00:00,379.22,31.4,3
2025-02-23 07:00:00,3,2025-02-23 10:00:00,379.22,32.0,3
2025-02-23 07:00:00,4,2025-02-23 11:00:00,379.22,32.1,3
2025-02-23 07:00:00,5,2025-02-23 12:00:00,379.22,32.1,3
2025-02-23 07:00:00,6,2025-02-23 13:00:00,379.22,32.0,3
2025-02-24 07:00:00,0,2025-02-24 07:00:00,379.2,30.2,3
2025-02-24 07:00:00,1,2025-02-24 08:00:00,379.22,31.6,3
2025-02-24 07:00:00,2,2025-02-24 09:00:00,379.23,32.8,3
2025-02-24 07:00:00,3,2025-02-24 10:00:00,379.24,33.2,3
2025-02-24 07:00:00,4,2025-02-24 11:00:00,379.24,33.2,3
2025-02-24 07:00:00,5,2025-02-24 12:00:00,379.24,33.0,3
2025-02-24 07:00:00,6,2025-02-24 13:00:00,379.23,32.9,3
2025-02-25 07:00:00,0,2025-02-25 07:00:00,379.17,27.5,3
2025-02-25 07:00:00,1,2025-02-25 08:00:00,379.18,28.7,3
2025-02-25 07:00:00,2,2025-02-25 09:00:00,379.19,29.5,3
2025-02-25 07:00:00,3,2025-02-25 10:00:00,379.2,29.7,3
2025-02-25 07:00:00,4,2025-02-25 11:00:00,379.19,29.5,3
2025-02-25 07:00:00,5,2025-02-25 12:00:00,379.19,29.1,3
2025-02-25 07:00:00,6,2025-02-25 13:00:00,379.19,28.9,3
2025-02-26 07:00:00,0,2025-02-26 07:00:00,379.18,28.4,3
2025-02-26 07:00:00,1,2025-02-26 08:00:00,379.2,30.1,3
2025-02-26 07:00:00,2,2025-02-26 09:00:00,379.21,31.1,3
2025-02-26 07:00:00,3,2025-02-26 10:00:00,379.22,31.4,3
2025-02-26 07:00:00,4,2025-02-26 11:00:00,379.22,31.3,3
2025-02-26 07:00:00,5,2025-02-26 12:00:00,379.21,31.1,3
2025-02-26 07:00:00,6,2025-02-26 13:00:00,379.21,31.0,3
2025-02-27 07:00:00,0,2025-02-27 07:00:00,379.21,30.5,3
2025-02-27 07:00:00,1,2025-02-27 08:00:00,379.22,31.5,3
2025-02-27 07:00:00,2,2025-02-27 09:00:00,379.23,32.2,3
2025-02-27 07:00:00,3,2025-02-27 10:00:00,379.23,32.3,3
2025-02-27 07:00:00,4,2025-02-27 11:00:00,379.22,31.9,3
2025-02-27 07:00:00,5,2025-02-27 12:00:00,379.22,31.4,3
2025-02-27 07:00:00,6,2025-02-27 13:00:00,379.22,31.4,3
2025-02-28 07:00:00,0,2025-02-28 07:00:00,379.17,27.6,3
2025-02-28 07:00:00,1,2025-02-28 08:00:00,379.19,28.9,3
2025-02-28 07:00:00,2,2025-02-28 09:00:00,379.2,29.7,3
2025-02-28 07:00:00,3,2025-02-28 10:00:00,379.2,29.9,3
2025-02-28 07:00:00,4,2025-02-28 11:00:00,379.2,29.7,3
2025-02-28 07:00:00,5,2025-02-28 12:00:00,379.2,29.6,3
2025-02-28 07:00:00,6,2025-02-28 13:00:00,379.19,29.5,3
2025-03-01 07:00:00,0,2025-03-01 07:00:00,379.15,26.2,3
2025-03-01 07:00:00,1,2025-03-01 08:00:00,379.17,27.2,3
2025-03-01 07:00:00,2,2025-03-01 09:00:00,379.18,28.1,3
2025-03-01 07:00:00,3,2025-03-01 10:00:00,379.18,28.5,3
2025-03-01 07:00:00,4,2025-03-01 11:00:00,379.18,28.3,3
2025-03-01 07:00:00,5,2025-03-01 12:00:00,379.18,28.0,3
2025-03-01 07:00:00,6,2025-03-01 13:00:00,379.17,27.8,3
2025-03-02 07:00:00,0,2025-03-02 07:00:00,379.13,24.2,3
2025-03-02 07:00:00,1,2025-03-02 08:00:00,379.13,24.7,3
2025-03-02 07:00:00,2,2025-03-02 09:00:00,379.14,25.6,3
2025-03-02 07:00:00,3,2025-03-02 10:00:00,379.15,26.0,3
2025-03-02 07:00:00,4,2025-03-02 11:00:00,379.15,25.9,3
2025-03-02 07:00:00,5,2025-03-02 12:00:00,379.15,25.8,3
2025-03-02 07:00:00,6,2025-03-02 13:00:00,379.15,25.6,3
2025-03-03 07:00:00,0,2025-03-03 07:00:00,379.1,22.4,3
2025-03-03 07:00:00,1,2025-03-03 08:00:00,379.11,22.9,3
2025-03-03 07:00:00,2,2025-03-03 09:00:00,379.12,23.8,3
2025-03-03 07:00:00,3,2025-03-03 10:00:00,379.13,24.2,3
2025-03-03 07:00:00,4,2025-03-03 11:00:00,379.13,24.2,3
2025-03-03 07:00:00,5,2025-03-03 12:00:00,379.12,24.0,3
2025-03-03 07:00:00,6,2025-03-03 13:00:00,379.12,23.6,3
2025-03-04 07:00:00,0,2025-03-04 07:00:00,379.1,22.0,3
2025-03-04 07:00:00,1,2025-03-04 08:00:00,379.1,22.5,3
2025-03-04 07:00:00,2,2025-03-04 09:00:00,379.11,23.0,3
2025-03-04 07:00:00,3,2025-03-04 10:00:00,379.11,23.3,3
2025-03-04 07:00:00,4,2025-03-04 11:00:00,379.11,23.2,3
2025-03-04 07:00:00,5,2025-03-04 12:00:00,379.11,23.0,3
2025-03-04 07:00:00,6,2025-03-04 13:00:00,379.11,23.1,3
2025-03-05 07:00:00,0,2025-03-05 07:00:00,379.1,22.6,3
2025-03-05 07:00:00,1,2025-03-05 08:00:00,379.11,22.8,3
2025-03-05 07:00:00,2,2025-03-05 09:00:00,379.11,23.0,3
2025-03-05 07:00:00,3,2025-03-05 10:00:00,379.11,23.0,3
2025-03-05 07:00:00,4,2025-03-05 11:00:00,379.11,23.0,3
2025-03-05 07:00:00,5,2025-03-05 12:00:00,379.11,23.2,3
2025-03-05 07:00:00,6,2025-03-05 13:00:00,379.11,23.3,3
2025-03-06 07:00:00,0,2025-03-06 07:00:00,379.1,22.0,3
2025-03-06 07:00:00,1,2025-03-06 08:00:00,379.1,22.2,3
2025-03-06 07:00:00,2,2025-03-06 09:00:00,379.1,22.5,3
2025-03-06 07:00:00,3,2025-03-06 10:00:00,379.1,22.5,3
2025-03-06 07:00:00,4,2025-03-06 11:00:00,379.1,22.5,3
2025-03-06 07:00:00,5,2025-03-06 12:00:00,379.1,22.3,3
2025-03-06 07:00:00,6,2025-03-06 13:00:00,379.1,22.3,3
2025-03-07 07:00:00,0,2025-03-07 07:00:00,379.1,22.2,3
2025-03-07 07:00:00,1,2025-03-07 08:00:00,379.1,22.4,3
2025-03-07 07:00:00,2,2025-03-07 09:00:00,379.11,22.8,3
2025-03-07 07:00:00,3,2025-03-07 10:00:00,379.11,22.8,3
2025-03-07 07:00:00,4,2025-03-07 11:00:00,379.11,22.7,3
2025-03-07 07:00:00,5,2025-03-07 12:00:00,379.11,22.7,3
2025-03-07 07:00:00,6,2025-03-07 13:00:00,379.11,22.7,3
2025-03-08 07:00:00,0,2025-03-08 07:00:00,379.09,21.2,3
2025-03-08 07:00:00,1,2025-03-08 08:00:00,379.09,21.6,3
2025-03-08 07:00:00,2,2025-03-08 09:00:00,379.09,21.9,3
2025-03-08 07:00:00,3,2025-03-08 10:00:00,379.09,21.6,3
2025-03-08 07:00:00,4,2025-03-08 11:00:00,379.09,21.5,3
2025-03-08 07:00:00,5,2025-03-08 12:00:00,379.09,21.5,3
2025-03-08 07:00:00,6,2025-03-08 13:00:00,379.09,21.7,3
2025-03-09 07:00:00,0,2025-03-09 07:00:00,379.09,21.6,3
2025-03-09 07:00:00,1,2025-03-09 08:00:00,379.09,21.7,3
2025-03-09 07:00:00,2,2025-03-09 09:00:00,379.09,21.9,3
2025-03-09 07:00:00,3,2025-03-09 10:00:00,379.1,22.0,3
2025-03-09 07:00:00,4,2025-03-09 11:00:00,379.1,22.1,3
2025-03-09 07:00:00,5,2025-03-09 12:00:00,379.1,21.9,3
2025-03-09 07:00:00,6,2025-03-09 13:00:00,379.09,21.9,3
2025-03-10 07:00:00,0,2025-03-10 07:00:00,379.09,21.8,3
2025-03-10 07:00:00,1,2025-03-10 08:00:00,379.1,22.0,3
2025-03-10 07:00:00,2,2025-03-10 09:00:00,379.1,22.1,3
2025-03-10 07:00:00,3,2025-03-10 10:00:00,379.1,22.3,3
2025-03-10 07:00:00,4,2025-03-10 11:00:00,379.1,22.4,3
2025-03-10 07:00:00,5,2025-03-10 12:00:00,379.11,22.8,3
2025-03-10 07:00:00,6,2025-03-10 13:00:00,379.11,22.9,3
2025-03-11 07:00:00,0,2025-03-11 07:00:00,379.14,25.1,3
2025-03-11 07:00:00,1,2025-03-11 08:00:00,379.14,24.9,3
2025-03-11 07:00:00,2,2025-03-11 09:00:00,379.13,24.8,3
2025-03-11 07:00:00,3,2025-03-11 10:00:00,379.13,24.7,3
2025-03-11 07:00:00,4,2025-03-11 11:00:00,379.13,24.8,3
2025-03-11 07:00:00,5,2025-03-11 12:00:00,379.13,24.7,3
2025-03-11 07:00:00,6,2025-03-11 13:00:00,379.13,24.7,3
2025-03-12 07:00:00,0,2025-03-12 07:00:00,379.11,23.1,3
2025-03-12 07:00:00,1,2025-03-12 08:00:00,379.12,23.5,3
2025-03-12 07:00:00,2,2025-03-12 09:00:00,379.12,23.9,3
2025-03-12 07:00:00,3,2025-03-12 10:00:00,379.13,24.4,3
2025-03-12 07:00:00,4,2025-03-12 11:00:00,379.14,25.0,3
2025-03-12 07:00:00,5,2025-03-12 12:00:00,379.14,25.1,3
2025-03-12 07:00:00,6,2025-03-12 13:00:00,379.14,25.4,3
2025-03-13 07:00:00,0,2025-03-13 07:00:00,379.14,25.2,3
2025-03-13 07:00:00,1,2025-03-13 08:00:00,379.14,25.2,3
2025-03-13 07:00:00,2,2025-03-13 09:00:00,379.15,25.7,3
2025-03-13 07:00:00,3,2025-03-13 10:00:00,379.15,26.2,3
2025-03-13 07:00:00,4,2025-03-13 11:00:00,379.16,26.9,3
2025-03-13 07:00:00,5,2025-03-13 12:00:00,379.17,27.2,3
2025-03-13 07:00:00,6,2025-03-13 13:00:00,379.16,26.8,3
2025-03-14 07:00:00,0,2025-03-14 07:00:00,379.12,24.0,3
2025-03-14 07:00:00,1,2025-03-14 08:00:00,379.12,23.8,3
2025-03-14 07:00:00,2,2025-03-14 09:00:00,379.12,23.6,3
2025-03-14 07:00:00,3,2025-03-14 10:00:00,379.12,23.4,3
2025-03-14 07:00:00,4,2025-03-14 11:00:00,379.12,23.4,3
2025-03-14 07:00:00,5,2025-03-14 12:00:00,379.11,23.2,3
2025-03-14 07:00:00,6,2025-03-14 13:00:00,379.11,23.2,3
2025-03-15 07:00:00,0,2025-03-15 07:00:00,379.12,23.7,3
2025-03-15 07:00:00,1,2025-03-15 08:00:00,379.12,23.5,3
2025-03-15 07:00:00,2,2025-03-15 09:00:00,379.11,23.3,3
2025-03-15 07:00:00,3,2025-03-15 10:00:00,379.11,22.9,3
2025-03-15 07:00:00,4,2025-03-15 11:00:00,379.11,22.7,3
2025-03-15 07:00:00,5,2025-03-15 12:00:00,379.1,22.6,3
2025-03-15 07:00:00,6,2025-03-15 13:00:00,379.1,22.5,3
2025-03-16 07:00:00,0,2025-03-16 07:00:00,379.2,30.0,3
2025-03-16 07:00:00,1,2025-03-16 08:00:00,379.2,29.9,3
2025-03-16 07:00:00,2,2025-03-16 09:00:00,379.2,30.2,3
2025-03-16 07:00:00,3,2025-03-16 10:00:00,379.21,30.7,3
2025-03-16 07:00:00,4,2025-03-16 11:00:00,379.21,30.8,3
2025-03-16 07:00:00,5,2025-03-16 12:00:00,379.21,30.7,3
2025-03-16 07:00:00,6,2025-03-16 13:00:00,379.21,30.7,3
2025-03-17 07:00:00,0,2025-03-17 07:00:00,379.13,24.4,3
2025-03-17 07:00:00,1,2025-03-17 08:00:00,379.13,24.1,3
2025-03-17 07:00:00,2,2025-03-17 09:00:00,379.12,23.9,3
2025-03-17 07:00:00,3,2025-03-17 10:00:00,379.12,23.7,3
2025-03-17 07:00:00,4,2025-03-17 11:00:00,379.12,23.6,3
2025-03-17 07:00:00,5,2025-03-17 12:00:00,379.11,23.3,3
2025-03-17 07:00:00,6,2025-03-17 13:00:00,379.11,23.2,3
2025-03-18 07:00:00,0,2025-03-18 07:00:00,379.1,22.4,3
2025-03-18 07:00:00,1,2025-03-18 08:00:00,379.1,22.0,3
2025-03-18 07:00:00,2,2025-03-18 09:00:00,379.09,21.6,3
2025-03-18 07:00:00,3,2025-03-18 10:00:00,379.09,21.2,3
2025-03-18 07:00:00,4,2025-03-18 11:00:00,379.08,20.8,3
2025-03-18 07:00:00,5,2025-03-18 12:00:00,379.08,20.6,3
2025-03-18 07:00:00,6,2025-03-18 13:00:00,379.07,20.5,3
2025-03-19 07:00:00,0,2025-03-19 07:00:00,379.1,22.5,3
2025-03-19 07:00:00,1,2025-03-19 08:00:00,379.09,21.8,3
2025-03-19 07:00:00,2,2025-03-19 09:00:00,379.09,21.5,3
2025-03-19 07:00:00,3,2025-03-19 10:00:00,379.09,21.2,3
2025-03-19 07:00:00,4,2025-03-19 11:00:00,379.08,21.1,3
2025-03-19 07:00:00,5,2025-03-19 12:00:00,379.08,21.0,3
2025-03-19 07:00:00,6,2025-03-19 13:00:00,379.08,20.9,3
2025-03-20 07:00:00,0,2025-03-20 07:00:00,379.11,23.2,3
2025-03-20 07:00:00,1,2025-03-20 08:00:00,379.11,22.9,3
2025-03-20 07:00:00,2,2025-03-20 09:00:00,379.11,22.6,3
2025-03-20 07:00:00,3,2025-03-20 10:00:00,379.1,22.4,3
2025-03-20 07:00:00,4,2025-03-20 11:00:00,379.1,22.3,3
2025-03-20 07:00:00,5,2025-03-20 12:00:00,379.1,22.3,3
2025-03-20 07:00:00,6,2025-03-20 13:00:00,379.1,22.3,3
2025-03-21 07:00:00,0,2025-03-21 07:00:00,379.13,24.1,3
2025-03-21 07:00:00,1,2025-03-21 08:00:00,379.13,24.1,3
2025-03-21 07:00:00,2,2025-03-21 09:00:00,379.13,24.1,3
2025-03-21 07:00:00,3,2025-03-21 10:00:00,379.12,24.1,3
2025-03-21 07:00:00,4,2025-03-21 11:00:00,379.12,24.1,3
2025-03-21 07:00:00,5,2025-03-21 12:00:00,379.12,24.1,3
2025-03-21 07:00:00,6,2025-03-21 13:00:00,379.13,24.1,3
2025-03-22 07:00:00,0,2025-03-22 07:00:00,379.2,30.1,3
2025-03-22 07:00:00,1,2025-03-22 08:00:00,379.2,29.9,3
2025-03-22 07:00:00,2,2025-03-22 09:00:00,379.2,29.6,3
2025-03-22 07:00:00,3,2025-03-22 10:00:00,379.19,29.4,3
2025-03-22 07:00:00,4,2025-03-22 11:00:00,379.19,29.4,3
2025-03-22 07:00:00,5,2025-03-22 12:00:00,379.19,29.4,3
2025-03-22 07:00:00,6,2025-03-22 13:00:00,379.19,29.4,3
2025-03-23 07:00:00,0,2025-03-23 07:00:00,379.23,32.4,3
2025-03-23 07:00:00,1,2025-03-23 08:00:00,379.23,32.3,3
2025-03-23 07:00:00,2,2025-03-23 09:00:00,379.22,31.9,3
2025-03-23 07:00:00,3,2025-03-23 10:00:00,379.22,31.7,3
2025-03-23 07:00:00,4,2025-03-23 11:00:00,379.22,31.5,3
2025-03-23 07:00:00,5,2025-03-23 12:00:00,379.22,31.4,3
2025-03-23 07:00:00,6,2025-03-23 13:00:00,379.21,31.2,3
2025-03-24 07:00:00,0,2025-03-24 07:00:00,379.26,34.9,3
2025-03-24 07:00:00,1,2025-03-24 08:00:00,379.25,34.3,3
2025-03-24 07:00:00,2,2025-03-24 09:00:00,379.24,33.8,3
2025-03-24 07:00:00,3,2025-03-24 10:00:00,379.24,33.8,3
2025-03-24 07:00:00,4,2025-03-24 11:00:00,379.24,33.8,3
2025-03-24 07:00:00,5,2025-03-24 12:00:00,379.24,33.1,3
2025-03-24 07:00:00,6,2025-03-24 13:00:00,379.23,32.2,3
2025-03-25 07:00:00,0,2025-03-25 07:00:00,379.18,28.4,3
2025-03-25 07:00:00,1,2025-03-25 08:00:00,379.18,28.6,3
2025-03-25 07:00:00,2,2025-03-25 09:00:00,379.19,28.8,3
2025-03-25 07:00:00,3,2025-03-25 10:00:00,379.18,28.7,3
2025-03-25 07:00:00,4,2025-03-25 11:00:00,379.18,28.2,3
2025-03-25 07:00:00,5,2025-03-25 12:00:00,379.17,27.7,3
2025-03-25 07:00:00,6,2025-03-25 13:00:00,379.17,27.3,3
2025-03-26 07:00:00,0,2025-03-26 07:00:00,379.13,24.6,3
2025-03-26 07:00:00,1,2025-03-26 08:00:00,379.14,25.0,3
2025-03-26 07:00:00,2,2025-03-26 09:00:00,379.14,25.0,3
2025-03-26 07:00:00,3,2025-03-26 10:00:00,379.14,24.9,3
2025-03-26 07:00:00,4,2025-03-26 11:00:00,379.13,24.6,3
2025-03-26 07:00:00,5,2025-03-26 12:00:00,379.13,24.2,3
2025-03-26 07:00:00,6,2025-03-26 13:00:00,379.12,23.9,3
2025-03-27 07:00:00,0,2025-03-27 07:00:00,379.18,28.1,3
2025-03-27 07:00:00,1,2025-03-27 08:00:00,379.18,28.0,3
2025-03-27 07:00:00,2,2025-03-27 09:00:00,379.17,27.9,3
2025-03-27 07:00:00,3,2025-03-27 10:00:00,379.17,27.7,3
2025-03-27 07:00:00,4,2025-03-27 11:00:00,379.17,27.5,3
2025-03-27 07:00:00,5,2025-03-27 12:00:00,379.17,27.4,3
2025-03-27 07:00:00,6,2025-03-27 13:00:00,379.16,27.0,3
2025-03-28 07:00:00,0,2025-03-28 07:00:00,379.16,26.5,3
2025-03-28 07:00:00,1,2025-03-28 08:00:00,379.16,26.6,3
2025-03-28 07:00:00,2,2025-03-28 09:00:00,379.16,26.8,3
2025-03-28 07:00:00,3,2025-03-28 10:00:00,379.16,26.8,3
2025-03-28 07:00:00,4,2025-03-28 11:00:00,379.16,26.6,3
2025-03-28 07:00:00,5,2025-03-28 12:00:00,379.15,26.2,3
2025-03-28 07:00:00,6,2025-03-28 13:00:00,379.15,25.9,3
2025-03-29 07:00:00,0,2025-03-29 07:00:00,379.14,25.0,3
2025-03-29 07:00:00,1,2025-03-29 08:00:00,379.14,25.1,3
2025-03-29 07:00:00,2,2025-03-29 09:00:00,379.14,25.2,3
2025-03-29 07:00:00,3,2025-03-29 10:00:00,379.14,25.2,3
2025-03-29 07:00:00,4,2025-03-29 11:00:00,379.14,25.2,3
2025-03-29 07:00:00,5,2025-03-29 12:00:00,379.14,25.2,3
2025-03-29 07:00:00,6,2025-03-29 13:00:00,379.14,25.1,3
2025-03-30 07:00:00,0,2025-03-30 07:00:00,379.11,23.3,3
2025-03-30 07:00:00,1,2025-03-30 08:00:00,379.11,23.3,3
2025-03-30 07:00:00,2,2025-03-30 09:00:00,379.11,23.3,3
2025-03-30 07:00:00,3,2025-03-30 10:00:00,379.11,23.3,3
2025-03-30 07:00:00,4,2025-03-30 11:00:00,379.11,23.2,3
2025-03-30 07:00:00,5,2025-03-30 12:00:00,379.11,23.0,3
2025-03-30 07:00:00,6,2025-03-30 13:00:00,379.11,22.9,3
2025-03-31 07:00:00,0,2025-03-31 07:00:00,379.09,21.7,3
2025-03-31 07:00:00,1,2025-03-31 08:00:00,379.1,22.0,3
2025-03-31 07:00:00,2,2025-03-31 09:00:00,379.1,22.1,3
2025-03-31 07:00:00,3,2025-03-31 10:00:00,379.1,22.0,3
2025-03-31 07:00:00,4,2025-03-31 11:00:00,379.09,21.8,3
2025-03-31 07:00:00,5,2025-03-31 12:00:00,379.09,21.7,3
2025-03-31 07:00:00,6,2025-03-31 13:00:00,379.09,21.5,3
2025-04-01 07:00:00,0,2025-04-01 07:00:00,379.12,24.0,3
2025-04-01 07:00:00,1,2025-04-01 08:00:00,379.12,24.0,3
2025-04-01 07:00:00,2,2025-04-01 09:00:00,379.12,23.9,3
2025-04-01 07:00:00,3,2025-04-01 10:00:00,379.12,23.6,3
2025-04-01 07:00:00,4,2025-04-01 11:00:00,379.12,23.4,3
2025-04-01 07:00:00,5,2025-04-01 12:00:00,379.12,23.5,3
2025-04-01 07:00:00,6,2025-04-01 13:00:00,379.12,23.5,3
2025-04-02 07:00:00,0,2025-04-02 07:00:00,379.12,24.0,3
2025-04-02 07:00:00,1,2025-04-02 08:00:00,379.13,24.2,3
2025-04-02 07:00:00,2,2025-04-02 09:00:00,379.13,24.2,3
2025-04-02 07:00:00,3,2025-04-02 10:00:00,379.12,24.0,3
2025-04-02 07:00:00,4,2025-04-02 11:00:00,379.12,23.9,3
2025-04-02 07:00:00,5,2025-04-02 12:00:00,379.12,24.0,3
2025-04-02 07:00:00,6,2025-04-02 13:00:00,379.12,23.9,3
2025-04-03 07:00:00,0,2025-04-03 07:00:00,379.09,21.8,3
2025-04-03 07:00:00,1,2025-04-03 08:00:00,379.09,21.8,3
2025-04-03 07:00:00,2,2025-04-03 09:00:00,379.09,21.7,3
2025-04-03 07:00:00,3,2025-04-03 10:00:00,379.09,21.5,3
2025-04-03 07:00:00,4,2025-04-03 11:00:00,379.09,21.6,3
2025-04-03 07:00:00,5,2025-04-03 12:00:00,379.09,21.5,3
2025-04-03 07:00:00,6,2025-04-03 13:00:00,379.09,21.4,3
2025-04-04 07:00:00,0,2025-04-04 07:00:00,379.13,24.2,3
2025-04-04 07:00:00,1,2025-04-04 08:00:00,379.13,24.3,3
2025-04-04 07:00:00,2,2025-04-04 09:00:00,379.13,24.6,3
2025-04-04 07:00:00,3,2025-04-04 10:00:00,379.13,24.6,3
2025-04-04 07:00:00,4,2025-04-04 11:00:00,379.13,24.6,3
2025-04-04 07:00:00,5,2025-04-04 12:00:00,379.13,24.5,3
2025-04-04 07:00:00,6,2025-04-04 13:00:00,379.13,24.4,3
2025-04-05 07:00:00,0,2025-04-05 07:00:00,379.21,30.7,3
2025-04-05 07:00:00,1,2025-04-05 08:00:00,379.21,30.9,3
2025-04-05 07:00:00,2,2025-04-05 09:00:00,379.21,30.9,3
2025-04-05 07:00:00,3,2025-04-05 10:00:00,379.21,30.7,3
2025-04-05 07:00:00,4,2025-04-05 11:00:00,379.21,30.5,3
2025-04-05 07:00:00,5,2025-04-05 12:00:00,379.2,30.2,3
2025-04-05 07:00:00,6,2025-04-05 13:00:00,379.2,29.8,3
2025-04-06 07:00:00,0,2025-04-06 07:00:00,379.31,39.8,3
2025-04-06 07:00:00,1,2025-04-06 08:00:00,379.31,39.5,3
2025-04-06 07:00:00,2,2025-04-06 09:00:00,379.3,38.8,3
2025-04-06 07:00:00,3,2025-04-06 10:00:00,379.29,38.1,3
2025-04-06 07:00:00,4,2025-04-06 11:00:00,379.28,37.0,3
2025-04-06 07:00:00,5,2025-04-06 12:00:00,379.27,36.0,3
2025-04-06 07:00:00,6,2025-04-06 13:00:00,379.25,34.7,3
2025-04-07 07:00:00,0,2025-04-07 07:00:00,379.35,43.5,3
2025-04-07 07:00:00,1,2025-04-07 08:00:00,379.34,42.4,3
2025-04-07 07:00:00,2,2025-04-07 09:00:00,379.32,40.9,3
2025-04-07 07:00:00,3,2025-04-07 10:00:00,379.31,39.6,3
2025-04-07 07:00:00,4,2025-04-07 11:00:00,379.3,38.6,3
2025-04-07 07:00:00,5,2025-04-07 12:00:00,379.28,36.9,3
2025-04-07 07:00:00,6,2025-04-07 13:00:00,379.26,35.5,3
2025-04-08 07:00:00,0,2025-04-08 07:00:00,379.29,38.5,3
2025-04-08 07:00:00,1,2025-04-08 08:00:00,379.28,37.2,3
2025-04-08 07:00:00,2,2025-04-08 09:00:00,379.27,36.0,3
2025-04-08 07:00:00,3,2025-04-08 10:00:00,379.25,34.6,3
2025-04-08 07:00:00,4,2025-04-08 11:00:00,379.24,33.1,3
2025-04-08 07:00:00,5,2025-04-08 12:00:00,379.22,32.1,3
2025-04-08 07:00:00,6,2025-04-08 13:00:00,379.21,30.7,3
2025-04-09 07:00:00,0,2025-04-09 07:00:00,379.24,33.7,3
2025-04-09 07:00:00,1,2025-04-09 08:00:00,379.24,33.2,3
2025-04-09 07:00:00,2,2025-04-09 09:00:00,379.23,32.6,3
2025-04-09 07:00:00,3,2025-04-09 10:00:00,379.22,31.8,3
2025-04-09 07:00:00,4,2025-04-09 11:00:00,379.21,31.0,3
2025-04-09 07:00:00,5,2025-04-09 12:00:00,379.2,30.0,3
2025-04-09 07:00:00,6,2025-04-09 13:00:00,379.19,29.0,3
2025-04-10 07:00:00,0,2025-04-10 07:00:00,379.21,30.7,3
2025-04-10 07:00:00,1,2025-04-10 08:00:00,379.21,30.6,3
2025-04-10 07:00:00,2,2025-04-10 09:00:00,379.2,30.2,3
2025-04-10 07:00:00,3,2025-04-10 10:00:00,379.19,29.4,3
2025-04-10 07:00:00,4,2025-04-10 11:00:00,379.19,28.8,3
2025-04-10 07:00:00,5,2025-04-10 12:00:00,379.18,28.2,3
2025-04-10 07:00:00,6,2025-04-10 13:00:00,379.17,27.5,3
2025-04-11 07:00:00,0,2025-04-11 07:00:00,379.22,31.6,3
2025-04-11 07:00:00,1,2025-04-11 08:00:00,379.21,31.2,3
2025-04-11 07:00:00,2,2025-04-11 09:00:00,379.21,30.7,3
2025-04-11 07:00:00,3,2025-04-11 10:00:00,379.2,30.3,3
2025-04-11 07:00:00,4,2025-04-11 11:00:00,379.2,29.7,3
2025-04-11 07:00:00,5,2025-04-11 12:00:00,379.19,28.8,3
2025-04-11 07:00:00,6,2025-04-11 13:00:00,379.17,27.8,3
2025-04-12 07:00:00,0,2025-04-12 07:00:00,379.25,33.9,3
2025-04-12 07:00:00,1,2025-04-12 08:00:00,379.24,33.1,3
2025-04-12 07:00:00,2,2025-04-12 09:00:00,379.22,32.1,3
2025-04-12 07:00:00,3,2025-04-12 10:00:00,379.21,31.0,3
2025-04-12 07:00:00,4,2025-04-12 11:00:00,379.19,29.4,3
2025-04-12 07:00:00,5,2025-04-12 12:00:00,379.17,27.8,3
2025-04-12 07:00:00,6,2025-04-12 13:00:00,379.16,26.5,3
2025-04-13 07:00:00,0,2025-04-13 07:00:00,379.28,36.9,3
2025-04-13 07:00:00,1,2025-04-13 08:00:00,379.27,36.6,3
2025-04-13 07:00:00,2,2025-04-13 09:00:00,379.26,35.7,3
2025-04-13 07:00:00,3,2025-04-13 10:00:00,379.25,34.6,3
2025-04-13 07:00:00,4,2025-04-13 11:00:00,379.25,34.0,3
2025-04-13 07:00:00,5,2025-04-13 12:00:00,379.24,33.4,3
2025-04-13 07:00:00,6,2025-04-13 13:00:00,379.23,33.0,3
2025-04-14 07:00:00,0,2025-04-14 07:00:00,379.47,56.9,3
2025-04-14 07:00:00,1,2025-04-14 08:00:00,379.47,56.5,3
2025-04-14 07:00:00,2,2025-04-14 09:00:00,379.47,56.1,3
2025-04-14 07:00:00,3,2025-04-14 10:00:00,379.46,55.5,3
2025-04-14 07:00:00,4,2025-04-14 11:00:00,379.45,53.9,3
2025-04-14 07:00:00,5,2025-04-14 12:00:00,379.42,51.5,3
2025-04-14 07:00:00,6,2025-04-14 13:00:00,379.41,49.5,3
2025-04-15 07:00:00,0,2025-04-15 07:00:00,379.64,75.7,3
2025-04-15 07:00:00,1,2025-04-15 08:00:00,379.63,74.8,3
2025-04-15 07:00:00,2,2025-04-15 09:00:00,379.62,73.7,3
2025-04-15 07:00:00,3,2025-04-15 10:00:00,379.61,72.6,3
2025-04-15 07:00:00,4,2025-04-15 11:00:00,379.61,71.6,3
2025-04-15 07:00:00,5,2025-04-15 12:00:00,379.6,70.5,3
2025-04-15 07:00:00,6,2025-04-15 13:00:00,379.58,69.1,3
2025-04-16 07:00:00,0,2025-04-16 07:00:00,379.68,80.7,3
2025-04-16 07:00:00,1,2025-04-16 08:00:00,379.67,79.6,3
2025-04-16 07:00:00,2,2025-04-16 09:00:00,379.66,78.1,3
2025-04-16 07:00:00,3,2025-04-16 10:00:00,379.65,77.2,3
2025-04-16 07:00:00,4,2025-04-16 11:00:00,379.65,76.9,3
2025-04-16 07:00:00,5,2025-04-16 12:00:00,379.64,76.2,3
2025-04-16 07:00:00,6,2025-04-16 13:00:00,379.64,75.6,3
2025-04-17 07:00:00,0,2025-04-17 07:00:00,380.07,130.7,3
2025-04-17 07:00:00,1,2025-04-17 08:00:00,380.04,127.1,3
2025-04-17 07:00:00,2,2025-04-17 09:00:00,380.02,123.7,3
2025-04-17 07:00:00,3,2025-04-17 10:00:00,380.0,120.8,3
2025-04-17 07:00:00,4,2025-04-17 11:00:00,379.97,117.0,3
2025-04-17 07:00:00,5,2025-04-17 12:00:00,379.95,114.5,3
2025-04-17 07:00:00,6,2025-04-17 13:00:00,379.95,113.9,3
2025-04-18 07:00:00,0,2025-04-18 07:00:00,379.82,97.9,3
2025-04-18 07:00:00,1,2025-04-18 08:00:00,379.8,95.5,3
2025-04-18 07:00:00,2,2025-04-18 09:00:00,379.78,93.2,3
2025-04-18 07:00:00,3,2025-04-18 10:00:00,379.76,90.6,3
2025-04-18 07:00:00,4,2025-04-18 11:00:00,379.74,88.3,3
2025-04-18 07:00:00,5,2025-04-18 12:00:00,379.73,86.2,3
2025-04-18 07:00:00,6,2025-04-18 13:00:00,379.71,84.6,3
2025-04-19 07:00:00,0,2025-04-19 07:00:00,379.74,87.2,3
2025-04-19 07:00:00,1,2025-04-19 08:00:00,379.72,84.7,3
2025-04-19 07:00:00,2,2025-04-19 09:00:00,379.7,82.7,3
2025-04-19 07:00:00,3,2025-04-19 10:00:00,379.68,81.0,3
2025-04-19 07:00:00,4,2025-04-19 11:00:00,379.67,79.8,3
2025-04-19 07:00:00,5,2025-04-19 12:00:00,379.67,79.2,3
2025-04-19 07:00:00,6,2025-04-19 13:00:00,379.66,78.7,3
2025-04-20 07:00:00,0,2025-04-20 07:00:00,379.69,81.6,3
2025-04-20 07:00:00,1,2025-04-20 08:00:00,379.68,80.2,3
2025-04-20 07:00:00,2,2025-04-20 09:00:00,379.67,79.1,3
2025-04-20 07:00:00,3,2025-04-20 10:00:00,379.66,78.2,3
2025-04-20 07:00:00,4,2025-04-20 11:00:00,379.65,77.5,3
2025-04-20 07:00:00,5,2025-04-20 12:00:00,379.65,77.3,3
2025-04-20 07:00:00,6,2025-04-20 13:00:00,379.66,78.4,3
2025-04-21 07:00:00,0,2025-04-21 07:00:00,379.63,74.2,3
2025-04-21 07:00:00,1,2025-04-21 08:00:00,379.61,72.7,3
2025-04-21 07:00:00,2,2025-04-21 09:00:00,379.6,71.5,3
2025-04-21 07:00:00,3,2025-04-21 10:00:00,379.59,70.3,3
2025-04-21 07:00:00,4,2025-04-21 11:00:00,379.59,69.6,3
2025-04-21 07:00:00,5,2025-04-21 12:00:00,379.58,68.7,3
2025-04-21 07:00:00,6,2025-04-21 13:00:00,379.57,67.9,3
2025-04-22 07:00:00,0,2025-04-22 07:00:00,379.47,56.5,3
2025-04-22 07:00:00,1,2025-04-22 08:00:00,379.47,56.3,3
2025-04-22 07:00:00,2,2025-04-22 09:00:00,379.47,55.9,3
2025-04-22 07:00:00,3,2025-04-22 10:00:00,379.46,55.5,3
2025-04-22 07:00:00,4,2025-04-22 11:00:00,379.46,55.1,3
2025-04-22 07:00:00,5,2025-04-22 12:00:00,379.45,54.7,3
2025-04-22 07:00:00,6,2025-04-22 13:00:00,379.45,54.2,3
2025-04-23 07:00:00,0,2025-04-23 07:00:00,379.4,48.6,3
2025-04-23 07:00:00,1,2025-04-23 08:00:00,379.4,48.9,3
2025-04-23 07:00:00,2,2025-04-23 09:00:00,379.4,49.1,3
2025-04-23 07:00:00,3,2025-04-23 10:00:00,379.4,49.2,3
2025-04-23 07:00:00,4,2025-04-23 11:00:00,379.4,49.4,3
2025-04-23 07:00:00,5,2025-04-23 12:00:00,379.41,49.5,3
2025-04-23 07:00:00,6,2025-04-23 13:00:00,379.41,49.5,3
2025-04-24 07:00:00,0,2025-04-24 07:00:00,379.5,60.2,3
2025-04-24 07:00:00,1,2025-04-24 08:00:00,379.49,58.9,3
2025-04-24 07:00:00,2,2025-04-24 09:00:00,379.47,56.8,3
2025-04-24 07:00:00,3,2025-04-24 10:00:00,379.46,55.6,3
2025-04-24 07:00:00,4,2025-04-24 11:00:00,379.45,54.1,3
2025-04-24 07:00:00,5,2025-04-24 12:00:00,379.44,52.8,3
2025-04-24 07:00:00,6,2025-04-24 13:00:00,379.43,51.6,3
2025-04-25 07:00:00,0,2025-04-25 07:00:00,379.44,53.0,3
2025-04-25 07:00:00,1,2025-04-25 08:00:00,379.44,53.0,3
2025-04-25 07:00:00,2,2025-04-25 09:00:00,379.44,53.1,3
2025-04-25 07:00:00,3,2025-04-25 10:00:00,379.44,53.0,3
2025-04-25 07:00:00,4,2025-04-25 11:00:00,379.44,52.9,3
2025-04-25 07:00:00,5,2025-04-25 12:00:00,379.44,52.7,3
2025-04-25 07:00:00,6,2025-04-25 13:00:00,379.44,52.6,3
2025-04-26 07:00:00,0,2025-04-26 07:00:00,379.34,42.7,3
2025-04-26 07:00:00,1,2025-04-26 08:00:00,379.34,43.1,3
2025-04-26 07:00:00,2,2025-04-26 09:00:00,379.35,43.6,3
2025-04-26 07:00:00,3,2025-04-26 10:00:00,379.35,44.0,3
2025-04-26 07:00:00,4,2025-04-26 11:00:00,379.35,44.3,3
2025-04-26 07:00:00,5,2025-04-26 12:00:00,379.36,44.4,3
2025-04-26 07:00:00,6,2025-04-26 13:00:00,379.36,44.5,3
2025-04-27 07:00:00,0,2025-04-27 07:00:00,379.36,45.0,3
2025-04-27 07:00:00,1,2025-04-27 08:00:00,379.37,46.1,3
2025-04-27 07:00:00,2,2025-04-27 09:00:00,379.38,47.2,3
2025-04-27 07:00:00,3,2025-04-27 10:00:00,379.4,48.4,3
2025-04-27 07:00:00,4,2025-04-27 11:00:00,379.4,49.1,3
2025-04-27 07:00:00,5,2025-04-27 12:00:00,379.4,49.4,3
2025-04-27 07:00:00,6,2025-04-27 13:00:00,379.4,49.2,3
2025-04-28 07:00:00,0,2025-04-28 07:00:00,379.48,57.9,3
2025-04-28 07:00:00,1,2025-04-28 08:00:00,379.48,57.6,3
2025-04-28 07:00:00,2,2025-04-28 09:00:00,379.48,57.3,3
2025-04-28 07:00:00,3,2025-04-28 10:00:00,379.47,56.8,3
2025-04-28 07:00:00,4,2025-04-28 11:00:00,379.47,56.3,3
2025-04-28 07:00:00,5,2025-04-28 12:00:00,379.46,55.7,3
2025-04-28 07:00:00,6,2025-04-28 13:00:00,379.46,55.2,3
2025-04-29 07:00:00,0,2025-04-29 07:00:00,379.51,60.6,3
2025-04-29 07:00:00,1,2025-04-29 08:00:00,379.51,60.5,3
2025-04-29 07:00:00,2,2025-04-29 09:00:00,379.51,60.4,3
2025-04-29 07:00:00,3,2025-04-29 10:00:00,379.51,60.2,3
2025-04-29 07:00:00,4,2025-04-29 11:00:00,379.5,59.8,3
2025-04-29 07:00:00,5,2025-04-29 12:00:00,379.5,59.3,3
2025-04-29 07:00:00,6,2025-04-29 13:00:00,379.49,58.7,3
2025-04-30 07:00:00,0,2025-04-30 07:00:00,379.54,63.7,3
2025-04-30 07:00:00,1,2025-04-30 08:00:00,379.54,63.8,3
2025-04-30 07:00:00,2,2025-04-30 09:00:00,379.54,63.7,3
2025-04-30 07:00:00,3,2025-04-30 10:00:00,379.53,63.2,3
2025-04-30 07:00:00,4,2025-04-30 11:00:00,379.53,62.6,3
2025-04-30 07:00:00,5,2025-04-30 12:00:00,379.52,61.8,3
2025-04-30 07:00:00,6,2025-04-30 13:00:00,379.51,61.0,3
2025-05-01 07:00:00,0,2025-05-01 07:00:00,379.58,69.1,3
2025-05-01 07:00:00,1,2025-05-01 08:00:00,379.58,69.2,3
2025-05-01 07:00:00,2,2025-05-01 09:00:00,379.58,68.9,3
2025-05-01 07:00:00,3,2025-05-01 10:00:00,379.58,68.3,3
2025-05-01 07:00:00,4,2025-05-01 11:00:00,379.57,67.5,3
2025-05-01 07:00:00,5,2025-05-01 12:00:00,379.56,66.6,3
2025-05-01 07:00:00,6,2025-05-01 13:00:00,379.55,65.7,3
2025-05-02 07:00:00,0,2025-05-02 07:00:00,379.65,76.9,3
2025-05-02 07:00:00,1,2025-05-02 08:00:00,379.65,76.4,3
2025-05-02 07:00:00,2,2025-05-02 09:00:00,379.64,75.9,3
2025-05-02 07:00:00,3,2025-05-02 10:00:00,379.63,75.0,3
2025-05-02 07:00:00,4,2025-05-02 11:00:00,379.62,73.8,3
2025-05-02 07:00:00,5,2025-05-02 12:00:00,379.62,72.8,3
2025-05-02 07:00:00,6,2025-05-02 13:00:00,379.6,71.5,3
2025-05-03 07:00:00,0,2025-05-03 07:00:00,379.69,81.5,3
2025-05-03 07:00:00,1,2025-05-03 08:00:00,379.68,81.0,3
2025-05-03 07:00:00,2,2025-05-03 09:00:00,379.68,80.2,3
2025-05-03 07:00:00,3,2025-05-03 10:00:00,379.67,79.3,3
2025-05-03 07:00:00,4,2025-05-03 11:00:00,379.66,78.4,3
2025-05-03 07:00:00,5,2025-05-03 12:00:00,379.66,78.0,3
2025-05-03 07:00:00,6,2025-05-03 13:00:00,379.66,77.7,3
2025-05-04 07:00:00,0,2025-05-04 07:00:00,380.19,147.8,3
2025-05-04 07:00:00,1,2025-05-04 08:00:00,380.23,153.7,3
2025-05-04 07:00:00,2,2025-05-04 09:00:00,380.3,163.8,3
2025-05-04 07:00:00,3,2025-05-04 10:00:00,380.45,186.1,3
2025-05-04 07:00:00,4,2025-05-04 11:00:00,380.5,194.4,3
2025-05-04 07:00:00,5,2025-05-04 12:00:00,380.5,195.4,3
2025-05-04 07:00:00,6,2025-05-04 13:00:00,380.47,189.5,3
2025-05-05 07:00:00,0,2025-05-05 07:00:00,380.5,195.4,3
2025-05-05 07:00:00,1,2025-05-05 08:00:00,380.5,194.8,3
2025-05-05 07:00:00,2,2025-05-05 09:00:00,380.49,193.9,3
2025-05-05 07:00:00,3,2025-05-05 10:00:00,380.48,190.9,3
2025-05-05 07:00:00,4,2025-05-05 11:00:00,380.45,187.4,3
2025-05-05 07:00:00,5,2025-05-05 12:00:00,380.43,183.0,3
2025-05-05 07:00:00,6,2025-05-05 13:00:00,380.4,179.6,3
2025-05-06 07:00:00,0,2025-05-06 07:00:00,380.27,158.6,3
2025-05-06 07:00:00,1,2025-05-06 08:00:00,380.24,154.4,3
2025-05-06 07:00:00,2,2025-05-06 09:00:00,380.21,150.1,3
2025-05-06 07:00:00,3,2025-05-06 10:00:00,380.18,146.0,3
2025-05-06 07:00:00,4,2025-05-06 11:00:00,380.15,142.2,3
2025-05-06 07:00:00,5,2025-05-06 12:00:00,380.13,138.6,3
2025-05-06 07:00:00,6,2025-05-06 13:00:00,380.11,135.5,3
2025-05-07 07:00:00,0,2025-05-07 07:00:00,379.88,105.8,3
2025-05-07 07:00:00,1,2025-05-07 08:00:00,379.88,104.9,3
2025-05-07 07:00:00,2,2025-05-07 09:00:00,379.87,104.1,3
2025-05-07 07:00:00,3,2025-05-07 10:00:00,379.87,104.4,3
2025-05-07 07:00:00,4,2025-05-07 11:00:00,379.88,105.7,3
2025-05-07 07:00:00,5,2025-05-07 12:00:00,379.89,106.8,3
2025-05-07 07:00:00,6,2025-05-07 13:00:00,379.91,109.3,3
2025-05-08 07:00:00,0,2025-05-08 07:00:00,379.79,94.4,3
2025-05-08 07:00:00,1,2025-05-08 08:00:00,379.78,92.7,3
2025-05-08 07:00:00,2,2025-05-08 09:00:00,379.77,91.2,3
2025-05-08 07:00:00,3,2025-05-08 10:00:00,379.76,89.9,3
2025-05-08 07:00:00,4,2025-05-08 11:00:00,379.75,88.8,3
2025-05-08 07:00:00,5,2025-05-08 12:00:00,379.74,87.4,3
2025-05-08 07:00:00,6,2025-05-08 13:00:00,379.73,86.3,3
2025-05-09 07:00:00,0,2025-05-09 07:00:00,379.65,77.0,3
2025-05-09 07:00:00,1,2025-05-09 08:00:00,379.65,76.4,3
2025-05-09 07:00:00,2,2025-05-09 09:00:00,379.64,75.9,3
2025-05-09 07:00:00,3,2025-05-09 10:00:00,379.64,75.3,3
2025-05-09 07:00:00,4,2025-05-09 11:00:00,379.63,74.8,3
2025-05-09 07:00:00,5,2025-05-09 12:00:00,379.63,74.4,3
2025-05-09 07:00:00,6,2025-05-09 13:00:00,379.63,74.0,3
2025-05-10 07:00:00,0,2025-05-10 07:00:00,379.59,70.2,3
2025-05-10 07:00:00,1,2025-05-10 08:00:00,379.59,69.8,3
2025-05-10 07:00:00,2,2025-05-10 09:00:00,379.59,69.5,3
2025-05-10 07:00:00,3,2025-05-10 10:00:00,379.58,69.2,3
2025-05-10 07:00:00,4,2025-05-10 11:00:00,379.58,68.7,3
2025-05-10 07:00:00,5,2025-05-10 12:00:00,379.58,68.2,3
2025-05-10 07:00:00,6,2025-05-10 13:00:00,379.57,67.7,3
2025-05-11 07:00:00,0,2025-05-11 07:00:00,379.57,67.1,3
2025-05-11 07:00:00,1,2025-05-11 08:00:00,379.56,66.9,3
2025-05-11 07:00:00,2,2025-05-11 09:00:00,379.56,66.8,3
2025-05-11 07:00:00,3,2025-05-11 10:00:00,379.56,66.8,3
2025-05-11 07:00:00,4,2025-05-11 11:00:00,379.56,66.5,3
2025-05-11 07:00:00,5,2025-05-11 12:00:00,379.56,66.0,3
2025-05-11 07:00:00,6,2025-05-11 13:00:00,379.55,65.6,3
2025-05-12 07:00:00,0,2025-05-12 07:00:00,379.78,92.2,3
2025-05-12 07:00:00,1,2025-05-12 08:00:00,379.79,93.8,3
2025-05-12 07:00:00,2,2025-05-12 09:00:00,379.8,94.7,3
2025-05-12 07:00:00,3,2025-05-12 10:00:00,379.79,93.9,3
2025-05-12 07:00:00,4,2025-05-12 11:00:00,379.78,92.6,3
2025-05-12 07:00:00,5,2025-05-12 12:00:00,379.75,89.0,3
2025-05-12 07:00:00,6,2025-05-12 13:00:00,379.73,85.9,3
2025-05-13 07:00:00,0,2025-05-13 07:00:00,379.78,92.6,3
2025-05-13 07:00:00,1,2025-05-13 08:00:00,379.77,90.9,3
2025-05-13 07:00:00,2,2025-05-13 09:00:00,379.75,88.7,3
2025-05-13 07:00:00,3,2025-05-13 10:00:00,379.73,86.2,3
2025-05-13 07:00:00,4,2025-05-13 11:00:00,379.71,84.0,3
2025-05-13 07:00:00,5,2025-05-13 12:00:00,379.69,82.1,3
2025-05-13 07:00:00,6,2025-05-13 13:00:00,379.68,80.4,3
2025-05-14 07:00:00,0,2025-05-14 07:00:00,379.77,91.0,3
2025-05-14 07:00:00,1,2025-05-14 08:00:00,379.76,90.4,3
2025-05-14 07:00:00,2,2025-05-14 09:00:00,379.75,89.2,3
2025-05-14 07:00:00,3,2025-05-14 10:00:00,379.74,88.1,3
2025-05-14 07:00:00,4,2025-05-14 11:00:00,379.73,86.7,3
2025-05-14 07:00:00,5,2025-05-14 12:00:00,379.72,85.2,3
2025-05-14 07:00:00,6,2025-05-14 13:00:00,379.71,83.7,3
2025-05-15 07:00:00,0,2025-05-15 07:00:00,379.64,75.1,3
2025-05-15 07:00:00,1,2025-05-15 08:00:00,379.63,74.8,3
2025-05-15 07:00:00,2,2025-05-15 09:00:00,379.63,74.2,3
2025-05-15 07:00:00,3,2025-05-15 10:00:00,379.62,73.5,3
2025-05-15 07:00:00,4,2025-05-15 11:00:00,379.61,72.7,3
2025-05-15 07:00:00,5,2025-05-15 12:00:00,379.61,71.8,3
2025-05-15 07:00:00,6,2025-05-15 13:00:00,379.6,70.8,3
2025-05-16 07:00:00,0,2025-05-16 07:00:00,379.63,74.9,3
2025-05-16 07:00:00,1,2025-05-16 08:00:00,379.63,74.9,3
2025-05-16 07:00:00,2,2025-05-16 09:00:00,379.63,74.8,3
2025-05-16 07:00:00,3,2025-05-16 10:00:00,379.63,74.4,3
2025-05-16 07:00:00,4,2025-05-16 11:00:00,379.62,73.7,3
2025-05-16 07:00:00,5,2025-05-16 12:00:00,379.61,72.7,3
2025-05-16 07:00:00,6,2025-05-16 13:00:00,379.61,71.8,3
2025-05-17 07:00:00,0,2025-05-17 07:00:00,379.57,67.5,3
2025-05-17 07:00:00,1,2025-05-17 08:00:00,379.56,66.7,3
2025-05-17 07:00:00,2,2025-05-17 09:00:00,379.55,65.7,3
2025-05-17 07:00:00,3,2025-05-17 10:00:00,379.55,64.9,3
2025-05-17 07:00:00,4,2025-05-17 11:00:00,379.54,64.1,3
2025-05-17 07:00:00,5,2025-05-17 12:00:00,379.53,63.1,3
2025-05-17 07:00:00,6,2025-05-17 13:00:00,379.52,62.1,3
2025-05-18 07:00:00,0,2025-05-18 07:00:00,379.46,55.7,3
2025-05-18 07:00:00,1,2025-05-18 08:00:00,379.46,55.2,3
2025-05-18 07:00:00,2,2025-05-18 09:00:00,379.45,54.7,3
2025-05-18 07:00:00,3,2025-05-18 10:00:00,379.45,54.2,3
2025-05-18 07:00:00,4,2025-05-18 11:00:00,379.45,53.7,3
2025-05-18 07:00:00,5,2025-05-18 12:00:00,379.44,53.1,3
2025-05-18 07:00:00,6,2025-05-18 13:00:00,379.43,52.5,3
2025-05-19 07:00:00,0,2025-05-19 07:00:00,379.46,54.9,3
2025-05-19 07:00:00,1,2025-05-19 08:00:00,379.45,54.0,3
2025-05-19 07:00:00,2,2025-05-19 09:00:00,379.45,53.8,3
2025-05-19 07:00:00,3,2025-05-19 10:00:00,379.45,53.7,3
2025-05-19 07:00:00,4,2025-05-19 11:00:00,379.44,53.5,3
2025-05-19 07:00:00,5,2025-05-19 12:00:00,379.44,53.2,3
2025-05-19 07:00:00,6,2025-05-19 13:00:00,379.43,52.6,3
2025-05-20 07:00:00,0,2025-05-20 07:00:00,379.51,60.6,3
2025-05-20 07:00:00,1,2025-05-20 08:00:00,379.51,60.9,3
2025-05-20 07:00:00,2,2025-05-20 09:00:00,379.52,61.6,3
2025-05-20 07:00:00,3,2025-05-20 10:00:00,379.52,61.5,3
2025-05-20 07:00:00,4,2025-05-20 11:00:00,379.52,61.4,3
2025-05-20 07:00:00,5,2025-05-20 12:00:00,379.52,61.8,3
2025-05-20 07:00:00,6,2025-05-20 13:00:00,379.52,62.1,3
2025-05-21 07:00:00,0,2025-05-21 07:00:00,379.62,73.8,3
2025-05-21 07:00:00,1,2025-05-21 08:00:00,379.63,74.3,3
2025-05-21 07:00:00,2,2025-05-21 09:00:00,379.63,74.9,3
2025-05-21 07:00:00,3,2025-05-21 10:00:00,379.64,75.6,3
2025-05-21 07:00:00,4,2025-05-21 11:00:00,379.64,75.9,3
2025-05-21 07:00:00,5,2025-05-21 12:00:00,379.64,75.4,3
2025-05-21 07:00:00,6,2025-05-21 13:00:00,379.63,74.6,3
2025-05-22 07:00:00,0,2025-05-22 07:00:00,379.78,92.9,3
2025-05-22 07:00:00,1,2025-05-22 08:00:00,379.81,96.7,3
2025-05-22 07:00:00,2,2025-05-22 09:00:00,379.84,100.0,3
2025-05-22 07:00:00,3,2025-05-22 10:00:00,379.88,104.8,3
2025-05-22 07:00:00,4,2025-05-22 11:00:00,379.93,111.9,3
2025-05-22 07:00:00,5,2025-05-22 12:00:00,380.0,120.6,3
2025-05-22 07:00:00,6,2025-05-22 13:00:00,380.1,134.9,3
2025-05-23 07:00:00,0,2025-05-23 07:00:00,379.91,109.5,3
2025-05-23 07:00:00,1,2025-05-23 08:00:00,379.89,106.3,3
2025-05-23 07:00:00,2,2025-05-23 09:00:00,379.86,102.7,3
2025-05-23 07:00:00,3,2025-05-23 10:00:00,379.83,99.1,3
2025-05-23 07:00:00,4,2025-05-23 11:00:00,379.81,96.0,3
2025-05-23 07:00:00,5,2025-05-23 12:00:00,379.78,93.1,3
2025-05-23 07:00:00,6,2025-05-23 13:00:00,379.76,90.5,3
2025-05-24 07:00:00,0,2025-05-24 07:00:00,379.63,74.0,3
2025-05-24 07:00:00,1,2025-05-24 08:00:00,379.62,73.5,3
2025-05-24 07:00:00,2,2025-05-24 09:00:00,379.62,73.0,3
2025-05-24 07:00:00,3,2025-05-24 10:00:00,379.61,72.3,3
2025-05-24 07:00:00,4,2025-05-24 11:00:00,379.6,71.5,3
2025-05-24 07:00:00,5,2025-05-24 12:00:00,379.6,70.8,3
2025-05-24 07:00:00,6,2025-05-24 13:00:00,379.59,70.0,3
2025-05-25 07:00:00,0,2025-05-25 07:00:00,379.52,61.7,3
2025-05-25 07:00:00,1,2025-05-25 08:00:00,379.52,61.4,3
2025-05-25 07:00:00,2,2025-05-25 09:00:00,379.51,61.3,3
2025-05-25 07:00:00,3,2025-05-25 10:00:00,379.51,61.2,3
2025-05-25 07:00:00,4,2025-05-25 11:00:00,379.51,61.0,3
2025-05-25 07:00:00,5,2025-05-25 12:00:00,379.51,60.7,3
2025-05-25 07:00:00,6,2025-05-25 13:00:00,379.51,60.3,3
2025-05-26 07:00:00,0,2025-05-26 07:00:00,379.57,67.6,3
2025-05-26 07:00:00,1,2025-05-26 08:00:00,379.58,68.7,3
2025-05-26 07:00:00,2,2025-05-26 09:00:00,379.59,69.4,3
2025-05-26 07:00:00,3,2025-05-26 10:00:00,379.59,69.6,3
2025-05-26 07:00:00,4,2025-05-26 11:00:00,379.58,69.3,3
2025-05-26 07:00:00,5,2025-05-26 12:00:00,379.58,69.2,3
2025-05-26 07:00:00,6,2025-05-26 13:00:00,379.58,69.0,3
2025-05-27 07:00:00,0,2025-05-27 07:00:00,379.63,75.0,3
2025-05-27 07:00:00,1,2025-05-27 08:00:00,379.64,75.1,3
2025-05-27 07:00:00,2,2025-05-27 09:00:00,379.63,75.0,3
2025-05-27 07:00:00,3,2025-05-27 10:00:00,379.63,74.7,3
2025-05-27 07:00:00,4,2025-05-27 11:00:00,379.63,74.1,3
2025-05-27 07:00:00,5,2025-05-27 12:00:00,379.62,73.4,3
2025-05-27 07:00:00,6,2025-05-27 13:00:00,379.61,72.5,3
2025-05-28 07:00:00,0,2025-05-28 07:00:00,379.57,67.1,3
2025-05-28 07:00:00,1,2025-05-28 08:00:00,379.57,67.6,3
2025-05-28 07:00:00,2,2025-05-28 09:00:00,379.57,67.7,3
2025-05-28 07:00:00,3,2025-05-28 10:00:00,379.57,67.4,3
2025-05-28 07:00:00,4,2025-05-28 11:00:00,379.56,67.0,3
2025-05-28 07:00:00,5,2025-05-28 12:00:00,379.56,66.5,3
2025-05-28 07:00:00,6,2025-05-28 13:00:00,379.55,65.8,3
2025-05-29 07:00:00,0,2025-05-29 07:00:00,380.02,123.6,3
2025-05-29 07:00:00,1,2025-05-29 08:00:00,379.97,117.3,3
2025-05-29 07:00:00,2,2025-05-29 09:00:00,379.94,112.9,3
2025-05-29 07:00:00,3,2025-05-29 10:00:00,379.91,108.7,3
2025-05-29 07:00:00,4,2025-05-29 11:00:00,379.87,103.7,3
2025-05-29 07:00:00,5,2025-05-29 12:00:00,379.83,99.3,3
2025-05-29 07:00:00,6,2025-05-29 13:00:00,379.81,96.7,3
2025-05-30 07:00:00,0,2025-05-30 07:00:00,379.83,98.8,3
2025-05-30 07:00:00,1,2025-05-30 08:00:00,379.83,98.7,3
2025-05-30 07:00:00,2,2025-05-30 09:00:00,379.82,97.7,3
2025-05-30 07:00:00,3,2025-05-30 10:00:00,379.81,96.8,3
2025-05-30 07:00:00,4,2025-05-30 11:00:00,379.8,95.7,3
2025-05-30 07:00:00,5,2025-05-30 12:00:00,379.79,94.2,3
2025-05-30 07:00:00,6,2025-05-30 13:00:00,379.78,92.6,3
2025-05-31 07:00:00,0,2025-05-31 07:00:00,379.83,99.3,3
2025-05-31 07:00:00,1,2025-05-31 08:00:00,379.83,99.0,3
2025-05-31 07:00:00,2,2025-05-31 09:00:00,379.82,98.1,3
2025-05-31 07:00:00,3,2025-05-31 10:00:00,379.81,97.0,3
2025-05-31 07:00:00,4,2025-05-31 11:00:00,379.8,95.7,3
2025-05-31 07:00:00,5,2025-05-31 12:00:00,379.79,94.2,3
2025-05-31 07:00:00,6,2025-05-31 13:00:00,379.78,92.6,3
2025-06-01 07:00:00,0,2025-06-01 07:00:00,379.83,99.2,3
2025-06-01 07:00:00,1,2025-06-01 08:00:00,379.84,99.7,3
2025-06-01 07:00:00,2,2025-06-01 09:00:00,379.85,101.3,3
2025-06-01 07:00:00,3,2025-06-01 10:00:00,379.86,103.3,3
2025-06-01 07:00:00,4,2025-06-01 11:00:00,379.89,106.5,3
2025-06-01 07:00:00,5,2025-06-01 12:00:00,379.89,106.4,3
2025-06-01 07:00:00,6,2025-06-01 13:00:00,379.88,104.7,3
2025-06-02 07:00:00,0,2025-06-02 07:00:00,380.06,128.8,3
2025-06-02 07:00:00,1,2025-06-02 08:00:00,380.08,132.5,3
2025-06-02 07:00:00,2,2025-06-02 09:00:00,380.1,134.9,3
2025-06-02 07:00:00,3,2025-06-02 10:00:00,380.1,134.4,3
2025-06-02 07:00:00,4,2025-06-02 11:00:00,380.09,133.7,3
2025-06-02 07:00:00,5,2025-06-02 12:00:00,380.1,134.4,3
2025-06-02 07:00:00,6,2025-06-02 13:00:00,380.12,137.1,3
2025-06-03 07:00:00,0,2025-06-03 07:00:00,380.31,165.1,3
2025-06-03 07:00:00,1,2025-06-03 08:00:00,380.28,161.0,3
2025-06-03 07:00:00,2,2025-06-03 09:00:00,380.25,156.8,3
2025-06-03 07:00:00,3,2025-06-03 10:00:00,380.22,151.5,3
2025-06-03 07:00:00,4,2025-06-03 11:00:00,380.18,146.3,3
2025-06-03 07:00:00,5,2025-06-03 12:00:00,380.14,140.4,3
2025-06-03 07:00:00,6,2025-06-03 13:00:00,380.1,135.1,3
2025-06-04 07:00:00,0,2025-06-04 07:00:00,379.99,120.2,3
2025-06-04 07:00:00,1,2025-06-04 08:00:00,379.99,119.9,3
2025-06-04 07:00:00,2,2025-06-04 09:00:00,379.99,119.9,3
2025-06-04 07:00:00,3,2025-06-04 10:00:00,380.0,120.6,3
2025-06-04 07:00:00,4,2025-06-04 11:00:00,380.01,122.0,3
2025-06-04 07:00:00,5,2025-06-04 12:00:00,380.03,124.6,3
2025-06-04 07:00:00,6,2025-06-04 13:00:00,380.08,131.9,3
2025-06-05 07:00:00,0,2025-06-05 07:00:00,380.23,152.7,3
2025-06-05 07:00:00,1,2025-06-05 08:00:00,380.22,151.4,3
2025-06-05 07:00:00,2,2025-06-05 09:00:00,380.2,148.7,3
2025-06-05 07:00:00,3,2025-06-05 10:00:00,380.17,144.9,3
2025-06-05 07:00:00,4,2025-06-05 11:00:00,380.14,139.8,3
2025-06-05 07:00:00,5,2025-06-05 12:00:00,380.11,135.5,3
2025-06-05 07:00:00,6,2025-06-05 13:00:00,380.08,131.3,3
2025-06-06 07:00:00,0,2025-06-06 07:00:00,380.0,125.5,3
2025-06-06 07:00:00,1,2025-06-06 08:00:00,379.99,124.0,3
2025-06-06 07:00:00,2,2025-06-06 09:00:00,379.97,122.1,3
2025-06-06 07:00:00,3,2025-06-06 10:00:00,379.96,120.6,3
2025-06-06 07:00:00,4,2025-06-06 11:00:00,379.95,118.7,3
2025-06-06 07:00:00,5,2025-06-06 12:00:00,379.93,116.8,3
2025-06-06 07:00:00,6,2025-06-06 13:00:00,379.92,115.0,3
2025-06-07 07:00:00,0,2025-06-07 07:00:00,380.31,167.3,3
2025-06-07 07:00:00,1,2025-06-07 08:00:00,380.52,199.2,3
2025-06-07 07:00:00,2,2025-06-07 09:00:00,380.85,255.3,3
2025-06-07 07:00:00,3,2025-06-07 10:00:00,381.05,292.7,3
2025-06-07 07:00:00,4,2025-06-07 11:00:00,381.3,342.5,3
2025-06-07 07:00:00,5,2025-06-07 12:00:00,381.47,379.5,3
2025-06-07 07:00:00,6,2025-06-07 13:00:00,381.5,386.9,3
2025-06-08 07:00:00,0,2025-06-08 07:00:00,380.71,230.9,3
2025-06-08 07:00:00,1,2025-06-08 08:00:00,380.67,224.7,3
2025-06-08 07:00:00,2,2025-06-08 09:00:00,380.64,219.5,3
2025-06-08 07:00:00,3,2025-06-08 10:00:00,380.61,214.0,3
2025-06-08 07:00:00,4,2025-06-08 11:00:00,380.57,208.5,3
2025-06-08 07:00:00,5,2025-06-08 12:00:00,380.54,203.1,3
2025-06-08 07:00:00,6,2025-06-08 13:00:00,380.51,198.1,3
2025-06-09 07:00:00,0,2025-06-09 07:00:00,380.16,147.0,3
2025-06-09 07:00:00,1,2025-06-09 08:00:00,380.14,144.3,3
2025-06-09 07:00:00,2,2025-06-09 09:00:00,380.12,141.6,3
2025-06-09 07:00:00,3,2025-06-09 10:00:00,380.1,138.6,3
2025-06-09 07:00:00,4,2025-06-09 11:00:00,380.08,135.6,3
2025-06-09 07:00:00,5,2025-06-09 12:00:00,380.05,132.6,3
2025-06-09 07:00:00,6,2025-06-09 13:00:00,380.04,130.6,3
2025-06-10 07:00:00,0,2025-06-10 07:00:00,379.9,112.8,3
2025-06-10 07:00:00,1,2025-06-10 08:00:00,379.89,112.1,3
2025-06-10 07:00:00,2,2025-06-10 09:00:00,379.88,110.8,3
2025-06-10 07:00:00,3,2025-06-10 10:00:00,379.87,109.3,3
2025-06-10 07:00:00,4,2025-06-10 11:00:00,379.86,108.0,3
2025-06-10 07:00:00,5,2025-06-10 12:00:00,379.85,106.6,3
2025-06-10 07:00:00,6,2025-06-10 13:00:00,379.84,105.2,3
2025-06-11 07:00:00,0,2025-06-11 07:00:00,379.85,106.3,3
2025-06-11 07:00:00,1,2025-06-11 08:00:00,379.84,105.6,3
2025-06-11 07:00:00,2,2025-06-11 09:00:00,379.82,103.9,3
2025-06-11 07:00:00,3,2025-06-11 10:00:00,379.81,102.2,3
2025-06-11 07:00:00,4,2025-06-11 11:00:00,379.8,101.0,3
2025-06-11 07:00:00,5,2025-06-11 12:00:00,379.79,99.7,3
2025-06-11 07:00:00,6,2025-06-11 13:00:00,379.78,98.4,3
2025-06-12 07:00:00,0,2025-06-12 07:00:00,379.75,94.8,3
2025-06-12 07:00:00,1,2025-06-12 08:00:00,379.74,94.1,3
2025-06-12 07:00:00,2,2025-06-12 09:00:00,379.73,93.0,3
2025-06-12 07:00:00,3,2025-06-12 10:00:00,379.72,91.4,3
2025-06-12 07:00:00,4,2025-06-12 11:00:00,379.71,90.2,3
2025-06-12 07:00:00,5,2025-06-12 12:00:00,379.7,89.3,3
2025-06-12 07:00:00,6,2025-06-12 13:00:00,379.69,88.3,3
2025-06-13 07:00:00,0,2025-06-13 07:00:00,379.76,96.8,3
2025-06-13 07:00:00,1,2025-06-13 08:00:00,379.76,96.1,3
2025-06-13 07:00:00,2,2025-06-13 09:00:00,379.75,95.1,3
2025-06-13 07:00:00,3,2025-06-13 10:00:00,379.73,93.4,3
2025-06-13 07:00:00,4,2025-06-13 11:00:00,379.73,92.4,3
2025-06-13 07:00:00,5,2025-06-13 12:00:00,379.71,90.8,3
2025-06-13 07:00:00,6,2025-06-13 13:00:00,379.7,89.5,3
2025-06-14 07:00:00,0,2025-06-14 07:00:00,379.86,108.0,3
2025-06-14 07:00:00,1,2025-06-14 08:00:00,379.85,107.2,3
2025-06-14 07:00:00,2,2025-06-14 09:00:00,379.84,105.8,3
2025-06-14 07:00:00,3,2025-06-14 10:00:00,379.83,104.5,3
2025-06-14 07:00:00,4,2025-06-14 11:00:00,379.81,102.8,3
2025-06-14 07:00:00,5,2025-06-14 12:00:00,379.8,101.2,3
2025-06-14 07:00:00,6,2025-06-14 13:00:00,379.79,100.3,3
2025-06-15 07:00:00,0,2025-06-15 07:00:00,379.88,110.2,3
2025-06-15 07:00:00,1,2025-06-15 08:00:00,379.87,109.3,3
2025-06-15 07:00:00,2,2025-06-15 09:00:00,379.85,107.3,3
2025-06-15 07:00:00,3,2025-06-15 10:00:00,379.84,105.8,3
2025-06-15 07:00:00,4,2025-06-15 11:00:00,379.82,103.8,3
2025-06-15 07:00:00,5,2025-06-15 12:00:00,379.81,102.2,3
2025-06-15 07:00:00,6,2025-06-15 13:00:00,379.8,100.7,3
2025-06-16 07:00:00,0,2025-06-16 07:00:00,379.8,101.1,3
2025-06-16 07:00:00,1,2025-06-16 08:00:00,379.79,100.3,3
2025-06-16 07:00:00,2,2025-06-16 09:00:00,379.79,99.5,3
2025-06-16 07:00:00,3,2025-06-16 10:00:00,379.77,97.5,3
2025-06-16 07:00:00,4,2025-06-16 11:00:00,379.75,95.8,3
2025-06-16 07:00:00,5,2025-06-16 12:00:00,379.74,94.6,3
2025-06-16 07:00:00,6,2025-06-16 13:00:00,379.73,93.0,3
2025-06-17 07:00:00,0,2025-06-17 07:00:00,379.67,85.7,3
2025-06-17 07:00:00,1,2025-06-17 08:00:00,379.66,85.0,3
2025-06-17 07:00:00,2,2025-06-17 09:00:00,379.65,84.0,3
2025-06-17 07:00:00,3,2025-06-17 10:00:00,379.64,82.7,3
2025-06-17 07:00:00,4,2025-06-17 11:00:00,379.63,81.4,3
2025-06-17 07:00:00,5,2025-06-17 12:00:00,379.61,79.7,3
2025-06-17 07:00:00,6,2025-06-17 13:00:00,379.6,78.5,3
2025-06-18 07:00:00,0,2025-06-18 07:00:00,379.61,80.0,3
2025-06-18 07:00:00,1,2025-06-18 08:00:00,379.61,79.8,3
2025-06-18 07:00:00,2,2025-06-18 09:00:00,379.59,77.9,3
2025-06-18 07:00:00,3,2025-06-18 10:00:00,379.59,77.0,3
2025-06-18 07:00:00,4,2025-06-18 11:00:00,379.57,74.9,3
2025-06-18 07:00:00,5,2025-06-18 12:00:00,379.55,73.4,3
2025-06-18 07:00:00,6,2025-06-18 13:00:00,379.53,71.6,3
2025-06-19 07:00:00,0,2025-06-19 07:00:00,379.63,81.3,3
2025-06-19 07:00:00,1,2025-06-19 08:00:00,379.62,80.6,3
2025-06-19 07:00:00,2,2025-06-19 09:00:00,379.6,78.4,3
2025-06-19 07:00:00,3,2025-06-19 10:00:00,379.58,77.0,3
2025-06-19 07:00:00,4,2025-06-19 11:00:00,379.56,74.6,3
2025-06-19 07:00:00,5,2025-06-19 12:00:00,379.55,73.2,3
2025-06-19 07:00:00,6,2025-06-19 13:00:00,379.53,71.2,3
2025-06-20 07:00:00,0,2025-06-20 07:00:00,379.63,82.3,3
2025-06-20 07:00:00,1,2025-06-20 08:00:00,379.62,80.4,3
2025-06-20 07:00:00,2,2025-06-20 09:00:00,379.6,78.8,3
2025-06-20 07:00:00,3,2025-06-20 10:00:00,379.58,76.8,3
2025-06-20 07:00:00,4,2025-06-20 11:00:00,379.56,74.8,3
2025-06-20 07:00:00,5,2025-06-20 12:00:00,379.54,72.0,3
2025-06-20 07:00:00,6,2025-06-20 13:00:00,379.52,70.1,3
2025-06-21 07:00:00,0,2025-06-21 07:00:00,379.62,81.3,3
2025-06-21 07:00:00,1,2025-06-21 08:00:00,379.62,80.7,3
2025-06-21 07:00:00,2,2025-06-21 09:00:00,379.6,78.6,3
2025-06-21 07:00:00,3,2025-06-21 10:00:00,379.58,76.1,3
2025-06-21 07:00:00,4,2025-06-21 11:00:00,379.55,73.6,3
2025-06-21 07:00:00,5,2025-06-21 12:00:00,379.53,71.0,3
2025-06-21 07:00:00,6,2025-06-21 13:00:00,379.5,68.4,3
2025-06-22 07:00:00,0,2025-06-22 07:00:00,379.59,77.8,3
2025-06-22 07:00:00,1,2025-06-22 08:00:00,379.58,76.6,3
2025-06-22 07:00:00,2,2025-06-22 09:00:00,379.56,74.2,3
2025-06-22 07:00:00,3,2025-06-22 10:00:00,379.54,72.2,3
2025-06-22 07:00:00,4,2025-06-22 11:00:00,379.52,70.1,3
2025-06-22 07:00:00,5,2025-06-22 12:00:00,379.5,68.2,3
2025-06-22 07:00:00,6,2025-06-22 13:00:00,379.48,65.8,3
2025-06-23 07:00:00,0,2025-06-23 07:00:00,379.58,76.4,3
2025-06-23 07:00:00,1,2025-06-23 08:00:00,379.57,75.4,3
2025-06-23 07:00:00,2,2025-06-23 09:00:00,379.55,73.1,3
2025-06-23 07:00:00,3,2025-06-23 10:00:00,379.53,71.0,3
2025-06-23 07:00:00,4,2025-06-23 11:00:00,379.5,68.4,3
2025-06-23 07:00:00,5,2025-06-23 12:00:00,379.49,66.7,3
2025-06-23 07:00:00,6,2025-06-23 13:00:00,379.46,64.2,3
2025-06-24 07:00:00,0,2025-06-24 07:00:00,379.54,72.3,3
2025-06-24 07:00:00,1,2025-06-24 08:00:00,379.53,71.0,3
2025-06-24 07:00:00,2,2025-06-24 09:00:00,379.51,68.8,3
2025-06-24 07:00:00,3,2025-06-24 10:00:00,379.49,67.2,3
2025-06-24 07:00:00,4,2025-06-24 11:00:00,379.47,65.1,3
2025-06-24 07:00:00,5,2025-06-24 12:00:00,379.45,63.5,3
2025-06-24 07:00:00,6,2025-06-24 13:00:00,379.44,61.7,3
2025-06-25 07:00:00,0,2025-06-25 07:00:00,379.52,70.3,3
2025-06-25 07:00:00,1,2025-06-25 08:00:00,379.51,69.2,3
2025-06-25 07:00:00,2,2025-06-25 09:00:00,379.49,67.2,3
2025-06-25 07:00:00,3,2025-06-25 10:00:00,379.46,64.5,3
2025-06-25 07:00:00,4,2025-06-25 11:00:00,379.44,61.9,3
2025-06-25 07:00:00,5,2025-06-25 12:00:00,379.42,59.8,3
2025-06-25 07:00:00,6,2025-06-25 13:00:00,379.39,57.1,3
2025-06-26 07:00:00,0,2025-06-26 07:00:00,379.49,66.7,3
2025-06-26 07:00:00,1,2025-06-26 08:00:00,379.46,64.2,3
2025-06-26 07:00:00,2,2025-06-26 09:00:00,379.44,61.7,3
2025-06-26 07:00:00,3,2025-06-26 10:00:00,379.42,60.3,3
2025-06-26 07:00:00,4,2025-06-26 11:00:00,379.41,58.8,3
2025-06-26 07:00:00,5,2025-06-26 12:00:00,379.38,55.9,3
2025-06-26 07:00:00,6,2025-06-26 13:00:00,379.35,53.6,3
2025-06-27 07:00:00,0,2025-06-27 07:00:00,379.48,66.6,3
2025-06-27 07:00:00,1,2025-06-27 08:00:00,379.46,64.4,3
2025-06-27 07:00:00,2,2025-06-27 09:00:00,379.44,61.8,3
2025-06-27 07:00:00,3,2025-06-27 10:00:00,379.41,59.6,3
2025-06-27 07:00:00,4,2025-06-27 11:00:00,379.39,57.6,3
2025-06-27 07:00:00,5,2025-06-27 12:00:00,379.37,55.4,3
2025-06-27 07:00:00,6,2025-06-27 13:00:00,379.35,53.5,3
2025-06-28 07:00:00,0,2025-06-28 07:00:00,379.49,66.7,3
2025-06-28 07:00:00,1,2025-06-28 08:00:00,379.47,65.2,3
2025-06-28 07:00:00,2,2025-06-28 09:00:00,379.45,63.3,3
2025-06-28 07:00:00,3,2025-06-28 10:00:00,379.43,60.7,3
2025-06-28 07:00:00,4,2025-06-28 11:00:00,379.4,58.5,3
2025-06-28 07:00:00,5,2025-06-28 12:00:00,379.38,56.3,3
2025-06-28 07:00:00,6,2025-06-28 13:00:00,379.36,54.6,3
2025-06-29 07:00:00,0,2025-06-29 07:00:00,379.53,70.9,3
2025-06-29 07:00:00,1,2025-06-29 08:00:00,379.51,69.5,3
2025-06-29 07:00:00,2,2025-06-29 09:00:00,379.49,67.5,3
2025-06-29 07:00:00,3,2025-06-29 10:00:00,379.46,64.4,3
2025-06-29 07:00:00,4,2025-06-29 11:00:00,379.44,61.7,3
2025-06-29 07:00:00,5,2025-06-29 12:00:00,379.41,58.8,3
2025-06-29 07:00:00,6,2025-06-29 13:00:00,379.38,56.2,3
2025-06-30 07:00:00,0,2025-06-30 07:00:00,379.62,80.8,3
2025-06-30 07:00:00,1,2025-06-30 08:00:00,379.61,79.4,3
2025-06-30 07:00:00,2,2025-06-30 09:00:00,379.59,77.2,3
2025-06-30 07:00:00,3,2025-06-30 10:00:00,379.56,73.8,3
2025-06-30 07:00:00,4,2025-06-30 11:00:00,379.53,71.2,3
2025-06-30 07:00:00,5,2025-06-30 12:00:00,379.5,68.3,3
2025-06-30 07:00:00,6,2025-06-30 13:00:00,379.48,66.1,3
2025-07-01 07:00:00,0,2025-07-01 07:00:00,379.78,98.6,3
2025-07-01 07:00:00,1,2025-07-01 08:00:00,379.73,93.2,3
2025-07-01 07:00:00,2,2025-07-01 09:00:00,379.68,87.8,3
2025-07-01 07:00:00,3,2025-07-01 10:00:00,379.65,83.6,3
2025-07-01 07:00:00,4,2025-07-01 11:00:00,379.61,80.1,3
2025-07-01 07:00:00,5,2025-07-01 12:00:00,379.59,77.7,3
2025-07-01 07:00:00,6,2025-07-01 13:00:00,379.57,75.1,3
2025-07-02 07:00:00,0,2025-07-02 07:00:00,379.66,85.6,3
2025-07-02 07:00:00,1,2025-07-02 08:00:00,379.65,83.9,3
2025-07-02 07:00:00,2,2025-07-02 09:00:00,379.62,81.0,3
2025-07-02 07:00:00,3,2025-07-02 10:00:00,379.6,78.8,3
2025-07-02 07:00:00,4,2025-07-02 11:00:00,379.57,75.4,3
2025-07-02 07:00:00,5,2025-07-02 12:00:00,379.54,72.7,3
2025-07-02 07:00:00,6,2025-07-02 13:00:00,379.52,70.2,3
2025-07-03 07:00:00,0,2025-07-03 07:00:00,379.48,66.6,3
2025-07-03 07:00:00,1,2025-07-03 08:00:00,379.47,65.1,3
2025-07-03 07:00:00,2,2025-07-03 09:00:00,379.45,63.2,3
2025-07-03 07:00:00,3,2025-07-03 10:00:00,379.43,61.2,3
2025-07-03 07:00:00,4,2025-07-03 11:00:00,379.41,59.2,3
2025-07-03 07:00:00,5,2025-07-03 12:00:00,379.39,57.0,3
2025-07-03 07:00:00,6,2025-07-03 13:00:00,379.37,55.4,3
2025-07-04 07:00:00,0,2025-07-04 07:00:00,379.54,72.4,3
2025-07-04 07:00:00,1,2025-07-04 08:00:00,379.52,70.4,3
2025-07-04 07:00:00,2,2025-07-04 09:00:00,379.5,68.3,3
2025-07-04 07:00:00,3,2025-07-04 10:00:00,379.48,65.9,3
2025-07-04 07:00:00,4,2025-07-04 11:00:00,379.46,64.6,3
2025-07-04 07:00:00,5,2025-07-04 12:00:00,379.44,62.4,3
2025-07-04 07:00:00,6,2025-07-04 13:00:00,379.42,60.4,3
2025-07-05 07:00:00,0,2025-07-05 07:00:00,379.57,75.6,3
2025-07-05 07:00:00,1,2025-07-05 08:00:00,379.55,73.5,3
2025-07-05 07:00:00,2,2025-07-05 09:00:00,379.52,70.1,3
2025-07-05 07:00:00,3,2025-07-05 10:00:00,379.49,67.0,3
2025-07-05 07:00:00,4,2025-07-05 11:00:00,379.47,64.7,3
2025-07-05 07:00:00,5,2025-07-05 12:00:00,379.44,61.8,3
2025-07-05 07:00:00,6,2025-07-05 13:00:00,379.41,58.9,3
2025-07-06 07:00:00,0,2025-07-06 07:00:00,379.43,61.0,3
2025-07-06 07:00:00,1,2025-07-06 08:00:00,379.41,59.0,3
2025-07-06 07:00:00,2,2025-07-06 09:00:00,379.38,56.2,3
2025-07-06 07:00:00,3,2025-07-06 10:00:00,379.35,53.6,3
2025-07-06 07:00:00,4,2025-07-06 11:00:00,379.33,51.7,3
2025-07-06 07:00:00,5,2025-07-06 12:00:00,379.31,49.2,3
2025-07-06 07:00:00,6,2025-07-06 13:00:00,379.28,46.7,3
2025-07-07 07:00:00,0,2025-07-07 07:00:00,379.27,45.7,3
2025-07-07 07:00:00,1,2025-07-07 08:00:00,379.26,45.2,3
2025-07-07 07:00:00,2,2025-07-07 09:00:00,379.27,46.0,3
2025-07-07 07:00:00,3,2025-07-07 10:00:00,379.29,47.5,3
2025-07-07 07:00:00,4,2025-07-07 11:00:00,379.3,48.3,3
2025-07-07 07:00:00,5,2025-07-07 12:00:00,379.31,49.2,3
2025-07-07 07:00:00,6,2025-07-07 13:00:00,379.32,50.5,3
2025-07-08 07:00:00,0,2025-07-08 07:00:00,379.46,63.9,3
2025-07-08 07:00:00,1,2025-07-08 08:00:00,379.45,63.1,3
2025-07-08 07:00:00,2,2025-07-08 09:00:00,379.45,63.3,3
2025-07-08 07:00:00,3,2025-07-08 10:00:00,379.45,63.4,3
2025-07-08 07:00:00,4,2025-07-08 11:00:00,379.44,62.5,3
2025-07-08 07:00:00,5,2025-07-08 12:00:00,379.43,60.8,3
2025-07-08 07:00:00,6,2025-07-08 13:00:00,379.4,58.1,3
2025-07-09 07:00:00,0,2025-07-09 07:00:00,379.27,45.3,3
2025-07-09 07:00:00,1,2025-07-09 08:00:00,379.26,45.0,3
2025-07-09 07:00:00,2,2025-07-09 09:00:00,379.25,44.2,3
2025-07-09 07:00:00,3,2025-07-09 10:00:00,379.24,43.2,3
2025-07-09 07:00:00,4,2025-07-09 11:00:00,379.23,41.9,3
2025-07-09 07:00:00,5,2025-07-09 12:00:00,379.22,40.9,3
2025-07-09 07:00:00,6,2025-07-09 13:00:00,379.21,40.1,3
2025-07-10 07:00:00,0,2025-07-10 07:00:00,379.21,40.4,3
2025-07-10 07:00:00,1,2025-07-10 08:00:00,379.24,42.6,3
2025-07-10 07:00:00,2,2025-07-10 09:00:00,379.25,43.5,3
2025-07-10 07:00:00,3,2025-07-10 10:00:00,379.25,43.9,3
2025-07-10 07:00:00,4,2025-07-10 11:00:00,379.25,43.5,3
2025-07-10 07:00:00,5,2025-07-10 12:00:00,379.24,42.8,3
2025-07-10 07:00:00,6,2025-07-10 13:00:00,379.23,41.9,3
2025-07-11 07:00:00,0,2025-07-11 07:00:00,379.2,39.3,3
2025-07-11 07:00:00,1,2025-07-11 08:00:00,379.23,41.7,3
2025-07-11 07:00:00,2,2025-07-11 09:00:00,379.23,42.3,3
2025-07-11 07:00:00,3,2025-07-11 10:00:00,379.22,41.4,3
2025-07-11 07:00:00,4,2025-07-11 11:00:00,379.21,40.0,3
2025-07-11 07:00:00,5,2025-07-11 12:00:00,379.19,38.7,3
2025-07-11 07:00:00,6,2025-07-11 13:00:00,379.18,37.4,3
2025-07-12 07:00:00,0,2025-07-12 07:00:00,379.12,32.0,3
2025-07-12 07:00:00,1,2025-07-12 08:00:00,379.13,33.1,3
2025-07-12 07:00:00,2,2025-07-12 09:00:00,379.13,32.8,3
2025-07-12 07:00:00,3,2025-07-12 10:00:00,379.11,31.3,3
2025-07-12 07:00:00,4,2025-07-12 11:00:00,379.09,30.1,3
2025-07-12 07:00:00,5,2025-07-12 12:00:00,379.08,29.1,3
2025-07-12 07:00:00,6,2025-07-12 13:00:00,379.06,27.8,3
2025-07-13 07:00:00,0,2025-07-13 07:00:00,379.24,43.4,3
2025-07-13 07:00:00,1,2025-07-13 08:00:00,379.25,43.6,3
2025-07-13 07:00:00,2,2025-07-13 09:00:00,379.23,42.1,3
2025-07-13 07:00:00,3,2025-07-13 10:00:00,379.2,39.7,3
2025-07-13 07:00:00,4,2025-07-13 11:00:00,379.17,36.8,3
2025-07-13 07:00:00,5,2025-07-13 12:00:00,379.15,34.7,3
2025-07-13 07:00:00,6,2025-07-13 13:00:00,379.13,32.9,3
2025-07-14 07:00:00,0,2025-07-14 07:00:00,379.26,44.8,3
2025-07-14 07:00:00,1,2025-07-14 08:00:00,379.27,45.7,3
2025-07-14 07:00:00,2,2025-07-14 09:00:00,379.28,46.5,3
2025-07-14 07:00:00,3,2025-07-14 10:00:00,379.28,46.6,3
2025-07-14 07:00:00,4,2025-07-14 11:00:00,379.27,46.2,3
2025-07-14 07:00:00,5,2025-07-14 12:00:00,379.26,44.9,3
2025-07-14 07:00:00,6,2025-07-14 13:00:00,379.27,45.5,3
2025-07-15 07:00:00,0,2025-07-15 07:00:00,379.39,57.2,3
2025-07-15 07:00:00,1,2025-07-15 08:00:00,379.38,56.7,3
2025-07-15 07:00:00,2,2025-07-15 09:00:00,379.37,55.2,3
2025-07-15 07:00:00,3,2025-07-15 10:00:00,379.35,53.4,3
2025-07-15 07:00:00,4,2025-07-15 11:00:00,379.33,51.7,3
2025-07-15 07:00:00,5,2025-07-15 12:00:00,379.31,49.9,3
2025-07-15 07:00:00,6,2025-07-15 13:00:00,379.3,48.8,3
2025-07-16 07:00:00,0,2025-07-16 07:00:00,379.24,42.9,3
2025-07-16 07:00:00,1,2025-07-16 08:00:00,379.24,43.0,3
2025-07-16 07:00:00,2,2025-07-16 09:00:00,379.23,42.4,3
2025-07-16 07:00:00,3,2025-07-16 10:00:00,379.22,41.2,3
2025-07-16 07:00:00,4,2025-07-16 11:00:00,379.21,40.0,3
2025-07-16 07:00:00,5,2025-07-16 12:00:00,379.19,38.5,3
2025-07-16 07:00:00,6,2025-07-16 13:00:00,379.18,37.2,3
2025-07-17 07:00:00,0,2025-07-17 07:00:00,379.2,39.2,3
2025-07-17 07:00:00,1,2025-07-17 08:00:00,379.2,39.2,3
2025-07-17 07:00:00,2,2025-07-17 09:00:00,379.2,39.0,3
2025-07-17 07:00:00,3,2025-07-17 10:00:00,379.19,38.5,3
2025-07-17 07:00:00,4,2025-07-17 11:00:00,379.19,38.1,3
2025-07-17 07:00:00,5,2025-07-17 12:00:00,379.18,37.7,3
2025-07-17 07:00:00,6,2025-07-17 13:00:00,379.18,37.5,3
2025-07-18 07:00:00,0,2025-07-18 07:00:00,379.39,56.8,3
2025-07-18 07:00:00,1,2025-07-18 08:00:00,379.39,57.5,3
2025-07-18 07:00:00,2,2025-07-18 09:00:00,379.39,56.9,3
2025-07-18 07:00:00,3,2025-07-18 10:00:00,379.37,55.7,3
2025-07-18 07:00:00,4,2025-07-18 11:00:00,379.35,53.6,3
2025-07-18 07:00:00,5,2025-07-18 12:00:00,379.34,51.9,3
2025-07-18 07:00:00,6,2025-07-18 13:00:00,379.32,50.8,3
2025-07-19 07:00:00,0,2025-07-19 07:00:00,379.3,48.2,3
2025-07-19 07:00:00,1,2025-07-19 08:00:00,379.28,47.0,3
2025-07-19 07:00:00,2,2025-07-19 09:00:00,379.26,44.9,3
2025-07-19 07:00:00,3,2025-07-19 10:00:00,379.24,43.1,3
2025-07-19 07:00:00,4,2025-07-19 11:00:00,379.23,42.0,3
2025-07-19 07:00:00,5,2025-07-19 12:00:00,379.21,40.0,3
2025-07-19 07:00:00,6,2025-07-19 13:00:00,379.18,37.8,3
2025-07-20 07:00:00,0,2025-07-20 07:00:00,379.39,57.1,3
2025-07-20 07:00:00,1,2025-07-20 08:00:00,379.38,56.0,3
2025-07-20 07:00:00,2,2025-07-20 09:00:00,379.36,54.7,3
2025-07-20 07:00:00,3,2025-07-20 10:00:00,379.35,53.1,3
2025-07-20 07:00:00,4,2025-07-20 11:00:00,379.33,51.7,3
2025-07-20 07:00:00,5,2025-07-20 12:00:00,379.32,50.9,3
2025-07-20 07:00:00,6,2025-07-20 13:00:00,379.32,50.0,3
2025-07-21 07:00:00,0,2025-07-21 07:00:00,379.87,109.7,3
2025-07-21 07:00:00,1,2025-07-21 08:00:00,379.96,121.1,3
2025-07-21 07:00:00,2,2025-07-21 09:00:00,380.01,126.6,3
2025-07-21 07:00:00,3,2025-07-21 10:00:00,380.04,130.9,3
2025-07-21 07:00:00,4,2025-07-21 11:00:00,380.04,131.0,3
2025-07-21 07:00:00,5,2025-07-21 12:00:00,380.02,127.7,3
2025-07-21 07:00:00,6,2025-07-21 13:00:00,379.98,123.6,3
2025-07-22 07:00:00,0,2025-07-22 07:00:00,379.61,79.5,3
2025-07-22 07:00:00,1,2025-07-22 08:00:00,379.6,78.8,3
2025-07-22 07:00:00,2,2025-07-22 09:00:00,379.6,78.5,3
2025-07-22 07:00:00,3,2025-07-22 10:00:00,379.59,77.4,3
2025-07-22 07:00:00,4,2025-07-22 11:00:00,379.6,78.5,3
2025-07-22 07:00:00,5,2025-07-22 12:00:00,379.61,79.9,3
2025-07-22 07:00:00,6,2025-07-22 13:00:00,379.62,80.2,3
2025-07-23 07:00:00,0,2025-07-23 07:00:00,379.48,66.5,3
2025-07-23 07:00:00,1,2025-07-23 08:00:00,379.48,66.5,3
2025-07-23 07:00:00,2,2025-07-23 09:00:00,379.47,64.7,3
2025-07-23 07:00:00,3,2025-07-23 10:00:00,379.45,63.0,3
2025-07-23 07:00:00,4,2025-07-23 11:00:00,379.43,61.0,3
2025-07-23 07:00:00,5,2025-07-23 12:00:00,379.41,59.0,3
2025-07-23 07:00:00,6,2025-07-23 13:00:00,379.39,57.2,3
2025-07-24 07:00:00,0,2025-07-24 07:00:00,379.26,44.9,3
2025-07-24 07:00:00,1,2025-07-24 08:00:00,379.25,43.8,3
2025-07-24 07:00:00,2,2025-07-24 09:00:00,379.24,42.7,3
2025-07-24 07:00:00,3,2025-07-24 10:00:00,379.22,41.3,3
2025-07-24 07:00:00,4,2025-07-24 11:00:00,379.21,40.1,3
2025-07-24 07:00:00,5,2025-07-24 12:00:00,379.19,38.7,3
2025-07-24 07:00:00,6,2025-07-24 13:00:00,379.19,38.1,3
2025-07-25 07:00:00,0,2025-07-25 07:00:00,379.24,42.8,3
2025-07-25 07:00:00,1,2025-07-25 08:00:00,379.26,44.5,3
2025-07-25 07:00:00,2,2025-07-25 09:00:00,379.27,46.0,3
2025-07-25 07:00:00,3,2025-07-25 10:00:00,379.28,46.3,3
2025-07-25 07:00:00,4,2025-07-25 11:00:00,379.27,46.1,3
2025-07-25 07:00:00,5,2025-07-25 12:00:00,379.27,45.8,3
2025-07-25 07:00:00,6,2025-07-25 13:00:00,379.27,46.1,3
2025-07-26 07:00:00,0,2025-07-26 07:00:00,379.27,45.7,3
2025-07-26 07:00:00,1,2025-07-26 08:00:00,379.27,46.1,3
2025-07-26 07:00:00,2,2025-07-26 09:00:00,379.27,46.0,3
2025-07-26 07:00:00,3,2025-07-26 10:00:00,379.27,45.6,3
2025-07-26 07:00:00,4,2025-07-26 11:00:00,379.26,44.8,3
2025-07-26 07:00:00,5,2025-07-26 12:00:00,379.25,43.9,3
2025-07-26 07:00:00,6,2025-07-26 13:00:00,379.24,43.2,3
2025-07-27 07:00:00,0,2025-07-27 07:00:00,379.27,45.5,3
2025-07-27 07:00:00,1,2025-07-27 08:00:00,379.28,47.0,3
2025-07-27 07:00:00,2,2025-07-27 09:00:00,379.29,47.4,3
2025-07-27 07:00:00,3,2025-07-27 10:00:00,379.29,48.0,3
2025-07-27 07:00:00,4,2025-07-27 11:00:00,379.29,47.9,3
2025-07-27 07:00:00,5,2025-07-27 12:00:00,379.28,46.4,3
2025-07-27 07:00:00,6,2025-07-27 13:00:00,379.27,45.3,3
2025-07-28 07:00:00,0,2025-07-28 07:00:00,379.48,65.9,3
2025-07-28 07:00:00,1,2025-07-28 08:00:00,379.59,77.4,3
2025-07-28 07:00:00,2,2025-07-28 09:00:00,379.68,86.8,3
2025-07-28 07:00:00,3,2025-07-28 10:00:00,379.74,94.4,3
2025-07-28 07:00:00,4,2025-07-28 11:00:00,379.8,101.1,3
2025-07-28 07:00:00,5,2025-07-28 12:00:00,379.85,107.5,3
2025-07-28 07:00:00,6,2025-07-28 13:00:00,379.87,109.5,3
2025-07-29 07:00:00,0,2025-07-29 07:00:00,379.72,91.6,3
2025-07-29 07:00:00,1,2025-07-29 08:00:00,379.7,89.6,3
2025-07-29 07:00:00,2,2025-07-29 09:00:00,379.68,87.2,3
2025-07-29 07:00:00,3,2025-07-29 10:00:00,379.66,85.3,3
2025-07-29 07:00:00,4,2025-07-29 11:00:00,379.64,83.4,3
2025-07-29 07:00:00,5,2025-07-29 12:00:00,379.63,81.7,3
2025-07-29 07:00:00,6,2025-07-29 13:00:00,379.61,79.8,3
2025-07-30 07:00:00,0,2025-07-30 07:00:00,379.34,52.0,3
2025-07-30 07:00:00,1,2025-07-30 08:00:00,379.35,53.0,3
2025-07-30 07:00:00,2,2025-07-30 09:00:00,379.36,53.8,3
2025-07-30 07:00:00,3,2025-07-30 10:00:00,379.36,53.9,3
2025-07-30 07:00:00,4,2025-07-30 11:00:00,379.35,53.7,3
2025-07-30 07:00:00,5,2025-07-30 12:00:00,379.35,53.1,3
2025-07-30 07:00:00,6,2025-07-30 13:00:00,379.34,52.2,3
2025-07-31 07:00:00,0,2025-07-31 07:00:00,379.22,41.1,3
2025-07-31 07:00:00,1,2025-07-31 08:00:00,379.23,41.9,3
2025-07-31 07:00:00,2,2025-07-31 09:00:00,379.23,42.2,3
2025-07-31 07:00:00,3,2025-07-31 10:00:00,379.23,41.9,3
2025-07-31 07:00:00,4,2025-07-31 11:00:00,379.22,41.5,3
2025-07-31 07:00:00,5,2025-07-31 12:00:00,379.22,40.8,3
2025-07-31 07:00:00,6,2025-07-31 13:00:00,379.21,40.2,3
2025-08-01 07:00:00,0,2025-08-01 07:00:00,379.27,45.5,3
2025-08-01 07:00:00,1,2025-08-01 08:00:00,379.28,46.4,3
2025-08-01 07:00:00,2,2025-08-01 09:00:00,379.27,46.2,3
2025-08-01 07:00:00,3,2025-08-01 10:00:00,379.27,45.5,3
2025-08-01 07:00:00,4,2025-08-01 11:00:00,379.26,44.8,3
2025-08-01 07:00:00,5,2025-08-01 12:00:00,379.25,43.9,3
2025-08-01 07:00:00,6,2025-08-01 13:00:00,379.24,43.0,3
2025-08-02 07:00:00,0,2025-08-02 07:00:00,379.2,39.2,3
2025-08-02 07:00:00,1,2025-08-02 08:00:00,379.21,40.0,3
2025-08-02 07:00:00,2,2025-08-02 09:00:00,379.21,40.5,3
2025-08-02 07:00:00,3,2025-08-02 10:00:00,379.22,41.3,3
2025-08-02 07:00:00,4,2025-08-02 11:00:00,379.23,42.0,3
2025-08-02 07:00:00,5,2025-08-02 12:00:00,379.24,42.8,3
2025-08-02 07:00:00,6,2025-08-02 13:00:00,379.26,44.9,3
2025-08-03 07:00:00,0,2025-08-03 07:00:00,379.29,47.6,3
2025-08-03 07:00:00,1,2025-08-03 08:00:00,379.28,46.8,3
2025-08-03 07:00:00,2,2025-08-03 09:00:00,379.28,46.2,3
2025-08-03 07:00:00,3,2025-08-03 10:00:00,379.27,45.8,3
2025-08-03 07:00:00,4,2025-08-03 11:00:00,379.26,45.2,3
2025-08-03 07:00:00,5,2025-08-03 12:00:00,379.26,44.5,3
2025-08-03 07:00:00,6,2025-08-03 13:00:00,379.25,43.6,3
2025-08-04 07:00:00,0,2025-08-04 07:00:00,379.15,34.6,3
2025-08-04 07:00:00,1,2025-08-04 08:00:00,379.16,35.3,3
2025-08-04 07:00:00,2,2025-08-04 09:00:00,379.16,35.7,3
2025-08-04 07:00:00,3,2025-08-04 10:00:00,379.16,35.6,3
2025-08-04 07:00:00,4,2025-08-04 11:00:00,379.16,35.3,3
2025-08-04 07:00:00,5,2025-08-04 12:00:00,379.15,34.8,3
2025-08-04 07:00:00,6,2025-08-04 13:00:00,379.14,34.2,3
2025-08-05 07:00:00,0,2025-08-05 07:00:00,379.23,42.1,3
2025-08-05 07:00:00,1,2025-08-05 08:00:00,379.25,43.6,3
2025-08-05 07:00:00,2,2025-08-05 09:00:00,379.25,44.1,3
2025-08-05 07:00:00,3,2025-08-05 10:00:00,379.25,43.9,3
2025-08-05 07:00:00,4,2025-08-05 11:00:00,379.24,42.6,3
2025-08-05 07:00:00,5,2025-08-05 12:00:00,379.22,41.5,3
2025-08-05 07:00:00,6,2025-08-05 13:00:00,379.21,40.4,3
2025-08-06 07:00:00,0,2025-08-06 07:00:00,379.17,36.8,3
2025-08-06 07:00:00,1,2025-08-06 08:00:00,379.17,36.3,3
2025-08-06 07:00:00,2,2025-08-06 09:00:00,379.16,35.8,3
2025-08-06 07:00:00,3,2025-08-06 10:00:00,379.14,34.4,3
2025-08-06 07:00:00,4,2025-08-06 11:00:00,379.13,33.5,3
2025-08-06 07:00:00,5,2025-08-06 12:00:00,379.12,32.6,3
2025-08-06 07:00:00,6,2025-08-06 13:00:00,379.11,31.4,3
2025-08-07 07:00:00,0,2025-08-07 07:00:00,379.2,39.6,3
2025-08-07 07:00:00,1,2025-08-07 08:00:00,379.21,39.8,3
2025-08-07 07:00:00,2,2025-08-07 09:00:00,379.2,39.4,3
2025-08-07 07:00:00,3,2025-08-07 10:00:00,379.19,38.5,3
2025-08-07 07:00:00,4,2025-08-07 11:00:00,379.18,37.3,3
2025-08-07 07:00:00,5,2025-08-07 12:00:00,379.16,36.0,3
2025-08-07 07:00:00,6,2025-08-07 13:00:00,379.15,34.8,3
2025-08-08 07:00:00,0,2025-08-08 07:00:00,379.19,38.7,3
2025-08-08 07:00:00,1,2025-08-08 08:00:00,379.21,39.9,3
2025-08-08 07:00:00,2,2025-08-08 09:00:00,379.2,39.6,3
2025-08-08 07:00:00,3,2025-08-08 10:00:00,379.19,38.3,3
2025-08-08 07:00:00,4,2025-08-08 11:00:00,379.17,36.2,3
2025-08-08 07:00:00,5,2025-08-08 12:00:00,379.14,34.2,3
2025-08-08 07:00:00,6,2025-08-08 13:00:00,379.12,32.3,3
2025-08-09 07:00:00,0,2025-08-09 07:00:00,379.24,42.7,3
2025-08-09 07:00:00,1,2025-08-09 08:00:00,379.22,41.2,3
2025-08-09 07:00:00,2,2025-08-09 09:00:00,379.2,39.3,3
2025-08-09 07:00:00,3,2025-08-09 10:00:00,379.18,37.0,3
2025-08-09 07:00:00,4,2025-08-09 11:00:00,379.16,35.5,3
2025-08-09 07:00:00,5,2025-08-09 12:00:00,379.14,33.8,3
2025-08-09 07:00:00,6,2025-08-09 13:00:00,379.11,31.2,3
2025-08-10 07:00:00,0,2025-08-10 07:00:00,379.3,48.8,3
2025-08-10 07:00:00,1,2025-08-10 08:00:00,379.29,47.2,3
2025-08-10 07:00:00,2,2025-08-10 09:00:00,379.26,44.9,3
2025-08-10 07:00:00,3,2025-08-10 10:00:00,379.23,42.2,3
2025-08-10 07:00:00,4,2025-08-10 11:00:00,379.2,39.6,3
2025-08-10 07:00:00,5,2025-08-10 12:00:00,379.18,37.6,3
2025-08-10 07:00:00,6,2025-08-10 13:00:00,379.17,36.3,3
2025-08-11 07:00:00,0,2025-08-11 07:00:00,379.43,61.1,3
2025-08-11 07:00:00,1,2025-08-11 08:00:00,379.41,59.6,3
2025-08-11 07:00:00,2,2025-08-11 09:00:00,379.38,56.6,3
2025-08-11 07:00:00,3,2025-08-11 10:00:00,379.35,53.7,3
2025-08-11 07:00:00,4,2025-08-11 11:00:00,379.33,51.2,3
2025-08-11 07:00:00,5,2025-08-11 12:00:00,379.32,50.0,3
2025-08-11 07:00:00,6,2025-08-11 13:00:00,379.29,48.0,3
2025-08-12 07:00:00,0,2025-08-12 07:00:00,379.43,61.4,3
2025-08-12 07:00:00,1,2025-08-12 08:00:00,379.41,59.4,3
2025-08-12 07:00:00,2,2025-08-12 09:00:00,379.39,57.5,3
2025-08-12 07:00:00,3,2025-08-12 10:00:00,379.36,54.6,3
2025-08-12 07:00:00,4,2025-08-12 11:00:00,379.33,51.6,3
2025-08-12 07:00:00,5,2025-08-12 12:00:00,379.3,48.9,3
2025-08-12 07:00:00,6,2025-08-12 13:00:00,379.29,47.2,3
2025-08-13 07:00:00,0,2025-08-13 07:00:00,379.44,61.8,3
2025-08-13 07:00:00,1,2025-08-13 08:00:00,379.43,60.7,3
2025-08-13 07:00:00,2,2025-08-13 09:00:00,379.4,58.6,3
2025-08-13 07:00:00,3,2025-08-13 10:00:00,379.38,56.0,3
2025-08-13 07:00:00,4,2025-08-13 11:00:00,379.35,53.4,3
2025-08-13 07:00:00,5,2025-08-13 12:00:00,379.33,51.8,3
2025-08-13 07:00:00,6,2025-08-13 13:00:00,379.31,49.9,3
2025-08-14 07:00:00,0,2025-08-14 07:00:00,379.41,59.4,3
2025-08-14 07:00:00,1,2025-08-14 08:00:00,379.4,58.0,3
2025-08-14 07:00:00,2,2025-08-14 09:00:00,379.39,57.4,3
2025-08-14 07:00:00,3,2025-08-14 10:00:00,379.37,55.5,3
2025-08-14 07:00:00,4,2025-08-14 11:00:00,379.35,53.6,3
2025-08-14 07:00:00,5,2025-08-14 12:00:00,379.33,51.7,3
2025-08-14 07:00:00,6,2025-08-14 13:00:00,379.31,49.3,3
2025-08-15 07:00:00,0,2025-08-15 07:00:00,379.51,68.8,3
2025-08-15 07:00:00,1,2025-08-15 08:00:00,379.47,65.3,3
2025-08-15 07:00:00,2,2025-08-15 09:00:00,379.45,63.4,3
2025-08-15 07:00:00,3,2025-08-15 10:00:00,379.47,64.9,3
2025-08-15 07:00:00,4,2025-08-15 11:00:00,379.46,64.3,3
2025-08-15 07:00:00,5,2025-08-15 12:00:00,379.45,62.8,3
2025-08-15 07:00:00,6,2025-08-15 13:00:00,379.43,61.1,3
2025-08-16 07:00:00,0,2025-08-16 07:00:00,379.35,53.3,3
2025-08-16 07:00:00,1,2025-08-16 08:00:00,379.34,52.4,3
2025-08-16 07:00:00,2,2025-08-16 09:00:00,379.33,51.7,3
2025-08-16 07:00:00,3,2025-08-16 10:00:00,379.31,49.3,3
2025-08-16 07:00:00,4,2025-08-16 11:00:00,379.28,46.6,3
2025-08-16 07:00:00,5,2025-08-16 12:00:00,379.25,43.8,3
2025-08-16 07:00:00,6,2025-08-16 13:00:00,379.23,41.7,3
2025-08-17 07:00:00,0,2025-08-17 07:00:00,379.33,51.7,3
2025-08-17 07:00:00,1,2025-08-17 08:00:00,379.32,50.4,3
2025-08-17 07:00:00,2,2025-08-17 09:00:00,379.3,48.4,3
2025-08-17 07:00:00,3,2025-08-17 10:00:00,379.27,46.1,3
2025-08-17 07:00:00,4,2025-08-17 11:00:00,379.25,44.0,3
2025-08-17 07:00:00,5,2025-08-17 12:00:00,379.23,41.8,3
2025-08-17 07:00:00,6,2025-08-17 13:00:00,379.21,40.1,3
2025-08-18 07:00:00,0,2025-08-18 07:00:00,379.23,41.7,3
2025-08-18 07:00:00,1,2025-08-18 08:00:00,379.23,41.8,3
2025-08-18 07:00:00,2,2025-08-18 09:00:00,379.21,40.5,3
2025-08-18 07:00:00,3,2025-08-18 10:00:00,379.19,38.5,3
2025-08-18 07:00:00,4,2025-08-18 11:00:00,379.17,36.5,3
2025-08-18 07:00:00,5,2025-08-18 12:00:00,379.15,34.8,3
2025-08-18 07:00:00,6,2025-08-18 13:00:00,379.13,33.4,3
2025-08-19 07:00:00,0,2025-08-19 07:00:00,379.21,40.2,3
2025-08-19 07:00:00,1,2025-08-19 08:00:00,379.22,41.5,3
2025-08-19 07:00:00,2,2025-08-19 09:00:00,379.23,41.7,3
2025-08-19 07:00:00,3,2025-08-19 10:00:00,379.22,41.3,3
2025-08-19 07:00:00,4,2025-08-19 11:00:00,379.21,39.8,3
2025-08-19 07:00:00,5,2025-08-19 12:00:00,379.18,37.8,3
2025-08-19 07:00:00,6,2025-08-19 13:00:00,379.16,36.0,3
2025-08-20 07:00:00,0,2025-08-20 07:00:00,379.17,36.3,3
2025-08-20 07:00:00,1,2025-08-20 08:00:00,379.18,37.1,3
2025-08-20 07:00:00,2,2025-08-20 09:00:00,379.2,39.0,3
2025-08-20 07:00:00,3,2025-08-20 10:00:00,379.22,41.1,3
2025-08-20 07:00:00,4,2025-08-20 11:00:00,379.23,41.8,3
2025-08-20 07:00:00,5,2025-08-20 12:00:00,379.22,41.2,3
2025-08-20 07:00:00,6,2025-08-20 13:00:00,379.21,40.0,3
2025-08-21 07:00:00,0,2025-08-21 07:00:00,379.36,54.4,3
2025-08-21 07:00:00,1,2025-08-21 08:00:00,379.36,54.7,3
2025-08-21 07:00:00,2,2025-08-21 09:00:00,379.36,54.2,3
2025-08-21 07:00:00,3,2025-08-21 10:00:00,379.34,52.8,3
2025-08-21 07:00:00,4,2025-08-21 11:00:00,379.32,50.8,3
2025-08-21 07:00:00,5,2025-08-21 12:00:00,379.31,49.2,3
2025-08-21 07:00:00,6,2025-08-21 13:00:00,379.29,47.2,3
2025-08-22 07:00:00,0,2025-08-22 07:00:00,379.24,43.1,3
2025-08-22 07:00:00,1,2025-08-22 08:00:00,379.25,43.5,3
2025-08-22 07:00:00,2,2025-08-22 09:00:00,379.25,43.8,3
2025-08-22 07:00:00,3,2025-08-22 10:00:00,379.24,43.4,3
2025-08-22 07:00:00,4,2025-08-22 11:00:00,379.23,42.2,3
2025-08-22 07:00:00,5,2025-08-22 12:00:00,379.22,41.0,3
2025-08-22 07:00:00,6,2025-08-22 13:00:00,379.2,39.5,3
2025-08-23 07:00:00,0,2025-08-23 07:00:00,379.19,38.6,3
2025-08-23 07:00:00,1,2025-08-23 08:00:00,379.21,40.1,3
2025-08-23 07:00:00,2,2025-08-23 09:00:00,379.21,40.5,3
2025-08-23 07:00:00,3,2025-08-23 10:00:00,379.21,39.8,3
2025-08-23 07:00:00,4,2025-08-23 11:00:00,379.19,38.7,3
2025-08-23 07:00:00,5,2025-08-23 12:00:00,379.18,37.5,3
2025-08-23 07:00:00,6,2025-08-23 13:00:00,379.17,36.5,3
2025-08-24 07:00:00,0,2025-08-24 07:00:00,379.13,33.3,3
2025-08-24 07:00:00,1,2025-08-24 08:00:00,379.14,34.3,3
2025-08-24 07:00:00,2,2025-08-24 09:00:00,379.15,35.2,3
2025-08-24 07:00:00,3,2025-08-24 10:00:00,379.15,35.2,3
2025-08-24 07:00:00,4,2025-08-24 11:00:00,379.15,34.4,3
2025-08-24 07:00:00,5,2025-08-24 12:00:00,379.13,33.4,3
2025-08-24 07:00:00,6,2025-08-24 13:00:00,379.12,32.3,3
2025-08-25 07:00:00,0,2025-08-25 07:00:00,379.07,28.5,3
2025-08-25 07:00:00,1,2025-08-25 08:00:00,379.12,31.9,3
2025-08-25 07:00:00,2,2025-08-25 09:00:00,379.14,34.1,3
2025-08-25 07:00:00,3,2025-08-25 10:00:00,379.15,34.5,3
2025-08-25 07:00:00,4,2025-08-25 11:00:00,379.13,33.2,3
2025-08-25 07:00:00,5,2025-08-25 12:00:00,379.11,31.5,3
2025-08-25 07:00:00,6,2025-08-25 13:00:00,379.09,29.9,3
2025-08-26 07:00:00,0,2025-08-26 07:00:00,379.11,31.6,3
2025-08-26 07:00:00,1,2025-08-26 08:00:00,379.12,32.0,3
2025-08-26 07:00:00,2,2025-08-26 09:00:00,379.11,31.6,3
2025-08-26 07:00:00,3,2025-08-26 10:00:00,379.11,31.3,3
2025-08-26 07:00:00,4,2025-08-26 11:00:00,379.1,30.5,3
2025-08-26 07:00:00,5,2025-08-26 12:00:00,379.08,29.1,3
2025-08-26 07:00:00,6,2025-08-26 13:00:00,379.06,27.7,3
2025-08-27 07:00:00,0,2025-08-27 07:00:00,379.13,32.8,3
2025-08-27 07:00:00,1,2025-08-27 08:00:00,379.14,34.2,3
2025-08-27 07:00:00,2,2025-08-27 09:00:00,379.16,36.1,3
2025-08-27 07:00:00,3,2025-08-27 10:00:00,379.17,36.3,3
2025-08-27 07:00:00,4,2025-08-27 11:00:00,379.16,35.4,3
2025-08-27 07:00:00,5,2025-08-27 12:00:00,379.15,34.6,3
2025-08-27 07:00:00,6,2025-08-27 13:00:00,379.14,33.8,3
2025-08-28 07:00:00,0,2025-08-28 07:00:00,379.24,43.1,3
2025-08-28 07:00:00,1,2025-08-28 08:00:00,379.25,43.9,3
2025-08-28 07:00:00,2,2025-08-28 09:00:00,379.25,44.2,3
2025-08-28 07:00:00,3,2025-08-28 10:00:00,379.26,45.2,3
2025-08-28 07:00:00,4,2025-08-28 11:00:00,379.28,47.1,3
2025-08-28 07:00:00,5,2025-08-28 12:00:00,379.31,49.7,3
2025-08-28 07:00:00,6,2025-08-28 13:00:00,379.33,51.5,3
2025-08-29 07:00:00,0,2025-08-29 07:00:00,380.09,137.5,3
2025-08-29 07:00:00,1,2025-08-29 08:00:00,380.19,150.3,3
2025-08-29 07:00:00,2,2025-08-29 09:00:00,380.23,156.9,3
2025-08-29 07:00:00,3,2025-08-29 10:00:00,380.22,154.6,3
2025-08-29 07:00:00,4,2025-08-29 11:00:00,380.17,147.6,3
2025-08-29 07:00:00,5,2025-08-29 12:00:00,380.12,140.9,3
2025-08-29 07:00:00,6,2025-08-29 13:00:00,380.06,132.9,3
2025-08-30 07:00:00,0,2025-08-30 07:00:00,379.69,88.7,3
2025-08-30 07:00:00,1,2025-08-30 08:00:00,379.72,92.2,3
2025-08-30 07:00:00,2,2025-08-30 09:00:00,379.74,94.6,3
2025-08-30 07:00:00,3,2025-08-30 10:00:00,379.75,95.3,3
2025-08-30 07:00:00,4,2025-08-30 11:00:00,379.74,93.9,3
2025-08-30 07:00:00,5,2025-08-30 12:00:00,379.72,91.8,3
2025-08-30 07:00:00,6,2025-08-30 13:00:00,379.69,88.3,3
2025-08-31 07:00:00,0,2025-08-31 07:00:00,379.49,67.0,3
2025-08-31 07:00:00,1,2025-08-31 08:00:00,379.48,66.6,3
2025-08-31 07:00:00,2,2025-08-31 09:00:00,379.48,65.9,3
2025-08-31 07:00:00,3,2025-08-31 10:00:00,379.47,65.0,3
2025-08-31 07:00:00,4,2025-08-31 11:00:00,379.46,63.9,3
2025-08-31 07:00:00,5,2025-08-31 12:00:00,379.45,62.6,3
2025-08-31 07:00:00,6,2025-08-31 13:00:00,379.43,61.5,3
2025-09-01 07:00:00,0,2025-09-01 07:00:00,379.47,64.9,3
2025-09-01 07:00:00,1,2025-09-01 08:00:00,379.49,67.5,3
2025-09-01 07:00:00,2,2025-09-01 09:00:00,379.51,69.3,3
2025-09-01 07:00:00,3,2025-09-01 10:00:00,379.54,71.8,3
2025-09-01 07:00:00,4,2025-09-01 11:00:00,379.56,74.2,3
2025-09-01 07:00:00,5,2025-09-01 12:00:00,379.58,76.8,3
2025-09-01 07:00:00,6,2025-09-01 13:00:00,379.6,78.1,3
2025-09-02 07:00:00,0,2025-09-02 07:00:00,380.19,151.5,3
2025-09-02 07:00:00,1,2025-09-02 08:00:00,380.14,143.6,3
2025-09-02 07:00:00,2,2025-09-02 09:00:00,380.09,137.1,3
2025-09-02 07:00:00,3,2025-09-02 10:00:00,380.05,132.2,3
2025-09-02 07:00:00,4,2025-09-02 11:00:00,380.01,126.6,3
2025-09-02 07:00:00,5,2025-09-02 12:00:00,379.97,121.6,3
2025-09-02 07:00:00,6,2025-09-02 13:00:00,379.93,117.2,3
2025-09-03 07:00:00,0,2025-09-03 07:00:00,379.66,84.7,3
2025-09-03 07:00:00,1,2025-09-03 08:00:00,379.64,83.2,3
2025-09-03 07:00:00,2,2025-09-03 09:00:00,379.63,81.3,3
2025-09-03 07:00:00,3,2025-09-03 10:00:00,379.61,80.1,3
2025-09-03 07:00:00,4,2025-09-03 11:00:00,379.6,78.6,3
2025-09-03 07:00:00,5,2025-09-03 12:00:00,379.58,76.8,3
2025-09-03 07:00:00,6,2025-09-03 13:00:00,379.57,75.0,3
2025-09-04 07:00:00,0,2025-09-04 07:00:00,379.48,66.5,3
2025-09-04 07:00:00,1,2025-09-04 08:00:00,379.48,66.4,3
2025-09-04 07:00:00,2,2025-09-04 09:00:00,379.48,66.2,3
2025-09-04 07:00:00,3,2025-09-04 10:00:00,379.48,65.7,3
2025-09-04 07:00:00,4,2025-09-04 11:00:00,379.47,65.1,3
2025-09-04 07:00:00,5,2025-09-04 12:00:00,379.46,64.4,3
2025-09-04 07:00:00,6,2025-09-04 13:00:00,379.46,63.8,3
2025-09-05 07:00:00,0,2025-09-05 07:00:00,380.3,166.9,3
2025-09-05 07:00:00,1,2025-09-05 08:00:00,380.26,160.0,3
2025-09-05 07:00:00,2,2025-09-05 09:00:00,380.22,154.5,3
2025-09-05 07:00:00,3,2025-09-05 10:00:00,380.17,148.1,3
2025-09-05 07:00:00,4,2025-09-05 11:00:00,380.14,144.0,3
2025-09-05 07:00:00,5,2025-09-05 12:00:00,380.12,141.3,3
2025-09-05 07:00:00,6,2025-09-05 13:00:00,380.11,140.0,3
2025-09-06 07:00:00,0,2025-09-06 07:00:00,379.69,88.0,3
2025-09-06 07:00:00,1,2025-09-06 08:00:00,379.68,86.9,3
2025-09-06 07:00:00,2,2025-09-06 09:00:00,379.66,85.4,3
2025-09-06 07:00:00,3,2025-09-06 10:00:00,379.65,83.7,3
2025-09-06 07:00:00,4,2025-09-06 11:00:00,379.64,82.5,3
2025-09-06 07:00:00,5,2025-09-06 12:00:00,379.62,81.0,3
2025-09-06 07:00:00,6,2025-09-06 13:00:00,379.61,79.5,3
2025-09-07 07:00:00,0,2025-09-07 07:00:00,379.5,68.1,3
2025-09-07 07:00:00,1,2025-09-07 08:00:00,379.51,69.1,3
2025-09-07 07:00:00,2,2025-09-07 09:00:00,379.51,69.4,3
2025-09-07 07:00:00,3,2025-09-07 10:00:00,379.51,69.0,3
2025-09-07 07:00:00,4,2025-09-07 11:00:00,379.51,68.7,3
2025-09-07 07:00:00,5,2025-09-07 12:00:00,379.5,68.1,3
2025-09-07 07:00:00,6,2025-09-07 13:00:00,379.49,67.4,3
2025-09-08 07:00:00,0,2025-09-08 07:00:00,379.37,55.0,3
2025-09-08 07:00:00,1,2025-09-08 08:00:00,379.38,56.3,3
2025-09-08 07:00:00,2,2025-09-08 09:00:00,379.39,56.8,3
2025-09-08 07:00:00,3,2025-09-08 10:00:00,379.39,57.5,3
2025-09-08 07:00:00,4,2025-09-08 11:00:00,379.4,58.0,3
2025-09-08 07:00:00,5,2025-09-08 12:00:00,379.4,57.8,3
2025-09-08 07:00:00,6,2025-09-08 13:00:00,379.39,57.5,3
2025-09-09 07:00:00,0,2025-09-09 07:00:00,379.42,60.3,3
2025-09-09 07:00:00,1,2025-09-09 08:00:00,379.45,62.9,3
2025-09-09 07:00:00,2,2025-09-09 09:00:00,379.47,65.2,3
2025-09-09 07:00:00,3,2025-09-09 10:00:00,379.5,67.7,3
2025-09-09 07:00:00,4,2025-09-09 11:00:00,379.51,69.5,3
2025-09-09 07:00:00,5,2025-09-09 12:00:00,379.51,68.9,3
2025-09-09 07:00:00,6,2025-09-09 13:00:00,379.54,72.3,3
2025-09-10 07:00:00,0,2025-09-10 07:00:00,379.64,83.2,3
2025-09-10 07:00:00,1,2025-09-10 08:00:00,379.63,81.8,3
2025-09-10 07:00:00,2,2025-09-10 09:00:00,379.62,80.5,3
2025-09-10 07:00:00,3,2025-09-10 10:00:00,379.61,79.2,3
2025-09-10 07:00:00,4,2025-09-10 11:00:00,379.6,78.4,3
2025-09-10 07:00:00,5,2025-09-10 12:00:00,379.6,78.6,3
2025-09-10 07:00:00,6,2025-09-10 13:00:00,379.6,78.5,3
2025-09-11 07:00:00,0,2025-09-11 07:00:00,379.43,61.6,3
2025-09-11 07:00:00,1,2025-09-11 08:00:00,379.44,62.3,3
2025-09-11 07:00:00,2,2025-09-11 09:00:00,379.44,62.5,3
2025-09-11 07:00:00,3,2025-09-11 10:00:00,379.45,63.0,3
2025-09-11 07:00:00,4,2025-09-11 11:00:00,379.45,63.6,3
2025-09-11 07:00:00,5,2025-09-11 12:00:00,379.46,63.7,3
2025-09-11 07:00:00,6,2025-09-11 13:00:00,379.46,63.7,3
2025-09-12 07:00:00,0,2025-09-12 07:00:00,379.35,52.8,3
2025-09-12 07:00:00,1,2025-09-12 08:00:00,379.35,52.9,3
2025-09-12 07:00:00,2,2025-09-12 09:00:00,379.34,52.7,3
2025-09-12 07:00:00,3,2025-09-12 10:00:00,379.34,52.3,3
2025-09-12 07:00:00,4,2025-09-12 11:00:00,379.33,51.7,3
2025-09-12 07:00:00,5,2025-09-12 12:00:00,379.33,51.2,3
2025-09-12 07:00:00,6,2025-09-12 13:00:00,379.32,50.7,3
2025-09-13 07:00:00,0,2025-09-13 07:00:00,379.23,42.0,3
2025-09-13 07:00:00,1,2025-09-13 08:00:00,379.24,42.8,3
2025-09-13 07:00:00,2,2025-09-13 09:00:00,379.24,43.3,3
2025-09-13 07:00:00,3,2025-09-13 10:00:00,379.24,43.3,3
2025-09-13 07:00:00,4,2025-09-13 11:00:00,379.24,43.2,3
2025-09-13 07:00:00,5,2025-09-13 12:00:00,379.24,43.1,3
2025-09-13 07:00:00,6,2025-09-13 13:00:00,379.24,42.8,3
2025-09-14 07:00:00,0,2025-09-14 07:00:00,379.29,47.4,3
2025-09-14 07:00:00,1,2025-09-14 08:00:00,379.33,51.0,3
2025-09-14 07:00:00,2,2025-09-14 09:00:00,379.37,54.9,3
2025-09-14 07:00:00,3,2025-09-14 10:00:00,379.41,59.3,3
2025-09-14 07:00:00,4,2025-09-14 11:00:00,379.47,65.2,3
2025-09-14 07:00:00,5,2025-09-14 12:00:00,379.55,73.3,3
2025-09-14 07:00:00,6,2025-09-14 13:00:00,379.58,76.1,3
2025-09-15 07:00:00,0,2025-09-15 07:00:00,379.49,67.5,3
2025-09-15 07:00:00,1,2025-09-15 08:00:00,379.5,68.1,3
2025-09-15 07:00:00,2,2025-09-15 09:00:00,379.5,68.6,3
2025-09-15 07:00:00,3,2025-09-15 10:00:00,379.5,68.6,3
2025-09-15 07:00:00,4,2025-09-15 11:00:00,379.5,67.8,3
2025-09-15 07:00:00,5,2025-09-15 12:00:00,379.49,67.1,3
2025-09-15 07:00:00,6,2025-09-15 13:00:00,379.48,66.5,3
2025-09-16 07:00:00,0,2025-09-16 07:00:00,379.59,77.2,3
2025-09-16 07:00:00,1,2025-09-16 08:00:00,379.61,79.7,3
2025-09-16 07:00:00,2,2025-09-16 09:00:00,379.66,84.8,3
2025-09-16 07:00:00,3,2025-09-16 10:00:00,379.7,89.2,3
2025-09-16 07:00:00,4,2025-09-16 11:00:00,379.7,89.4,3
2025-09-16 07:00:00,5,2025-09-16 12:00:00,379.69,88.4,3
2025-09-16 07:00:00,6,2025-09-16 13:00:00,379.69,88.7,3
2025-09-17 07:00:00,0,2025-09-17 07:00:00,379.45,62.8,3
2025-09-17 07:00:00,1,2025-09-17 08:00:00,379.44,62.3,3
2025-09-17 07:00:00,2,2025-09-17 09:00:00,379.44,61.6,3
2025-09-17 07:00:00,3,2025-09-17 10:00:00,379.43,60.8,3
2025-09-17 07:00:00,4,2025-09-17 11:00:00,379.42,60.2,3
2025-09-17 07:00:00,5,2025-09-17 12:00:00,379.41,59.4,3
2025-09-17 07:00:00,6,2025-09-17 13:00:00,379.41,58.7,3
2025-09-18 07:00:00,0,2025-09-18 07:00:00,379.36,54.0,3
2025-09-18 07:00:00,1,2025-09-18 08:00:00,379.36,54.7,3
2025-09-18 07:00:00,2,2025-09-18 09:00:00,379.37,54.9,3
2025-09-18 07:00:00,3,2025-09-18 10:00:00,379.37,55.0,3
2025-09-18 07:00:00,4,2025-09-18 11:00:00,379.37,55.0,3
2025-09-18 07:00:00,5,2025-09-18 12:00:00,379.37,54.8,3
2025-09-18 07:00:00,6,2025-09-18 13:00:00,379.36,54.6,3
2025-09-19 07:00:00,0,2025-09-19 07:00:00,379.33,51.5,3
2025-09-19 07:00:00,1,2025-09-19 08:00:00,379.33,51.8,3
2025-09-19 07:00:00,2,2025-09-19 09:00:00,379.34,52.1,3
2025-09-19 07:00:00,3,2025-09-19 10:00:00,379.34,52.2,3
2025-09-19 07:00:00,4,2025-09-19 11:00:00,379.34,52.2,3
2025-09-19 07:00:00,5,2025-09-19 12:00:00,379.34,52.1,3
2025-09-19 07:00:00,6,2025-09-19 13:00:00,379.34,52.1,3
2025-09-20 07:00:00,0,2025-09-20 07:00:00,379.27,45.7,3
2025-09-20 07:00:00,1,2025-09-20 08:00:00,379.27,46.0,3
2025-09-20 07:00:00,2,2025-09-20 09:00:00,379.27,45.4,3
2025-09-20 07:00:00,3,2025-09-20 10:00:00,379.27,45.5,3
2025-09-20 07:00:00,4,2025-09-20 11:00:00,379.26,45.0,3
2025-09-20 07:00:00,5,2025-09-20 12:00:00,379.25,44.2,3
2025-09-20 07:00:00,6,2025-09-20 13:00:00,379.25,43.5,3
2025-09-21 07:00:00,0,2025-09-21 07:00:00,379.31,49.4,3
2025-09-21 07:00:00,1,2025-09-21 08:00:00,379.3,48.8,3
2025-09-21 07:00:00,2,2025-09-21 09:00:00,379.3,48.2,3
2025-09-21 07:00:00,3,2025-09-21 10:00:00,379.29,47.4,3
2025-09-21 07:00:00,4,2025-09-21 11:00:00,379.28,47.0,3
2025-09-21 07:00:00,5,2025-09-21 12:00:00,379.28,46.4,3
2025-09-21 07:00:00,6,2025-09-21 13:00:00,379.27,45.5,3
2025-09-22 07:00:00,0,2025-09-22 07:00:00,380.05,131.8,3
2025-09-22 07:00:00,1,2025-09-22 08:00:00,380.03,129.1,3
2025-09-22 07:00:00,2,2025-09-22 09:00:00,380.0,126.0,3
2025-09-22 07:00:00,3,2025-09-22 10:00:00,379.99,124.4,3
2025-09-22 07:00:00,4,2025-09-22 11:00:00,379.98,122.8,3
2025-09-22 07:00:00,5,2025-09-22 12:00:00,379.97,121.2,3
2025-09-22 07:00:00,6,2025-09-22 13:00:00,379.96,119.9,3
2025-09-23 07:00:00,0,2025-09-23 07:00:00,379.9,113.4,3
2025-09-23 07:00:00,1,2025-09-23 08:00:00,379.87,109.7,3
2025-09-23 07:00:00,2,2025-09-23 09:00:00,379.85,106.6,3
2025-09-23 07:00:00,3,2025-09-23 10:00:00,379.82,103.5,3
2025-09-23 07:00:00,4,2025-09-23 11:00:00,379.8,100.9,3
2025-09-23 07:00:00,5,2025-09-23 12:00:00,379.78,98.3,3
2025-09-23 07:00:00,6,2025-09-23 13:00:00,379.76,96.2,3
2025-09-24 07:00:00,0,2025-09-24 07:00:00,379.96,119.9,3
2025-09-24 07:00:00,1,2025-09-24 08:00:00,379.97,121.7,3
2025-09-24 07:00:00,2,2025-09-24 09:00:00,379.98,122.8,3
2025-09-24 07:00:00,3,2025-09-24 10:00:00,379.95,119.1,3
2025-09-24 07:00:00,4,2025-09-24 11:00:00,379.89,112.3,3
2025-09-24 07:00:00,5,2025-09-24 12:00:00,379.85,106.6,3
2025-09-24 07:00:00,6,2025-09-24 13:00:00,379.81,101.9,3
2025-09-25 07:00:00,0,2025-09-25 07:00:00,379.94,118.2,3
2025-09-25 07:00:00,1,2025-09-25 08:00:00,379.91,114.3,3
2025-09-25 07:00:00,2,2025-09-25 09:00:00,379.88,110.7,3
2025-09-25 07:00:00,3,2025-09-25 10:00:00,379.86,107.6,3
2025-09-25 07:00:00,4,2025-09-25 11:00:00,379.83,104.9,3
2025-09-25 07:00:00,5,2025-09-25 12:00:00,379.81,102.3,3
2025-09-25 07:00:00,6,2025-09-25 13:00:00,379.79,99.8,3
2025-09-26 07:00:00,0,2025-09-26 07:00:00,379.62,81.1,3
2025-09-26 07:00:00,1,2025-09-26 08:00:00,379.61,80.2,3
2025-09-26 07:00:00,2,2025-09-26 09:00:00,379.61,79.4,3
2025-09-26 07:00:00,3,2025-09-26 10:00:00,379.6,78.7,3
2025-09-26 07:00:00,4,2025-09-26 11:00:00,379.6,78.3,3
2025-09-26 07:00:00,5,2025-09-26 12:00:00,379.6,78.5,3
2025-09-26 07:00:00,6,2025-09-26 13:00:00,379.61,79.1,3
2025-09-27 07:00:00,0,2025-09-27 07:00:00,379.78,99.0,3
2025-09-27 07:00:00,1,2025-09-27 08:00:00,379.77,97.4,3
2025-09-27 07:00:00,2,2025-09-27 09:00:00,379.76,96.1,3
2025-09-27 07:00:00,3,2025-09-27 10:00:00,379.75,94.9,3
2025-09-27 07:00:00,4,2025-09-27 11:00:00,379.74,93.8,3
2025-09-27 07:00:00,5,2025-09-27 12:00:00,379.73,92.4,3
2025-09-27 07:00:00,6,2025-09-27 13:00:00,379.71,90.8,3
2025-09-28 07:00:00,0,2025-09-28 07:00:00,379.58,76.3,3
2025-09-28 07:00:00,1,2025-09-28 08:00:00,379.57,75.4,3
2025-09-28 07:00:00,2,2025-09-28 09:00:00,379.56,74.6,3
2025-09-28 07:00:00,3,2025-09-28 10:00:00,379.55,73.8,3
2025-09-28 07:00:00,4,2025-09-28 11:00:00,379.55,73.0,3
2025-09-28 07:00:00,5,2025-09-28 12:00:00,379.54,72.3,3
2025-09-28 07:00:00,6,2025-09-28 13:00:00,379.53,71.5,3
2025-09-29 07:00:00,0,2025-09-29 07:00:00,379.38,56.1,3
2025-09-29 07:00:00,1,2025-09-29 08:00:00,379.38,56.1,3
2025-09-29 07:00:00,2,2025-09-29 09:00:00,379.38,56.2,3
2025-09-29 07:00:00,3,2025-09-29 10:00:00,379.38,56.3,3
2025-09-29 07:00:00,4,2025-09-29 11:00:00,379.38,56.4,3
2025-09-29 07:00:00,5,2025-09-29 12:00:00,379.38,56.0,3
2025-09-29 07:00:00,6,2025-09-29 13:00:00,379.37,55.6,3
2025-09-30 07:00:00,0,2025-09-30 07:00:00,379.27,45.7,3
2025-09-30 07:00:00,1,2025-09-30 08:00:00,379.27,46.0,3
2025-09-30 07:00:00,2,2025-09-30 09:00:00,379.27,46.2,3
2025-09-30 07:00:00,3,2025-09-30 10:00:00,379.28,46.3,3
2025-09-30 07:00:00,4,2025-09-30 11:00:00,379.28,46.5,3
2025-09-30 07:00:00,5,2025-09-30 12:00:00,379.28,46.5,3
2025-09-30 07:00:00,6,2025-09-30 13:00:00,379.28,46.3,3
2025-10-01 07:00:00,0,2025-10-01 07:00:00,379.2,39.7,3
2025-10-01 07:00:00,1,2025-10-01 08:00:00,379.2,39.7,3
2025-10-01 07:00:00,2,2025-10-01 09:00:00,379.2,39.6,3
2025-10-01 07:00:00,3,2025-10-01 10:00:00,379.2,39.7,3
2025-10-01 07:00:00,4,2025-10-01 11:00:00,379.21,39.8,3
2025-10-01 07:00:00,5,2025-10-01 12:00:00,379.21,40.0,3
2025-10-01 07:00:00,6,2025-10-01 13:00:00,379.21,40.1,3
2025-10-02 07:00:00,0,2025-10-02 07:00:00,379.1,30.5,3
2025-10-02 07:00:00,1,2025-10-02 08:00:00,379.1,30.6,3
2025-10-02 07:00:00,2,2025-10-02 09:00:00,379.1,30.8,3
2025-10-02 07:00:00,3,2025-10-02 10:00:00,379.1,31.0,3
2025-10-02 07:00:00,4,2025-10-02 11:00:00,379.11,31.2,3
2025-10-02 07:00:00,5,2025-10-02 12:00:00,379.11,31.4,3
2025-10-02 07:00:00,6,2025-10-02 13:00:00,379.11,31.5,3
2025-10-03 07:00:00,0,2025-10-03 07:00:00,379.07,28.0,3
2025-10-03 07:00:00,1,2025-10-03 08:00:00,379.07,28.0,3
2025-10-03 07:00:00,2,2025-10-03 09:00:00,379.07,28.1,3
2025-10-03 07:00:00,3,2025-10-03 10:00:00,379.07,28.2,3
2025-10-03 07:00:00,4,2025-10-03 11:00:00,379.07,28.4,3
2025-10-03 07:00:00,5,2025-10-03 12:00:00,379.07,28.5,3
2025-10-03 07:00:00,6,2025-10-03 13:00:00,379.08,28.7,3
2025-10-04 07:00:00,0,2025-10-04 07:00:00,379.05,26.7,3
2025-10-04 07:00:00,1,2025-10-04 08:00:00,379.05,26.8,3
2025-10-04 07:00:00,2,2025-10-04 09:00:00,379.05,26.9,3
2025-10-04 07:00:00,3,2025-10-04 10:00:00,379.05,26.9,3
2025-10-04 07:00:00,4,2025-10-04 11:00:00,379.05,27.0,3
2025-10-04 07:00:00,5,2025-10-04 12:00:00,379.06,27.1,3
2025-10-04 07:00:00,6,2025-10-04 13:00:00,379.06,27.2,3
2025-10-05 07:00:00,0,2025-10-05 07:00:00,379.47,65.2,3
2025-10-05 07:00:00,1,2025-10-05 08:00:00,379.49,67.2,3
2025-10-05 07:00:00,2,2025-10-05 09:00:00,379.49,67.4,3
2025-10-05 07:00:00,3,2025-10-05 10:00:00,379.45,63.5,3
2025-10-05 07:00:00,4,2025-10-05 11:00:00,379.41,59.0,3
2025-10-05 07:00:00,5,2025-10-05 12:00:00,379.37,55.7,3
2025-10-05 07:00:00,6,2025-10-05 13:00:00,379.35,53.6,3
2025-10-06 07:00:00,0,2025-10-06 07:00:00,379.27,45.4,3
2025-10-06 07:00:00,1,2025-10-06 08:00:00,379.27,45.3,3
2025-10-06 07:00:00,2,2025-10-06 09:00:00,379.26,45.0,3
2025-10-06 07:00:00,3,2025-10-06 10:00:00,379.26,44.9,3
2025-10-06 07:00:00,4,2025-10-06 11:00:00,379.26,44.9,3
2025-10-06 07:00:00,5,2025-10-06 12:00:00,379.26,44.9,3
2025-10-06 07:00:00,6,2025-10-06 13:00:00,379.26,44.7,3
2025-10-07 07:00:00,0,2025-10-07 07:00:00,379.15,34.9,3
2025-10-07 07:00:00,1,2025-10-07 08:00:00,379.15,34.8,3
2025-10-07 07:00:00,2,2025-10-07 09:00:00,379.15,34.8,3
2025-10-07 07:00:00,3,2025-10-07 10:00:00,379.15,34.9,3
2025-10-07 07:00:00,4,2025-10-07 11:00:00,379.15,34.9,3
2025-10-07 07:00:00,5,2025-10-07 12:00:00,379.15,34.9,3
2025-10-07 07:00:00,6,2025-10-07 13:00:00,379.15,34.8,3
2025-10-08 07:00:00,0,2025-10-08 07:00:00,379.16,35.6,3
2025-10-08 07:00:00,1,2025-10-08 08:00:00,379.16,35.9,3
2025-10-08 07:00:00,2,2025-10-08 09:00:00,379.17,36.2,3
2025-10-08 07:00:00,3,2025-10-08 10:00:00,379.17,36.5,3
2025-10-08 07:00:00,4,2025-10-08 11:00:00,379.17,36.7,3
2025-10-08 07:00:00,5,2025-10-08 12:00:00,379.17,36.7,3
2025-10-08 07:00:00,6,2025-10-08 13:00:00,379.17,36.5,3
2025-10-09 07:00:00,0,2025-10-09 07:00:00,379.1,30.7,3
2025-10-09 07:00:00,1,2025-10-09 08:00:00,379.1,31.0,3
2025-10-09 07:00:00,2,2025-10-09 09:00:00,379.11,31.3,3
2025-10-09 07:00:00,3,2025-10-09 10:00:00,379.11,31.6,3
2025-10-09 07:00:00,4,2025-10-09 11:00:00,379.11,31.6,3
2025-10-09 07:00:00,5,2025-10-09 12:00:00,379.11,31.5,3
2025-10-09 07:00:00,6,2025-10-09 13:00:00,379.11,31.4,3
2025-10-10 07:00:00,0,2025-10-10 07:00:00,379.06,27.8,3
2025-10-10 07:00:00,1,2025-10-10 08:00:00,379.07,28.2,3
2025-10-10 07:00:00,2,2025-10-10 09:00:00,379.08,28.7,3
2025-10-10 07:00:00,3,2025-10-10 10:00:00,379.08,29.3,3
2025-10-10 07:00:00,4,2025-10-10 11:00:00,379.09,29.5,3
2025-10-10 07:00:00,5,2025-10-10 12:00:00,379.09,29.6,3
2025-10-10 07:00:00,6,2025-10-10 13:00:00,379.09,29.4,3
2025-10-11 07:00:00,0,2025-10-11 07:00:00,379.04,26.2,3
2025-10-11 07:00:00,1,2025-10-11 08:00:00,379.06,27.2,3
2025-10-11 07:00:00,2,2025-10-11 09:00:00,379.06,27.8,3
2025-10-11 07:00:00,3,2025-10-11 10:00:00,379.07,28.3,3
2025-10-11 07:00:00,4,2025-10-11 11:00:00,379.08,28.6,3
2025-10-11 07:00:00,5,2025-10-11 12:00:00,379.08,28.8,3
2025-10-11 07:00:00,6,2025-10-11 13:00:00,379.08,29.0,3
2025-10-12 07:00:00,0,2025-10-12 07:00:00,379.05,26.5,3
2025-10-12 07:00:00,1,2025-10-12 08:00:00,379.06,27.2,3
2025-10-12 07:00:00,2,2025-10-12 09:00:00,379.06,27.6,3
2025-10-12 07:00:00,3,2025-10-12 10:00:00,379.06,27.6,3
2025-10-12 07:00:00,4,2025-10-12 11:00:00,379.06,27.6,3
2025-10-12 07:00:00,5,2025-10-12 12:00:00,379.06,27.5,3
2025-10-12 07:00:00,6,2025-10-12 13:00:00,379.06,27.3,3
2025-10-13 07:00:00,0,2025-10-13 07:00:00,378.98,21.5,3
2025-10-13 07:00:00,1,2025-10-13 08:00:00,378.98,21.9,3
2025-10-13 07:00:00,2,2025-10-13 09:00:00,378.99,22.5,3
2025-10-13 07:00:00,3,2025-10-13 10:00:00,379.0,22.8,3
2025-10-13 07:00:00,4,2025-10-13 11:00:00,379.0,22.9,3
2025-10-13 07:00:00,5,2025-10-13 12:00:00,379.0,22.9,3
2025-10-13 07:00:00,6,2025-10-13 13:00:00,379.0,22.8,3
2025-10-14 07:00:00,0,2025-10-14 07:00:00,378.95,19.4,3
2025-10-14 07:00:00,1,2025-10-14 08:00:00,378.96,20.1,3
2025-10-14 07:00:00,2,2025-10-14 09:00:00,378.97,20.6,3
2025-10-14 07:00:00,3,2025-10-14 10:00:00,378.97,20.9,3
2025-10-14 07:00:00,4,2025-10-14 11:00:00,378.97,21.1,3
2025-10-14 07:00:00,5,2025-10-14 12:00:00,378.97,21.0,3
2025-10-14 07:00:00,6,2025-10-14 13:00:00,378.97,21.0,3
2025-10-15 07:00:00,0,2025-10-15 07:00:00,378.91,17.2,3
2025-10-15 07:00:00,1,2025-10-15 08:00:00,378.93,18.1,3
2025-10-15 07:00:00,2,2025-10-15 09:00:00,378.94,18.9,3
2025-10-15 07:00:00,3,2025-10-15 10:00:00,378.95,19.2,3
2025-10-15 07:00:00,4,2025-10-15 11:00:00,378.95,19.4,3
2025-10-15 07:00:00,5,2025-10-15 12:00:00,378.95,19.5,3
2025-10-15 07:00:00,6,2025-10-15 13:00:00,378.95,19.7,3
2025-10-16 07:00:00,0,2025-10-16 07:00:00,378.9,16.5,3
2025-10-16 07:00:00,1,2025-10-16 08:00:00,378.91,17.0,3
2025-10-16 07:00:00,2,2025-10-16 09:00:00,378.92,17.7,3
2025-10-16 07:00:00,3,2025-10-16 10:00:00,378.93,18.1,3
2025-10-16 07:00:00,4,2025-10-16 11:00:00,378.93,18.4,3
2025-10-16 07:00:00,5,2025-10-16 12:00:00,378.94,18.6,3
2025-10-16 07:00:00,6,2025-10-16 13:00:00,378.93,18.5,3
2025-10-17 07:00:00,0,2025-10-17 07:00:00,378.92,17.5,3
2025-10-17 07:00:00,1,2025-10-17 08:00:00,378.91,17.2,3
2025-10-17 07:00:00,2,2025-10-17 09:00:00,378.92,17.4,3
2025-10-17 07:00:00,3,2025-10-17 10:00:00,378.92,17.5,3
2025-10-17 07:00:00,4,2025-10-17 11:00:00,378.92,17.8,3
2025-10-17 07:00:00,5,2025-10-17 12:00:00,378.93,18.0,3
2025-10-17 07:00:00,6,2025-10-17 13:00:00,378.93,18.1,3
2025-10-18 07:00:00,0,2025-10-18 07:00:00,378.92,17.7,3
2025-10-18 07:00:00,1,2025-10-18 08:00:00,378.92,17.9,3
2025-10-18 07:00:00,2,2025-10-18 09:00:00,378.93,18.3,3
2025-10-18 07:00:00,3,2025-10-18 10:00:00,378.94,18.7,3
2025-10-18 07:00:00,4,2025-10-18 11:00:00,378.94,18.9,3
2025-10-18 07:00:00,5,2025-10-18 12:00:00,378.94,19.0,3
2025-10-18 07:00:00,6,2025-10-18 13:00:00,378.94,19.1,3
2025-10-19 07:00:00,0,2025-10-19 07:00:00,378.88,15.3,3
2025-10-19 07:00:00,1,2025-10-19 08:00:00,378.88,15.4,3
2025-10-19 07:00:00,2,2025-10-19 09:00:00,378.89,15.7,3
2025-10-19 07:00:00,3,2025-10-19 10:00:00,378.9,16.1,3
2025-10-19 07:00:00,4,2025-10-19 11:00:00,378.9,16.5,3
2025-10-19 07:00:00,5,2025-10-19 12:00:00,378.91,17.1,3
2025-10-19 07:00:00,6,2025-10-19 13:00:00,378.92,17.5,3
2025-10-20 07:00:00,0,2025-10-20 07:00:00,378.83,12.4,3
2025-10-20 07:00:00,1,2025-10-20 08:00:00,378.84,13.1,3
2025-10-20 07:00:00,2,2025-10-20 09:00:00,378.86,13.9,3
2025-10-20 07:00:00,3,2025-10-20 10:00:00,378.87,14.3,3
2025-10-20 07:00:00,4,2025-10-20 11:00:00,378.87,14.9,3
2025-10-20 07:00:00,5,2025-10-20 12:00:00,378.88,15.1,3
2025-10-20 07:00:00,6,2025-10-20 13:00:00,378.89,15.8,3
2025-10-21 07:00:00,0,2025-10-21 07:00:00,379.07,27.9,3
2025-10-21 07:00:00,1,2025-10-21 08:00:00,379.05,27.0,3
2025-10-21 07:00:00,2,2025-10-21 09:00:00,379.05,26.3,3
2025-10-21 07:00:00,3,2025-10-21 10:00:00,379.04,25.6,3
2025-10-21 07:00:00,4,2025-10-21 11:00:00,379.04,26.2,3
2025-10-21 07:00:00,5,2025-10-21 12:00:00,379.06,27.4,3
2025-10-21 07:00:00,6,2025-10-21 13:00:00,379.06,27.2,3
2025-10-22 07:00:00,0,2025-10-22 07:00:00,379.12,32.6,3
2025-10-22 07:00:00,1,2025-10-22 08:00:00,379.19,38.2,3
2025-10-22 07:00:00,2,2025-10-22 09:00:00,379.24,43.2,3
2025-10-22 07:00:00,3,2025-10-22 10:00:00,379.29,47.5,3
2025-10-22 07:00:00,4,2025-10-22 11:00:00,379.37,54.8,3
2025-10-22 07:00:00,5,2025-10-22 12:00:00,379.5,68.2,3
2025-10-22 07:00:00,6,2025-10-22 13:00:00,379.67,85.8,3
2025-10-23 07:00:00,0,2025-10-23 07:00:00,380.27,161.6,3
2025-10-23 07:00:00,1,2025-10-23 08:00:00,380.45,188.4,3
2025-10-23 07:00:00,2,2025-10-23 09:00:00,380.57,207.2,3
2025-10-23 07:00:00,3,2025-10-23 10:00:00,380.7,229.9,3
2025-10-23 07:00:00,4,2025-10-23 11:00:00,380.84,253.8,3
2025-10-23 07:00:00,5,2025-10-23 12:00:00,381.03,290.0,3
2025-10-23 07:00:00,6,2025-10-23 13:00:00,381.23,328.3,3
2025-10-24 07:00:00,0,2025-10-24 07:00:00,380.74,236.6,3
2025-10-24 07:00:00,1,2025-10-24 08:00:00,380.68,226.2,3
2025-10-24 07:00:00,2,2025-10-24 09:00:00,380.62,216.3,3
2025-10-24 07:00:00,3,2025-10-24 10:00:00,380.57,208.2,3
2025-10-24 07:00:00,4,2025-10-24 11:00:00,380.52,199.3,3
2025-10-24 07:00:00,5,2025-10-24 12:00:00,380.48,193.6,3
2025-10-24 07:00:00,6,2025-10-24 13:00:00,380.44,186.8,3
2025-10-25 07:00:00,0,2025-10-25 07:00:00,380.12,141.9,3
2025-10-25 07:00:00,1,2025-10-25 08:00:00,380.14,143.9,3
2025-10-25 07:00:00,2,2025-10-25 09:00:00,380.15,145.6,3
2025-10-25 07:00:00,3,2025-10-25 10:00:00,380.16,146.8,3
2025-10-25 07:00:00,4,2025-10-25 11:00:00,380.17,148.2,3
2025-10-25 07:00:00,5,2025-10-25 12:00:00,380.18,149.8,3
2025-10-25 07:00:00,6,2025-10-25 13:00:00,380.19,151.1,3
2025-10-26 07:00:00,0,2025-10-26 07:00:00,380.7,229.5,3
2025-10-26 07:00:00,1,2025-10-26 08:00:00,380.64,219.4,3
2025-10-26 07:00:00,2,2025-10-26 09:00:00,380.6,212.1,3
2025-10-26 07:00:00,3,2025-10-26 10:00:00,380.55,204.6,3
2025-10-26 07:00:00,4,2025-10-26 11:00:00,380.51,198.3,3
2025-10-26 07:00:00,5,2025-10-26 12:00:00,380.47,191.8,3
2025-10-26 07:00:00,6,2025-10-26 13:00:00,380.43,185.7,3
2025-10-27 07:00:00,0,2025-10-27 07:00:00,380.03,129.8,3
2025-10-27 07:00:00,1,2025-10-27 08:00:00,380.01,127.4,3
2025-10-27 07:00:00,2,2025-10-27 09:00:00,380.0,125.7,3
2025-10-27 07:00:00,3,2025-10-27 10:00:00,379.99,124.0,3
2025-10-27 07:00:00,4,2025-10-27 11:00:00,379.98,123.3,3
2025-10-27 07:00:00,5,2025-10-27 12:00:00,379.98,123.2,3
2025-10-27 07:00:00,6,2025-10-27 13:00:00,379.98,123.5,3
2025-10-28 07:00:00,0,2025-10-28 07:00:00,380.43,185.3,3
2025-10-28 07:00:00,1,2025-10-28 08:00:00,380.36,175.9,3
2025-10-28 07:00:00,2,2025-10-28 09:00:00,380.3,166.8,3
2025-10-28 07:00:00,3,2025-10-28 10:00:00,380.26,160.1,3
2025-10-28 07:00:00,4,2025-10-28 11:00:00,380.22,154.7,3
2025-10-28 07:00:00,5,2025-10-28 12:00:00,380.18,150.0,3
2025-10-28 07:00:00,6,2025-10-28 13:00:00,380.16,146.3,3
2025-10-29 07:00:00,0,2025-10-29 07:00:00,379.97,122.0,3
2025-10-29 07:00:00,1,2025-10-29 08:00:00,379.95,119.6,3
2025-10-29 07:00:00,2,2025-10-29 09:00:00,379.94,117.5,3
2025-10-29 07:00:00,3,2025-10-29 10:00:00,379.92,115.4,3
2025-10-29 07:00:00,4,2025-10-29 11:00:00,379.9,113.5,3
2025-10-29 07:00:00,5,2025-10-29 12:00:00,379.89,111.9,3
2025-10-29 07:00:00,6,2025-10-29 13:00:00,379.88,110.3,3
2025-10-30 07:00:00,0,2025-10-30 07:00:00,380.94,271.5,3
2025-10-30 07:00:00,1,2025-10-30 08:00:00,381.04,290.5,3
2025-10-30 07:00:00,2,2025-10-30 09:00:00,381.09,301.6,3
2025-10-30 07:00:00,3,2025-10-30 10:00:00,381.03,288.8,3
2025-10-30 07:00:00,4,2025-10-30 11:00:00,380.92,268.5,3
2025-10-30 07:00:00,5,2025-10-30 12:00:00,380.85,256.4,3
2025-10-30 07:00:00,6,2025-10-30 13:00:00,380.73,234.8,3
2025-10-31 07:00:00,0,2025-10-31 07:00:00,380.26,161.3,3
2025-10-31 07:00:00,1,2025-10-31 08:00:00,380.23,157.0,3
2025-10-31 07:00:00,2,2025-10-31 09:00:00,380.21,153.8,3
2025-10-31 07:00:00,3,2025-10-31 10:00:00,380.19,150.3,3
2025-10-31 07:00:00,4,2025-10-31 11:00:00,380.16,147.0,3
2025-10-31 07:00:00,5,2025-10-31 12:00:00,380.14,143.9,3
2025-10-31 07:00:00,6,2025-10-31 13:00:00,380.12,140.8,3
2025-11-01 07:00:00,0,2025-11-01 07:00:00,379.91,114.1,3
2025-11-01 07:00:00,1,2025-11-01 08:00:00,379.9,113.2,3
2025-11-01 07:00:00,2,2025-11-01 09:00:00,379.9,112.4,3
2025-11-01 07:00:00,3,2025-11-01 10:00:00,379.89,111.7,3
2025-11-01 07:00:00,4,2025-11-01 11:00:00,379.88,110.8,3
2025-11-01 07:00:00,5,2025-11-01 12:00:00,379.87,109.8,3
2025-11-01 07:00:00,6,2025-11-01 13:00:00,379.87,108.9,3
2025-11-02 07:00:00,0,2025-11-02 07:00:00,380.16,147.0,3
2025-11-02 07:00:00,1,2025-11-02 08:00:00,380.35,174.3,3
2025-11-02 07:00:00,2,2025-11-02 09:00:00,380.54,203.1,3
2025-11-02 07:00:00,3,2025-11-02 10:00:00,380.77,241.4,3
2025-11-02 07:00:00,4,2025-11-02 11:00:00,380.97,278.6,3
2025-11-02 07:00:00,5,2025-11-02 12:00:00,381.19,320.6,3
2025-11-02 07:00:00,6,2025-11-02 13:00:00,381.36,356.2,3
2025-11-03 07:00:00,0,2025-11-03 07:00:00,380.73,234.9,3
2025-11-03 07:00:00,1,2025-11-03 08:00:00,380.66,223.3,3
2025-11-03 07:00:00,2,2025-11-03 09:00:00,380.59,211.6,3
2025-11-03 07:00:00,3,2025-11-03 10:00:00,380.53,201.9,3
2025-11-03 07:00:00,4,2025-11-03 11:00:00,380.47,192.5,3
2025-11-03 07:00:00,5,2025-11-03 12:00:00,380.42,183.8,3
2025-11-03 07:00:00,6,2025-11-03 13:00:00,380.37,176.1,3
2025-11-04 07:00:00,0,2025-11-04 07:00:00,380.11,139.8,3
2025-11-04 07:00:00,1,2025-11-04 08:00:00,380.09,136.8,3
2025-11-04 07:00:00,2,2025-11-04 09:00:00,380.07,134.0,3
2025-11-04 07:00:00,3,2025-11-04 10:00:00,380.04,131.1,3
2025-11-04 07:00:00,4,2025-11-04 11:00:00,380.02,128.7,3
2025-11-04 07:00:00,5,2025-11-04 12:00:00,380.01,126.2,3
2025-11-04 07:00:00,6,2025-11-04 13:00:00,379.99,123.8,3
2025-11-05 07:00:00,0,2025-11-05 07:00:00,379.84,105.2,3
2025-11-05 07:00:00,1,2025-11-05 08:00:00,379.83,104.1,3
2025-11-05 07:00:00,2,2025-11-05 09:00:00,379.82,102.9,3
2025-11-05 07:00:00,3,2025-11-05 10:00:00,379.81,101.7,3
2025-11-05 07:00:00,4,2025-11-05 11:00:00,379.8,100.5,3
2025-11-05 07:00:00,5,2025-11-05 12:00:00,379.79,99.3,3
2025-11-05 07:00:00,6,2025-11-05 13:00:00,379.78,98.1,3
2025-11-06 07:00:00,0,2025-11-06 07:00:00,379.65,84.4,3
2025-11-06 07:00:00,1,2025-11-06 08:00:00,379.65,83.7,3
2025-11-06 07:00:00,2,2025-11-06 09:00:00,379.64,83.1,3
2025-11-06 07:00:00,3,2025-11-06 10:00:00,379.64,82.5,3
2025-11-06 07:00:00,4,2025-11-06 11:00:00,379.63,81.9,3
2025-11-06 07:00:00,5,2025-11-06 12:00:00,379.63,81.4,3
2025-11-06 07:00:00,6,2025-11-06 13:00:00,379.62,80.9,3
2025-11-07 07:00:00,0,2025-11-07 07:00:00,379.54,72.1,3
2025-11-07 07:00:00,1,2025-11-07 08:00:00,379.53,71.6,3
2025-11-07 07:00:00,2,2025-11-07 09:00:00,379.53,71.3,3
2025-11-07 07:00:00,3,2025-11-07 10:00:00,379.53,70.9,3
2025-11-07 07:00:00,4,2025-11-07 11:00:00,379.52,70.7,3
2025-11-07 07:00:00,5,2025-11-07 12:00:00,379.52,70.5,3
2025-11-07 07:00:00,6,2025-11-07 13:00:00,379.52,70.3,3
2025-11-08 07:00:00,0,2025-11-08 07:00:00,379.39,57.4,3
2025-11-08 07:00:00,1,2025-11-08 08:00:00,379.4,58.0,3
2025-11-08 07:00:00,2,2025-11-08 09:00:00,379.41,58.7,3
2025-11-08 07:00:00,3,2025-11-08 10:00:00,379.41,59.4,3
2025-11-08 07:00:00,4,2025-11-08 11:00:00,379.42,60.0,3
2025-11-08 07:00:00,5,2025-11-08 12:00:00,379.43,60.7,3
2025-11-08 07:00:00,6,2025-11-08 13:00:00,379.43,61.2,3
2025-11-09 07:00:00,0,2025-11-09 07:00:00,379.33,51.2,3
2025-11-09 07:00:00,1,2025-11-09 08:00:00,379.34,52.0,3
2025-11-09 07:00:00,2,2025-11-09 09:00:00,379.34,52.8,3
2025-11-09 07:00:00,3,2025-11-09 10:00:00,379.35,53.5,3
2025-11-09 07:00:00,4,2025-11-09 11:00:00,379.36,54.2,3
2025-11-09 07:00:00,5,2025-11-09 12:00:00,379.37,55.0,3
2025-11-09 07:00:00,6,2025-11-09 13:00:00,379.37,55.6,3
2025-11-10 07:00:00,0,2025-11-10 07:00:00,379.27,45.5,3
2025-11-10 07:00:00,1,2025-11-10 08:00:00,379.27,45.8,3
2025-11-10 07:00:00,2,2025-11-10 09:00:00,379.27,46.2,3
2025-11-10 07:00:00,3,2025-11-10 10:00:00,379.28,46.4,3
2025-11-10 07:00:00,4,2025-11-10 11:00:00,379.28,46.7,3
2025-11-10 07:00:00,5,2025-11-10 12:00:00,379.28,46.9,3
2025-11-10 07:00:00,6,2025-11-10 13:00:00,379.28,47.1,3
2025-11-11 07:00:00,0,2025-11-11 07:00:00,379.22,41.4,3
2025-11-11 07:00:00,1,2025-11-11 08:00:00,379.23,41.7,3
2025-11-11 07:00:00,2,2025-11-11 09:00:00,379.23,42.0,3
2025-11-11 07:00:00,3,2025-11-11 10:00:00,379.23,42.3,3
2025-11-11 07:00:00,4,2025-11-11 11:00:00,379.24,42.5,3
2025-11-11 07:00:00,5,2025-11-11 12:00:00,379.24,42.8,3
2025-11-11 07:00:00,6,2025-11-11 13:00:00,379.24,42.9,3
2025-11-12 07:00:00,0,2025-11-12 07:00:00,379.18,37.3,3
2025-11-12 07:00:00,1,2025-11-12 08:00:00,379.18,37.7,3
2025-11-12 07:00:00,2,2025-11-12 09:00:00,379.19,38.0,3
2025-11-12 07:00:00,3,2025-11-12 10:00:00,379.19,38.4,3
2025-11-12 07:00:00,4,2025-11-12 11:00:00,379.19,38.7,3
2025-11-12 07:00:00,5,2025-11-12 12:00:00,379.2,38.9,3
2025-11-12 07:00:00,6,2025-11-12 13:00:00,379.2,39.0,3
2025-11-13 07:00:00,0,2025-11-13 07:00:00,379.14,33.9,3
2025-11-13 07:00:00,1,2025-11-13 08:00:00,379.14,34.0,3
2025-11-13 07:00:00,2,2025-11-13 09:00:00,379.14,34.1,3
2025-11-13 07:00:00,3,2025-11-13 10:00:00,379.14,34.2,3
2025-11-13 07:00:00,4,2025-11-13 11:00:00,379.14,34.1,3
2025-11-13 07:00:00,5,2025-11-13 12:00:00,379.14,34.1,3
2025-11-13 07:00:00,6,2025-11-13 13:00:00,379.14,34.0,3
2025-11-14 07:00:00,0,2025-11-14 07:00:00,379.13,33.4,3
2025-11-14 07:00:00,1,2025-11-14 08:00:00,379.13,33.4,3
2025-11-14 07:00:00,2,2025-11-14 09:00:00,379.14,33.8,3
2025-11-14 07:00:00,3,2025-11-14 10:00:00,379.14,34.1,3
2025-11-14 07:00:00,4,2025-11-14 11:00:00,379.14,34.3,3
2025-11-14 07:00:00,5,2025-11-14 12:00:00,379.14,34.3,3
2025-11-14 07:00:00,6,2025-11-14 13:00:00,379.14,34.3,3
2025-11-15 07:00:00,0,2025-11-15 07:00:00,379.12,32.3,3
2025-11-15 07:00:00,1,2025-11-15 08:00:00,379.12,32.3,3
2025-11-15 07:00:00,2,2025-11-15 09:00:00,379.13,32.7,3
2025-11-15 07:00:00,3,2025-11-15 10:00:00,379.13,33.2,3
2025-11-15 07:00:00,4,2025-11-15 11:00:00,379.14,33.6,3
2025-11-15 07:00:00,5,2025-11-15 12:00:00,379.14,33.7,3
2025-11-15 07:00:00,6,2025-11-15 13:00:00,379.14,33.8,3
2025-11-16 07:00:00,0,2025-11-16 07:00:00,379.16,35.5,3
2025-11-16 07:00:00,1,2025-11-16 08:00:00,379.17,36.4,3
2025-11-16 07:00:00,2,2025-11-16 09:00:00,379.17,36.2,3
2025-11-16 07:00:00,3,2025-11-16 10:00:00,379.17,37.0,3
2025-11-16 07:00:00,4,2025-11-16 11:00:00,379.18,37.3,3
2025-11-16 07:00:00,5,2025-11-16 12:00:00,379.18,37.6,3
2025-11-16 07:00:00,6,2025-11-16 13:00:00,379.19,38.2,3
2025-11-17 07:00:00,0,2025-11-17 07:00:00,379.44,61.6,3
2025-11-17 07:00:00,1,2025-11-17 08:00:00,379.43,60.7,3
2025-11-17 07:00:00,2,2025-11-17 09:00:00,379.42,59.8,3
2025-11-17 07:00:00,3,2025-11-17 10:00:00,379.41,59.5,3
2025-11-17 07:00:00,4,2025-11-17 11:00:00,379.42,59.8,3
2025-11-17 07:00:00,5,2025-11-17 12:00:00,379.42,60.6,3
2025-11-17 07:00:00,6,2025-11-17 13:00:00,379.47,65.6,3
2025-11-18 07:00:00,0,2025-11-18 07:00:00,379.59,77.8,3
2025-11-18 07:00:00,1,2025-11-18 08:00:00,379.58,76.2,3
2025-11-18 07:00:00,2,2025-11-18 09:00:00,379.56,74.1,3
2025-11-18 07:00:00,3,2025-11-18 10:00:00,379.54,72.4,3
2025-11-18 07:00:00,4,2025-11-18 11:00:00,379.53,71.1,3
2025-11-18 07:00:00,5,2025-11-18 12:00:00,379.52,70.0,3
2025-11-18 07:00:00,6,2025-11-18 13:00:00,379.51,69.0,3
2025-11-19 07:00:00,0,2025-11-19 07:00:00,379.32,50.7,3
2025-11-19 07:00:00,1,2025-11-19 08:00:00,379.32,50.5,3
2025-11-19 07:00:00,2,2025-11-19 09:00:00,379.32,50.3,3
2025-11-19 07:00:00,3,2025-11-19 10:00:00,379.32,50.2,3
2025-11-19 07:00:00,4,2025-11-19 11:00:00,379.32,50.0,3
2025-11-19 07:00:00,5,2025-11-19 12:00:00,379.31,49.8,3
2025-11-19 07:00:00,6,2025-11-19 13:00:00,379.31,49.7,3
2025-11-20 07:00:00,0,2025-11-20 07:00:00,379.25,43.7,3
2025-11-20 07:00:00,1,2025-11-20 08:00:00,379.25,43.7,3
2025-11-20 07:00:00,2,2025-11-20 09:00:00,379.25,43.7,3
2025-11-20 07:00:00,3,2025-11-20 10:00:00,379.25,43.7,3
2025-11-20 07:00:00,4,2025-11-20 11:00:00,379.25,43.8,3
2025-11-20 07:00:00,5,2025-11-20 12:00:00,379.25,43.7,3
2025-11-20 07:00:00,6,2025-11-20 13:00:00,379.25,43.6,3
2025-11-21 07:00:00,0,2025-11-21 07:00:00,379.21,40.0,3
2025-11-21 07:00:00,1,2025-11-21 08:00:00,379.2,39.7,3
2025-11-21 07:00:00,2,2025-11-21 09:00:00,379.2,39.7,3
2025-11-21 07:00:00,3,2025-11-21 10:00:00,379.21,39.8,3
2025-11-21 07:00:00,4,2025-11-21 11:00:00,379.21,39.9,3
2025-11-21 07:00:00,5,2025-11-21 12:00:00,379.21,39.8,3
2025-11-21 07:00:00,6,2025-11-21 13:00:00,379.2,39.7,3
2025-11-22 07:00:00,0,2025-11-22 07:00:00,379.15,35.2,3
2025-11-22 07:00:00,1,2025-11-22 08:00:00,379.15,35.2,3
2025-11-22 07:00:00,2,2025-11-22 09:00:00,379.16,35.5,3
2025-11-22 07:00:00,3,2025-11-22 10:00:00,379.16,35.7,3
2025-11-22 07:00:00,4,2025-11-22 11:00:00,379.16,35.8,3
2025-11-22 07:00:00,5,2025-11-22 12:00:00,379.16,35.8,3
2025-11-22 07:00:00,6,2025-11-22 13:00:00,379.16,35.8,3
2025-11-23 07:00:00,0,2025-11-23 07:00:00,379.13,32.8,3
2025-11-23 07:00:00,1,2025-11-23 08:00:00,379.13,32.7,3
2025-11-23 07:00:00,2,2025-11-23 09:00:00,379.13,33.0,3
2025-11-23 07:00:00,3,2025-11-23 10:00:00,379.13,33.3,3
2025-11-23 07:00:00,4,2025-11-23 11:00:00,379.13,33.4,3
2025-11-23 07:00:00,5,2025-11-23 12:00:00,379.14,33.5,3
2025-11-23 07:00:00,6,2025-11-23 13:00:00,379.14,33.6,3
2025-11-24 07:00:00,0,2025-11-24 07:00:00,379.42,60.0,3
2025-11-24 07:00:00,1,2025-11-24 08:00:00,379.6,78.7,3
2025-11-24 07:00:00,2,2025-11-24 09:00:00,379.82,102.9,3
2025-11-24 07:00:00,3,2025-11-24 10:00:00,379.93,116.1,3
2025-11-24 07:00:00,4,2025-11-24 11:00:00,380.01,126.8,3
2025-11-24 07:00:00,5,2025-11-24 12:00:00,380.08,136.5,3
2025-11-24 07:00:00,6,2025-11-24 13:00:00,380.16,146.9,3
2025-11-25 07:00:00,0,2025-11-25 07:00:00,380.62,215.9,3
2025-11-25 07:00:00,1,2025-11-25 08:00:00,380.52,200.2,3
2025-11-25 07:00:00,2,2025-11-25 09:00:00,380.46,190.2,3
2025-11-25 07:00:00,3,2025-11-25 10:00:00,380.39,179.0,3
2025-11-25 07:00:00,4,2025-11-25 11:00:00,380.33,170.3,3
2025-11-25 07:00:00,5,2025-11-25 12:00:00,380.28,163.5,3
2025-11-25 07:00:00,6,2025-11-25 13:00:00,380.24,157.5,3
2025-11-26 07:00:00,0,2025-11-26 07:00:00,379.94,117.8,3
2025-11-26 07:00:00,1,2025-11-26 08:00:00,379.92,115.3,3
2025-11-26 07:00:00,2,2025-11-26 09:00:00,379.9,113.1,3
2025-11-26 07:00:00,3,2025-11-26 10:00:00,379.89,111.2,3
2025-11-26 07:00:00,4,2025-11-26 11:00:00,379.87,109.0,3
2025-11-26 07:00:00,5,2025-11-26 12:00:00,379.85,106.8,3
2025-11-26 07:00:00,6,2025-11-26 13:00:00,379.83,104.6,3
2025-11-27 07:00:00,0,2025-11-27 07:00:00,379.62,80.9,3
2025-11-27 07:00:00,1,2025-11-27 08:00:00,379.61,79.8,3
2025-11-27 07:00:00,2,2025-11-27 09:00:00,379.6,78.8,3
2025-11-27 07:00:00,3,2025-11-27 10:00:00,379.6,78.1,3
2025-11-27 07:00:00,4,2025-11-27 11:00:00,379.59,77.3,3
2025-11-27 07:00:00,5,2025-11-27 12:00:00,379.58,76.6,3
2025-11-27 07:00:00,6,2025-11-27 13:00:00,379.57,75.8,3
2025-11-28 07:00:00,0,2025-11-28 07:00:00,379.47,65.5,3
2025-11-28 07:00:00,1,2025-11-28 08:00:00,379.47,65.2,3
2025-11-28 07:00:00,2,2025-11-28 09:00:00,379.47,64.7,3
2025-11-28 07:00:00,3,2025-11-28 10:00:00,379.46,64.3,3
2025-11-28 07:00:00,4,2025-11-28 11:00:00,379.46,63.8,3
2025-11-28 07:00:00,5,2025-11-28 12:00:00,379.45,63.3,3
2025-11-28 07:00:00,6,2025-11-28 13:00:00,379.45,62.8,3
2025-11-29 07:00:00,0,2025-11-29 07:00:00,379.39,56.9,3
2025-11-29 07:00:00,1,2025-11-29 08:00:00,379.38,56.6,3
2025-11-29 07:00:00,2,2025-11-29 09:00:00,379.38,56.5,3
2025-11-29 07:00:00,3,2025-11-29 10:00:00,379.38,56.4,3
2025-11-29 07:00:00,4,2025-11-29 11:00:00,379.38,56.2,3
2025-11-29 07:00:00,5,2025-11-29 12:00:00,379.38,56.1,3
2025-11-29 07:00:00,6,2025-11-29 13:00:00,379.38,55.9,3
2025-11-30 07:00:00,0,2025-11-30 07:00:00,379.4,58.6,3
2025-11-30 07:00:00,1,2025-11-30 08:00:00,379.4,58.2,3
2025-11-30 07:00:00,2,2025-11-30 09:00:00,379.4,58.1,3
2025-11-30 07:00:00,3,2025-11-30 10:00:00,379.4,58.2,3
2025-11-30 07:00:00,4,2025-11-30 11:00:00,379.4,58.4,3
2025-11-30 07:00:00,5,2025-11-30 12:00:00,379.4,58.5,3
2025-11-30 07:00:00,6,2025-11-30 13:00:00,379.4,58.6,3
2025-12-01 07:00:00,0,2025-12-01 07:00:00,379.46,64.5,3
2025-12-01 07:00:00,1,2025-12-01 08:00:00,379.45,62.9,3
2025-12-01 07:00:00,2,2025-12-01 09:00:00,379.43,61.4,3
2025-12-01 07:00:00,3,2025-12-01 10:00:00,379.42,60.3,3
2025-12-01 07:00:00,4,2025-12-01 11:00:00,379.42,59.7,3
2025-12-01 07:00:00,5,2025-12-01 12:00:00,379.41,58.9,3
2025-12-01 07:00:00,6,2025-12-01 13:00:00,379.4,58.0,3
2025-12-02 07:00:00,0,2025-12-02 07:00:00,379.37,55.3,3
2025-12-02 07:00:00,1,2025-12-02 08:00:00,379.37,54.9,3
2025-12-02 07:00:00,2,2025-12-02 09:00:00,379.36,54.6,3
2025-12-02 07:00:00,3,2025-12-02 10:00:00,379.36,54.3,3
2025-12-02 07:00:00,4,2025-12-02 11:00:00,379.36,54.0,3
2025-12-02 07:00:00,5,2025-12-02 12:00:00,379.35,53.7,3
2025-12-02 07:00:00,6,2025-12-02 13:00:00,379.35,53.2,3
2025-12-03 07:00:00,0,2025-12-03 07:00:00,379.31,49.3,3
2025-12-03 07:00:00,1,2025-12-03 08:00:00,379.31,49.2,3
2025-12-03 07:00:00,2,2025-12-03 09:00:00,379.31,49.6,3
2025-12-03 07:00:00,3,2025-12-03 10:00:00,379.32,50.0,3
2025-12-03 07:00:00,4,2025-12-03 11:00:00,379.32,50.3,3
2025-12-03 07:00:00,5,2025-12-03 12:00:00,379.32,50.5,3
2025-12-03 07:00:00,6,2025-12-03 13:00:00,379.32,50.7,3
2025-12-04 07:00:00,0,2025-12-04 07:00:00,379.28,46.8,3
2025-12-04 07:00:00,1,2025-12-04 08:00:00,379.28,46.4,3
2025-12-04 07:00:00,2,2025-12-04 09:00:00,379.27,46.1,3
2025-12-04 07:00:00,3,2025-12-04 10:00:00,379.27,45.8,3
2025-12-04 07:00:00,4,2025-12-04 11:00:00,379.27,45.6,3
2025-12-04 07:00:00,5,2025-12-04 12:00:00,379.27,45.4,3
2025-12-04 07:00:00,6,2025-12-04 13:00:00,379.26,45.2,3
2025-12-05 07:00:00,0,2025-12-05 07:00:00,379.26,45.1,3
2025-12-05 07:00:00,1,2025-12-05 08:00:00,379.26,45.0,3
2025-12-05 07:00:00,2,2025-12-05 09:00:00,379.26,44.9,3
2025-12-05 07:00:00,3,2025-12-05 10:00:00,379.26,44.9,3
2025-12-05 07:00:00,4,2025-12-05 11:00:00,379.26,44.7,3
2025-12-05 07:00:00,5,2025-12-05 12:00:00,379.26,44.7,3
2025-12-05 07:00:00,6,2025-12-05 13:00:00,379.26,44.7,3
2025-12-06 07:00:00,0,2025-12-06 07:00:00,379.24,43.3,3
2025-12-06 07:00:00,1,2025-12-06 08:00:00,379.24,43.3,3
2025-12-06 07:00:00,2,2025-12-06 09:00:00,379.24,43.1,3
2025-12-06 07:00:00,3,2025-12-06 10:00:00,379.24,43.0,3
2025-12-06 07:00:00,4,2025-12-06 11:00:00,379.24,43.0,3
2025-12-06 07:00:00,5,2025-12-06 12:00:00,379.24,43.0,3
2025-12-06 07:00:00,6,2025-12-06 13:00:00,379.24,43.0,3
2025-12-07 07:00:00,0,2025-12-07 07:00:00,379.31,49.2,3
2025-12-07 07:00:00,1,2025-12-07 08:00:00,379.33,51.5,3
2025-12-07 07:00:00,2,2025-12-07 09:00:00,379.37,54.8,3
2025-12-07 07:00:00,3,2025-12-07 10:00:00,379.4,58.1,3
2025-12-07 07:00:00,4,2025-12-07 11:00:00,379.43,61.2,3
2025-12-07 07:00:00,5,2025-12-07 12:00:00,379.45,62.9,3
2025-12-07 07:00:00,6,2025-12-07 13:00:00,379.46,63.6,3
2025-12-08 07:00:00,0,2025-12-08 07:00:00,380.03,128.8,3
2025-12-08 07:00:00,1,2025-12-08 08:00:00,379.99,124.7,3
2025-12-08 07:00:00,2,2025-12-08 09:00:00,379.96,120.1,3
2025-12-08 07:00:00,3,2025-12-08 10:00:00,379.92,115.6,3
2025-12-08 07:00:00,4,2025-12-08 11:00:00,379.89,111.4,3
2025-12-08 07:00:00,5,2025-12-08 12:00:00,379.86,107.7,3
2025-12-08 07:00:00,6,2025-12-08 13:00:00,379.83,104.0,3
2025-12-09 07:00:00,0,2025-12-09 07:00:00,379.78,99.2,3
2025-12-09 07:00:00,1,2025-12-09 08:00:00,379.77,97.3,3
2025-12-09 07:00:00,2,2025-12-09 09:00:00,379.75,95.2,3
2025-12-09 07:00:00,3,2025-12-09 10:00:00,379.73,92.9,3
2025-12-09 07:00:00,4,2025-12-09 11:00:00,379.71,90.6,3
2025-12-09 07:00:00,5,2025-12-09 12:00:00,379.69,88.9,3
2025-12-09 07:00:00,6,2025-12-09 13:00:00,379.68,87.5,3
2025-12-10 07:00:00,0,2025-12-10 07:00:00,379.61,80.1,3
2025-12-10 07:00:00,1,2025-12-10 08:00:00,379.6,79.1,3
2025-12-10 07:00:00,2,2025-12-10 09:00:00,379.59,77.8,3
2025-12-10 07:00:00,3,2025-12-10 10:00:00,379.58,76.3,3
2025-12-10 07:00:00,4,2025-12-10 11:00:00,379.56,74.8,3
2025-12-10 07:00:00,5,2025-12-10 12:00:00,379.55,73.1,3
2025-12-10 07:00:00,6,2025-12-10 13:00:00,379.53,71.7,3
2025-12-11 07:00:00,0,2025-12-11 07:00:00,379.4,58.0,3
2025-12-11 07:00:00,1,2025-12-11 08:00:00,379.4,58.0,3
2025-12-11 07:00:00,2,2025-12-11 09:00:00,379.4,58.2,3
2025-12-11 07:00:00,3,2025-12-11 10:00:00,379.41,58.8,3
2025-12-11 07:00:00,4,2025-12-11 11:00:00,379.41,59.3,3
2025-12-11 07:00:00,5,2025-12-11 12:00:00,379.42,59.7,3
2025-12-11 07:00:00,6,2025-12-11 13:00:00,379.42,60.0,3
2025-12-12 07:00:00,0,2025-12-12 07:00:00,379.33,51.2,3
2025-12-12 07:00:00,1,2025-12-12 08:00:00,379.33,51.8,3
2025-12-12 07:00:00,2,2025-12-12 09:00:00,379.34,52.4,3
2025-12-12 07:00:00,3,2025-12-12 10:00:00,379.35,53.1,3
2025-12-12 07:00:00,4,2025-12-12 11:00:00,379.35,53.7,3
2025-12-12 07:00:00,5,2025-12-12 12:00:00,379.36,54.0,3
2025-12-12 07:00:00,6,2025-12-12 13:00:00,379.36,54.4,3
2025-12-13 07:00:00,0,2025-12-13 07:00:00,379.26,45.2,3
2025-12-13 07:00:00,1,2025-12-13 08:00:00,379.27,45.4,3
2025-12-13 07:00:00,2,2025-12-13 09:00:00,379.27,45.8,3
2025-12-13 07:00:00,3,2025-12-13 10:00:00,379.28,46.2,3
2025-12-13 07:00:00,4,2025-12-13 11:00:00,379.28,46.7,3
2025-12-13 07:00:00,5,2025-12-13 12:00:00,379.29,47.2,3
2025-12-13 07:00:00,6,2025-12-13 13:00:00,379.29,47.6,3
2025-12-14 07:00:00,0,2025-12-14 07:00:00,379.21,40.1,3
2025-12-14 07:00:00,1,2025-12-14 08:00:00,379.21,40.4,3
2025-12-14 07:00:00,2,2025-12-14 09:00:00,379.22,41.2,3
2025-12-14 07:00:00,3,2025-12-14 10:00:00,379.23,41.8,3
2025-12-14 07:00:00,4,2025-12-14 11:00:00,379.23,42.4,3
2025-12-14 07:00:00,5,2025-12-14 12:00:00,379.24,42.9,3
2025-12-14 07:00:00,6,2025-12-14 13:00:00,379.24,43.3,3
2025-12-15 07:00:00,0,2025-12-15 07:00:00,379.15,34.9,3
2025-12-15 07:00:00,1,2025-12-15 08:00:00,379.16,35.7,3
2025-12-15 07:00:00,2,2025-12-15 09:00:00,379.17,36.8,3
2025-12-15 07:00:00,3,2025-12-15 10:00:00,379.18,37.8,3
2025-12-15 07:00:00,4,2025-12-15 11:00:00,379.19,38.5,3
2025-12-15 07:00:00,5,2025-12-15 12:00:00,379.2,39.0,3
2025-12-15 07:00:00,6,2025-12-15 13:00:00,379.2,39.5,3
2025-12-16 07:00:00,0,2025-12-16 07:00:00,379.09,30.1,3
2025-12-16 07:00:00,1,2025-12-16 08:00:00,379.1,30.8,3
2025-12-16 07:00:00,2,2025-12-16 09:00:00,379.12,32.0,3
2025-12-16 07:00:00,3,2025-12-16 10:00:00,379.13,33.4,3
2025-12-16 07:00:00,4,2025-12-16 11:00:00,379.15,34.6,3
2025-12-16 07:00:00,5,2025-12-16 12:00:00,379.16,35.7,3
2025-12-16 07:00:00,6,2025-12-16 13:00:00,379.17,36.6,3
2025-12-17 07:00:00,0,2025-12-17 07:00:00,379.14,33.9,3
2025-12-17 07:00:00,1,2025-12-17 08:00:00,379.15,34.5,3
2025-12-17 07:00:00,2,2025-12-17 09:00:00,379.16,35.3,3
2025-12-17 07:00:00,3,2025-12-17 10:00:00,379.16,36.1,3
2025-12-17 07:00:00,4,2025-12-17 11:00:00,379.17,36.6,3
2025-12-17 07:00:00,5,2025-12-17 12:00:00,379.18,37.1,3
2025-12-17 07:00:00,6,2025-12-17 13:00:00,379.18,37.6,3
2025-12-18 07:00:00,0,2025-12-18 07:00:00,379.09,29.9,3
2025-12-18 07:00:00,1,2025-12-18 08:00:00,379.1,30.4,3
2025-12-18 07:00:00,2,2025-12-18 09:00:00,379.1,30.6,3
2025-12-18 07:00:00,3,2025-12-18 10:00:00,379.1,30.5,3
2025-12-18 07:00:00,4,2025-12-18 11:00:00,379.1,30.3,3
2025-12-18 07:00:00,5,2025-12-18 12:00:00,379.09,30.2,3
2025-12-18 07:00:00,6,2025-12-18 13:00:00,379.09,30.2,3
2025-12-19 07:00:00,0,2025-12-19 07:00:00,379.08,28.9,3
2025-12-19 07:00:00,1,2025-12-19 08:00:00,379.08,29.1,3
2025-12-19 07:00:00,2,2025-12-19 09:00:00,379.08,29.3,3
2025-12-19 07:00:00,3,2025-12-19 10:00:00,379.08,29.3,3
2025-12-19 07:00:00,4,2025-12-19 11:00:00,379.08,29.3,3
2025-12-19 07:00:00,5,2025-12-19 12:00:00,379.08,29.3,3
2025-12-19 07:00:00,6,2025-12-19 13:00:00,379.08,29.3,3
2025-12-20 07:00:00,0,2025-12-20 07:00:00,379.12,32.1,3
2025-12-20 07:00:00,1,2025-12-20 08:00:00,379.11,31.5,3
2025-12-20 07:00:00,2,2025-12-20 09:00:00,379.11,31.7,3
2025-12-20 07:00:00,3,2025-12-20 10:00:00,379.12,32.2,3
2025-12-20 07:00:00,4,2025-12-20 11:00:00,379.12,32.3,3
2025-12-20 07:00:00,5,2025-12-20 12:00:00,379.12,32.2,3
2025-12-20 07:00:00,6,2025-12-20 13:00:00,379.12,32.2,3
2025-12-21 07:00:00,0,2025-12-21 07:00:00,379.07,28.4,3
2025-12-21 07:00:00,1,2025-12-21 08:00:00,379.08,28.7,3
2025-12-21 07:00:00,2,2025-12-21 09:00:00,379.08,28.9,3
2025-12-21 07:00:00,3,2025-12-21 10:00:00,379.08,28.6,3
2025-12-21 07:00:00,4,2025-12-21 11:00:00,379.07,28.2,3
2025-12-21 07:00:00,5,2025-12-21 12:00:00,379.06,27.8,3
2025-12-21 07:00:00,6,2025-12-21 13:00:00,379.06,27.5,3
2025-12-22 07:00:00,0,2025-12-22 07:00:00,379.03,25.4,3
2025-12-22 07:00:00,1,2025-12-22 08:00:00,379.04,26.1,3
2025-12-22 07:00:00,2,2025-12-22 09:00:00,379.05,26.4,3
2025-12-22 07:00:00,3,2025-12-22 10:00:00,379.05,26.5,3
2025-12-22 07:00:00,4,2025-12-22 11:00:00,379.04,26.2,3
2025-12-22 07:00:00,5,2025-12-22 12:00:00,379.04,26.0,3
2025-12-22 07:00:00,6,2025-12-22 13:00:00,379.04,25.7,3
2025-12-23 07:00:00,0,2025-12-23 07:00:00,379.04,25.9,3
2025-12-23 07:00:00,1,2025-12-23 08:00:00,379.04,26.2,3
2025-12-23 07:00:00,2,2025-12-23 09:00:00,379.05,26.5,3
2025-12-23 07:00:00,3,2025-12-23 10:00:00,379.05,26.8,3
2025-12-23 07:00:00,4,2025-12-23 11:00:00,379.05,26.8,3
2025-12-23 07:00:00,5,2025-12-23 12:00:00,379.05,26.6,3
2025-12-23 07:00:00,6,2025-12-23 13:00:00,379.05,26.5,3
2025-12-24 07:00:00,0,2025-12-24 07:00:00,379.02,24.7,3
2025-12-24 07:00:00,1,2025-12-24 08:00:00,379.03,25.0,3
2025-12-24 07:00:00,2,2025-12-24 09:00:00,379.03,25.0,3
2025-12-24 07:00:00,3,2025-12-24 10:00:00,379.03,25.1,3
2025-12-24 07:00:00,4,2025-12-24 11:00:00,379.03,24.9,3
2025-12-24 07:00:00,5,2025-12-24 12:00:00,379.02,24.6,3
2025-12-24 07:00:00,6,2025-12-24 13:00:00,379.02,24.5,3
2025-12-25 07:00:00,0,2025-12-25 07:00:00,379.0,22.7,3
2025-12-25 07:00:00,1,2025-12-25 08:00:00,379.0,23.0,3
2025-12-25 07:00:00,2,2025-12-25 09:00:00,379.01,23.4,3
2025-12-25 07:00:00,3,2025-12-25 10:00:00,379.01,23.6,3
2025-12-25 07:00:00,4,2025-12-25 11:00:00,379.01,23.8,3
2025-12-25 07:00:00,5,2025-12-25 12:00:00,379.01,23.8,3
2025-12-25 07:00:00,6,2025-12-25 13:00:00,379.01,23.8,3
2025-12-26 07:00:00,0,2025-12-26 07:00:00,378.93,18.2,3
2025-12-26 07:00:00,1,2025-12-26 08:00:00,378.94,19.0,3
2025-12-26 07:00:00,2,2025-12-26 09:00:00,378.95,19.9,3
2025-12-26 07:00:00,3,2025-12-26 10:00:00,378.96,20.4,3
2025-12-26 07:00:00,4,2025-12-26 11:00:00,378.96,20.4,3
2025-12-26 07:00:00,5,2025-12-26 12:00:00,378.96,20.3,3
2025-12-26 07:00:00,6,2025-12-26 13:00:00,378.96,20.1,3
2025-12-27 07:00:00,0,2025-12-27 07:00:00,378.94,18.8,3
2025-12-27 07:00:00,1,2025-12-27 08:00:00,378.94,19.1,3
2025-12-27 07:00:00,2,2025-12-27 09:00:00,378.95,19.7,3
2025-12-27 07:00:00,3,2025-12-27 10:00:00,378.96,20.4,3
2025-12-27 07:00:00,4,2025-12-27 11:00:00,378.97,20.6,3
2025-12-27 07:00:00,5,2025-12-27 12:00:00,378.97,20.7,3
2025-12-27 07:00:00,6,2025-12-27 13:00:00,378.96,20.5,3
2025-12-28 07:00:00,0,2025-12-28 07:00:00,378.92,17.8,3
2025-12-28 07:00:00,1,2025-12-28 08:00:00,378.92,17.8,3
2025-12-28 07:00:00,2,2025-12-28 09:00:00,378.93,18.5,3
2025-12-28 07:00:00,3,2025-12-28 10:00:00,378.94,19.1,3
2025-12-28 07:00:00,4,2025-12-28 11:00:00,378.95,19.6,3
2025-12-28 07:00:00,5,2025-12-28 12:00:00,378.95,19.7,3
2025-12-28 07:00:00,6,2025-12-28 13:00:00,378.95,19.6,3
2025-12-29 07:00:00,0,2025-12-29 07:00:00,378.91,16.9,3
2025-12-29 07:00:00,1,2025-12-29 08:00:00,378.91,17.2,3
2025-12-29 07:00:00,2,2025-12-29 09:00:00,378.92,17.8,3
2025-12-29 07:00:00,3,2025-12-29 10:00:00,378.93,18.3,3
2025-12-29 07:00:00,4,2025-12-29 11:00:00,378.94,18.6,3
2025-12-29 07:00:00,5,2025-12-29 12:00:00,378.93,18.5,3
2025-12-29 07:00:00,6,2025-12-29 13:00:00,378.93,18.5,3
2025-12-30 07:00:00,0,2025-12-30 07:00:00,378.93,18.3,3
2025-12-30 07:00:00,1,2025-12-30 08:00:00,378.93,18.0,3
2025-12-30 07:00:00,2,2025-12-30 09:00:00,378.93,18.3,3
2025-12-30 07:00:00,3,2025-12-30 10:00:00,378.94,18.8,3
2025-12-30 07:00:00,4,2025-12-30 11:00:00,378.94,19.1,3
2025-12-30 07:00:00,5,2025-12-30 12:00:00,378.95,19.4,3
2025-12-30 07:00:00,6,2025-12-30 13:00:00,378.95,19.5,3
2025-12-31 07:00:00,0,2025-12-31 07:00:00,378.91,16.9,2
2025-12-31 07:00:00,1,2025-12-31 08:00:00,378.91,16.7,2
2025-12-31 07:00:00,2,2025-12-31 09:00:00,378.91,16.9,2
2025-12-31 07:00:00,3,2025-12-31 10:00:00,378.91,17.3,2
2025-12-31 07:00:00,4,2025-12-31 11:00:00,378.92,17.65,2
2025-12-31 07:00:00,5,2025-12-31 12:00:00,378.93,17.9,2
2025-12-31 07:00:00,6,2025-12-31 13:00:00,378.93,18.1,2
